x0_index,method,n_reps,n_unlab_clusters,coverage,coverage_cluster_se,coverage_cluster_sd,bias,abs_bias,rmse,se_mean,width,emp_sd,theta0_mean,theta_hat_mean,lambda_factor_mean,h_factor_mean,R_MB_mean,R_GH_mean,bias_score_mean,bias_budget_mean,fallback_rate,sigma2_Y_mean,sigma2_Y_minus_f_mean,sigma2_f_mean,tuning_seconds_mean_per_unlab_draw,estimation_seconds_mean,amortized_procedure_seconds_mean,nw_corr_mean,nw_relative_difference_mean,negative_weight_fraction_mean,M_lambda_over_eigmax_mean,width_ratio_vs_GH_P1_c300,rmse_ratio_vs_GH_P1_c300,theta0,dataset,reference,method_family,bias_rescored,rmse_rescored
0,GH_P1_c300,1000,50,0.952,0.0066944997222057,0.0473372615022311,-0.0016714584096882,0.0016714584096882,0.0349990294527481,0.0357286955802926,0.1400564866747473,0.0349765871844307,0.5148905614993183,0.5132191030896299,4216.965034285823,1.0,2764.9159000286904,285.0572676389217,285.0572676389217,300.0,0.0,0.0028353170150011,0.0011683774823621,0.0017041772188035,21.651172479819508,0.0060810205163434,1.088639644507319,0.9999198334520956,0.0039294892222452,3.4e-05,14.243478572883909,1.0,1.0,0.4920606960705791,blogfeedback,matern52_0.8h0,PPCI,0.021158407019050807,0.040863387977538405
0,LO_GH_P1_c300w,1000,50,0.939,0.0090677720414619,0.064118831007715,-0.0042976430806853,0.0042976430806853,0.0550027001406055,0.0545559491827567,0.2138593207964066,0.0548619825000176,0.5148905614993183,0.5105929184186329,,,2764.9159000286904,285.0572676389217,285.0572676389217,300.0,,0.0028343830703534,,,21.651172479819508,0.0059964810563251,1.0885551050473006,0.9999198334520956,0.0039294892222452,3.4e-05,14.243478572883909,1.5269504888627643,1.5715492972416338,0.4920606960705791,blogfeedback,matern52_0.8h0,LO,0.01853222234805374,0.05788152167890982
0,PPI_global,1000,50,0.169,0.0126079016364131,0.089151327436407,0.1137753411122349,0.1137753411122349,0.1200696380352842,0.0389646222595349,0.1527413192573771,0.038384412146268,0.5148905614993183,0.6286659026115532,,,,,,,,,,,0.0,8.163938112556935e-05,8.163938112556935e-05,,,,,1.0905694044152898,3.4306562185499776,0.4920606960705791,blogfeedback,matern52_0.8h0,PPI,0.13660520654097408,0.14189035269115705
1,GH_P1_c300,1000,50,0.948,0.0080761680143443,0.0571071316894476,0.0126663690083853,0.0126663690083853,0.0387680258215658,0.0378133997925504,0.1482285271867978,0.0366587887011292,0.5411188887218189,0.5537852577302043,516.6820278047704,1.0,2328.504722568189,45.12040514519824,45.12040514519824,300.0,0.0,0.1060867028911878,0.0409917554582017,0.0664106697781181,21.688584318961947,0.0060988213233649,1.0905280372714623,0.987446714690424,0.0470360692126222,2.6e-05,1.916494596672594,1.0,1.0,0.5275825053848915,blogfeedback,matern52_0.8h0,PPCI,0.026202752345312774,0.0450456119140899
1,LO_GH_P1_c300w,1000,50,0.955,0.006738557951469,0.0476488002290226,0.0118314382478107,0.0118314382478107,0.0607799744849307,0.0595109655239494,0.2332829848538816,0.0596471302538906,0.5411188887218189,0.5529503269696298,,,2328.504722568189,45.12040514519824,45.12040514519824,300.0,,0.1060299674809739,,,21.688584318961947,0.006014396241866,1.0904436121899632,0.987446714690424,0.0470360692126222,2.6e-05,1.916494596672594,1.5738062657797174,1.567786163904178,0.5275825053848915,blogfeedback,matern52_0.8h0,LO,0.02536782158473827,0.06479003580283144
1,PPI_global,1000,50,0.366,0.0193485748038137,0.1368150845007186,0.0882520116670308,0.0882520116670308,0.0959125355310301,0.0389655769335099,0.152745061579359,0.0375793709078691,0.5411188887218189,0.6293709003888498,,,,,,,,,,,0.0,8.214258402585983e-05,8.214258402585983e-05,,,,,1.030470075351079,2.474011340491734,0.5275825053848915,blogfeedback,matern52_0.8h0,PPI,0.10178839500395831,0.10849734681638631
2,GH_P1_c300,1000,50,0.963,0.0066715968164774,0.0471753135027381,0.0031000878427314,0.0031000878427314,0.0355827186077468,0.0369040733419425,0.1446639675004148,0.0354651532631881,0.5560387350995598,0.5591388229422912,513.3896678819067,1.0,5361.014422453836,50.64614140428966,50.64614140428966,300.0,0.0,0.0896437374004887,0.035332627502626,0.0557363078125149,22.93513042896986,0.0068440406080335,1.1536005620565264,0.9793324567821424,0.040180856355493,4.600000000000001e-05,1.4304447161534868,1.0,1.0,0.5382831014696532,blogfeedback,matern52_0.8h0,PPCI,0.020855721472638034,0.041127611613485354
2,LO_GH_P1_c300w,1000,50,0.954,0.0075376605475845,0.0532993088747932,0.0039571237161062,0.0039571237161062,0.0578984514276837,0.0576452928122388,0.2259695478239764,0.0577919696963225,0.5560387350995598,0.559995858815666,,,5361.014422453836,50.64614140428966,50.64614140428966,300.0,,0.0896680644237925,,,22.93513042896986,0.0067540891449898,1.1535106105934827,0.9793324567821424,0.040180856355493,4.600000000000001e-05,1.4304447161534868,1.5620306267580308,1.6271508668558672,0.5382831014696532,blogfeedback,matern52_0.8h0,LO,0.021712757346012856,0.06170912153957559
2,PPI_global,1000,50,0.491,0.0194143855773737,0.137280436943313,0.0766490437712036,0.0766490437712036,0.0853978627918453,0.0390680991745668,0.153146948764302,0.0376714506831303,0.5560387350995598,0.6326877788707634,,,,,,,,,,,0.0,8.204170130193233e-05,8.204170130193233e-05,,,,,1.0586392134161735,2.399981399208012,0.5382831014696532,blogfeedback,matern52_0.8h0,PPI,0.09440467740111025,0.10163642149142522
3,GH_P1_c300,1000,50,0.95,0.0090350790290525,0.0638876564999939,0.0023085020301939,0.0023085020301939,0.035820881595931,0.0371502088762233,0.1456288187947955,0.0357643043011946,0.4874660834667249,0.489774585496919,4869.675251658629,1.0,1126.178237197517,295.2622610273761,295.2622610273761,300.0,0.0,0.0024517417512152,0.0010563175316944,0.0013849781049009,23.942007897440345,0.0071314152730628,1.20423181014508,0.9999623114571448,0.0042958564540077,3e-05,22.344613825784485,1.0,1.0,0.46642837682848365,blogfeedback,matern52_0.8h0,PPCI,0.023346208668435342,0.042694868964272784
3,LO_GH_P1_c300w,1000,50,0.94,0.0084515425472851,0.0597614304667196,0.0018575266637474,0.0018575266637474,0.0559915911679812,0.055637253707415,0.2180980345330668,0.0559887722568967,0.4874660834667249,0.4893236101304725,,,1126.178237197517,295.2622610273761,295.2622610273761,300.0,,0.0024508417015361,,,23.942007897440345,0.0070369233274832,1.2041373181995003,0.9999623114571448,0.0042958564540077,3e-05,22.344613825784485,1.4976296335987396,1.5630991944749175,0.46642837682848365,blogfeedback,matern52_0.8h0,LO,0.022895233301988838,0.06046320851698418
3,PPI_global,1000,50,0.031,0.005694608979427,0.0402669662555868,0.1474368702617575,0.1474368702617575,0.1522169604856028,0.0391196255743198,0.1533489322513336,0.0378656328752906,0.4874660834667249,0.6349029537284825,,,,,,,,,,,0.0,8.319214545190334e-05,8.319214545190334e-05,,,,,1.0530122644709254,4.249391798969388,0.46642837682848365,blogfeedback,matern52_0.8h0,PPI,0.16847457689999884,0.17267326199654323
4,GH_P1_c300,1000,50,0.95,0.0068511878904467,0.0484452141651804,0.0007069484215803,0.0007069484215803,0.0346835540923932,0.0354909031092589,0.1391243401882951,0.034693699733675,0.4821097246139361,0.4828166730355163,4216.965034285823,1.0,1427.151192860161,269.2468189525716,269.2468189525716,300.0,0.0,0.0028960563515735,0.0011982311903633,0.0016644295972352,23.907397114988417,0.0072352457260712,1.2026051014754922,0.9999574597333488,0.0038700155441391,4.6000000000000014e-05,18.07584913934188,1.0,1.0,0.4573466507972877,blogfeedback,matern52_0.8h0,PPCI,0.025470022238228585,0.0430252388863217
4,LO_GH_P1_c300w,1000,50,0.947,0.0070580681868774,0.0499080787701812,0.0035658134808738,0.0035658134808738,0.0545017417901423,0.0541767158185837,0.2123727260088481,0.0544121817049901,0.4821097246139361,0.4856755380948097,,,1427.151192860161,269.2468189525716,269.2468189525716,300.0,,0.0028969338023379,,,23.907397114988417,0.0070496436581015,1.2024194994075224,0.9999574597333488,0.0038700155441391,4.6000000000000014e-05,18.07584913934188,1.526495836180904,1.571400140970432,0.4573466507972877,blogfeedback,matern52_0.8h0,LO,0.028328887297521976,0.06132088296734371
4,PPI_global,1000,50,0.024,0.0051981158281886,0.0367562295150531,0.151957394800732,0.151957394800732,0.1566219633077653,0.0390891517593799,0.1532294748967692,0.0379582716432083,0.4821097246139361,0.634067119414668,,,,,,,,,,,0.0,8.237876091152429e-05,8.237876091152429e-05,,,,,1.101385096880846,4.515741463246282,0.4573466507972877,blogfeedback,matern52_0.8h0,PPI,0.17672046861738028,0.1807470984112883
5,GH_P1_c300,1000,50,0.955,0.0057587555344989,0.0407205508963977,0.0033006967242582,0.0033006967242582,0.0357313286634017,0.0367925207844558,0.1442266814750669,0.0355963530370182,0.5290206768015446,0.5323213735258028,328.9704921476858,1.0,3020.3988836149983,34.851385125994014,34.851385125994014,300.0,0.0,0.1526991192122624,0.0625604272366647,0.0900829685864157,23.758377895727754,0.0072448879824951,1.1951637827688828,0.981061941181011,0.0528395723833668,4.000000000000001e-05,1.1023747234751575,1.0,1.0,0.5091587568886244,blogfeedback,matern52_0.8h0,PPCI,0.023162616637178335,0.042453975769854456
5,LO_GH_P1_c300w,1000,50,0.945,0.0073192505471139,0.0517549169506765,0.005247830287585,0.005247830287585,0.056379547273665,0.0562782481778792,0.2206107328572865,0.0561628693707158,0.5290206768015446,0.5342685070891295,,,3020.3988836149983,34.851385125994014,34.851385125994014,300.0,,0.1527440552709135,,,23.758377895727754,0.0069941214183345,1.194913016204722,0.981061941181011,0.0528395723833668,4.000000000000001e-05,1.1023747234751575,1.5296110997008865,1.5778743579555856,0.5091587568886244,blogfeedback,matern52_0.8h0,LO,0.0251097502005051,0.06149482240959722
5,PPI_global,1000,50,0.201,0.0158751506500966,0.1122542667704139,0.1054517888376673,0.1054517888376673,0.1117671689510471,0.0389904049551726,0.1528423874242767,0.0370566253151536,0.5290206768015446,0.6344724656392118,,,,,,,,,,,0.0,8.244436979293823e-05,8.244436979293823e-05,,,,,1.0597372543075485,3.127988046678099,0.5091587568886244,blogfeedback,matern52_0.8h0,PPI,0.12531370875058734,0.13067266694720425
6,GH_P1_c300,1000,50,0.962,0.0056351665495188,0.0398466448028038,0.0043654715828884,0.0043654715828884,0.0359190782343112,0.0366569113643308,0.1436950925481769,0.0356706494795911,0.5476054522795356,0.5519709238624241,395.1312628295207,1.0,4330.016828713327,41.50083622262982,41.50083622262982,300.0,0.0,0.1186629315631211,0.047234214246655,0.0730391668529008,23.6310116795078,0.0071813578503206,1.1887319418257103,0.9706780140264024,0.0533066939905738,3.2000000000000005e-05,1.1721955039006215,1.0,1.0,0.5292447981228062,blogfeedback,matern52_0.8h0,PPCI,0.022726125739617853,0.04228001454818196
6,LO_GH_P1_c300w,1000,50,0.943,0.0078259119570299,0.0553375541378473,0.0046607674594527,0.0046607674594527,0.0578047430045546,0.0568307645811934,0.2227765971582785,0.0576453688431306,0.5476054522795356,0.5522662197389884,,,4330.016828713327,41.50083622262982,41.50083622262982,300.0,,0.1186895105120515,,,23.6310116795078,0.0069515011729672,1.188502085148357,0.9706780140264024,0.0533066939905738,3.2000000000000005e-05,1.1721955039006215,1.5503424174599962,1.6093047440548585,0.5292447981228062,blogfeedback,matern52_0.8h0,LO,0.023021421616182147,0.06204555917824845
6,PPI_global,1000,50,0.391,0.0194668740087737,0.1376515862010804,0.0864034626384013,0.0864034626384013,0.0942013030271034,0.0388876228191216,0.1524394814509569,0.0375464628556608,0.5476054522795356,0.6340089149179371,,,,,,,,,,,0.0,8.182862307876349e-05,8.182862307876349e-05,,,,,1.0608537755027945,2.6225980080167792,0.5292447981228062,blogfeedback,matern52_0.8h0,PPI,0.10476411679513087,0.11128273587561714
7,GH_P1_c300,1000,50,0.946,0.0084322026076421,0.0596246764420262,-0.0004497300824806,0.0004497300824806,0.0364597334246376,0.0367814282162489,0.1441831986076959,0.0364752017759071,0.4873038616715768,0.4868541315890962,4869.675251658629,1.0,1128.4632486324156,295.472023913002,295.472023913002,300.0,0.0,0.0024290905804602,0.0010330423058871,0.0013784772469866,23.97670775739476,0.0071844231663271,1.2060198110360651,0.9999622711132156,0.0042978651803488,3.6e-05,22.334530014839828,1.0,1.0,0.4661778108294078,blogfeedback,matern52_0.8h0,PPCI,0.020676320759688394,0.04191205249574476
7,LO_GH_P1_c300w,1000,50,0.946,0.0076718409040557,0.0542481072744214,0.0004606090322991,0.0004606090322991,0.0552977622490351,0.0554409784323135,0.2173286354546692,0.0553235125431338,0.4873038616715768,0.4877644707038761,,,1128.4632486324156,295.472023913002,295.472023913002,300.0,,0.002428510691589,,,23.97670775739476,0.0070288251610472,1.2058642130307853,0.9999622711132156,0.0042978651803488,3.6e-05,22.334530014839828,1.5073090176476989,1.516680377363038,0.4661778108294078,blogfeedback,matern52_0.8h0,LO,0.021586659874468284,0.05936003902968859
7,PPI_global,1000,50,0.032,0.0054883922035138,0.0388087934491603,0.1448174356819305,0.1448174356819305,0.1495627593426199,0.0387469919504955,0.1518882084459425,0.0373942192366771,0.4873038616715768,0.6321212973535074,,,,,,,,,,,0.0,8.296484407037497e-05,8.296484407037497e-05,,,,,1.053439026964653,4.1021352954147785,0.4661778108294078,blogfeedback,matern52_0.8h0,PPI,0.16594348652409963,0.17010047038283693
8,GH_P1_c300,1000,50,0.957,0.0058918830363717,0.0416619044897648,0.0048482842148859,0.0048482842148859,0.0361701542070356,0.0366767436232402,0.1437728350031016,0.035861682277721,0.5194230415950704,0.5242713258099563,391.9146169677683,1.0,2238.135298181188,36.762944789224086,36.762944789224086,300.0,0.0,0.1336993937203224,0.0549918214312985,0.0792359533458516,23.83437495881692,0.0071518195318058,1.1988705674726516,0.9831299531260128,0.0557971993472663,3.2e-05,1.4809685721543853,1.0,1.0,0.5003066661532557,blogfeedback,matern52_0.8h0,PPCI,0.023964659656700582,0.04311703964784587
8,LO_GH_P1_c300w,1000,50,0.945,0.0071784825865149,0.0507595371555424,0.006133640804193,0.006133640804193,0.0562372980219359,0.0560824669010224,0.2198432702520078,0.0559297798991982,0.5194230415950704,0.5255566823992633,,,2238.135298181188,36.762944789224086,36.762944789224086,300.0,,0.1337193415170463,,,23.83437495881692,0.0070455538854002,1.1987643018262462,0.9831299531260128,0.0557971993472663,3.2e-05,1.4809685721543853,1.529101587565309,1.5547984036793805,0.5003066661532557,blogfeedback,matern52_0.8h0,LO,0.025250016246007645,0.061339835830533755
8,PPI_global,1000,50,0.164,0.0127807252836257,0.0903733751653412,0.1120094644400582,0.1120094644400582,0.1179971662177365,0.0387473607345034,0.1518896540792534,0.0371293644029686,0.5194230415950704,0.6314325060351285,,,,,,,,,,,0.0,8.253901079297066e-05,8.253901079297066e-05,,,,,1.0564558602184952,3.262279877003798,0.5003066661532557,blogfeedback,matern52_0.8h0,PPI,0.13112583988187276,0.13627617912164253
9,GH_P1_c300,1000,50,0.96,0.0055328333517248,0.0391230398217975,0.0004348999507965,0.0004348999507965,0.0344401377496839,0.0351057663690948,0.1376146041668516,0.0344546233664122,0.4691013741199386,0.4695362740707348,4216.965034285823,1.0,1163.1699544334467,262.7658925558636,262.7658925558636,300.0,0.0,0.0028559865298333,0.0011967244309687,0.0016361611563369,23.809234533105045,0.0071533084651455,1.1976150351203978,0.9999537112486504,0.0043312350912972,3.0000000000000004e-05,19.497114044173248,1.0,1.0,0.4427280867044441,blogfeedback,matern52_0.8h0,PPCI,0.026808187366290703,0.04364187049286665
9,LO_GH_P1_c300w,1000,50,0.95,0.0068511878904467,0.0484452141651804,0.0003336466763776,0.0003336466763776,0.0516619501346773,0.0531990668583381,0.2085403420846854,0.0516867225591073,0.4691013741199386,0.469435020796316,,,1163.1699544334467,262.7658925558636,262.7658925558636,300.0,,0.0028553022757819,,,23.809234533105045,0.0070438968269154,1.1975056234821675,0.9999537112486504,0.0043312350912972,3.0000000000000004e-05,19.497114044173248,1.5153939754231276,1.5000506243663756,0.4427280867044441,blogfeedback,matern52_0.8h0,LO,0.026706934091871914,0.058155877606660016
9,PPI_global,1000,50,0.008,0.0026186146828319,0.018516401995451,0.1633516309838765,0.1633516309838765,0.1675528425321282,0.038861486336622,0.1523370264395585,0.0373040384782983,0.4691013741199386,0.632453005103815,,,,,,,,,,,0.0,8.159540686756372e-05,8.159540686756372e-05,,,,,1.106982993279235,4.8650456554479335,0.4427280867044441,blogfeedback,matern52_0.8h0,PPI,0.1897249183993709,0.19335393545814245
10,GH_P1_c300,1000,50,0.951,0.006774803257931,0.0479050932488777,0.0085628035161277,0.0085628035161277,0.0394384440842051,0.0389225797947755,0.15257651279552,0.0385169160311117,0.5775158991551574,0.5860787026712851,1676.946230797886,1.0,3574.8641649176884,122.32849460096963,122.32849460096963,300.0,0.0,0.0192402085767718,0.0074796259646498,0.0117497629622208,23.737247175741945,0.0072057668212801,1.1940681256083772,0.9949621986328836,0.0224535257732199,5.2e-05,5.230760015187523,1.0,1.0,0.5674252426185447,blogfeedback,matern52_0.8h0,PPCI,0.01865346005274049,0.042778742848128985
10,LO_GH_P1_c300w,1000,50,0.951,0.0073526338471187,0.0519909725287938,0.0117661939270177,0.0117661939270177,0.0606204479936755,0.0610566373168304,0.2393420182819755,0.059497355661882,0.5775158991551574,0.589282093082175,,,3574.8641649176884,122.32849460096963,122.32849460096963,300.0,,0.0192424254967716,,,23.737247175741945,0.0069693187540397,1.1938316775411366,0.9949621986328836,0.0224535257732199,5.2e-05,5.230760015187523,1.5686688199692755,1.5370902529583714,0.5674252426185447,blogfeedback,matern52_0.8h0,LO,0.021856850463630395,0.06335706201849346
10,PPI_global,1000,50,0.724,0.0190187877035915,0.1344831375515692,0.0546803501143972,0.0546803501143972,0.06660404557993,0.0389802800985954,0.1528026979864941,0.0380474152181869,0.5775158991551574,0.6321962492695545,,,,,,,,,,,0.0,8.190526999533177e-05,8.190526999533177e-05,,,,,1.0014824378066445,1.688810173081968,0.5674252426185447,blogfeedback,matern52_0.8h0,PPI,0.06477100665100988,0.07510953003158455
11,GH_P1_c300,1000,50,0.951,0.0069237833234586,0.0489585413948394,0.0015181572250024,0.0015181572250024,0.0354828848542828,0.0357661895757563,0.140203463136965,0.0354681308293373,0.5027849065139974,0.5043030637389999,4211.312796668448,1.0,2128.345612903141,287.1359389699176,287.1359389699176,300.0,0.0,0.0027667997284723,0.0011395339844906,0.0016065055008616,23.90144450172782,0.0073819811157882,1.2024542062021792,0.9999112380240496,0.0043401180292154,3.800000000000001e-05,15.9108946394208,1.0,1.0,0.47928584736958385,blogfeedback,matern52_0.8h0,PPCI,0.025017216369416062,0.0433888399372078
11,LO_GH_P1_c300w,1000,50,0.958,0.0055988336977901,0.0395897327444314,0.0052597031342461,0.0052597031342461,0.0523989950778189,0.0545955020689996,0.2140143681104785,0.0521604344213496,0.5027849065139974,0.5080446096482435,,,2128.345612903141,287.1359389699176,287.1359389699176,300.0,,0.0027682912653444,,,23.90144450172782,0.0072321433350443,1.2023043684214354,0.9999112380240496,0.0043401180292154,3.800000000000001e-05,15.9108946394208,1.526455647542797,1.476739991491823,0.47928584736958385,blogfeedback,matern52_0.8h0,LO,0.028758762278659644,0.05954037802958043
11,PPI_global,1000,50,0.074,0.008111468323759,0.0573567425710992,0.1299977728568062,0.1299977728568062,0.1355755387701875,0.0391451561998468,0.1534490123033995,0.0385069935680584,0.5027849065139974,0.6327826793708037,,,,,,,,,,,0.0,8.247553929686546e-05,8.247553929686546e-05,,,,,1.0944737659831911,3.820871367335384,0.47928584736958385,blogfeedback,matern52_0.8h0,PPI,0.15349683200121983,0.15824848561521068
12,GH_P1_c300,1000,50,0.937,0.0069707845135747,0.0492908899973888,0.0020305993983815,0.0020305993983815,0.0390325382751177,0.0380693306082038,0.1492317759841589,0.0389991877726799,0.5493644882653576,0.5513950876637389,4162.7154625928015,1.0,2328.248289735635,283.5140606849359,283.5140606849359,300.0,0.0,0.003433943776947,0.0013453090517417,0.0020815661575642,23.88666796956211,0.0073985042199492,1.2017319026980546,0.999794675999866,0.0061796834917106,3.800000000000001e-05,15.165577697410392,1.0,1.0,0.5379895479317068,blogfeedback,matern52_0.8h0,PPCI,0.013405539732032068,0.041220434323147384
12,LO_GH_P1_c300w,1000,50,0.956,0.0064901809666288,0.0458925097263114,0.0062308659469002,0.0062308659469002,0.0573216341892617,0.0594187874155143,0.2329216466688163,0.0570104924722742,0.5493644882653576,0.5555953542122577,,,2328.248289735635,283.5140606849359,283.5140606849359,300.0,,0.0034336949668806,,,23.88666796956211,0.0073444192782044,1.20167781775631,0.999794675999866,0.0061796834917106,3.800000000000001e-05,15.165577697410392,1.5608046284562158,1.4685602505590294,0.5379895479317068,blogfeedback,matern52_0.8h0,LO,0.017605806280550862,0.059639839624764136
12,PPI_global,1000,50,0.443,0.0210930881415438,0.1491506566105122,0.0824422703460112,0.0824422703460112,0.0913761300551374,0.0391374496578001,0.1534188026585765,0.0394261794709588,0.5493644882653576,0.6318067586113687,,,,,,,,,,,0.0,8.307590149343014e-05,8.307590149343014e-05,,,,,1.0280572059590185,2.3410245424235563,0.5379895479317068,blogfeedback,matern52_0.8h0,PPI,0.09381721067966187,0.10175725145541539
13,GH_P1_c300,1000,50,0.943,0.0074244494058207,0.0524987852143227,-0.0018936371797395,0.0018936371797395,0.0367166634191941,0.0355580228200704,0.139387449454676,0.0366861470347344,0.4668320168686672,0.4649383796889276,4869.675251658629,1.0,1032.2827145349768,286.57863859839364,286.57863859839364,300.0,0.0,0.0023997563926756,0.0010099519652314,0.0013565471887114,21.76964564550668,0.00607209849637,1.0945543807717042,0.9999769625448378,0.0037574951288766,4.200000000000001e-05,22.6260990106538,1.0,1.0,0.4405515863387269,blogfeedback,matern52_0.8h0,PPCI,0.02438679335020072,0.044036839132427424
13,LO_GH_P1_c300w,1000,50,0.956,0.0064901809666288,0.0458925097263114,-0.0014594677819244,0.0014594677819244,0.0511766843887912,0.053665920395982,0.2103704079522494,0.0511814665806365,0.4668320168686672,0.4653725490867426,,,1032.2827145349768,286.57863859839364,286.57863859839364,300.0,,0.0023989139326634,,,21.76964564550668,0.0059852101048454,1.0944674923801796,0.9999769625448378,0.0037574951288766,4.200000000000001e-05,22.6260990106538,1.5092492815908416,1.3938272060428527,0.4405515863387269,blogfeedback,matern52_0.8h0,LO,0.024820962748015707,0.056859503783992425
13,PPI_global,1000,50,0.013,0.0037279966716285,0.0263609172674941,0.1642999160766668,0.1642999160766668,0.1691366352895336,0.0390287252706802,0.1529926030610664,0.0401790160107553,0.4668320168686672,0.6311319329453341,,,,,,,,,,,0.0,8.17659068852663e-05,8.17659068852663e-05,,,,,1.0976067333150703,4.606536093939161,0.4405515863387269,blogfeedback,matern52_0.8h0,PPI,0.19058034660660722,0.19476551924547497
14,GH_P1_c300,1000,50,0.935,0.0074573617920789,0.052731510929405,0.0006486134531673,0.0006486134531673,0.0384675065133913,0.0371609426632763,0.1456708952400433,0.0384812833350615,0.4884906334899634,0.489139246943131,4869.675251658629,1.0,1099.603317418822,293.8268793009689,293.8268793009689,300.0,0.0,0.0024906134278893,0.001063722385557,0.0014157995321986,21.76827495822683,0.0060662565566599,1.0944800044680014,0.999964454667503,0.0042155724851606,3.4e-05,22.50818488974936,1.0,1.0,0.468140013758773,blogfeedback,matern52_0.8h0,PPCI,0.02099923318435798,0.04382118383016609
14,LO_GH_P1_c300w,1000,50,0.962,0.0064775908850026,0.0458034844053754,-8.894419098034834e-05,8.894419098034834e-05,0.054046338425336,0.0558506762252182,0.2189346508028555,0.0540733086543228,0.4884906334899634,0.4884016892989833,,,1099.603317418822,293.8268793009689,293.8268793009689,300.0,,0.0024892978876108,,,21.76827495822683,0.0059822664996609,1.0943960144110023,0.999964454667503,0.0042155724851606,3.4e-05,22.50818488974936,1.502940243774055,1.4049867881746223,0.468140013758773,blogfeedback,matern52_0.8h0,LO,0.0202616755402103,0.057719444572982434
14,PPI_global,1000,50,0.039,0.0061095442229551,0.0432010015001069,0.1438114441361336,0.1438114441361336,0.1493613295275861,0.0389989679836595,0.1528759544959453,0.0403572050286638,0.4884906334899634,0.6323020776260972,,,,,,,,,,,0.0,8.157458063215018e-05,8.157458063215018e-05,,,,,1.0494612135391164,3.882792077401492,0.468140013758773,blogfeedback,matern52_0.8h0,PPI,0.16416206386732424,0.16904513748377184
15,GH_P1_c300,1000,50,0.949,0.006774803257931,0.0479050932488777,0.0002258204687537,0.0002258204687537,0.0374027195719192,0.0365133332018337,0.1431322661511882,0.037420752921885,0.5546828769992597,0.5549086974680133,392.8217346429128,1.0,5399.604068956503,42.8097381628702,42.8097381628702,300.0,0.0,0.1157419355716699,0.0454691377447765,0.0724098433263338,21.586611934881656,0.006085077939555,1.085415674683638,0.9716630364019204,0.0472006970526119,2.6e-05,1.092550503960242,1.0,1.0,0.5365550956979145,blogfeedback,matern52_0.8h0,PPCI,0.018353601770098815,0.04166253874197896
15,LO_GH_P1_c300w,1000,50,0.963,0.0054976804013982,0.0388744709262508,-0.0009089600588159,0.0009089600588159,0.0544465971493895,0.0570047272313223,0.2234585307467836,0.0544662492288982,0.5546828769992597,0.5537739169404435,,,5399.604068956503,42.8097381628702,42.8097381628702,300.0,,0.1157514853760662,,,21.586611934881656,0.0060030177971348,1.0853336145412176,0.9716630364019204,0.0472006970526119,2.6e-05,1.092550503960242,1.5612030519432152,1.45568551625498,0.5365550956979145,blogfeedback,matern52_0.8h0,LO,0.017218821242529048,0.05709722880965029
15,PPI_global,1000,50,0.494,0.0249341991191673,0.1763114128061887,0.0768871080745427,0.0768871080745427,0.086521338767768,0.0388438537025282,0.1522679065139107,0.0396974881404999,0.5546828769992597,0.6315699850738022,,,,,,,,,,,0.0,8.33112457767129e-05,8.33112457767129e-05,,,,,1.0638265613224676,2.313236570977191,0.5365550956979145,blogfeedback,matern52_0.8h0,PPI,0.09501488937588776,0.10296671247161703
16,GH_P1_c300,1000,50,0.947,0.0066101344578624,0.0467407089970939,0.0002946599640021,0.0002946599640021,0.0362026556971294,0.0356996385961561,0.139942583296932,0.0362195708470276,0.4690854498764982,0.4693801098405001,4869.675251658629,1.0,1029.563611616191,293.682165050989,293.682165050989,300.0,0.0,0.0023139308636478,0.0009762188729436,0.0013256476882924,21.843279276303942,0.0060690376497805,1.0982330014649777,0.999980959702344,0.0031997103249739,2.8000000000000003e-05,23.193168302652552,1.0,1.0,0.44424257059865246,blogfeedback,matern52_0.8h0,PPCI,0.02513753924184764,0.0440731361961676
16,LO_GH_P1_c300w,1000,50,0.959,0.0061759903774906,0.043670846764665,-0.00153863478003,0.00153863478003,0.0516037064603496,0.0540262646976689,0.2117829576148624,0.0516065728548353,0.4690854498764982,0.467546815096468,,,1029.563611616191,293.682165050989,293.682165050989,300.0,,0.0023123607152823,,,21.843279276303942,0.0059820929048582,1.0981460567200554,0.999980959702344,0.0031997103249739,2.8000000000000003e-05,23.193168302652552,1.5133560680775664,1.4254121822461028,0.44424257059865246,blogfeedback,matern52_0.8h0,LO,0.02330424449781554,0.05660090931313356
16,PPI_global,1000,50,0.01,0.0034992710611188,0.0247435829652696,0.1637012001167689,0.1637012001167689,0.1682995600095411,0.0388232395406491,0.1521870989993444,0.0390920345710175,0.4690854498764982,0.632786649993267,,,,,,,,,,,0.0,8.171685133129359e-05,8.171685133129359e-05,,,,,1.0874967105361475,4.648818070628053,0.44424257059865246,blogfeedback,matern52_0.8h0,PPI,0.18854407939461448,0.19255006843545242
17,GH_P1_c300,1000,50,0.951,0.0061428571428571,0.043436559415745,0.0011749189909345,0.0011749189909345,0.0341192998969228,0.0348786530840205,0.1367243200893603,0.034116126698701,0.4618708795477586,0.4630457985386933,4869.675251658629,1.0,1064.792529623238,293.64262407463286,293.64262407463286,300.0,0.0,0.0022452986256205,0.0009333550019753,0.0012825324340553,21.87573688078672,0.0060778039135038,1.0998646479528398,0.9999730503697504,0.0037435701978415,5.2e-05,22.807440226727465,1.0,1.0,0.4337088663895002,blogfeedback,matern52_0.8h0,PPCI,0.02933693214919314,0.044982238480841076
17,LO_GH_P1_c300w,1000,50,0.957,0.0071442855714571,0.0505177277431054,0.0005432305044194,0.0005432305044194,0.0509585810320134,0.0531678929761924,0.2084181404666745,0.0509811824340876,0.4618708795477586,0.4624141100521782,,,1064.792529623238,293.64262407463286,293.64262407463286,300.0,,0.0022444256712961,,,21.87573688078672,0.0059961595758795,1.0997830036152154,0.9999730503697504,0.0037435701978415,5.2e-05,22.807440226727465,1.524367722804959,1.4935412269877602,0.4337088663895002,blogfeedback,matern52_0.8h0,LO,0.028705243662678015,0.058484809097312275
17,PPI_global,1000,50,0.002,0.0013997084244475,0.0098974331861078,0.1722510443652602,0.1722510443652602,0.1764722840171641,0.0387671905208074,0.1519673868415653,0.0383864332749389,0.4618708795477586,0.634121923913019,,,,,,,,,,,0.0,8.287427294999361e-05,8.287427294999361e-05,,,,,1.111487603246024,5.172212927882497,0.4337088663895002,blogfeedback,matern52_0.8h0,PPI,0.20041305752351884,0.20405253825237518
18,GH_P1_c300,1000,50,0.959,0.0060084973842323,0.042486492451323,0.0074483807301215,0.0074483807301215,0.036927683255998,0.0369585849946207,0.1448776531789133,0.0361868056072172,0.5299412660223736,0.5373896467524951,378.7394975365364,1.0,2830.0129640519576,37.71694256170894,37.71694256170894,300.0,0.0,0.133575800476157,0.0548562965920099,0.079177076021218,21.673537550792098,0.0060782679272815,1.0897551454668863,0.9774869105643768,0.0579209108765707,4.000000000000001e-05,1.305797643772008,1.0,1.0,0.5111292413866828,blogfeedback,matern52_0.8h0,PPCI,0.02626040536581231,0.044696580463512596
18,LO_GH_P1_c300w,1000,50,0.952,0.0066944997222057,0.0473372615022311,0.0072499184549048,0.0072499184549048,0.0550845029666638,0.0565782004629032,0.2217865458145806,0.0546326447772482,0.5299412660223736,0.5371911844772784,,,2830.0129640519576,37.71694256170894,37.71694256170894,300.0,,0.1335789127809185,,,21.673537550792098,0.0059951732484623,1.0896720507880673,0.9774869105643768,0.0579209108765707,4.000000000000001e-05,1.305797643772008,1.5308540754776747,1.491685860301475,0.5111292413866828,blogfeedback,matern52_0.8h0,LO,0.02606194309059562,0.060505917290287176
18,PPI_global,1000,50,0.224,0.0190187877035915,0.1344831375515692,0.1042701053000891,0.1042701053000891,0.1109761785894294,0.0388041397840491,0.1521122279534727,0.0380118699524047,0.5299412660223736,0.6342113713224627,,,,,,,,,,,0.0,8.228335250169039e-05,8.228335250169039e-05,,,,,1.0499357534845295,3.005229919789344,0.5111292413866828,blogfeedback,matern52_0.8h0,PPI,0.12308212993577994,0.1288125306969375
19,GH_P1_c300,1000,50,0.956,0.0067973584304973,0.048064582403602,0.0015936979983785,0.0015936979983785,0.0359217567169304,0.03611105686889,0.141555342926049,0.0359043431101932,0.4888857102246812,0.4904794082230598,4464.994916887489,1.0,1308.8274647311157,275.58456352389425,275.58456352389425,300.0,0.0,0.0028717884248077,0.0011762820875023,0.0016721938603168,21.834254138674588,0.0060835835933685,1.097796290527098,0.9999707906860886,0.0036043175870799,3.0000000000000004e-05,19.381286648209628,1.0,1.0,0.4662577059103155,blogfeedback,matern52_0.8h0,PPCI,0.024221702312744287,0.04329576879150554
19,LO_GH_P1_c300w,1000,50,0.945,0.0078571428571428,0.0555583899503715,0.0011697461914868,0.0011697461914868,0.0554839354111167,0.0553332674961881,0.2169064085850574,0.0554993600099495,0.4888857102246812,0.4900554564161681,,,1308.8274647311157,275.58456352389425,275.58456352389425,300.0,,0.0028704902732955,,,21.834254138674588,0.0060014885189011,1.0977141954526306,0.9999707906860886,0.0036043175870799,3.0000000000000004e-05,19.381286648209628,1.532308170793476,1.5445774506057572,0.4662577059103155,blogfeedback,matern52_0.8h0,LO,0.02379775050585259,0.060360845849700244
19,PPI_global,1000,50,0.035,0.0059333027592271,0.041954786158824,0.1429967652812988,0.1429967652812988,0.148130999005284,0.0388086152050544,0.1521297716038135,0.0386809281117734,0.4888857102246812,0.63188247550598,,,,,,,,,,,0.0,8.289795368909836e-05,8.289795368909836e-05,,,,,1.0747017276719024,4.123712550379464,0.4662577059103155,blogfeedback,matern52_0.8h0,PPI,0.16562476959566447,0.17007728328323432
20,GH_P1_c300,1000,50,0.945,0.0079859570624992,0.0564692439315782,0.0106439299008757,0.0106439299008757,0.0398557711522377,0.0384122912895077,0.1505761818548703,0.0384274110020582,0.540764296067903,0.551408225968779,693.8766112163664,1.0,2262.9019615056227,56.56020108985207,56.56020108985207,300.0,0.0,0.0695540753644019,0.0285325892068446,0.0412002695903363,21.735768883060665,0.0060854283142834,1.0928738724673168,0.9911343492240272,0.0395978958850175,3.4e-05,2.60235103440887,1.0,1.0,0.5265374825134961,blogfeedback,matern52_0.8h0,PPCI,0.02487074345528295,0.04575743797923221
20,LO_GH_P1_c300w,1000,50,0.943,0.0071442855714571,0.0505177277431054,0.009333476852598,0.009333476852598,0.0599949488820544,0.0588165493090384,0.2305608732914305,0.0592941472415233,0.540764296067903,0.5500977729205012,,,2262.9019615056227,56.56020108985207,56.56020108985207,300.0,,0.0695418378361967,,,21.735768883060665,0.0060001411680132,1.0927885853210466,0.9911343492240272,0.0395978958850175,3.4e-05,2.60235103440887,1.5311908593462125,1.5053014192823118,0.5265374825134961,blogfeedback,matern52_0.8h0,LO,0.023560290407005136,0.06377591540122936
20,PPI_global,1000,50,0.35,0.0191129830860852,0.1351491994887464,0.0909442683667604,0.0909442683667604,0.0987545910681856,0.0388262895024119,0.1521990548494547,0.0385109387146029,0.540764296067903,0.6317085644346637,,,,,,,,,,,0.0,8.237444888800383e-05,8.237444888800383e-05,,,,,1.0107777536566076,2.477799029178764,0.5265374825134961,blogfeedback,matern52_0.8h0,PPI,0.10517108192116764,0.11199359705245732
21,GH_P1_c300,1000,50,0.954,0.0066761836831702,0.0472077475481665,0.0079590399065331,0.0079590399065331,0.0392673688761081,0.0380753874351624,0.1492555187458366,0.0384715479571693,0.565220652921684,0.5731796928282172,680.7896146244386,1.0,4078.1775410351697,59.54711441053762,59.54711441053762,300.0,0.0,0.0676317356212756,0.0266905082719181,0.0421683575442645,21.60466162333265,0.0060769640998914,1.086310045266524,0.985754539993801,0.0379646693424204,3.6e-05,2.0537424218938924,1.0,1.0,0.551405158058703,blogfeedback,matern52_0.8h0,PPCI,0.021774534769514187,0.0441894818553843
21,LO_GH_P1_c300w,1000,50,0.936,0.0074285714285714,0.0525279323167149,0.0064135089517529,0.0064135089517529,0.0610565786770251,0.0592557792010485,0.2322826544681104,0.0607491824293576,0.565220652921684,0.5716341618734371,,,4078.1775410351697,59.54711441053762,59.54711441053762,300.0,,0.0676328174583208,,,21.60466162333265,0.0059954935209825,1.086228574687615,0.985754539993801,0.0379646693424204,3.6e-05,2.0537424218938924,1.5562751476121863,1.5548935521925036,0.551405158058703,blogfeedback,matern52_0.8h0,LO,0.020229003814734026,0.06399988514056926
21,PPI_global,1000,50,0.632,0.023332555866542,0.1649860847564585,0.0630516288824214,0.0630516288824214,0.0740994078021829,0.0388220275217654,0.1521823478853204,0.0389452315819354,0.565220652921684,0.6282722818041055,,,,,,,,,,,0.0,8.240259066224098e-05,8.240259066224098e-05,,,,,1.0196095203988254,1.887047946501658,0.551405158058703,blogfeedback,matern52_0.8h0,PPI,0.0768671237454025,0.08616129667547157
22,GH_P1_c300,1000,50,0.95,0.0071428571428571,0.0505076272276105,-0.0010183352918732,0.0010183352918732,0.0363468594353375,0.0360446958401992,0.141295207693581,0.0363507711418633,0.4997934639429802,0.4987751286511067,499.50156584474223,1.0,1650.4416359617278,40.64153296395119,40.64153296395119,300.0,0.0,0.1013017517809762,0.042385932503701,0.0603998897800977,21.80209452673793,0.0060670991772785,1.096171825514175,0.9952770381436132,0.0342112544229345,2.6e-05,2.1128201919008696,1.0,1.0,0.4781418240879662,blogfeedback,matern52_0.8h0,PPCI,0.020633304563140498,0.04178265718262576
22,LO_GH_P1_c300w,1000,50,0.935,0.0077261813045656,0.0546323519313512,-0.0028252626002805,0.0028252626002805,0.0560697395999056,0.0545917912370739,0.2139998216493299,0.0560265344511267,0.4997934639429802,0.4969682013426993,,,1650.4416359617278,40.64153296395119,40.64153296395119,300.0,,0.1012705452088758,,,21.80209452673793,0.0059847029726952,1.0960894293095915,0.9952770381436132,0.0342112544229345,2.6e-05,2.1128201919008696,1.5145582439952192,1.542629555096936,0.4781418240879662,blogfeedback,matern52_0.8h0,LO,0.01882637725473313,0.05907847383419968
22,PPI_global,1000,50,0.084,0.0101458748026084,0.0717421687399412,0.1280560266480258,0.1280560266480258,0.1337480660928925,0.0389474008031751,0.1526738111484464,0.0386224146529248,0.4997934639429802,0.6278494905910057,,,,,,,,,,,0.0,8.237153850495816e-05,8.237153850495816e-05,,,,,1.080530710422547,3.679769536370407,0.4781418240879662,blogfeedback,matern52_0.8h0,PPI,0.14970766650303952,0.1546046074103037
23,GH_P1_c300,1000,50,0.942,0.008,0.0565685424949238,-0.0020734745498474,0.0020734745498474,0.0366257124035874,0.0358744505409629,0.1406278461205749,0.0365852701829,0.4977241937906626,0.4956507192408154,2333.5061382578324,1.0,1779.368247471114,162.2870583527733,162.2870583527733,300.0,0.0,0.0095838380003901,0.0040308220237341,0.00588440542952,21.778111872002484,0.0060781064340844,1.0949837000342086,0.9994963045483094,0.0104604475064782,3.800000000000001e-05,9.544286295346096,1.0,1.0,0.4751251844024017,blogfeedback,matern52_0.8h0,PPCI,0.020525534838413684,0.041933770314203436
23,LO_GH_P1_c300w,1000,50,0.937,0.0077997906826963,0.0551528488357027,-0.0026692503511416,0.0026692503511416,0.0551587373912629,0.0542195468939419,0.2125406238242525,0.0551216818772269,0.4977241937906626,0.4950549434395211,,,1779.368247471114,162.2870583527733,162.2870583527733,300.0,,0.0095830446655559,,,21.778111872002484,0.0059966101767495,1.0949022037768736,0.9994963045483094,0.0104604475064782,3.800000000000001e-05,9.544286295346096,1.5113694029134124,1.5060113174989105,0.4751251844024017,blogfeedback,matern52_0.8h0,LO,0.01992975903711941,0.05858802529902227
23,PPI_global,1000,50,0.074,0.0102260172389561,0.0723088613419643,0.1305771583504807,0.1305771583504807,0.1361761171098133,0.0389770378876293,0.1527899885195072,0.0386656905258774,0.4977241937906626,0.6283013521411436,,,,,,,,,,,0.0,8.285313472151757e-05,8.285313472151757e-05,,,,,1.0864845955793452,3.718046917675108,0.4751251844024017,blogfeedback,matern52_0.8h0,PPI,0.15317616773874188,0.15797619742020083
24,GH_P1_c300,1000,50,0.957,0.0075606392127995,0.0534617925747549,1.2397718120268908e-05,1.2397718120268908e-05,0.0358016475232133,0.0367138746496947,0.1439183886268035,0.0358195596361195,0.5515687784603776,0.5515811761784978,542.2237293109654,1.0,4663.3477661258285,51.70163072843973,51.70163072843973,300.0,0.0,0.0813959567802384,0.0322296254437979,0.0500368283818666,21.60808581672609,0.0060759796518832,1.0864802704881875,0.9770463038086616,0.044818699302944,3.0000000000000004e-05,1.574881004628068,1.0,1.0,0.5336564892894093,blogfeedback,matern52_0.8h0,PPCI,0.017924686889088437,0.040038134468839255
24,LO_GH_P1_c300w,1000,50,0.948,0.007948815853282,0.0562066159225885,0.0020107199633639,0.0020107199633639,0.0566127226763701,0.0571647883604608,0.2240859703730065,0.0566053136692671,0.5515687784603776,0.5535794984237415,,,4663.3477661258285,51.70163072843973,51.70163072843973,300.0,,0.0814232105048581,,,21.60808581672609,0.005990408251062,1.0863946990873663,0.9770463038086616,0.044818699302944,3.0000000000000004e-05,1.574881004628068,1.5570350148519698,1.5812881974122297,0.5336564892894093,blogfeedback,matern52_0.8h0,LO,0.019923009134332204,0.059982361299195326
24,PPI_global,1000,50,0.496,0.0217987080688142,0.1541401429656446,0.0769713001255067,0.0769713001255067,0.0855010196321926,0.0389308039620657,0.1526087515312977,0.0372455439707817,0.5515687784603776,0.6285400785858845,,,,,,,,,,,0.0,8.230484742671252e-05,8.230484742671252e-05,,,,,1.0603839647414988,2.3881867329360964,0.5336564892894093,blogfeedback,matern52_0.8h0,PPI,0.09488358929647511,0.10192516290355351
25,GH_P1_c300,1000,50,0.955,0.0070348984298543,0.0497442438470861,-0.0020046611463179,0.0020046611463179,0.0355669016571338,0.036236941353061,0.1420488101039995,0.0355281307593282,0.5098905198501444,0.5078858587038264,573.0824095289316,1.0,2055.9108053131163,47.63255913643855,47.63255913643855,300.0,0.0,0.0811447423880943,0.0337258825180021,0.0475478922314029,21.7619751037471,0.0060642462242394,1.0941630014115946,0.9931547883118372,0.0373602711229126,2.6e-05,2.222550522866308,1.0,1.0,0.48902140269121164,blogfeedback,matern52_0.8h0,PPCI,0.018864456012614772,0.04021011723221593
25,LO_GH_P1_c300w,1000,50,0.947,0.0076144331264208,0.0538421729858364,0.000376779574637,0.000376779574637,0.0544082869222832,0.0551175849922472,0.216060933169609,0.054434206210575,0.5098905198501444,0.5102672994247813,,,2055.9108053131163,47.63255913643855,47.63255913643855,300.0,,0.0811696558161425,,,21.7619751037471,0.0059797413274645,1.0940784965148196,0.9931547883118372,0.0373602711229126,2.6e-05,2.222550522866308,1.5210330379495776,1.529744914155889,0.48902140269121164,blogfeedback,matern52_0.8h0,LO,0.02124589673356969,0.058408114598770725
25,PPI_global,1000,50,0.115,0.0136464094103877,0.0964946863293306,0.1186082443849219,0.1186082443849219,0.1242979611122405,0.0389206621333011,0.1525689955625403,0.0371947704864303,0.5098905198501444,0.6284987642350663,,,,,,,,,,,0.0,8.262342121452093e-05,8.262342121452093e-05,,,,,1.0740603560905482,3.494764944961388,0.48902140269121164,blogfeedback,matern52_0.8h0,PPI,0.1394773615438547,0.14434681113146158
26,GH_P1_c300,1000,50,0.954,0.0074010479125649,0.052333311668612,-0.000631053091671,0.000631053091671,0.0357851782199438,0.0362947567735809,0.1422754465524374,0.0357975168753794,0.5342343046372839,0.5336032515456129,1537.884296060313,1.0,3318.2810141440523,114.90463099112432,114.90463099112432,300.0,0.0,0.0179977275173124,0.0072510786871049,0.0108426520480036,21.648150495253503,0.0060944710625335,1.088501995825209,0.996650936387808,0.0203302199373523,3.2e-05,4.957422060086823,1.0,1.0,0.5146053180943589,blogfeedback,matern52_0.8h0,PPCI,0.018997933451254,0.0405105199626826
26,LO_GH_P1_c300w,1000,50,0.952,0.0060541771715477,0.0428094973250619,0.0011130974136701,0.0011130974136701,0.0546256170293477,0.0560091677472918,0.219555937569384,0.0546416027834047,0.5342343046372839,0.5353474020509541,,,3318.2810141440523,114.90463099112432,114.90463099112432,300.0,,0.0180037767217246,,,21.648150495253503,0.0060096191531047,1.08841714391578,0.996650936387808,0.0203302199373523,3.2e-05,4.957422060086823,1.5431751780758878,1.526487214723545,0.5146053180943589,blogfeedback,matern52_0.8h0,LO,0.02074208395659516,0.05842048525001383
26,PPI_global,1000,50,0.285,0.020012751037317,0.1415115196868496,0.0963931112152566,0.0963931112152566,0.1033499557157831,0.0388333400778992,0.152226693105365,0.0372957427748346,0.5342343046372839,0.6306274158525405,,,,,,,,,,,0.0,8.115968387573958e-05,8.115968387573958e-05,,,,,1.069943527109296,2.8880659774997035,0.5146053180943589,blogfeedback,matern52_0.8h0,PPI,0.11602209775818151,0.12186348355806396
27,GH_P1_c300,1000,50,0.946,0.0069751746375621,0.0493219328618059,-0.0027201136453789,0.0027201136453789,0.0361650264115604,0.0357818785083288,0.140264963752649,0.036080630940078,0.4706474731241102,0.4679273594787313,4869.675251658629,1.0,1017.1327298003048,289.61791878877114,289.61791878877114,300.0,0.0,0.0023706234932301,0.0010027473886926,0.0013502514437338,21.85539428636432,0.006088250407949,1.098857964726165,0.9999819953236868,0.003303017902056,2.8e-05,23.00508838645451,1.0,1.0,0.44566822667391864,blogfeedback,matern52_0.8h0,PPCI,0.022259132804812676,0.042378993738966565
27,LO_GH_P1_c300w,1000,50,0.951,0.0059744353332361,0.0422456373789178,-0.0032265921528884,0.0032265921528884,0.0525361286452471,0.0540056512182348,0.2117021527754806,0.0524631899755561,0.4706474731241102,0.4674208809712217,,,1017.1327298003048,289.61791878877114,289.61791878877114,300.0,,0.0023696069886555,,,21.85539428636432,0.0060067911893129,1.0987765055075287,0.9999819953236868,0.003303017902056,2.8e-05,23.00508838645451,1.5093017323186133,1.4526777347645907,0.44566822667391864,blogfeedback,matern52_0.8h0,LO,0.021752654297303053,0.05676981491150782
27,PPI_global,1000,50,0.01,0.0034992710611188,0.0247435829652696,0.1600175329653828,0.1600175329653828,0.1642514930843785,0.0387378265093898,0.1518522799168081,0.0370717741760603,0.4706474731241102,0.630665006089493,,,,,,,,,,,0.0,8.069756161421537e-05,8.069756161421537e-05,,,,,1.082610196118489,4.541721917058363,0.44566822667391864,blogfeedback,matern52_0.8h0,PPI,0.1849967794155744,0.18867101133522063
28,GH_P1_c300,1000,50,0.939,0.0078623359461811,0.0555951106351144,-0.0006072336257876,0.0006072336257876,0.0377211323205861,0.0371383710125613,0.1455824143692404,0.03773511666738,0.4933590672455893,0.4927518336198015,4856.621047311173,1.0,1180.2568238486524,296.7118417602538,296.7118417602538,300.0,0.0,0.0024726960171358,0.0010542813900629,0.0014159560576731,21.864797399770467,0.0060917172459885,1.0993315872345115,0.999961302604266,0.0042441296544434,3.2e-05,21.94805528167717,1.0,1.0,0.47417491314856014,blogfeedback,matern52_0.8h0,PPCI,0.018576920471241376,0.04204303824732111
28,LO_GH_P1_c300w,1000,50,0.95,0.0067005939426048,0.0473803541479342,-0.0022372493113294,0.0022372493113294,0.0556494699267423,0.0557916811350551,0.2187033900494161,0.055632303312178,0.4933590672455893,0.4911218179342597,,,1180.2568238486524,296.7118417602538,296.7118417602538,300.0,,0.0024713613132551,,,21.864797399770467,0.0060108712241053,1.099250741212629,0.999961302604266,0.0042441296544434,3.2e-05,21.94805528167717,1.5022651671012894,1.4752863051349052,0.47417491314856014,blogfeedback,matern52_0.8h0,LO,0.016946904785699546,0.05812964648492126
28,PPI_global,1000,50,0.034,0.0062986879100138,0.0445384493374854,0.1387095222273407,0.1387095222273407,0.1436273293118933,0.0387842697416047,0.1520343373870904,0.0372809339578112,0.4933590672455893,0.63206858947293,,,,,,,,,,,0.0,8.104080334305763e-05,8.104080334305763e-05,,,,,1.0443180108380814,3.807609169608871,0.47417491314856014,blogfeedback,matern52_0.8h0,PPI,0.15789367632436985,0.1622309809868472
29,GH_P1_c300,1000,50,0.952,0.0063823736867681,0.0451301971398037,0.0021020863686468,0.0021020863686468,0.0361283812082003,0.0363929041755637,0.1426601843682097,0.0360852228055851,0.5490714179159467,0.5511735042845938,527.3510248718122,1.0,4598.321718067257,50.5752356438328,50.5752356438328,300.0,0.0,0.083521907924236,0.0328949003812947,0.0516569530418462,21.67770125452429,0.0060928415646776,1.089977904290892,0.9788874570266656,0.0438556409415401,3.0000000000000004e-05,1.5370572859615876,1.0,1.0,0.5306050741366064,blogfeedback,matern52_0.8h0,PPCI,0.02056843014798737,0.04151989258628237
29,LO_GH_P1_c300w,1000,50,0.946,0.0062007241183459,0.0438457407234937,-0.0014657061345221,0.0014657061345221,0.0561348906910386,0.0567100950176729,0.2223035724692778,0.0561438312569626,0.5490714179159467,0.5476057117814246,,,4598.321718067257,50.5752356438328,50.5752356438328,300.0,,0.0835143295030108,,,21.67770125452429,0.0060122633669525,1.089897326093167,0.9788874570266656,0.0438556409415401,3.0000000000000004e-05,1.5370572859615876,1.55827341352305,1.5537615806128973,0.5306050741366064,blogfeedback,matern52_0.8h0,LO,0.017000637644818184,0.05863445521834828
29,PPI_global,1000,50,0.429,0.0204585195067522,0.1446635787626179,0.0837793934811576,0.0837793934811576,0.0917934789356743,0.0388314627313291,0.1522193339068104,0.0375295146186432,0.5490714179159467,0.6328508113971045,,,,,,,,,,,0.0,8.142584469169379e-05,8.142584469169379e-05,,,,,1.0670064291654655,2.540758148190688,0.5306050741366064,blogfeedback,matern52_0.8h0,PPI,0.10224573726049813,0.1089093512559241
30,GH_P1_c300,1000,50,0.942,0.0071941018925795,0.0508699823278995,0.0005263420839651,0.0005263420839651,0.035995864507522,0.0360383807926594,0.1412704527072248,0.0360100256540054,0.5238804647326881,0.5244068068166533,687.4004742772544,1.0,2827.126500652623,57.75865639622838,57.75865639622838,300.0,0.0,0.0606291560273285,0.0245172634212973,0.0364622841085478,21.74418386362493,0.0060972243454307,1.0933064175266771,0.9927870954664886,0.0333446005245893,1.8e-05,2.353910123275277,1.0,1.0,0.5034793063598497,blogfeedback,matern52_0.8h0,PPCI,0.020927500456803583,0.041633946498308795
30,LO_GH_P1_c300w,1000,50,0.951,0.0066224725637138,0.0468279525802393,-0.0009310340824969,0.0009310340824969,0.0543849507437345,0.05545532193877,0.2173848619999787,0.0544041897172861,0.5238804647326881,0.5229494306501912,,,2827.126500652623,57.75865639622838,57.75865639622838,300.0,,0.0606241927884969,,,21.74418386362493,0.0060155684622004,1.093224761643447,0.9927870954664886,0.0333446005245893,1.8e-05,2.353910123275277,1.538785059679088,1.510866636704053,0.5034793063598497,blogfeedback,matern52_0.8h0,LO,0.01947012429034145,0.05775761233653109
30,PPI_global,1000,50,0.185,0.0150678736498064,0.1065459563584021,0.1085621511688763,0.1085621511688763,0.1149385035005815,0.0388465801998271,0.1522785943833222,0.0377696368264938,0.5238804647326881,0.6324426159015645,,,,,,,,,,,0.0,8.132233750075103e-05,8.132233750075103e-05,,,,,1.0779224633682682,3.193103015391197,0.5034793063598497,blogfeedback,matern52_0.8h0,PPI,0.12896330954171475,0.1343750502455399
31,GH_P1_c300,1000,50,0.942,0.0077406955337966,0.05473498303048,0.0017631241940037,0.0017631241940037,0.0384410227991098,0.0382033873398629,0.1497572783722629,0.03841978275088,0.5118836534689175,0.5136467776629215,4216.965034285823,1.0,1313.9953735258862,275.0707540674257,275.0707540674257,300.0,0.0,0.0031452610026919,0.0013378468487041,0.0017948516971988,21.90345813477412,0.0060832443451508,1.1012561510838568,0.9999056371371068,0.0054805206948614,3.4e-05,19.211014431199235,1.0,1.0,0.4960050945008544,blogfeedback,matern52_0.8h0,PPCI,0.017641683162067157,0.0422591127652836
31,LO_GH_P1_c300w,1000,50,0.951,0.0072125174636367,0.0510002000796395,0.00098642081137,0.00098642081137,0.0566987488953799,0.0574864785087704,0.22534699575438,0.0567185339406495,0.5118836534689175,0.5128700742802877,,,1313.9953735258862,275.0707540674257,275.0707540674257,300.0,,0.0031439500930578,,,21.90345813477412,0.0060016877623274,1.1011745945010334,0.9999056371371068,0.0054805206948614,3.4e-05,19.211014431199235,1.504748204586211,1.4749542225159755,0.4960050945008544,blogfeedback,matern52_0.8h0,LO,0.016864979779433353,0.05914560544321893
31,PPI_global,1000,50,0.1,0.0106904496764969,0.0755928946018454,0.1204663561359192,0.1204663561359192,0.1263548938039921,0.0388908420643421,0.1524521008922213,0.0381427725611373,0.5118836534689175,0.6323500096048369,,,,,,,,,,,0.0,8.093980513513088e-05,8.093980513513088e-05,,,,,1.0179946013258847,3.286980538065136,0.4960050945008544,blogfeedback,matern52_0.8h0,PPI,0.1363449151039825,0.1415745460959144
32,GH_P1_c300,1000,50,0.946,0.0081865993039396,0.057887998826728,0.0029965720462147,0.0029965720462147,0.0368659126542467,0.0364498531973986,0.1428834245338028,0.0367623113982477,0.5365754960126008,0.5395720680588153,566.5229278274662,1.0,3400.909168344611,51.16238604125617,51.16238604125617,300.0,0.0,0.0788152058498839,0.0316884844512613,0.0473464412730764,21.799357404429465,0.0061042618537321,1.0960721320752054,0.9833242290896336,0.0450403503432127,4.000000000000001e-05,1.8212573860617816,1.0,1.0,0.5173183930504257,blogfeedback,matern52_0.8h0,PPCI,0.022253675008389595,0.0429574454918052
32,LO_GH_P1_c300w,1000,50,0.954,0.0063631592718057,0.0449943307086389,0.0027381686892227,0.0027381686892227,0.0549298990440261,0.0563052284325876,0.2207164954557436,0.0548890612988282,0.5365754960126008,0.5393136647018233,,,3400.909168344611,51.16238604125617,51.16238604125617,300.0,,0.0788235370137265,,,21.799357404429465,0.0060229906365275,1.095990860858001,0.9833242290896336,0.0450403503432127,4.000000000000001e-05,1.8212573860617816,1.5447312812937752,1.489991569154833,0.5173183930504257,blogfeedback,matern52_0.8h0,LO,0.021995271651397585,0.05910658352700677
32,PPI_global,1000,50,0.312,0.0188203103489993,0.1330796907181282,0.0956648942149658,0.0956648942149658,0.1031794712612456,0.0388535114314267,0.1523057648111929,0.0386746303359349,0.5365754960126008,0.6322403902275664,,,,,,,,,,,0.0,8.269625250250101e-05,8.269625250250101e-05,,,,,1.0659442500635266,2.798777077050336,0.5173183930504257,blogfeedback,matern52_0.8h0,PPI,0.11492199717714069,0.12124890407658259
33,GH_P1_c300,1000,50,0.944,0.0070912420834233,0.0501426536422406,-0.0016566391549757,0.0016566391549757,0.0361953722680825,0.0357484112385,0.1401337720549201,0.0361755330233682,0.4715080622625117,0.4698514231075361,4869.675251658629,1.0,991.088051214997,284.79898732330594,284.79898732330594,300.0,0.0,0.0024788590786523,0.0010298398771628,0.0014196696783956,21.94284357436001,0.0060821357918903,1.103224314509891,0.9999800006934966,0.003527705534545,2.2e-05,22.93686596078268,1.0,1.0,0.4465895597648593,blogfeedback,matern52_0.8h0,PPCI,0.02326186334267677,0.0429938926652222
33,LO_GH_P1_c300w,1000,50,0.933,0.0087609989179782,0.0619496174487043,-0.0014968929452231,0.0014968929452231,0.0532197254907335,0.0543133342916644,0.2129082704233248,0.0532252893298272,0.4715080622625117,0.4700111693172886,,,991.088051214997,284.79898732330594,284.79898732330594,300.0,,0.0024780027565641,,,21.94284357436001,0.0060024062478914,1.103144584965892,0.9999800006934966,0.003527705534545,2.2e-05,22.93686596078268,1.519321626052308,1.4703461286862698,0.4465895597648593,blogfeedback,matern52_0.8h0,LO,0.02342160955242928,0.05812633040925618
33,PPI_global,1000,50,0.008,0.0033073819722257,0.0233867222053498,0.1586926791655432,0.1586926791655432,0.1632772572325582,0.0387382772739328,0.1518540469138167,0.0384392232300742,0.4715080622625117,0.6302007414280552,,,,,,,,,,,0.0,8.122911397367715e-05,8.122911397367715e-05,,,,,1.0836363332480856,4.510998147034886,0.4465895597648593,blogfeedback,matern52_0.8h0,PPI,0.18361118166319584,0.18758774570958534
34,GH_P1_c300,1000,50,0.944,0.0079076300017703,0.0559153879736597,0.0070997481708324,0.0070997481708324,0.0380922028835708,0.0372780567884337,0.1461299826106604,0.0374434441249977,0.5435324474308562,0.5506321956016886,368.2275265115973,1.0,3365.9393355921816,38.17602547542134,38.17602547542134,300.0,0.0,0.1390822145548958,0.0554878537985122,0.0834017272856821,21.68428286563605,0.0060959211653098,1.0903100644471122,0.9704174142998784,0.0604314250877907,3.4e-05,1.1911662855898366,1.0,1.0,0.5262599716933232,blogfeedback,matern52_0.8h0,PPCI,0.024372223908365465,0.04466111054008156
34,LO_GH_P1_c300w,1000,50,0.949,0.0064665544558607,0.045725445066512,0.0093808672177276,0.0093808672177276,0.0583814870614576,0.0577860433991381,0.2265212901246215,0.057651722288526,0.5435324474308562,0.5529133146485837,,,3365.9393355921816,38.17602547542134,38.17602547542134,300.0,,0.1390966130678928,,,21.68428286563605,0.006012821836397,1.0902269651181995,0.9704174142998784,0.0604314250877907,3.4e-05,1.1911662855898366,1.5501356126767674,1.5326361470850374,0.5262599716933232,blogfeedback,matern52_0.8h0,LO,0.02665334295526056,0.0634885663126931
34,PPI_global,1000,50,0.398,0.0191641672431245,0.1355111261340649,0.0861203399039313,0.0861203399039313,0.0944397338223066,0.0387337140782709,0.151836159186822,0.0387769781351353,0.5435324474308562,0.6296527873347875,,,,,,,,,,,0.0,8.08884147554636e-05,8.08884147554636e-05,,,,,1.039048636523586,2.479240544606005,0.5262599716933232,blogfeedback,matern52_0.8h0,PPI,0.1033928156414643,0.11041840745785683
35,GH_P1_c300,1000,50,0.949,0.0070696245895192,0.0499897948769219,-0.0027703092491579,0.0027703092491579,0.0358903326101484,0.0355826181862068,0.1394838632899307,0.0358011603808554,0.5151712281519912,0.5124009189028333,1575.6616034836857,1.0,2645.2994571070503,115.63995754772836,115.63995754772836,300.0,0.0,0.0214252218773886,0.0087355018434347,0.0137633362497418,21.78446798639372,0.0060831092819571,1.0953065086016431,0.9988710542551732,0.0132144238330226,4.000000000000001e-05,5.495533251949321,1.0,1.0,0.49260521108466304,blogfeedback,matern52_0.8h0,PPCI,0.019795707818170305,0.04089390430801984
35,LO_GH_P1_c300w,1000,50,0.936,0.0084563706211135,0.0597955701041609,-0.0025826944425004,0.0025826944425004,0.0551803310284209,0.0546495987378896,0.2142264270525274,0.0551474374897371,0.5151712281519912,0.5125885337094909,,,2645.2994571070503,115.63995754772836,115.63995754772836,300.0,,0.0214272465350215,,,21.78446798639372,0.0060014238730072,1.095224823192693,0.9988710542551732,0.0132144238330226,4.000000000000001e-05,5.495533251949321,1.53585097228944,1.5374705948759555,0.49260521108466304,blogfeedback,matern52_0.8h0,LO,0.019983322624827826,0.05863046823069668
35,PPI_global,1000,50,0.149,0.0135141649043225,0.0955595764591975,0.1142960683178871,0.1142960683178871,0.1206007210228474,0.0386633528810841,0.1515603432938497,0.038502274003063,0.5151712281519912,0.6294672964698784,,,,,,,,,,,0.0,8.222923707216979e-05,8.222923707216979e-05,,,,,1.086579764275792,3.360256432640189,0.49260521108466304,blogfeedback,matern52_0.8h0,PPI,0.13686208538521538,0.14216952238188577
36,GH_P1_c300,1000,50,0.955,0.0064285714285714,0.0454568645048494,0.002941177860593,0.002941177860593,0.0390027204015394,0.0401096647773209,0.1572298859270982,0.038911126265636,0.6127330673110177,0.6156742451716108,4216.965034285823,1.0,3884.455287563128,278.3809354347329,278.3809354347329,300.0,0.0,0.004372356782845,0.0015846606518743,0.0028099051370992,21.6174011108838,0.0060863234195858,1.086956378963776,0.998841036570596,0.0119192434614384,4.6000000000000014e-05,12.54081648301473,1.0,1.0,0.6131574795891693,blogfeedback,matern52_0.8h0,PPCI,0.002516765582441516,0.038973013490234104
36,LO_GH_P1_c300w,1000,50,0.951,0.006774803257931,0.0479050932488777,0.0027879368859346,0.0027879368859346,0.0644456702774569,0.0649780282149001,0.2547138706024087,0.0644175554245705,0.6127330673110177,0.6155210041969525,,,3884.455287563128,278.3809354347329,278.3809354347329,300.0,,0.0043712861090457,,,21.6174011108838,0.0060044001406058,1.086874455684796,0.998841036570596,0.0119192434614384,4.6000000000000014e-05,12.54081648301473,1.6200092565131683,1.6523378270535547,0.6131574795891693,blogfeedback,matern52_0.8h0,LO,0.0023635246077832184,0.06442870535718014
36,PPI_global,1000,50,0.942,0.0083739147941444,0.0592125193601791,0.0162688042951758,0.0162688042951758,0.0412536245489471,0.038621965738185,0.1513981056936852,0.0379292258212867,0.6127330673110177,0.6290018716061938,,,,,,,,,,,0.0,8.08729464188218e-05,8.08729464188218e-05,,,,,0.9629092128444529,1.0577114653602189,0.6131574795891693,blogfeedback,matern52_0.8h0,PPI,0.015844392017024478,0.041088104161909306
37,GH_P1_c300,1000,50,0.948,0.0069927075717259,0.0494459094282193,-0.0028630586901794,0.0028630586901794,0.0346037731423744,0.0355988665323117,0.1395475568066621,0.0345023828894549,0.4670671614320661,0.4642041027418867,4869.675251658629,1.0,1002.6943217513112,285.3252569214936,285.3252569214936,300.0,0.0,0.0024186760932157,0.0010176381866835,0.0013801677154822,21.99344561541453,0.0061011867839843,1.1057734675547108,0.9999784610416688,0.0036913992409256,3.6e-05,22.83473645428849,1.0,1.0,0.4411746042556024,blogfeedback,matern52_0.8h0,PPCI,0.023029498486284328,0.04146784068594929
37,LO_GH_P1_c300w,1000,50,0.934,0.0077512342664288,0.0548095031235739,-0.0029753311151651,0.0029753311151651,0.0532285536799421,0.053795124551748,0.2108768882428522,0.0531719247836563,0.4670671614320661,0.464091830316901,,,1002.6943217513112,285.3252569214936,285.3252569214936,300.0,,0.0024178667999028,,,21.99344561541453,0.0060176058551296,1.105689886625856,0.9999784610416688,0.0036913992409256,3.6e-05,22.83473645428849,1.51114711764545,1.5382297606950996,0.4411746042556024,blogfeedback,matern52_0.8h0,LO,0.02291722606129859,0.057875949944327196
37,PPI_global,1000,50,0.007,0.0024784787961282,0.0175254916376932,0.162098295306167,0.162098295306167,0.1663037467614028,0.0386896512537479,0.1516634329146919,0.0371814645626351,0.4670671614320661,0.6291654567382333,,,,,,,,,,,0.0,8.217102941125632e-05,8.217102941125632e-05,,,,,1.0868225598877084,4.805942579647584,0.4411746042556024,blogfeedback,matern52_0.8h0,PPI,0.18799085248263092,0.19162891082209327
38,GH_P1_c300,1000,50,0.962,0.0058134256998216,0.0411071273426804,0.0054343591108552,0.0054343591108552,0.0395227966250129,0.0414174122372211,0.162356255969907,0.0391669918089679,0.6607138647772135,0.6661482238880687,4216.965034285823,1.0,11201.18965530405,279.4330834748049,279.4330834748049,300.0,0.0,0.0057413583970826,0.0017104862095191,0.0041571746782355,21.3268364918232,0.0060581103572621,1.072399934948422,0.9964437051203372,0.0138578811568621,5.400000000000001e-05,9.824236674057651,1.0,1.0,0.6774289880250862,blogfeedback,matern52_0.8h0,PPCI,-0.011280764137017507,0.040740334235636985
38,LO_GH_P1_c300w,1000,50,0.952,0.0068452277432633,0.0484030695602783,0.0045053079821861,0.0045053079821861,0.0724053587985064,0.073134699706051,0.2866880228477201,0.0723012147088447,0.6607138647772135,0.6652191727593996,,,11201.18965530405,279.4330834748049,279.4330834748049,300.0,,0.0057356372588439,,,21.3268364918232,0.0059721506061032,1.072313975197263,0.9964437051203372,0.0138578811568621,5.400000000000001e-05,9.824236674057651,1.765795972166654,1.8319897624016552,0.6774289880250862,blogfeedback,matern52_0.8h0,LO,-0.012209815265686652,0.07328927460105114
38,PPI_global,1000,50,0.873,0.0140850188179512,0.0995961231931345,-0.0308575643831044,0.0308575643831044,0.0480604539051139,0.0388120891401027,0.1521433894292027,0.0368643042364152,0.6607138647772135,0.629856300394109,,,,,,,,,,,0.0,8.142096735537052e-05,8.142096735537052e-05,,,,,0.9370959469366104,1.2160185515489998,0.6774289880250862,blogfeedback,matern52_0.8h0,PPI,-0.04757268763097722,0.060172905516874264
39,GH_P1_c300,1000,50,0.957,0.0067021166318513,0.0473911211868524,-0.0022213887729207,0.0022213887729207,0.033751307599956,0.0354848328819567,0.1391005448972705,0.0336949780853848,0.4721923155713748,0.4699709267984538,4869.675251658629,1.0,1135.1318485978263,290.81957522447857,290.81957522447857,300.0,0.0,0.0023633806417234,0.0009887785747247,0.0013617834230489,21.68908254196868,0.0060712376907467,1.0905253647891804,0.999968160283585,0.0041883150989438,4.000000000000001e-05,21.929135924953275,1.0,1.0,0.447154197621644,blogfeedback,matern52_0.8h0,PPCI,0.022816729176809825,0.04067947058350529
39,LO_GH_P1_c300w,1000,50,0.947,0.0073415229471597,0.0519124066017332,-0.002454248636789,0.002454248636789,0.052156346569297,0.0538268887520051,0.2110014039078603,0.0521246403269572,0.4721923155713748,0.4697380669345857,,,1135.1318485978263,290.81957522447857,290.81957522447857,300.0,,0.0023624633835675,,,21.68908254196868,0.0059865393498912,1.0904406664483248,0.999968160283585,0.0041883150989438,4.000000000000001e-05,21.929135924953275,1.5168984712726357,1.5453133605219196,0.447154197621644,blogfeedback,matern52_0.8h0,LO,0.022583869312941707,0.05678285220231076
39,PPI_global,1000,50,0.012,0.0033685217493004,0.0238190457150472,0.1581674680204465,0.1581674680204465,0.1622888647861564,0.0388447260683281,0.1522713261878462,0.0363600019708979,0.4721923155713748,0.6303597835918213,,,,,,,,,,,0.0,8.084000833332538e-05,8.084000833332538e-05,,,,,1.0946853321121257,4.808372662467389,0.447154197621644,blogfeedback,matern52_0.8h0,PPI,0.18320558597017733,0.18677530464238684
40,GH_P1_c300,1000,50,0.963,0.0058571428571428,0.0414162543266406,0.0047539483778606,0.0047539483778606,0.0348116160557004,0.0365915229386978,0.1434387699196954,0.0345027394022038,0.5358894014081726,0.5406433497860332,387.2936141119555,1.0,3238.612372138087,39.1475549605315,39.1475549605315,300.0,0.0,0.1262494969453732,0.0510300524163564,0.0770335973528532,21.613654737900944,0.0060825665267184,1.0867653034217657,0.9733335283857188,0.0585676921227954,4.200000000000001e-05,1.2698539528814536,1.0,1.0,0.5169990173135549,blogfeedback,matern52_0.8h0,PPCI,0.023644332472478324,0.04181271391932391
40,LO_GH_P1_c300w,1000,50,0.955,0.0070348984298543,0.0497442438470861,0.0037426886438973,0.0037426886438973,0.0546390968035417,0.0563583374106933,0.2209246826499178,0.0545380379075049,0.5358894014081726,0.53963209005207,,,3238.612372138087,39.1475549605315,39.1475549605315,300.0,,0.1262427689969617,,,21.613654737900944,0.0059991496941074,1.0866818865891543,0.9733335283857188,0.0585676921227954,4.200000000000001e-05,1.2698539528814536,1.5402020163279642,1.5695650760974809,0.5169990173135549,blogfeedback,matern52_0.8h0,LO,0.022633072738515114,0.05902270040254476
40,PPI_global,1000,50,0.278,0.0194390727921989,0.1374550019134277,0.0955725573790083,0.0955725573790083,0.1022039246091464,0.0389312402182496,0.1526104616555387,0.0362331522624117,0.5358894014081726,0.6314619587871809,,,,,,,,,,,0.0,8.242808096110821e-05,8.242808096110821e-05,,,,,1.0639415113569233,2.935914392644535,0.5169990173135549,blogfeedback,matern52_0.8h0,PPI,0.11446294147362601,0.12005537660739303
41,GH_P1_c300,1000,50,0.961,0.0064349175026029,0.0455017380246656,4.702066908426339e-06,4.702066908426339e-06,0.034069982593232,0.035412935098915,0.1388187055877469,0.034087030046795,0.4658793556773484,0.4658840577442569,4869.675251658629,1.0,1083.2452699967394,287.41281728065843,287.41281728065843,300.0,0.0,0.0023797478860159,0.0010002723238553,0.0013456313616479,21.76443476483226,0.0060766382738947,1.094298376515508,0.9999703409449866,0.0041630728544269,3.800000000000001e-05,22.175869539199645,1.0,1.0,0.4386932843077198,blogfeedback,matern52_0.8h0,PPCI,0.027190773436537086,0.04359015774083394
41,LO_GH_P1_c300w,1000,50,0.94,0.0086896607575688,0.0614451804788759,0.0004634110912492,0.0004634110912492,0.0531976597121133,0.0535453170894189,0.2098976429905223,0.0532222590451041,0.4658793556773484,0.4663427667685977,,,1083.2452699967394,287.41281728065843,287.41281728065843,300.0,,0.0023792555223532,,,21.76443476483226,0.0059923189599066,1.0942140572015198,0.9999703409449866,0.0041630728544269,3.800000000000001e-05,22.175869539199645,1.5120270867087615,1.5614231550174316,0.4386932843077198,blogfeedback,matern52_0.8h0,LO,0.027649482460877894,0.059952232063207586
41,PPI_global,1000,50,0.007,0.0031975756122284,0.0226102739876348,0.1664142985321083,0.1664142985321083,0.1703870859882379,0.038940501584137,0.152646766209817,0.036597536738486,0.4658793556773484,0.6322936542094568,,,,,,,,,,,0.0,8.150674495846033e-05,8.150674495846033e-05,,,,,1.0996123725799285,5.001091078399474,0.4386932843077198,blogfeedback,matern52_0.8h0,PPI,0.193600369901737,0.19702574334771308
42,GH_P1_c300,1000,50,0.949,0.0078882501098734,0.0557783514438703,0.0011061442222405,0.0011061442222405,0.0352829274820541,0.0360394277823436,0.1412745569067872,0.0352832300531921,0.4720128793598121,0.4731190235820529,4869.675251658629,1.0,985.565647675858,285.497947681625,285.497947681625,300.0,0.0,0.0024790639810482,0.0010395906209904,0.0014110066541104,21.84461058519781,0.0060776045881211,1.0983081338480116,0.9999803802061042,0.0035143679484949,1.8e-05,23.044457669326285,1.0,1.0,0.4477685768856159,blogfeedback,matern52_0.8h0,PPCI,0.02535044669643699,0.04343163092001479
42,LO_GH_P1_c300w,1000,50,0.938,0.0086378379759034,0.0610787380755198,0.0017128499796707,0.0017128499796707,0.0543109472639414,0.0546109389390429,0.2140748806410484,0.0543110930886707,0.4720128793598121,0.4737257293394831,,,985.565647675858,285.497947681625,285.497947681625,300.0,,0.0024781538751305,,,21.84461058519781,0.0059954899316653,1.0982260191915558,0.9999803802061042,0.0035143679484949,1.8e-05,23.044457669326285,1.5153109330386698,1.539298214173571,0.4477685768856159,blogfeedback,matern52_0.8h0,LO,0.025957152453867205,0.060170747886054005
42,PPI_global,1000,50,0.013,0.0044744170752473,0.031638906557643,0.1603042463202634,0.1603042463202634,0.1646246160063698,0.0390197193752753,0.1529572999510792,0.0374862378075206,0.4720128793598121,0.6323171256800757,,,,,,,,,,,0.0,8.260489348322153e-05,8.260489348322153e-05,,,,,1.0826953083420412,4.665843447659002,0.4477685768856159,blogfeedback,matern52_0.8h0,PPI,0.1845485487944598,0.1883135143028193
43,GH_P1_c300,1000,50,0.949,0.0069237833234586,0.0489585413948394,0.0097081533899904,0.0097081533899904,0.0421950034419047,0.0420079528535178,0.1646711751857901,0.041083548181114,0.6652791651593303,0.6749873185493208,4216.965034285823,1.0,10977.246609697626,278.7527101820468,278.7527101820468,300.0,0.0,0.0060393538212358,0.0017643272615384,0.0042904616319036,21.54350727269426,0.0060676873996853,1.0832430510343984,0.9965699445222452,0.0143123185349385,3.2e-05,9.851411843542444,1.0,1.0,0.6845704700781923,blogfeedback,matern52_0.8h0,PPCI,-0.009583151528871459,0.04216641870545894
43,LO_GH_P1_c300w,1000,50,0.951,0.0069237833234586,0.0489585413948394,0.0129067721693169,0.0129067721693169,0.0749552282967557,0.0747390694283082,0.2929771521589684,0.0738725838171912,0.6652791651593303,0.6781859373286473,,,10977.246609697626,278.7527101820468,278.7527101820468,300.0,,0.0060304050705132,,,21.54350727269426,0.0059825783418491,1.0831579419765622,0.9965699445222452,0.0143123185349385,3.2e-05,9.851411843542444,1.7791647617041493,1.776400573114212,0.6845704700781923,blogfeedback,matern52_0.8h0,LO,-0.00638453274954498,0.07411115799674245
43,PPI_global,1000,50,0.87,0.011780301787479,0.0832993127835042,-0.0314616946755061,0.0314616946755061,0.0494338824000399,0.0389624885089287,0.1527329549550005,0.0381487329161705,0.6652791651593303,0.6338174704838241,,,,,,,,,,,0.0,8.399805519729853e-05,8.399805519729853e-05,,,,,0.927502671810532,1.1715577288221315,0.6845704700781923,blogfeedback,matern52_0.8h0,PPI,-0.05075299959436819,0.06348021317790402
44,GH_P1_c300,1000,50,0.937,0.0090135951739127,0.0637357427034406,0.0158545150757658,0.0158545150757658,0.0408392213852204,0.038241801552439,0.149907862085561,0.0376549365862256,0.5506213080158434,0.566475823091609,468.03892886205153,1.0,3145.6776912031014,43.999163920590696,43.999163920590696,300.0,0.0,0.1131947023456262,0.0453729126361393,0.0674385451175039,21.65600660886616,0.0060750193176791,1.0888753497609869,0.9764763839676804,0.0547320411465153,3.800000000000001e-05,1.548486387243304,1.0,1.0,0.5353951390515937,blogfeedback,matern52_0.8h0,PPCI,0.031080684040015294,0.04881070861459215
44,LO_GH_P1_c300w,1000,50,0.953,0.0074792229215476,0.0528860924583222,0.0167395212914912,0.0167395212914912,0.0610709453763338,0.0591266361435789,0.2317764136828295,0.0587613963226594,0.5506213080158434,0.5673608293073346,,,3145.6776912031014,43.999163920590696,43.999163920590696,300.0,,0.1132008113195013,,,21.65600660886616,0.0059907813770696,1.0887911118203772,0.9764763839676804,0.0547320411465153,3.800000000000001e-05,1.548486387243304,1.5461258032653509,1.4953993564244397,0.5353951390515937,blogfeedback,matern52_0.8h0,LO,0.03196569025574081,0.06686743713958854
44,PPI_global,1000,50,0.401,0.0231891072246766,0.1639717496823082,0.0840542401928447,0.0840542401928447,0.0921272444507158,0.0388909147623428,0.1524523858683839,0.0377324477512234,0.5506213080158434,0.634675548208688,,,,,,,,,,,0.0,8.196774031966925e-05,8.196774031966925e-05,,,,,1.0169739181616144,2.255852127583811,0.5353951390515937,blogfeedback,matern52_0.8h0,PPI,0.09928040915709424,0.10620222934611846
45,GH_P1_c300,1000,50,0.952,0.0086849623734689,0.061411957886299,0.0034434953442838,0.0034434953442838,0.0381017382905683,0.0384559087867445,0.1507471624440385,0.0379648011545373,0.5407056155862192,0.544149110930503,4216.965034285823,1.0,1758.0136462054472,274.0454378924804,274.0454378924804,300.0,0.0,0.0035141917327588,0.0013957396927732,0.0021676194133561,21.779890217315405,0.0060639633676037,1.0950584742333738,0.9998580340322978,0.0062235557451996,3.6e-05,16.725619703351732,1.0,1.0,0.530455085159564,blogfeedback,matern52_0.8h0,PPCI,0.013694025770939033,0.04034118419669898
45,LO_GH_P1_c300w,1000,50,0.955,0.0073192505471139,0.0517549169506765,0.0041373114471427,0.0041373114471427,0.0587615744273109,0.0596697317465278,0.2339053484463891,0.0586450724928653,0.5407056155862192,0.5448429270333618,,,1758.0136462054472,274.0454378924804,274.0454378924804,300.0,,0.0035124178804192,,,21.779890217315405,0.0059796658847481,1.0949741767505183,0.9998580340322978,0.0062235557451996,3.6e-05,16.725619703351732,1.5516401413739462,1.5422281781263687,0.530455085159564,blogfeedback,matern52_0.8h0,LO,0.014387841873797824,0.06035573938699734
45,PPI_global,1000,50,0.321,0.023694053331275,0.1675422578434029,0.0925688472817726,0.0925688472817726,0.0999744364825371,0.03890764398646,0.1525179644269232,0.037779938945311,0.5407056155862192,0.6332744628679917,,,,,,,,,,,0.0,8.2466721534729e-05,8.2466721534729e-05,,,,,1.0117468345949274,2.623881244475525,0.530455085159564,blogfeedback,matern52_0.8h0,PPI,0.10281937770842775,0.10953410836480591
46,GH_P1_c300,1000,50,0.955,0.0070348984298543,0.0497442438470861,0.0012297622800972,0.0012297622800972,0.034976604883306,0.0359100326948089,0.140767328163651,0.0349724698519407,0.5118761213875348,0.5131058836676321,1784.2502087589608,1.0,2439.569579123769,128.73700567972608,128.73700567972608,300.0,0.0,0.0156383783530865,0.0064532494452182,0.0096995020388758,21.62428625624627,0.0060696387514472,1.087283951563761,0.9991994556055848,0.0117471726320782,3.0000000000000004e-05,6.413270765099035,1.0,1.0,0.4896653458845972,blogfeedback,matern52_0.8h0,PPCI,0.023440537783034898,0.04208692653847799
46,LO_GH_P1_c300w,1000,50,0.953,0.0073415229471597,0.0519124066017332,0.0035652656571268,0.0035652656571268,0.0532415048008155,0.054820860208078,0.2148977720156658,0.0531485793388225,0.5118761213875348,0.5154413870446617,,,2439.569579123769,128.73700567972608,128.73700567972608,300.0,,0.0156450529758436,,,21.62428625624627,0.0059854205613955,1.0871997333737091,0.9991994556055848,0.0117471726320782,3.0000000000000004e-05,6.413270765099035,1.526616828059942,1.5222033407315378,0.4896653458845972,blogfeedback,matern52_0.8h0,LO,0.02577604116006449,0.05904533014671621
46,PPI_global,1000,50,0.107,0.0111584140486734,0.0789019024110422,0.122086805332095,0.122086805332095,0.127701810450233,0.0389810755768894,0.1528058162614064,0.0374695653083239,0.5118761213875348,0.6339629267196298,,,,,,,,,,,0.0,8.181953616440297e-05,8.181953616440297e-05,,,,,1.0855204702312735,3.651063643149183,0.4896653458845972,blogfeedback,matern52_0.8h0,PPI,0.14429758083503263,0.149078355876744
47,GH_P1_c300,1000,50,0.954,0.0060339177376979,0.0426662414944802,-0.0006860430136839,0.0006860430136839,0.0352090324013991,0.0361526985341059,0.1417185782536952,0.0352199624272873,0.5488502892908907,0.5481642462772067,582.526492852764,1.0,5142.7567213597285,54.66691253828697,54.66691253828697,300.0,0.0,0.0757944304788868,0.029974172683075,0.0476751123167459,21.552594301048668,0.0060663653025403,1.0836960803549738,0.9882850062179268,0.0315522245313713,2.8000000000000003e-05,1.6371277694202857,1.0,1.0,0.5295516308480046,blogfeedback,matern52_0.8h0,PPCI,0.018612615429202117,0.039820029642649975
47,LO_GH_P1_c300w,1000,50,0.951,0.008267220740703,0.0584580784731717,0.0002709935426797,0.0002709935426797,0.0547666551128022,0.0562879858883055,0.2206489046821576,0.0547933881972504,0.5488502892908907,0.5491212828335704,,,5142.7567213597285,54.66691253828697,54.66691253828697,300.0,,0.0758229109148733,,,21.552594301048668,0.0059831866500899,1.0836129017025231,0.9882850062179268,0.0315522245313713,2.8000000000000003e-05,1.6371277694202857,1.5569511591286682,1.5554717462393497,0.5295516308480046,blogfeedback,matern52_0.8h0,LO,0.019569651985565817,0.05815741013474212
47,PPI_global,1000,50,0.403,0.0239646849019339,0.1694559120315634,0.0849949541793085,0.0849949541793085,0.092922570161921,0.0388624209742048,0.1523406902188831,0.0375749076277988,0.5488502892908907,0.6338452434701993,,,,,,,,,,,0.0,8.204489015042782e-05,8.204489015042782e-05,,,,,1.0749521488013585,2.63916852648948,0.5295516308480046,blogfeedback,matern52_0.8h0,PPI,0.10429361262219472,0.11084953515167661
48,GH_P1_c300,1000,50,0.963,0.0056802558148774,0.0401654740557415,-0.0008584161114766,0.0008584161114766,0.0345829319340596,0.0355337349623757,0.1392922410525127,0.0345895756215226,0.4912493776421074,0.4903909615306306,4216.965034285823,1.0,1734.4055273922393,275.9613787558278,275.9613787558278,300.0,0.0,0.0028012991429605,0.0011765049040732,0.0016462507170803,21.732118415478617,0.0060795949036255,1.0926855156775566,0.9999448355609308,0.0039619521208908,2.8000000000000003e-05,16.864688996536476,1.0,1.0,0.46724258347011144,blogfeedback,matern52_0.8h0,PPCI,0.02314837806051917,0.041606366216819256
48,LO_GH_P1_c300w,1000,50,0.949,0.0073526338471187,0.0519909725287938,-0.0011179692823512,0.0011179692823512,0.0531947996196839,0.0538909453692078,0.2112525058472949,0.0532096618987701,0.4912493776421074,0.490131408359756,,,1734.4055273922393,275.9613787558278,275.9613787558278,300.0,,0.0028009240200227,,,21.732118415478617,0.0059976202873513,1.0926035410612822,0.9999448355609308,0.0039619521208908,2.8000000000000003e-05,16.864688996536476,1.516613590613804,1.5381807338114704,0.46724258347011144,blogfeedback,matern52_0.8h0,LO,0.022888824889644555,0.0578993536759337
48,PPI_global,1000,50,0.038,0.0059863790970734,0.0423300925429401,0.1411149934434365,0.1411149934434365,0.1460524463917445,0.0389335612664453,0.1526195601644659,0.037673532054876,0.4912493776421074,0.6323643710855438,,,,,,,,,,,0.0,8.189090713858604e-05,8.189090713858604e-05,,,,,1.0956788333021996,4.22325228729095,0.46724258347011144,blogfeedback,matern52_0.8h0,PPI,0.16512178761543234,0.1693607996786394
49,GH_P1_c300,1000,50,0.96,0.0053452248382484,0.0377964473009227,-0.0014361487593674,0.0014361487593674,0.0344794987250707,0.0353278184656631,0.1384850483853993,0.034466814043997,0.4676325142340538,0.4661963654746865,4869.675251658629,1.0,1056.9863398360062,287.5762386892127,287.5762386892127,300.0,0.0,0.0023513425306696,0.0009921770738194,0.0013727054713935,21.82953110659495,0.0060559491729363,1.0975325045026838,0.9999732944938572,0.0039570222624,2.4e-05,22.42974160181396,1.0,1.0,0.4411342910648395,blogfeedback,matern52_0.8h0,PPCI,0.025062074409847035,0.042601418788554855
49,LO_GH_P1_c300w,1000,50,0.937,0.0079295366207873,0.0560702911622581,-0.0023010328465005,0.0023010328465005,0.0531602637252215,0.0534252165665992,0.2094268489410689,0.0531370156256826,0.4676325142340538,0.4653314813875535,,,1056.9863398360062,287.5762386892127,287.5762386892127,300.0,,0.0023502513408147,,,21.82953110659495,0.0059718603659421,1.0974484156956896,0.9999732944938572,0.0039570222624,2.4e-05,22.42974160181396,1.5122704680597785,1.541793404512798,0.4411342910648395,blogfeedback,matern52_0.8h0,LO,0.024197190322714,0.05836285553918757
49,PPI_global,1000,50,0.006,0.0023211538298959,0.0164130361329657,0.1641855507342679,0.1641855507342679,0.1685110577739033,0.0388436066149199,0.1522669379304862,0.0379542098351305,0.4676325142340538,0.6318180649683219,,,,,,,,,,,0.0,8.217600919306278e-05,8.217600919306278e-05,,,,,1.0995189712230329,4.887282704356004,0.4411342910648395,blogfeedback,matern52_0.8h0,PPI,0.19068377390348246,0.1944206345844991
0,GH_P1_c300,1000,50,0.952,0.0066944997222057,0.0473372615022311,-0.0016714584096882,0.0016714584096882,0.0349990294527481,0.0357286955802926,0.1400564866747473,0.0349765871844307,0.5148905614993183,0.5132191030896299,4216.965034285823,1.0,2764.9159000286904,285.0572676389217,285.0572676389217,300.0,0.0,0.0028353170150011,0.0011683774823621,0.0017041772188035,21.651172479819508,0.0060810205163434,1.088639644507319,0.9999198334520956,0.0039294892222452,3.4e-05,14.243478572883909,1.0,1.0,0.5148905614993182,blogfeedback,matern52_h0,PPCI,-0.0016714584096882978,0.03499902945274811
0,LO_GH_P1_c300w,1000,50,0.939,0.0090677720414619,0.064118831007715,-0.0042976430806853,0.0042976430806853,0.0550027001406055,0.0545559491827567,0.2138593207964066,0.0548619825000176,0.5148905614993183,0.5105929184186329,,,2764.9159000286904,285.0572676389217,285.0572676389217,300.0,,0.0028343830703534,,,21.651172479819508,0.0059964810563251,1.0885551050473006,0.9999198334520956,0.0039294892222452,3.4e-05,14.243478572883909,1.5269504888627643,1.5715492972416338,0.5148905614993182,blogfeedback,matern52_h0,LO,-0.004297643080685365,0.055002700140605536
0,PPI_global,1000,50,0.169,0.0126079016364131,0.089151327436407,0.1137753411122349,0.1137753411122349,0.1200696380352842,0.0389646222595349,0.1527413192573771,0.038384412146268,0.5148905614993183,0.6286659026115532,,,,,,,,,,,0.0,8.163938112556935e-05,8.163938112556935e-05,,,,,1.0905694044152898,3.4306562185499776,0.5148905614993182,blogfeedback,matern52_h0,PPI,0.11377534111223497,0.12006963803528425
1,GH_P1_c300,1000,50,0.948,0.0080761680143443,0.0571071316894476,0.0126663690083853,0.0126663690083853,0.0387680258215658,0.0378133997925504,0.1482285271867978,0.0366587887011292,0.5411188887218189,0.5537852577302043,516.6820278047704,1.0,2328.504722568189,45.12040514519824,45.12040514519824,300.0,0.0,0.1060867028911878,0.0409917554582017,0.0664106697781181,21.688584318961947,0.0060988213233649,1.0905280372714623,0.987446714690424,0.0470360692126222,2.6e-05,1.916494596672594,1.0,1.0,0.541118888721819,blogfeedback,matern52_h0,PPCI,0.012666369008385248,0.038768025821565716
1,LO_GH_P1_c300w,1000,50,0.955,0.006738557951469,0.0476488002290226,0.0118314382478107,0.0118314382478107,0.0607799744849307,0.0595109655239494,0.2332829848538816,0.0596471302538906,0.5411188887218189,0.5529503269696298,,,2328.504722568189,45.12040514519824,45.12040514519824,300.0,,0.1060299674809739,,,21.688584318961947,0.006014396241866,1.0904436121899632,0.987446714690424,0.0470360692126222,2.6e-05,1.916494596672594,1.5738062657797174,1.567786163904178,0.541118888721819,blogfeedback,matern52_h0,LO,0.011831438247810744,0.06077997448493069
1,PPI_global,1000,50,0.366,0.0193485748038137,0.1368150845007186,0.0882520116670308,0.0882520116670308,0.0959125355310301,0.0389655769335099,0.152745061579359,0.0375793709078691,0.5411188887218189,0.6293709003888498,,,,,,,,,,,0.0,8.214258402585983e-05,8.214258402585983e-05,,,,,1.030470075351079,2.474011340491734,0.541118888721819,blogfeedback,matern52_h0,PPI,0.08825201166703078,0.09591253553103006
2,GH_P1_c300,1000,50,0.963,0.0066715968164774,0.0471753135027381,0.0031000878427314,0.0031000878427314,0.0355827186077468,0.0369040733419425,0.1446639675004148,0.0354651532631881,0.5560387350995598,0.5591388229422912,513.3896678819067,1.0,5361.014422453836,50.64614140428966,50.64614140428966,300.0,0.0,0.0896437374004887,0.035332627502626,0.0557363078125149,22.93513042896986,0.0068440406080335,1.1536005620565264,0.9793324567821424,0.040180856355493,4.600000000000001e-05,1.4304447161534868,1.0,1.0,0.5560387350995598,blogfeedback,matern52_h0,PPCI,0.003100087842731414,0.03558271860774682
2,LO_GH_P1_c300w,1000,50,0.954,0.0075376605475845,0.0532993088747932,0.0039571237161062,0.0039571237161062,0.0578984514276837,0.0576452928122388,0.2259695478239764,0.0577919696963225,0.5560387350995598,0.559995858815666,,,5361.014422453836,50.64614140428966,50.64614140428966,300.0,,0.0896680644237925,,,22.93513042896986,0.0067540891449898,1.1535106105934827,0.9793324567821424,0.040180856355493,4.600000000000001e-05,1.4304447161534868,1.5620306267580308,1.6271508668558672,0.5560387350995598,blogfeedback,matern52_h0,LO,0.003957123716106237,0.05789845142768369
2,PPI_global,1000,50,0.491,0.0194143855773737,0.137280436943313,0.0766490437712036,0.0766490437712036,0.0853978627918453,0.0390680991745668,0.153146948764302,0.0376714506831303,0.5560387350995598,0.6326877788707634,,,,,,,,,,,0.0,8.204170130193233e-05,8.204170130193233e-05,,,,,1.0586392134161735,2.399981399208012,0.5560387350995598,blogfeedback,matern52_h0,PPI,0.07664904377120363,0.0853978627918453
3,GH_P1_c300,1000,50,0.95,0.0090350790290525,0.0638876564999939,0.0023085020301939,0.0023085020301939,0.035820881595931,0.0371502088762233,0.1456288187947955,0.0357643043011946,0.4874660834667249,0.489774585496919,4869.675251658629,1.0,1126.178237197517,295.2622610273761,295.2622610273761,300.0,0.0,0.0024517417512152,0.0010563175316944,0.0013849781049009,23.942007897440345,0.0071314152730628,1.20423181014508,0.9999623114571448,0.0042958564540077,3e-05,22.344613825784485,1.0,1.0,0.48746608346672526,blogfeedback,matern52_h0,PPCI,0.0023085020301937265,0.03582088159593098
3,LO_GH_P1_c300w,1000,50,0.94,0.0084515425472851,0.0597614304667196,0.0018575266637474,0.0018575266637474,0.0559915911679812,0.055637253707415,0.2180980345330668,0.0559887722568967,0.4874660834667249,0.4893236101304725,,,1126.178237197517,295.2622610273761,295.2622610273761,300.0,,0.0024508417015361,,,23.942007897440345,0.0070369233274832,1.2041373181995003,0.9999623114571448,0.0042958564540077,3e-05,22.344613825784485,1.4976296335987396,1.5630991944749175,0.48746608346672526,blogfeedback,matern52_h0,LO,0.001857526663747222,0.05599159116798112
3,PPI_global,1000,50,0.031,0.005694608979427,0.0402669662555868,0.1474368702617575,0.1474368702617575,0.1522169604856028,0.0391196255743198,0.1533489322513336,0.0378656328752906,0.4874660834667249,0.6349029537284825,,,,,,,,,,,0.0,8.319214545190334e-05,8.319214545190334e-05,,,,,1.0530122644709254,4.249391798969388,0.48746608346672526,blogfeedback,matern52_h0,PPI,0.14743687026175722,0.1522169604856025
4,GH_P1_c300,1000,50,0.95,0.0068511878904467,0.0484452141651804,0.0007069484215803,0.0007069484215803,0.0346835540923932,0.0354909031092589,0.1391243401882951,0.034693699733675,0.4821097246139361,0.4828166730355163,4216.965034285823,1.0,1427.151192860161,269.2468189525716,269.2468189525716,300.0,0.0,0.0028960563515735,0.0011982311903633,0.0016644295972352,23.907397114988417,0.0072352457260712,1.2026051014754922,0.9999574597333488,0.0038700155441391,4.6000000000000014e-05,18.07584913934188,1.0,1.0,0.4821097246139361,blogfeedback,matern52_h0,PPCI,0.0007069484215802002,0.034683554092393196
4,LO_GH_P1_c300w,1000,50,0.947,0.0070580681868774,0.0499080787701812,0.0035658134808738,0.0035658134808738,0.0545017417901423,0.0541767158185837,0.2123727260088481,0.0544121817049901,0.4821097246139361,0.4856755380948097,,,1427.151192860161,269.2468189525716,269.2468189525716,300.0,,0.0028969338023379,,,23.907397114988417,0.0070496436581015,1.2024194994075224,0.9999574597333488,0.0038700155441391,4.6000000000000014e-05,18.07584913934188,1.526495836180904,1.571400140970432,0.4821097246139361,blogfeedback,matern52_h0,LO,0.003565813480873592,0.054501741790142284
4,PPI_global,1000,50,0.024,0.0051981158281886,0.0367562295150531,0.151957394800732,0.151957394800732,0.1566219633077653,0.0390891517593799,0.1532294748967692,0.0379582716432083,0.4821097246139361,0.634067119414668,,,,,,,,,,,0.0,8.237876091152429e-05,8.237876091152429e-05,,,,,1.101385096880846,4.515741463246282,0.4821097246139361,blogfeedback,matern52_h0,PPI,0.1519573948007319,0.1566219633077652
5,GH_P1_c300,1000,50,0.955,0.0057587555344989,0.0407205508963977,0.0033006967242582,0.0033006967242582,0.0357313286634017,0.0367925207844558,0.1442266814750669,0.0355963530370182,0.5290206768015446,0.5323213735258028,328.9704921476858,1.0,3020.3988836149983,34.851385125994014,34.851385125994014,300.0,0.0,0.1526991192122624,0.0625604272366647,0.0900829685864157,23.758377895727754,0.0072448879824951,1.1951637827688828,0.981061941181011,0.0528395723833668,4.000000000000001e-05,1.1023747234751575,1.0,1.0,0.5290206768015444,blogfeedback,matern52_h0,PPCI,0.0033006967242583674,0.03573132866340165
5,LO_GH_P1_c300w,1000,50,0.945,0.0073192505471139,0.0517549169506765,0.005247830287585,0.005247830287585,0.056379547273665,0.0562782481778792,0.2206107328572865,0.0561628693707158,0.5290206768015446,0.5342685070891295,,,3020.3988836149983,34.851385125994014,34.851385125994014,300.0,,0.1527440552709135,,,23.758377895727754,0.0069941214183345,1.194913016204722,0.981061941181011,0.0528395723833668,4.000000000000001e-05,1.1023747234751575,1.5296110997008865,1.5778743579555856,0.5290206768015444,blogfeedback,matern52_h0,LO,0.005247830287585131,0.05637954727366504
5,PPI_global,1000,50,0.201,0.0158751506500966,0.1122542667704139,0.1054517888376673,0.1054517888376673,0.1117671689510471,0.0389904049551726,0.1528423874242767,0.0370566253151536,0.5290206768015446,0.6344724656392118,,,,,,,,,,,0.0,8.244436979293823e-05,8.244436979293823e-05,,,,,1.0597372543075485,3.127988046678099,0.5290206768015444,blogfeedback,matern52_h0,PPI,0.10545178883766737,0.11176716895104719
6,GH_P1_c300,1000,50,0.962,0.0056351665495188,0.0398466448028038,0.0043654715828884,0.0043654715828884,0.0359190782343112,0.0366569113643308,0.1436950925481769,0.0356706494795911,0.5476054522795356,0.5519709238624241,395.1312628295207,1.0,4330.016828713327,41.50083622262982,41.50083622262982,300.0,0.0,0.1186629315631211,0.047234214246655,0.0730391668529008,23.6310116795078,0.0071813578503206,1.1887319418257103,0.9706780140264024,0.0533066939905738,3.2000000000000005e-05,1.1721955039006215,1.0,1.0,0.5476054522795357,blogfeedback,matern52_h0,PPCI,0.004365471582888358,0.03591907823431112
6,LO_GH_P1_c300w,1000,50,0.943,0.0078259119570299,0.0553375541378473,0.0046607674594527,0.0046607674594527,0.0578047430045546,0.0568307645811934,0.2227765971582785,0.0576453688431306,0.5476054522795356,0.5522662197389884,,,4330.016828713327,41.50083622262982,41.50083622262982,300.0,,0.1186895105120515,,,23.6310116795078,0.0069515011729672,1.188502085148357,0.9706780140264024,0.0533066939905738,3.2000000000000005e-05,1.1721955039006215,1.5503424174599962,1.6093047440548585,0.5476054522795357,blogfeedback,matern52_h0,LO,0.004660767459452653,0.057804743004554605
6,PPI_global,1000,50,0.391,0.0194668740087737,0.1376515862010804,0.0864034626384013,0.0864034626384013,0.0942013030271034,0.0388876228191216,0.1524394814509569,0.0375464628556608,0.5476054522795356,0.6340089149179371,,,,,,,,,,,0.0,8.182862307876349e-05,8.182862307876349e-05,,,,,1.0608537755027945,2.6225980080167792,0.5476054522795357,blogfeedback,matern52_h0,PPI,0.08640346263840137,0.09420130302710344
7,GH_P1_c300,1000,50,0.946,0.0084322026076421,0.0596246764420262,-0.0004497300824806,0.0004497300824806,0.0364597334246376,0.0367814282162489,0.1441831986076959,0.0364752017759071,0.4873038616715768,0.4868541315890962,4869.675251658629,1.0,1128.4632486324156,295.472023913002,295.472023913002,300.0,0.0,0.0024290905804602,0.0010330423058871,0.0013784772469866,23.97670775739476,0.0071844231663271,1.2060198110360651,0.9999622711132156,0.0042978651803488,3.6e-05,22.334530014839828,1.0,1.0,0.48730386167157713,blogfeedback,matern52_h0,PPCI,-0.00044973008248094803,0.036459733424637535
7,LO_GH_P1_c300w,1000,50,0.946,0.0076718409040557,0.0542481072744214,0.0004606090322991,0.0004606090322991,0.0552977622490351,0.0554409784323135,0.2173286354546692,0.0553235125431338,0.4873038616715768,0.4877644707038761,,,1128.4632486324156,295.472023913002,295.472023913002,300.0,,0.002428510691589,,,23.97670775739476,0.0070288251610472,1.2058642130307853,0.9999622711132156,0.0042978651803488,3.6e-05,22.334530014839828,1.5073090176476989,1.516680377363038,0.48730386167157713,blogfeedback,matern52_h0,LO,0.000460609032298942,0.05529776224903507
7,PPI_global,1000,50,0.032,0.0054883922035138,0.0388087934491603,0.1448174356819305,0.1448174356819305,0.1495627593426199,0.0387469919504955,0.1518882084459425,0.0373942192366771,0.4873038616715768,0.6321212973535074,,,,,,,,,,,0.0,8.296484407037497e-05,8.296484407037497e-05,,,,,1.053439026964653,4.1021352954147785,0.48730386167157713,blogfeedback,matern52_h0,PPI,0.14481743568193028,0.14956275934261967
8,GH_P1_c300,1000,50,0.957,0.0058918830363717,0.0416619044897648,0.0048482842148859,0.0048482842148859,0.0361701542070356,0.0366767436232402,0.1437728350031016,0.035861682277721,0.5194230415950704,0.5242713258099563,391.9146169677683,1.0,2238.135298181188,36.762944789224086,36.762944789224086,300.0,0.0,0.1336993937203224,0.0549918214312985,0.0792359533458516,23.83437495881692,0.0071518195318058,1.1988705674726516,0.9831299531260128,0.0557971993472663,3.2e-05,1.4809685721543853,1.0,1.0,0.5194230415950701,blogfeedback,matern52_h0,PPCI,0.004848284214886145,0.036170154207035586
8,LO_GH_P1_c300w,1000,50,0.945,0.0071784825865149,0.0507595371555424,0.006133640804193,0.006133640804193,0.0562372980219359,0.0560824669010224,0.2198432702520078,0.0559297798991982,0.5194230415950704,0.5255566823992633,,,2238.135298181188,36.762944789224086,36.762944789224086,300.0,,0.1337193415170463,,,23.83437495881692,0.0070455538854002,1.1987643018262462,0.9831299531260128,0.0557971993472663,3.2e-05,1.4809685721543853,1.529101587565309,1.5547984036793805,0.5194230415950701,blogfeedback,matern52_h0,LO,0.006133640804193208,0.056237298021936
8,PPI_global,1000,50,0.164,0.0127807252836257,0.0903733751653412,0.1120094644400582,0.1120094644400582,0.1179971662177365,0.0387473607345034,0.1518896540792534,0.0371293644029686,0.5194230415950704,0.6314325060351285,,,,,,,,,,,0.0,8.253901079297066e-05,8.253901079297066e-05,,,,,1.0564558602184952,3.262279877003798,0.5194230415950701,blogfeedback,matern52_h0,PPI,0.11200946444005833,0.11799716621773658
9,GH_P1_c300,1000,50,0.96,0.0055328333517248,0.0391230398217975,0.0004348999507965,0.0004348999507965,0.0344401377496839,0.0351057663690948,0.1376146041668516,0.0344546233664122,0.4691013741199386,0.4695362740707348,4216.965034285823,1.0,1163.1699544334467,262.7658925558636,262.7658925558636,300.0,0.0,0.0028559865298333,0.0011967244309687,0.0016361611563369,23.809234533105045,0.0071533084651455,1.1976150351203978,0.9999537112486504,0.0043312350912972,3.0000000000000004e-05,19.497114044173248,1.0,1.0,0.46910137411993846,blogfeedback,matern52_h0,PPCI,0.00043489995079631916,0.03444013774968386
9,LO_GH_P1_c300w,1000,50,0.95,0.0068511878904467,0.0484452141651804,0.0003336466763776,0.0003336466763776,0.0516619501346773,0.0531990668583381,0.2085403420846854,0.0516867225591073,0.4691013741199386,0.469435020796316,,,1163.1699544334467,262.7658925558636,262.7658925558636,300.0,,0.0028553022757819,,,23.809234533105045,0.0070438968269154,1.1975056234821675,0.9999537112486504,0.0043312350912972,3.0000000000000004e-05,19.497114044173248,1.5153939754231276,1.5000506243663756,0.46910137411993846,blogfeedback,matern52_h0,LO,0.0003336466763775303,0.05166195013467733
9,PPI_global,1000,50,0.008,0.0026186146828319,0.018516401995451,0.1633516309838765,0.1633516309838765,0.1675528425321282,0.038861486336622,0.1523370264395585,0.0373040384782983,0.4691013741199386,0.632453005103815,,,,,,,,,,,0.0,8.159540686756372e-05,8.159540686756372e-05,,,,,1.106982993279235,4.8650456554479335,0.46910137411993846,blogfeedback,matern52_h0,PPI,0.1633516309838765,0.16755284253212815
10,GH_P1_c300,1000,50,0.951,0.006774803257931,0.0479050932488777,0.0085628035161277,0.0085628035161277,0.0394384440842051,0.0389225797947755,0.15257651279552,0.0385169160311117,0.5775158991551574,0.5860787026712851,1676.946230797886,1.0,3574.8641649176884,122.32849460096963,122.32849460096963,300.0,0.0,0.0192402085767718,0.0074796259646498,0.0117497629622208,23.737247175741945,0.0072057668212801,1.1940681256083772,0.9949621986328836,0.0224535257732199,5.2e-05,5.230760015187523,1.0,1.0,0.5775158991551573,blogfeedback,matern52_h0,PPCI,0.008562803516127815,0.039438444084205104
10,LO_GH_P1_c300w,1000,50,0.951,0.0073526338471187,0.0519909725287938,0.0117661939270177,0.0117661939270177,0.0606204479936755,0.0610566373168304,0.2393420182819755,0.059497355661882,0.5775158991551574,0.589282093082175,,,3574.8641649176884,122.32849460096963,122.32849460096963,300.0,,0.0192424254967716,,,23.737247175741945,0.0069693187540397,1.1938316775411366,0.9949621986328836,0.0224535257732199,5.2e-05,5.230760015187523,1.5686688199692755,1.5370902529583714,0.5775158991551573,blogfeedback,matern52_h0,LO,0.01176619392701772,0.06062044799367549
10,PPI_global,1000,50,0.724,0.0190187877035915,0.1344831375515692,0.0546803501143972,0.0546803501143972,0.06660404557993,0.0389802800985954,0.1528026979864941,0.0380474152181869,0.5775158991551574,0.6321962492695545,,,,,,,,,,,0.0,8.190526999533177e-05,8.190526999533177e-05,,,,,1.0014824378066445,1.688810173081968,0.5775158991551573,blogfeedback,matern52_h0,PPI,0.0546803501143972,0.06660404557993
11,GH_P1_c300,1000,50,0.951,0.0069237833234586,0.0489585413948394,0.0015181572250024,0.0015181572250024,0.0354828848542828,0.0357661895757563,0.140203463136965,0.0354681308293373,0.5027849065139974,0.5043030637389999,4211.312796668448,1.0,2128.345612903141,287.1359389699176,287.1359389699176,300.0,0.0,0.0027667997284723,0.0011395339844906,0.0016065055008616,23.90144450172782,0.0073819811157882,1.2024542062021792,0.9999112380240496,0.0043401180292154,3.800000000000001e-05,15.9108946394208,1.0,1.0,0.5027849065139974,blogfeedback,matern52_h0,PPCI,0.001518157225002481,0.035482884854282734
11,LO_GH_P1_c300w,1000,50,0.958,0.0055988336977901,0.0395897327444314,0.0052597031342461,0.0052597031342461,0.0523989950778189,0.0545955020689996,0.2140143681104785,0.0521604344213496,0.5027849065139974,0.5080446096482435,,,2128.345612903141,287.1359389699176,287.1359389699176,300.0,,0.0027682912653444,,,23.90144450172782,0.0072321433350443,1.2023043684214354,0.9999112380240496,0.0043401180292154,3.800000000000001e-05,15.9108946394208,1.526455647542797,1.476739991491823,0.5027849065139974,blogfeedback,matern52_h0,LO,0.005259703134246063,0.052398995077818866
11,PPI_global,1000,50,0.074,0.008111468323759,0.0573567425710992,0.1299977728568062,0.1299977728568062,0.1355755387701875,0.0391451561998468,0.1534490123033995,0.0385069935680584,0.5027849065139974,0.6327826793708037,,,,,,,,,,,0.0,8.247553929686546e-05,8.247553929686546e-05,,,,,1.0944737659831911,3.820871367335384,0.5027849065139974,blogfeedback,matern52_h0,PPI,0.12999777285680625,0.13557553877018758
12,GH_P1_c300,1000,50,0.937,0.0069707845135747,0.0492908899973888,0.0020305993983815,0.0020305993983815,0.0390325382751177,0.0380693306082038,0.1492317759841589,0.0389991877726799,0.5493644882653576,0.5513950876637389,4162.7154625928015,1.0,2328.248289735635,283.5140606849359,283.5140606849359,300.0,0.0,0.003433943776947,0.0013453090517417,0.0020815661575642,23.88666796956211,0.0073985042199492,1.2017319026980546,0.999794675999866,0.0061796834917106,3.800000000000001e-05,15.165577697410392,1.0,1.0,0.5493644882653572,blogfeedback,matern52_h0,PPCI,0.002030599398381683,0.039032538275117656
12,LO_GH_P1_c300w,1000,50,0.956,0.0064901809666288,0.0458925097263114,0.0062308659469002,0.0062308659469002,0.0573216341892617,0.0594187874155143,0.2329216466688163,0.0570104924722742,0.5493644882653576,0.5555953542122577,,,2328.248289735635,283.5140606849359,283.5140606849359,300.0,,0.0034336949668806,,,23.88666796956211,0.0073444192782044,1.20167781775631,0.999794675999866,0.0061796834917106,3.800000000000001e-05,15.165577697410392,1.5608046284562158,1.4685602505590294,0.5493644882653572,blogfeedback,matern52_h0,LO,0.006230865946900477,0.05732163418926179
12,PPI_global,1000,50,0.443,0.0210930881415438,0.1491506566105122,0.0824422703460112,0.0824422703460112,0.0913761300551374,0.0391374496578001,0.1534188026585765,0.0394261794709588,0.5493644882653576,0.6318067586113687,,,,,,,,,,,0.0,8.307590149343014e-05,8.307590149343014e-05,,,,,1.0280572059590185,2.3410245424235563,0.5493644882653572,blogfeedback,matern52_h0,PPI,0.08244227034601148,0.0913761300551376
13,GH_P1_c300,1000,50,0.943,0.0074244494058207,0.0524987852143227,-0.0018936371797395,0.0018936371797395,0.0367166634191941,0.0355580228200704,0.139387449454676,0.0366861470347344,0.4668320168686672,0.4649383796889276,4869.675251658629,1.0,1032.2827145349768,286.57863859839364,286.57863859839364,300.0,0.0,0.0023997563926756,0.0010099519652314,0.0013565471887114,21.76964564550668,0.00607209849637,1.0945543807717042,0.9999769625448378,0.0037574951288766,4.200000000000001e-05,22.6260990106538,1.0,1.0,0.4668320168686671,blogfeedback,matern52_h0,PPCI,-0.0018936371797395046,0.03671666341919414
13,LO_GH_P1_c300w,1000,50,0.956,0.0064901809666288,0.0458925097263114,-0.0014594677819244,0.0014594677819244,0.0511766843887912,0.053665920395982,0.2103704079522494,0.0511814665806365,0.4668320168686672,0.4653725490867426,,,1032.2827145349768,286.57863859839364,286.57863859839364,300.0,,0.0023989139326634,,,21.76964564550668,0.0059852101048454,1.0944674923801796,0.9999769625448378,0.0037574951288766,4.200000000000001e-05,22.6260990106538,1.5092492815908416,1.3938272060428527,0.4668320168686671,blogfeedback,matern52_h0,LO,-0.0014594677819245172,0.051176684388791166
13,PPI_global,1000,50,0.013,0.0037279966716285,0.0263609172674941,0.1642999160766668,0.1642999160766668,0.1691366352895336,0.0390287252706802,0.1529926030610664,0.0401790160107553,0.4668320168686672,0.6311319329453341,,,,,,,,,,,0.0,8.17659068852663e-05,8.17659068852663e-05,,,,,1.0976067333150703,4.606536093939161,0.4668320168686671,blogfeedback,matern52_h0,PPI,0.164299916076667,0.16913663528953377
14,GH_P1_c300,1000,50,0.935,0.0074573617920789,0.052731510929405,0.0006486134531673,0.0006486134531673,0.0384675065133913,0.0371609426632763,0.1456708952400433,0.0384812833350615,0.4884906334899634,0.489139246943131,4869.675251658629,1.0,1099.603317418822,293.8268793009689,293.8268793009689,300.0,0.0,0.0024906134278893,0.001063722385557,0.0014157995321986,21.76827495822683,0.0060662565566599,1.0944800044680014,0.999964454667503,0.0042155724851606,3.4e-05,22.50818488974936,1.0,1.0,0.4884906334899638,blogfeedback,matern52_h0,PPCI,0.0006486134531671905,0.038467506513391245
14,LO_GH_P1_c300w,1000,50,0.962,0.0064775908850026,0.0458034844053754,-8.894419098034834e-05,8.894419098034834e-05,0.054046338425336,0.0558506762252182,0.2189346508028555,0.0540733086543228,0.4884906334899634,0.4884016892989833,,,1099.603317418822,293.8268793009689,293.8268793009689,300.0,,0.0024892978876108,,,21.76827495822683,0.0059822664996609,1.0943960144110023,0.999964454667503,0.0042155724851606,3.4e-05,22.50818488974936,1.502940243774055,1.4049867881746223,0.4884906334899638,blogfeedback,matern52_h0,LO,-8.894419098048889e-05,0.05404633842533594
14,PPI_global,1000,50,0.039,0.0061095442229551,0.0432010015001069,0.1438114441361336,0.1438114441361336,0.1493613295275861,0.0389989679836595,0.1528759544959453,0.0403572050286638,0.4884906334899634,0.6323020776260972,,,,,,,,,,,0.0,8.157458063215018e-05,8.157458063215018e-05,,,,,1.0494612135391164,3.882792077401492,0.4884906334899638,blogfeedback,matern52_h0,PPI,0.14381144413613345,0.14936132952758593
15,GH_P1_c300,1000,50,0.949,0.006774803257931,0.0479050932488777,0.0002258204687537,0.0002258204687537,0.0374027195719192,0.0365133332018337,0.1431322661511882,0.037420752921885,0.5546828769992597,0.5549086974680133,392.8217346429128,1.0,5399.604068956503,42.8097381628702,42.8097381628702,300.0,0.0,0.1157419355716699,0.0454691377447765,0.0724098433263338,21.586611934881656,0.006085077939555,1.085415674683638,0.9716630364019204,0.0472006970526119,2.6e-05,1.092550503960242,1.0,1.0,0.5546828769992594,blogfeedback,matern52_h0,PPCI,0.00022582046875385675,0.03740271957191926
15,LO_GH_P1_c300w,1000,50,0.963,0.0054976804013982,0.0388744709262508,-0.0009089600588159,0.0009089600588159,0.0544465971493895,0.0570047272313223,0.2234585307467836,0.0544662492288982,0.5546828769992597,0.5537739169404435,,,5399.604068956503,42.8097381628702,42.8097381628702,300.0,,0.1157514853760662,,,21.586611934881656,0.0060030177971348,1.0853336145412176,0.9716630364019204,0.0472006970526119,2.6e-05,1.092550503960242,1.5612030519432152,1.45568551625498,0.5546828769992594,blogfeedback,matern52_h0,LO,-0.0009089600588159108,0.05444659714938953
15,PPI_global,1000,50,0.494,0.0249341991191673,0.1763114128061887,0.0768871080745427,0.0768871080745427,0.086521338767768,0.0388438537025282,0.1522679065139107,0.0396974881404999,0.5546828769992597,0.6315699850738022,,,,,,,,,,,0.0,8.33112457767129e-05,8.33112457767129e-05,,,,,1.0638265613224676,2.313236570977191,0.5546828769992594,blogfeedback,matern52_h0,PPI,0.0768871080745428,0.08652133876776809
16,GH_P1_c300,1000,50,0.947,0.0066101344578624,0.0467407089970939,0.0002946599640021,0.0002946599640021,0.0362026556971294,0.0356996385961561,0.139942583296932,0.0362195708470276,0.4690854498764982,0.4693801098405001,4869.675251658629,1.0,1029.563611616191,293.682165050989,293.682165050989,300.0,0.0,0.0023139308636478,0.0009762188729436,0.0013256476882924,21.843279276303942,0.0060690376497805,1.0982330014649777,0.999980959702344,0.0031997103249739,2.8000000000000003e-05,23.193168302652552,1.0,1.0,0.4690854498764978,blogfeedback,matern52_h0,PPCI,0.0002946599640022973,0.03620265569712938
16,LO_GH_P1_c300w,1000,50,0.959,0.0061759903774906,0.043670846764665,-0.00153863478003,0.00153863478003,0.0516037064603496,0.0540262646976689,0.2117829576148624,0.0516065728548353,0.4690854498764982,0.467546815096468,,,1029.563611616191,293.682165050989,293.682165050989,300.0,,0.0023123607152823,,,21.843279276303942,0.0059820929048582,1.0981460567200554,0.999980959702344,0.0031997103249739,2.8000000000000003e-05,23.193168302652552,1.5133560680775664,1.4254121822461028,0.4690854498764978,blogfeedback,matern52_h0,LO,-0.0015386347800298017,0.051603706460349535
16,PPI_global,1000,50,0.01,0.0034992710611188,0.0247435829652696,0.1637012001167689,0.1637012001167689,0.1682995600095411,0.0388232395406491,0.1521870989993444,0.0390920345710175,0.4690854498764982,0.632786649993267,,,,,,,,,,,0.0,8.171685133129359e-05,8.171685133129359e-05,,,,,1.0874967105361475,4.648818070628053,0.4690854498764978,blogfeedback,matern52_h0,PPI,0.16370120011676914,0.16829956000954138
17,GH_P1_c300,1000,50,0.951,0.0061428571428571,0.043436559415745,0.0011749189909345,0.0011749189909345,0.0341192998969228,0.0348786530840205,0.1367243200893603,0.034116126698701,0.4618708795477586,0.4630457985386933,4869.675251658629,1.0,1064.792529623238,293.64262407463286,293.64262407463286,300.0,0.0,0.0022452986256205,0.0009333550019753,0.0012825324340553,21.87573688078672,0.0060778039135038,1.0998646479528398,0.9999730503697504,0.0037435701978415,5.2e-05,22.807440226727465,1.0,1.0,0.46187087954775885,blogfeedback,matern52_h0,PPCI,0.0011749189909344704,0.0341192998969228
17,LO_GH_P1_c300w,1000,50,0.957,0.0071442855714571,0.0505177277431054,0.0005432305044194,0.0005432305044194,0.0509585810320134,0.0531678929761924,0.2084181404666745,0.0509811824340876,0.4618708795477586,0.4624141100521782,,,1064.792529623238,293.64262407463286,293.64262407463286,300.0,,0.0022444256712961,,,21.87573688078672,0.0059961595758795,1.0997830036152154,0.9999730503697504,0.0037435701978415,5.2e-05,22.807440226727465,1.524367722804959,1.4935412269877602,0.46187087954775885,blogfeedback,matern52_h0,LO,0.0005432305044193453,0.0509585810320134
17,PPI_global,1000,50,0.002,0.0013997084244475,0.0098974331861078,0.1722510443652602,0.1722510443652602,0.1764722840171641,0.0387671905208074,0.1519673868415653,0.0383864332749389,0.4618708795477586,0.634121923913019,,,,,,,,,,,0.0,8.287427294999361e-05,8.287427294999361e-05,,,,,1.111487603246024,5.172212927882497,0.46187087954775885,blogfeedback,matern52_h0,PPI,0.17225104436526018,0.176472284017164
18,GH_P1_c300,1000,50,0.959,0.0060084973842323,0.042486492451323,0.0074483807301215,0.0074483807301215,0.036927683255998,0.0369585849946207,0.1448776531789133,0.0361868056072172,0.5299412660223736,0.5373896467524951,378.7394975365364,1.0,2830.0129640519576,37.71694256170894,37.71694256170894,300.0,0.0,0.133575800476157,0.0548562965920099,0.079177076021218,21.673537550792098,0.0060782679272815,1.0897551454668863,0.9774869105643768,0.0579209108765707,4.000000000000001e-05,1.305797643772008,1.0,1.0,0.5299412660223733,blogfeedback,matern52_h0,PPCI,0.007448380730121773,0.03692768325599809
18,LO_GH_P1_c300w,1000,50,0.952,0.0066944997222057,0.0473372615022311,0.0072499184549048,0.0072499184549048,0.0550845029666638,0.0565782004629032,0.2217865458145806,0.0546326447772482,0.5299412660223736,0.5371911844772784,,,2830.0129640519576,37.71694256170894,37.71694256170894,300.0,,0.1335789127809185,,,21.673537550792098,0.0059951732484623,1.0896720507880673,0.9774869105643768,0.0579209108765707,4.000000000000001e-05,1.305797643772008,1.5308540754776747,1.491685860301475,0.5299412660223733,blogfeedback,matern52_h0,LO,0.00724991845490508,0.055084502966663874
18,PPI_global,1000,50,0.224,0.0190187877035915,0.1344831375515692,0.1042701053000891,0.1042701053000891,0.1109761785894294,0.0388041397840491,0.1521122279534727,0.0380118699524047,0.5299412660223736,0.6342113713224627,,,,,,,,,,,0.0,8.228335250169039e-05,8.228335250169039e-05,,,,,1.0499357534845295,3.005229919789344,0.5299412660223733,blogfeedback,matern52_h0,PPI,0.1042701053000894,0.11097617858942964
19,GH_P1_c300,1000,50,0.956,0.0067973584304973,0.048064582403602,0.0015936979983785,0.0015936979983785,0.0359217567169304,0.03611105686889,0.141555342926049,0.0359043431101932,0.4888857102246812,0.4904794082230598,4464.994916887489,1.0,1308.8274647311157,275.58456352389425,275.58456352389425,300.0,0.0,0.0028717884248077,0.0011762820875023,0.0016721938603168,21.834254138674588,0.0060835835933685,1.097796290527098,0.9999707906860886,0.0036043175870799,3.0000000000000004e-05,19.381286648209628,1.0,1.0,0.4888857102246811,blogfeedback,matern52_h0,PPCI,0.001593697998378718,0.03592175671693047
19,LO_GH_P1_c300w,1000,50,0.945,0.0078571428571428,0.0555583899503715,0.0011697461914868,0.0011697461914868,0.0554839354111167,0.0553332674961881,0.2169064085850574,0.0554993600099495,0.4888857102246812,0.4900554564161681,,,1308.8274647311157,275.58456352389425,275.58456352389425,300.0,,0.0028704902732955,,,21.834254138674588,0.0060014885189011,1.0977141954526306,0.9999707906860886,0.0036043175870799,3.0000000000000004e-05,19.381286648209628,1.532308170793476,1.5445774506057572,0.4888857102246811,blogfeedback,matern52_h0,LO,0.00116974619148702,0.05548393541111667
19,PPI_global,1000,50,0.035,0.0059333027592271,0.041954786158824,0.1429967652812988,0.1429967652812988,0.148130999005284,0.0388086152050544,0.1521297716038135,0.0386809281117734,0.4888857102246812,0.63188247550598,,,,,,,,,,,0.0,8.289795368909836e-05,8.289795368909836e-05,,,,,1.0747017276719024,4.123712550379464,0.4888857102246811,blogfeedback,matern52_h0,PPI,0.1429967652812989,0.14813099900528412
20,GH_P1_c300,1000,50,0.945,0.0079859570624992,0.0564692439315782,0.0106439299008757,0.0106439299008757,0.0398557711522377,0.0384122912895077,0.1505761818548703,0.0384274110020582,0.540764296067903,0.551408225968779,693.8766112163664,1.0,2262.9019615056227,56.56020108985207,56.56020108985207,300.0,0.0,0.0695540753644019,0.0285325892068446,0.0412002695903363,21.735768883060665,0.0060854283142834,1.0928738724673168,0.9911343492240272,0.0395978958850175,3.4e-05,2.60235103440887,1.0,1.0,0.5407642960679032,blogfeedback,matern52_h0,PPCI,0.010643929900875815,0.03985577115223768
20,LO_GH_P1_c300w,1000,50,0.943,0.0071442855714571,0.0505177277431054,0.009333476852598,0.009333476852598,0.0599949488820544,0.0588165493090384,0.2305608732914305,0.0592941472415233,0.540764296067903,0.5500977729205012,,,2262.9019615056227,56.56020108985207,56.56020108985207,300.0,,0.0695418378361967,,,21.735768883060665,0.0060001411680132,1.0927885853210466,0.9911343492240272,0.0395978958850175,3.4e-05,2.60235103440887,1.5311908593462125,1.5053014192823118,0.5407642960679032,blogfeedback,matern52_h0,LO,0.009333476852598,0.059994948882054464
20,PPI_global,1000,50,0.35,0.0191129830860852,0.1351491994887464,0.0909442683667604,0.0909442683667604,0.0987545910681856,0.0388262895024119,0.1521990548494547,0.0385109387146029,0.540764296067903,0.6317085644346637,,,,,,,,,,,0.0,8.237444888800383e-05,8.237444888800383e-05,,,,,1.0107777536566076,2.477799029178764,0.5407642960679032,blogfeedback,matern52_h0,PPI,0.0909442683667605,0.09875459106818567
21,GH_P1_c300,1000,50,0.954,0.0066761836831702,0.0472077475481665,0.0079590399065331,0.0079590399065331,0.0392673688761081,0.0380753874351624,0.1492555187458366,0.0384715479571693,0.565220652921684,0.5731796928282172,680.7896146244386,1.0,4078.1775410351697,59.54711441053762,59.54711441053762,300.0,0.0,0.0676317356212756,0.0266905082719181,0.0421683575442645,21.60466162333265,0.0060769640998914,1.086310045266524,0.985754539993801,0.0379646693424204,3.6e-05,2.0537424218938924,1.0,1.0,0.5652206529216839,blogfeedback,matern52_h0,PPCI,0.00795903990653335,0.03926736887610814
21,LO_GH_P1_c300w,1000,50,0.936,0.0074285714285714,0.0525279323167149,0.0064135089517529,0.0064135089517529,0.0610565786770251,0.0592557792010485,0.2322826544681104,0.0607491824293576,0.565220652921684,0.5716341618734371,,,4078.1775410351697,59.54711441053762,59.54711441053762,300.0,,0.0676328174583208,,,21.60466162333265,0.0059954935209825,1.086228574687615,0.985754539993801,0.0379646693424204,3.6e-05,2.0537424218938924,1.5562751476121863,1.5548935521925036,0.5652206529216839,blogfeedback,matern52_h0,LO,0.0064135089517531885,0.061056578677025075
21,PPI_global,1000,50,0.632,0.023332555866542,0.1649860847564585,0.0630516288824214,0.0630516288824214,0.0740994078021829,0.0388220275217654,0.1521823478853204,0.0389452315819354,0.565220652921684,0.6282722818041055,,,,,,,,,,,0.0,8.240259066224098e-05,8.240259066224098e-05,,,,,1.0196095203988254,1.887047946501658,0.5652206529216839,blogfeedback,matern52_h0,PPI,0.06305162888242166,0.07409940780218313
22,GH_P1_c300,1000,50,0.95,0.0071428571428571,0.0505076272276105,-0.0010183352918732,0.0010183352918732,0.0363468594353375,0.0360446958401992,0.141295207693581,0.0363507711418633,0.4997934639429802,0.4987751286511067,499.50156584474223,1.0,1650.4416359617278,40.64153296395119,40.64153296395119,300.0,0.0,0.1013017517809762,0.042385932503701,0.0603998897800977,21.80209452673793,0.0060670991772785,1.096171825514175,0.9952770381436132,0.0342112544229345,2.6e-05,2.1128201919008696,1.0,1.0,0.4997934639429799,blogfeedback,matern52_h0,PPCI,-0.0010183352918732291,0.03634685943533758
22,LO_GH_P1_c300w,1000,50,0.935,0.0077261813045656,0.0546323519313512,-0.0028252626002805,0.0028252626002805,0.0560697395999056,0.0545917912370739,0.2139998216493299,0.0560265344511267,0.4997934639429802,0.4969682013426993,,,1650.4416359617278,40.64153296395119,40.64153296395119,300.0,,0.1012705452088758,,,21.80209452673793,0.0059847029726952,1.0960894293095915,0.9952770381436132,0.0342112544229345,2.6e-05,2.1128201919008696,1.5145582439952192,1.542629555096936,0.4997934639429799,blogfeedback,matern52_h0,LO,-0.002825262600280598,0.056069739599905646
22,PPI_global,1000,50,0.084,0.0101458748026084,0.0717421687399412,0.1280560266480258,0.1280560266480258,0.1337480660928925,0.0389474008031751,0.1526738111484464,0.0386224146529248,0.4997934639429802,0.6278494905910057,,,,,,,,,,,0.0,8.237153850495816e-05,8.237153850495816e-05,,,,,1.080530710422547,3.679769536370407,0.4997934639429799,blogfeedback,matern52_h0,PPI,0.1280560266480258,0.13374806609289247
23,GH_P1_c300,1000,50,0.942,0.008,0.0565685424949238,-0.0020734745498474,0.0020734745498474,0.0366257124035874,0.0358744505409629,0.1406278461205749,0.0365852701829,0.4977241937906626,0.4956507192408154,2333.5061382578324,1.0,1779.368247471114,162.2870583527733,162.2870583527733,300.0,0.0,0.0095838380003901,0.0040308220237341,0.00588440542952,21.778111872002484,0.0060781064340844,1.0949837000342086,0.9994963045483094,0.0104604475064782,3.800000000000001e-05,9.544286295346096,1.0,1.0,0.49772419379066296,blogfeedback,matern52_h0,PPCI,-0.002073474549847576,0.036625712403587474
23,LO_GH_P1_c300w,1000,50,0.937,0.0077997906826963,0.0551528488357027,-0.0026692503511416,0.0026692503511416,0.0551587373912629,0.0542195468939419,0.2125406238242525,0.0551216818772269,0.4977241937906626,0.4950549434395211,,,1779.368247471114,162.2870583527733,162.2870583527733,300.0,,0.0095830446655559,,,21.778111872002484,0.0059966101767495,1.0949022037768736,0.9994963045483094,0.0104604475064782,3.800000000000001e-05,9.544286295346096,1.5113694029134124,1.5060113174989105,0.49772419379066296,blogfeedback,matern52_h0,LO,-0.0026692503511418497,0.055158737391262876
23,PPI_global,1000,50,0.074,0.0102260172389561,0.0723088613419643,0.1305771583504807,0.1305771583504807,0.1361761171098133,0.0389770378876293,0.1527899885195072,0.0386656905258774,0.4977241937906626,0.6283013521411436,,,,,,,,,,,0.0,8.285313472151757e-05,8.285313472151757e-05,,,,,1.0864845955793452,3.718046917675108,0.49772419379066296,blogfeedback,matern52_h0,PPI,0.13057715835048062,0.13617611710981326
24,GH_P1_c300,1000,50,0.957,0.0075606392127995,0.0534617925747549,1.2397718120268908e-05,1.2397718120268908e-05,0.0358016475232133,0.0367138746496947,0.1439183886268035,0.0358195596361195,0.5515687784603776,0.5515811761784978,542.2237293109654,1.0,4663.3477661258285,51.70163072843973,51.70163072843973,300.0,0.0,0.0813959567802384,0.0322296254437979,0.0500368283818666,21.60808581672609,0.0060759796518832,1.0864802704881875,0.9770463038086616,0.044818699302944,3.0000000000000004e-05,1.574881004628068,1.0,1.0,0.5515687784603773,blogfeedback,matern52_h0,PPCI,1.239771812044932e-05,0.03580164752321337
24,LO_GH_P1_c300w,1000,50,0.948,0.007948815853282,0.0562066159225885,0.0020107199633639,0.0020107199633639,0.0566127226763701,0.0571647883604608,0.2240859703730065,0.0566053136692671,0.5515687784603776,0.5535794984237415,,,4663.3477661258285,51.70163072843973,51.70163072843973,300.0,,0.0814232105048581,,,21.60808581672609,0.005990408251062,1.0863946990873663,0.9770463038086616,0.044818699302944,3.0000000000000004e-05,1.574881004628068,1.5570350148519698,1.5812881974122297,0.5515687784603773,blogfeedback,matern52_h0,LO,0.002010719963364216,0.056612722676370124
24,PPI_global,1000,50,0.496,0.0217987080688142,0.1541401429656446,0.0769713001255067,0.0769713001255067,0.0855010196321926,0.0389308039620657,0.1526087515312977,0.0372455439707817,0.5515687784603776,0.6285400785858845,,,,,,,,,,,0.0,8.230484742671252e-05,8.230484742671252e-05,,,,,1.0603839647414988,2.3881867329360964,0.5515687784603773,blogfeedback,matern52_h0,PPI,0.07697130012550712,0.08550101963219296
25,GH_P1_c300,1000,50,0.955,0.0070348984298543,0.0497442438470861,-0.0020046611463179,0.0020046611463179,0.0355669016571338,0.036236941353061,0.1420488101039995,0.0355281307593282,0.5098905198501444,0.5078858587038264,573.0824095289316,1.0,2055.9108053131163,47.63255913643855,47.63255913643855,300.0,0.0,0.0811447423880943,0.0337258825180021,0.0475478922314029,21.7619751037471,0.0060642462242394,1.0941630014115946,0.9931547883118372,0.0373602711229126,2.6e-05,2.222550522866308,1.0,1.0,0.5098905198501443,blogfeedback,matern52_h0,PPCI,-0.002004661146317921,0.03556690165713381
25,LO_GH_P1_c300w,1000,50,0.947,0.0076144331264208,0.0538421729858364,0.000376779574637,0.000376779574637,0.0544082869222832,0.0551175849922472,0.216060933169609,0.054434206210575,0.5098905198501444,0.5102672994247813,,,2055.9108053131163,47.63255913643855,47.63255913643855,300.0,,0.0811696558161425,,,21.7619751037471,0.0059797413274645,1.0940784965148196,0.9931547883118372,0.0373602711229126,2.6e-05,2.222550522866308,1.5210330379495776,1.529744914155889,0.5098905198501443,blogfeedback,matern52_h0,LO,0.0003767795746369984,0.054408286922283174
25,PPI_global,1000,50,0.115,0.0136464094103877,0.0964946863293306,0.1186082443849219,0.1186082443849219,0.1242979611122405,0.0389206621333011,0.1525689955625403,0.0371947704864303,0.5098905198501444,0.6284987642350663,,,,,,,,,,,0.0,8.262342121452093e-05,8.262342121452093e-05,,,,,1.0740603560905482,3.494764944961388,0.5098905198501443,blogfeedback,matern52_h0,PPI,0.11860824438492201,0.12429796111224059
26,GH_P1_c300,1000,50,0.954,0.0074010479125649,0.052333311668612,-0.000631053091671,0.000631053091671,0.0357851782199438,0.0362947567735809,0.1422754465524374,0.0357975168753794,0.5342343046372839,0.5336032515456129,1537.884296060313,1.0,3318.2810141440523,114.90463099112432,114.90463099112432,300.0,0.0,0.0179977275173124,0.0072510786871049,0.0108426520480036,21.648150495253503,0.0060944710625335,1.088501995825209,0.996650936387808,0.0203302199373523,3.2e-05,4.957422060086823,1.0,1.0,0.5342343046372842,blogfeedback,matern52_h0,PPCI,-0.0006310530916712187,0.035785178219943765
26,LO_GH_P1_c300w,1000,50,0.952,0.0060541771715477,0.0428094973250619,0.0011130974136701,0.0011130974136701,0.0546256170293477,0.0560091677472918,0.219555937569384,0.0546416027834047,0.5342343046372839,0.5353474020509541,,,3318.2810141440523,114.90463099112432,114.90463099112432,300.0,,0.0180037767217246,,,21.648150495253503,0.0060096191531047,1.08841714391578,0.996650936387808,0.0203302199373523,3.2e-05,4.957422060086823,1.5431751780758878,1.526487214723545,0.5342343046372842,blogfeedback,matern52_h0,LO,0.001113097413669939,0.05462561702934769
26,PPI_global,1000,50,0.285,0.020012751037317,0.1415115196868496,0.0963931112152566,0.0963931112152566,0.1033499557157831,0.0388333400778992,0.152226693105365,0.0372957427748346,0.5342343046372839,0.6306274158525405,,,,,,,,,,,0.0,8.115968387573958e-05,8.115968387573958e-05,,,,,1.069943527109296,2.8880659774997035,0.5342343046372842,blogfeedback,matern52_h0,PPI,0.09639311121525629,0.10334995571578282
27,GH_P1_c300,1000,50,0.946,0.0069751746375621,0.0493219328618059,-0.0027201136453789,0.0027201136453789,0.0361650264115604,0.0357818785083288,0.140264963752649,0.036080630940078,0.4706474731241102,0.4679273594787313,4869.675251658629,1.0,1017.1327298003048,289.61791878877114,289.61791878877114,300.0,0.0,0.0023706234932301,0.0010027473886926,0.0013502514437338,21.85539428636432,0.006088250407949,1.098857964726165,0.9999819953236868,0.003303017902056,2.8e-05,23.00508838645451,1.0,1.0,0.47064747312411026,blogfeedback,matern52_h0,PPCI,-0.002720113645378941,0.03616502641156033
27,LO_GH_P1_c300w,1000,50,0.951,0.0059744353332361,0.0422456373789178,-0.0032265921528884,0.0032265921528884,0.0525361286452471,0.0540056512182348,0.2117021527754806,0.0524631899755561,0.4706474731241102,0.4674208809712217,,,1017.1327298003048,289.61791878877114,289.61791878877114,300.0,,0.0023696069886555,,,21.85539428636432,0.0060067911893129,1.0987765055075287,0.9999819953236868,0.003303017902056,2.8e-05,23.00508838645451,1.5093017323186133,1.4526777347645907,0.47064747312411026,blogfeedback,matern52_h0,LO,-0.0032265921528885633,0.052536128645247177
27,PPI_global,1000,50,0.01,0.0034992710611188,0.0247435829652696,0.1600175329653828,0.1600175329653828,0.1642514930843785,0.0387378265093898,0.1518522799168081,0.0370717741760603,0.4706474731241102,0.630665006089493,,,,,,,,,,,0.0,8.069756161421537e-05,8.069756161421537e-05,,,,,1.082610196118489,4.541721917058363,0.47064747312411026,blogfeedback,matern52_h0,PPI,0.1600175329653828,0.16425149308437845
28,GH_P1_c300,1000,50,0.939,0.0078623359461811,0.0555951106351144,-0.0006072336257876,0.0006072336257876,0.0377211323205861,0.0371383710125613,0.1455824143692404,0.03773511666738,0.4933590672455893,0.4927518336198015,4856.621047311173,1.0,1180.2568238486524,296.7118417602538,296.7118417602538,300.0,0.0,0.0024726960171358,0.0010542813900629,0.0014159560576731,21.864797399770467,0.0060917172459885,1.0993315872345115,0.999961302604266,0.0042441296544434,3.2e-05,21.94805528167717,1.0,1.0,0.49335906724558903,blogfeedback,matern52_h0,PPCI,-0.0006072336257875177,0.03772113232058611
28,LO_GH_P1_c300w,1000,50,0.95,0.0067005939426048,0.0473803541479342,-0.0022372493113294,0.0022372493113294,0.0556494699267423,0.0557916811350551,0.2187033900494161,0.055632303312178,0.4933590672455893,0.4911218179342597,,,1180.2568238486524,296.7118417602538,296.7118417602538,300.0,,0.0024713613132551,,,21.864797399770467,0.0060108712241053,1.099250741212629,0.999961302604266,0.0042441296544434,3.2e-05,21.94805528167717,1.5022651671012894,1.4752863051349052,0.49335906724558903,blogfeedback,matern52_h0,LO,-0.002237249311329348,0.05564946992674231
28,PPI_global,1000,50,0.034,0.0062986879100138,0.0445384493374854,0.1387095222273407,0.1387095222273407,0.1436273293118933,0.0387842697416047,0.1520343373870904,0.0372809339578112,0.4933590672455893,0.63206858947293,,,,,,,,,,,0.0,8.104080334305763e-05,8.104080334305763e-05,,,,,1.0443180108380814,3.807609169608871,0.49335906724558903,blogfeedback,matern52_h0,PPI,0.13870952222734095,0.1436273293118935
29,GH_P1_c300,1000,50,0.952,0.0063823736867681,0.0451301971398037,0.0021020863686468,0.0021020863686468,0.0361283812082003,0.0363929041755637,0.1426601843682097,0.0360852228055851,0.5490714179159467,0.5511735042845938,527.3510248718122,1.0,4598.321718067257,50.5752356438328,50.5752356438328,300.0,0.0,0.083521907924236,0.0328949003812947,0.0516569530418462,21.67770125452429,0.0060928415646776,1.089977904290892,0.9788874570266656,0.0438556409415401,3.0000000000000004e-05,1.5370572859615876,1.0,1.0,0.5490714179159469,blogfeedback,matern52_h0,PPCI,0.0021020863686468383,0.036128381208200305
29,LO_GH_P1_c300w,1000,50,0.946,0.0062007241183459,0.0438457407234937,-0.0014657061345221,0.0014657061345221,0.0561348906910386,0.0567100950176729,0.2223035724692778,0.0561438312569626,0.5490714179159467,0.5476057117814246,,,4598.321718067257,50.5752356438328,50.5752356438328,300.0,,0.0835143295030108,,,21.67770125452429,0.0060122633669525,1.089897326093167,0.9788874570266656,0.0438556409415401,3.0000000000000004e-05,1.5370572859615876,1.55827341352305,1.5537615806128973,0.5490714179159469,blogfeedback,matern52_h0,LO,-0.0014657061345223488,0.05613489069103864
29,PPI_global,1000,50,0.429,0.0204585195067522,0.1446635787626179,0.0837793934811576,0.0837793934811576,0.0917934789356743,0.0388314627313291,0.1522193339068104,0.0375295146186432,0.5490714179159467,0.6328508113971045,,,,,,,,,,,0.0,8.142584469169379e-05,8.142584469169379e-05,,,,,1.0670064291654655,2.540758148190688,0.5490714179159469,blogfeedback,matern52_h0,PPI,0.0837793934811576,0.09179347893567427
30,GH_P1_c300,1000,50,0.942,0.0071941018925795,0.0508699823278995,0.0005263420839651,0.0005263420839651,0.035995864507522,0.0360383807926594,0.1412704527072248,0.0360100256540054,0.5238804647326881,0.5244068068166533,687.4004742772544,1.0,2827.126500652623,57.75865639622838,57.75865639622838,300.0,0.0,0.0606291560273285,0.0245172634212973,0.0364622841085478,21.74418386362493,0.0060972243454307,1.0933064175266771,0.9927870954664886,0.0333446005245893,1.8e-05,2.353910123275277,1.0,1.0,0.523880464732688,blogfeedback,matern52_h0,PPCI,0.0005263420839652921,0.03599586450752194
30,LO_GH_P1_c300w,1000,50,0.951,0.0066224725637138,0.0468279525802393,-0.0009310340824969,0.0009310340824969,0.0543849507437345,0.05545532193877,0.2173848619999787,0.0544041897172861,0.5238804647326881,0.5229494306501912,,,2827.126500652623,57.75865639622838,57.75865639622838,300.0,,0.0606241927884969,,,21.74418386362493,0.0060155684622004,1.093224761643447,0.9927870954664886,0.0333446005245893,1.8e-05,2.353910123275277,1.538785059679088,1.510866636704053,0.523880464732688,blogfeedback,matern52_h0,LO,-0.0009310340824968399,0.05438495074373456
30,PPI_global,1000,50,0.185,0.0150678736498064,0.1065459563584021,0.1085621511688763,0.1085621511688763,0.1149385035005815,0.0388465801998271,0.1522785943833222,0.0377696368264938,0.5238804647326881,0.6324426159015645,,,,,,,,,,,0.0,8.132233750075103e-05,8.132233750075103e-05,,,,,1.0779224633682682,3.193103015391197,0.523880464732688,blogfeedback,matern52_h0,PPI,0.10856215116887646,0.11493850350058164
31,GH_P1_c300,1000,50,0.942,0.0077406955337966,0.05473498303048,0.0017631241940037,0.0017631241940037,0.0384410227991098,0.0382033873398629,0.1497572783722629,0.03841978275088,0.5118836534689175,0.5136467776629215,4216.965034285823,1.0,1313.9953735258862,275.0707540674257,275.0707540674257,300.0,0.0,0.0031452610026919,0.0013378468487041,0.0017948516971988,21.90345813477412,0.0060832443451508,1.1012561510838568,0.9999056371371068,0.0054805206948614,3.4e-05,19.211014431199235,1.0,1.0,0.5118836534689178,blogfeedback,matern52_h0,PPCI,0.0017631241940037068,0.03844102279910971
31,LO_GH_P1_c300w,1000,50,0.951,0.0072125174636367,0.0510002000796395,0.00098642081137,0.00098642081137,0.0566987488953799,0.0574864785087704,0.22534699575438,0.0567185339406495,0.5118836534689175,0.5128700742802877,,,1313.9953735258862,275.0707540674257,275.0707540674257,300.0,,0.0031439500930578,,,21.90345813477412,0.0060016877623274,1.1011745945010334,0.9999056371371068,0.0054805206948614,3.4e-05,19.211014431199235,1.504748204586211,1.4749542225159755,0.5118836534689178,blogfeedback,matern52_h0,LO,0.0009864208113699036,0.05669874889537984
31,PPI_global,1000,50,0.1,0.0106904496764969,0.0755928946018454,0.1204663561359192,0.1204663561359192,0.1263548938039921,0.0388908420643421,0.1524521008922213,0.0381427725611373,0.5118836534689175,0.6323500096048369,,,,,,,,,,,0.0,8.093980513513088e-05,8.093980513513088e-05,,,,,1.0179946013258847,3.286980538065136,0.5118836534689178,blogfeedback,matern52_h0,PPI,0.12046635613591905,0.12635489380399195
32,GH_P1_c300,1000,50,0.946,0.0081865993039396,0.057887998826728,0.0029965720462147,0.0029965720462147,0.0368659126542467,0.0364498531973986,0.1428834245338028,0.0367623113982477,0.5365754960126008,0.5395720680588153,566.5229278274662,1.0,3400.909168344611,51.16238604125617,51.16238604125617,300.0,0.0,0.0788152058498839,0.0316884844512613,0.0473464412730764,21.799357404429465,0.0061042618537321,1.0960721320752054,0.9833242290896336,0.0450403503432127,4.000000000000001e-05,1.8212573860617816,1.0,1.0,0.5365754960126006,blogfeedback,matern52_h0,PPCI,0.0029965720462147294,0.03686591265424669
32,LO_GH_P1_c300w,1000,50,0.954,0.0063631592718057,0.0449943307086389,0.0027381686892227,0.0027381686892227,0.0549298990440261,0.0563052284325876,0.2207164954557436,0.0548890612988282,0.5365754960126008,0.5393136647018233,,,3400.909168344611,51.16238604125617,51.16238604125617,300.0,,0.0788235370137265,,,21.799357404429465,0.0060229906365275,1.095990860858001,0.9833242290896336,0.0450403503432127,4.000000000000001e-05,1.8212573860617816,1.5447312812937752,1.489991569154833,0.5365754960126006,blogfeedback,matern52_h0,LO,0.0027381686892227197,0.054929899044026044
32,PPI_global,1000,50,0.312,0.0188203103489993,0.1330796907181282,0.0956648942149658,0.0956648942149658,0.1031794712612456,0.0388535114314267,0.1523057648111929,0.0386746303359349,0.5365754960126008,0.6322403902275664,,,,,,,,,,,0.0,8.269625250250101e-05,8.269625250250101e-05,,,,,1.0659442500635266,2.798777077050336,0.5365754960126006,blogfeedback,matern52_h0,PPI,0.09566489421496582,0.10317947126124555
33,GH_P1_c300,1000,50,0.944,0.0070912420834233,0.0501426536422406,-0.0016566391549757,0.0016566391549757,0.0361953722680825,0.0357484112385,0.1401337720549201,0.0361755330233682,0.4715080622625117,0.4698514231075361,4869.675251658629,1.0,991.088051214997,284.79898732330594,284.79898732330594,300.0,0.0,0.0024788590786523,0.0010298398771628,0.0014196696783956,21.94284357436001,0.0060821357918903,1.103224314509891,0.9999800006934966,0.003527705534545,2.2e-05,22.93686596078268,1.0,1.0,0.47150806226251174,blogfeedback,matern52_h0,PPCI,-0.0016566391549756587,0.03619537226808252
33,LO_GH_P1_c300w,1000,50,0.933,0.0087609989179782,0.0619496174487043,-0.0014968929452231,0.0014968929452231,0.0532197254907335,0.0543133342916644,0.2129082704233248,0.0532252893298272,0.4715080622625117,0.4700111693172886,,,991.088051214997,284.79898732330594,284.79898732330594,300.0,,0.0024780027565641,,,21.94284357436001,0.0060024062478914,1.103144584965892,0.9999800006934966,0.003527705534545,2.2e-05,22.93686596078268,1.519321626052308,1.4703461286862698,0.47150806226251174,blogfeedback,matern52_h0,LO,-0.0014968929452231494,0.053219725490733526
33,PPI_global,1000,50,0.008,0.0033073819722257,0.0233867222053498,0.1586926791655432,0.1586926791655432,0.1632772572325582,0.0387382772739328,0.1518540469138167,0.0384392232300742,0.4715080622625117,0.6302007414280552,,,,,,,,,,,0.0,8.122911397367715e-05,8.122911397367715e-05,,,,,1.0836363332480856,4.510998147034886,0.47150806226251174,blogfeedback,matern52_h0,PPI,0.15869267916554342,0.16327725723255837
34,GH_P1_c300,1000,50,0.944,0.0079076300017703,0.0559153879736597,0.0070997481708324,0.0070997481708324,0.0380922028835708,0.0372780567884337,0.1461299826106604,0.0374434441249977,0.5435324474308562,0.5506321956016886,368.2275265115973,1.0,3365.9393355921816,38.17602547542134,38.17602547542134,300.0,0.0,0.1390822145548958,0.0554878537985122,0.0834017272856821,21.68428286563605,0.0060959211653098,1.0903100644471122,0.9704174142998784,0.0604314250877907,3.4e-05,1.1911662855898366,1.0,1.0,0.5435324474308562,blogfeedback,matern52_h0,PPCI,0.007099748170832476,0.03809220288357083
34,LO_GH_P1_c300w,1000,50,0.949,0.0064665544558607,0.045725445066512,0.0093808672177276,0.0093808672177276,0.0583814870614576,0.0577860433991381,0.2265212901246215,0.057651722288526,0.5435324474308562,0.5529133146485837,,,3365.9393355921816,38.17602547542134,38.17602547542134,300.0,,0.1390966130678928,,,21.68428286563605,0.006012821836397,1.0902269651181995,0.9704174142998784,0.0604314250877907,3.4e-05,1.1911662855898366,1.5501356126767674,1.5326361470850374,0.5435324474308562,blogfeedback,matern52_h0,LO,0.009380867217727573,0.05838148706145749
34,PPI_global,1000,50,0.398,0.0191641672431245,0.1355111261340649,0.0861203399039313,0.0861203399039313,0.0944397338223066,0.0387337140782709,0.151836159186822,0.0387769781351353,0.5435324474308562,0.6296527873347875,,,,,,,,,,,0.0,8.08884147554636e-05,8.08884147554636e-05,,,,,1.039048636523586,2.479240544606005,0.5435324474308562,blogfeedback,matern52_h0,PPI,0.08612033990393131,0.09443973382230667
35,GH_P1_c300,1000,50,0.949,0.0070696245895192,0.0499897948769219,-0.0027703092491579,0.0027703092491579,0.0358903326101484,0.0355826181862068,0.1394838632899307,0.0358011603808554,0.5151712281519912,0.5124009189028333,1575.6616034836857,1.0,2645.2994571070503,115.63995754772836,115.63995754772836,300.0,0.0,0.0214252218773886,0.0087355018434347,0.0137633362497418,21.78446798639372,0.0060831092819571,1.0953065086016431,0.9988710542551732,0.0132144238330226,4.000000000000001e-05,5.495533251949321,1.0,1.0,0.5151712281519913,blogfeedback,matern52_h0,PPCI,-0.0027703092491579984,0.03589033261014845
35,LO_GH_P1_c300w,1000,50,0.936,0.0084563706211135,0.0597955701041609,-0.0025826944425004,0.0025826944425004,0.0551803310284209,0.0546495987378896,0.2142264270525274,0.0551474374897371,0.5151712281519912,0.5125885337094909,,,2645.2994571070503,115.63995754772836,115.63995754772836,300.0,,0.0214272465350215,,,21.78446798639372,0.0060014238730072,1.095224823192693,0.9988710542551732,0.0132144238330226,4.000000000000001e-05,5.495533251949321,1.53585097228944,1.5374705948759555,0.5151712281519913,blogfeedback,matern52_h0,LO,-0.002582694442500477,0.0551803310284208
35,PPI_global,1000,50,0.149,0.0135141649043225,0.0955595764591975,0.1142960683178871,0.1142960683178871,0.1206007210228474,0.0386633528810841,0.1515603432938497,0.038502274003063,0.5151712281519912,0.6294672964698784,,,,,,,,,,,0.0,8.222923707216979e-05,8.222923707216979e-05,,,,,1.086579764275792,3.360256432640189,0.5151712281519913,blogfeedback,matern52_h0,PPI,0.11429606831788708,0.12060072102284732
36,GH_P1_c300,1000,50,0.955,0.0064285714285714,0.0454568645048494,0.002941177860593,0.002941177860593,0.0390027204015394,0.0401096647773209,0.1572298859270982,0.038911126265636,0.6127330673110177,0.6156742451716108,4216.965034285823,1.0,3884.455287563128,278.3809354347329,278.3809354347329,300.0,0.0,0.004372356782845,0.0015846606518743,0.0028099051370992,21.6174011108838,0.0060863234195858,1.086956378963776,0.998841036570596,0.0119192434614384,4.6000000000000014e-05,12.54081648301473,1.0,1.0,0.612733067311018,blogfeedback,matern52_h0,PPCI,0.0029411778605928918,0.039002720401539286
36,LO_GH_P1_c300w,1000,50,0.951,0.006774803257931,0.0479050932488777,0.0027879368859346,0.0027879368859346,0.0644456702774569,0.0649780282149001,0.2547138706024087,0.0644175554245705,0.6127330673110177,0.6155210041969525,,,3884.455287563128,278.3809354347329,278.3809354347329,300.0,,0.0043712861090457,,,21.6174011108838,0.0060044001406058,1.086874455684796,0.998841036570596,0.0119192434614384,4.6000000000000014e-05,12.54081648301473,1.6200092565131683,1.6523378270535547,0.612733067311018,blogfeedback,matern52_h0,LO,0.0027879368859345943,0.0644456702774569
36,PPI_global,1000,50,0.942,0.0083739147941444,0.0592125193601791,0.0162688042951758,0.0162688042951758,0.0412536245489471,0.038621965738185,0.1513981056936852,0.0379292258212867,0.6127330673110177,0.6290018716061938,,,,,,,,,,,0.0,8.08729464188218e-05,8.08729464188218e-05,,,,,0.9629092128444529,1.0577114653602189,0.612733067311018,blogfeedback,matern52_h0,PPI,0.016268804295175854,0.04125362454894711
37,GH_P1_c300,1000,50,0.948,0.0069927075717259,0.0494459094282193,-0.0028630586901794,0.0028630586901794,0.0346037731423744,0.0355988665323117,0.1395475568066621,0.0345023828894549,0.4670671614320661,0.4642041027418867,4869.675251658629,1.0,1002.6943217513112,285.3252569214936,285.3252569214936,300.0,0.0,0.0024186760932157,0.0010176381866835,0.0013801677154822,21.99344561541453,0.0061011867839843,1.1057734675547108,0.9999784610416688,0.0036913992409256,3.6e-05,22.83473645428849,1.0,1.0,0.46706716143206634,blogfeedback,matern52_h0,PPCI,-0.0028630586901796096,0.03460377314237441
37,LO_GH_P1_c300w,1000,50,0.934,0.0077512342664288,0.0548095031235739,-0.0029753311151651,0.0029753311151651,0.0532285536799421,0.053795124551748,0.2108768882428522,0.0531719247836563,0.4670671614320661,0.464091830316901,,,1002.6943217513112,285.3252569214936,285.3252569214936,300.0,,0.0024178667999028,,,21.99344561541453,0.0060176058551296,1.105689886625856,0.9999784610416688,0.0036913992409256,3.6e-05,22.83473645428849,1.51114711764545,1.5382297606950996,0.46706716143206634,blogfeedback,matern52_h0,LO,-0.002975331115165347,0.05322855367994208
37,PPI_global,1000,50,0.007,0.0024784787961282,0.0175254916376932,0.162098295306167,0.162098295306167,0.1663037467614028,0.0386896512537479,0.1516634329146919,0.0371814645626351,0.4670671614320661,0.6291654567382333,,,,,,,,,,,0.0,8.217102941125632e-05,8.217102941125632e-05,,,,,1.0868225598877084,4.805942579647584,0.46706716143206634,blogfeedback,matern52_h0,PPI,0.16209829530616698,0.16630374676140278
38,GH_P1_c300,1000,50,0.962,0.0058134256998216,0.0411071273426804,0.0054343591108552,0.0054343591108552,0.0395227966250129,0.0414174122372211,0.162356255969907,0.0391669918089679,0.6607138647772135,0.6661482238880687,4216.965034285823,1.0,11201.18965530405,279.4330834748049,279.4330834748049,300.0,0.0,0.0057413583970826,0.0017104862095191,0.0041571746782355,21.3268364918232,0.0060581103572621,1.072399934948422,0.9964437051203372,0.0138578811568621,5.400000000000001e-05,9.824236674057651,1.0,1.0,0.6607138647772136,blogfeedback,matern52_h0,PPCI,0.005434359110855103,0.03952279662501287
38,LO_GH_P1_c300w,1000,50,0.952,0.0068452277432633,0.0484030695602783,0.0045053079821861,0.0045053079821861,0.0724053587985064,0.073134699706051,0.2866880228477201,0.0723012147088447,0.6607138647772135,0.6652191727593996,,,11201.18965530405,279.4330834748049,279.4330834748049,300.0,,0.0057356372588439,,,21.3268364918232,0.0059721506061032,1.072313975197263,0.9964437051203372,0.0138578811568621,5.400000000000001e-05,9.824236674057651,1.765795972166654,1.8319897624016552,0.6607138647772136,blogfeedback,matern52_h0,LO,0.004505307982185958,0.0724053587985063
38,PPI_global,1000,50,0.873,0.0140850188179512,0.0995961231931345,-0.0308575643831044,0.0308575643831044,0.0480604539051139,0.0388120891401027,0.1521433894292027,0.0368643042364152,0.6607138647772135,0.629856300394109,,,,,,,,,,,0.0,8.142096735537052e-05,8.142096735537052e-05,,,,,0.9370959469366104,1.2160185515489998,0.6607138647772136,blogfeedback,matern52_h0,PPI,-0.030857564383104608,0.048060453905114035
39,GH_P1_c300,1000,50,0.957,0.0067021166318513,0.0473911211868524,-0.0022213887729207,0.0022213887729207,0.033751307599956,0.0354848328819567,0.1391005448972705,0.0336949780853848,0.4721923155713748,0.4699709267984538,4869.675251658629,1.0,1135.1318485978263,290.81957522447857,290.81957522447857,300.0,0.0,0.0023633806417234,0.0009887785747247,0.0013617834230489,21.68908254196868,0.0060712376907467,1.0905253647891804,0.999968160283585,0.0041883150989438,4.000000000000001e-05,21.929135924953275,1.0,1.0,0.4721923155713749,blogfeedback,matern52_h0,PPCI,-0.002221388772921107,0.03375130759995599
39,LO_GH_P1_c300w,1000,50,0.947,0.0073415229471597,0.0519124066017332,-0.002454248636789,0.002454248636789,0.052156346569297,0.0538268887520051,0.2110014039078603,0.0521246403269572,0.4721923155713748,0.4697380669345857,,,1135.1318485978263,290.81957522447857,290.81957522447857,300.0,,0.0023624633835675,,,21.68908254196868,0.0059865393498912,1.0904406664483248,0.999968160283585,0.0041883150989438,4.000000000000001e-05,21.929135924953275,1.5168984712726357,1.5453133605219196,0.4721923155713749,blogfeedback,matern52_h0,LO,-0.0024542486367892247,0.052156346569297005
39,PPI_global,1000,50,0.012,0.0033685217493004,0.0238190457150472,0.1581674680204465,0.1581674680204465,0.1622888647861564,0.0388447260683281,0.1522713261878462,0.0363600019708979,0.4721923155713748,0.6303597835918213,,,,,,,,,,,0.0,8.084000833332538e-05,8.084000833332538e-05,,,,,1.0946853321121257,4.808372662467389,0.4721923155713749,blogfeedback,matern52_h0,PPI,0.1581674680204464,0.16228886478615626
40,GH_P1_c300,1000,50,0.963,0.0058571428571428,0.0414162543266406,0.0047539483778606,0.0047539483778606,0.0348116160557004,0.0365915229386978,0.1434387699196954,0.0345027394022038,0.5358894014081726,0.5406433497860332,387.2936141119555,1.0,3238.612372138087,39.1475549605315,39.1475549605315,300.0,0.0,0.1262494969453732,0.0510300524163564,0.0770335973528532,21.613654737900944,0.0060825665267184,1.0867653034217657,0.9733335283857188,0.0585676921227954,4.200000000000001e-05,1.2698539528814536,1.0,1.0,0.5358894014081726,blogfeedback,matern52_h0,PPCI,0.004753948377860584,0.034811616055700344
40,LO_GH_P1_c300w,1000,50,0.955,0.0070348984298543,0.0497442438470861,0.0037426886438973,0.0037426886438973,0.0546390968035417,0.0563583374106933,0.2209246826499178,0.0545380379075049,0.5358894014081726,0.53963209005207,,,3238.612372138087,39.1475549605315,39.1475549605315,300.0,,0.1262427689969617,,,21.613654737900944,0.0059991496941074,1.0866818865891543,0.9733335283857188,0.0585676921227954,4.200000000000001e-05,1.2698539528814536,1.5402020163279642,1.5695650760974809,0.5358894014081726,blogfeedback,matern52_h0,LO,0.003742688643897374,0.05463909680354169
40,PPI_global,1000,50,0.278,0.0194390727921989,0.1374550019134277,0.0955725573790083,0.0955725573790083,0.1022039246091464,0.0389312402182496,0.1526104616555387,0.0362331522624117,0.5358894014081726,0.6314619587871809,,,,,,,,,,,0.0,8.242808096110821e-05,8.242808096110821e-05,,,,,1.0639415113569233,2.935914392644535,0.5358894014081726,blogfeedback,matern52_h0,PPI,0.09557255737900827,0.10220392460914635
41,GH_P1_c300,1000,50,0.961,0.0064349175026029,0.0455017380246656,4.702066908426339e-06,4.702066908426339e-06,0.034069982593232,0.035412935098915,0.1388187055877469,0.034087030046795,0.4658793556773484,0.4658840577442569,4869.675251658629,1.0,1083.2452699967394,287.41281728065843,287.41281728065843,300.0,0.0,0.0023797478860159,0.0010002723238553,0.0013456313616479,21.76443476483226,0.0060766382738947,1.094298376515508,0.9999703409449866,0.0041630728544269,3.800000000000001e-05,22.175869539199645,1.0,1.0,0.46587935567734856,blogfeedback,matern52_h0,PPCI,4.702066908335301e-06,0.03406998259323194
41,LO_GH_P1_c300w,1000,50,0.94,0.0086896607575688,0.0614451804788759,0.0004634110912492,0.0004634110912492,0.0531976597121133,0.0535453170894189,0.2098976429905223,0.0532222590451041,0.4658793556773484,0.4663427667685977,,,1083.2452699967394,287.41281728065843,287.41281728065843,300.0,,0.0023792555223532,,,21.76443476483226,0.0059923189599066,1.0942140572015198,0.9999703409449866,0.0041630728544269,3.800000000000001e-05,22.175869539199645,1.5120270867087615,1.5614231550174316,0.46587935567734856,blogfeedback,matern52_h0,LO,0.00046341109124914404,0.05319765971211322
41,PPI_global,1000,50,0.007,0.0031975756122284,0.0226102739876348,0.1664142985321083,0.1664142985321083,0.1703870859882379,0.038940501584137,0.152646766209817,0.036597536738486,0.4658793556773484,0.6322936542094568,,,,,,,,,,,0.0,8.150674495846033e-05,8.150674495846033e-05,,,,,1.0996123725799285,5.001091078399474,0.46587935567734856,blogfeedback,matern52_h0,PPI,0.16641429853210826,0.17038708598823785
42,GH_P1_c300,1000,50,0.949,0.0078882501098734,0.0557783514438703,0.0011061442222405,0.0011061442222405,0.0352829274820541,0.0360394277823436,0.1412745569067872,0.0352832300531921,0.4720128793598121,0.4731190235820529,4869.675251658629,1.0,985.565647675858,285.497947681625,285.497947681625,300.0,0.0,0.0024790639810482,0.0010395906209904,0.0014110066541104,21.84461058519781,0.0060776045881211,1.0983081338480116,0.9999803802061042,0.0035143679484949,1.8e-05,23.044457669326285,1.0,1.0,0.47201287935981223,blogfeedback,matern52_h0,PPCI,0.001106144222240646,0.0352829274820541
42,LO_GH_P1_c300w,1000,50,0.938,0.0086378379759034,0.0610787380755198,0.0017128499796707,0.0017128499796707,0.0543109472639414,0.0546109389390429,0.2140748806410484,0.0543110930886707,0.4720128793598121,0.4737257293394831,,,985.565647675858,285.497947681625,285.497947681625,300.0,,0.0024781538751305,,,21.84461058519781,0.0059954899316653,1.0982260191915558,0.9999803802061042,0.0035143679484949,1.8e-05,23.044457669326285,1.5153109330386698,1.539298214173571,0.47201287935981223,blogfeedback,matern52_h0,LO,0.0017128499796708607,0.05431094726394143
42,PPI_global,1000,50,0.013,0.0044744170752473,0.031638906557643,0.1603042463202634,0.1603042463202634,0.1646246160063698,0.0390197193752753,0.1529572999510792,0.0374862378075206,0.4720128793598121,0.6323171256800757,,,,,,,,,,,0.0,8.260489348322153e-05,8.260489348322153e-05,,,,,1.0826953083420412,4.665843447659002,0.47201287935981223,blogfeedback,matern52_h0,PPI,0.16030424632026347,0.16462461600636985
43,GH_P1_c300,1000,50,0.949,0.0069237833234586,0.0489585413948394,0.0097081533899904,0.0097081533899904,0.0421950034419047,0.0420079528535178,0.1646711751857901,0.041083548181114,0.6652791651593303,0.6749873185493208,4216.965034285823,1.0,10977.246609697626,278.7527101820468,278.7527101820468,300.0,0.0,0.0060393538212358,0.0017643272615384,0.0042904616319036,21.54350727269426,0.0060676873996853,1.0832430510343984,0.9965699445222452,0.0143123185349385,3.2e-05,9.851411843542444,1.0,1.0,0.6652791651593305,blogfeedback,matern52_h0,PPCI,0.009708153389990315,0.04219500344190466
43,LO_GH_P1_c300w,1000,50,0.951,0.0069237833234586,0.0489585413948394,0.0129067721693169,0.0129067721693169,0.0749552282967557,0.0747390694283082,0.2929771521589684,0.0738725838171912,0.6652791651593303,0.6781859373286473,,,10977.246609697626,278.7527101820468,278.7527101820468,300.0,,0.0060304050705132,,,21.54350727269426,0.0059825783418491,1.0831579419765622,0.9965699445222452,0.0143123185349385,3.2e-05,9.851411843542444,1.7791647617041493,1.776400573114212,0.6652791651593305,blogfeedback,matern52_h0,LO,0.012906772169316794,0.07495522829675566
43,PPI_global,1000,50,0.87,0.011780301787479,0.0832993127835042,-0.0314616946755061,0.0314616946755061,0.0494338824000399,0.0389624885089287,0.1527329549550005,0.0381487329161705,0.6652791651593303,0.6338174704838241,,,,,,,,,,,0.0,8.399805519729853e-05,8.399805519729853e-05,,,,,0.927502671810532,1.1715577288221315,0.6652791651593305,blogfeedback,matern52_h0,PPI,-0.03146169467550641,0.049433882400040055
44,GH_P1_c300,1000,50,0.937,0.0090135951739127,0.0637357427034406,0.0158545150757658,0.0158545150757658,0.0408392213852204,0.038241801552439,0.149907862085561,0.0376549365862256,0.5506213080158434,0.566475823091609,468.03892886205153,1.0,3145.6776912031014,43.999163920590696,43.999163920590696,300.0,0.0,0.1131947023456262,0.0453729126361393,0.0674385451175039,21.65600660886616,0.0060750193176791,1.0888753497609869,0.9764763839676804,0.0547320411465153,3.800000000000001e-05,1.548486387243304,1.0,1.0,0.5506213080158435,blogfeedback,matern52_h0,PPCI,0.01585451507576552,0.040839221385220295
44,LO_GH_P1_c300w,1000,50,0.953,0.0074792229215476,0.0528860924583222,0.0167395212914912,0.0167395212914912,0.0610709453763338,0.0591266361435789,0.2317764136828295,0.0587613963226594,0.5506213080158434,0.5673608293073346,,,3145.6776912031014,43.999163920590696,43.999163920590696,300.0,,0.1132008113195013,,,21.65600660886616,0.0059907813770696,1.0887911118203772,0.9764763839676804,0.0547320411465153,3.800000000000001e-05,1.548486387243304,1.5461258032653509,1.4953993564244397,0.5506213080158435,blogfeedback,matern52_h0,LO,0.016739521291491033,0.061070945376333764
44,PPI_global,1000,50,0.401,0.0231891072246766,0.1639717496823082,0.0840542401928447,0.0840542401928447,0.0921272444507158,0.0388909147623428,0.1524523858683839,0.0377324477512234,0.5506213080158434,0.634675548208688,,,,,,,,,,,0.0,8.196774031966925e-05,8.196774031966925e-05,,,,,1.0169739181616144,2.255852127583811,0.5506213080158435,blogfeedback,matern52_h0,PPI,0.08405424019284446,0.09212724445071552
45,GH_P1_c300,1000,50,0.952,0.0086849623734689,0.061411957886299,0.0034434953442838,0.0034434953442838,0.0381017382905683,0.0384559087867445,0.1507471624440385,0.0379648011545373,0.5407056155862192,0.544149110930503,4216.965034285823,1.0,1758.0136462054472,274.0454378924804,274.0454378924804,300.0,0.0,0.0035141917327588,0.0013957396927732,0.0021676194133561,21.779890217315405,0.0060639633676037,1.0950584742333738,0.9998580340322978,0.0062235557451996,3.6e-05,16.725619703351732,1.0,1.0,0.5407056155862189,blogfeedback,matern52_h0,PPCI,0.00344349534428412,0.038101738290568316
45,LO_GH_P1_c300w,1000,50,0.955,0.0073192505471139,0.0517549169506765,0.0041373114471427,0.0041373114471427,0.0587615744273109,0.0596697317465278,0.2339053484463891,0.0586450724928653,0.5407056155862192,0.5448429270333618,,,1758.0136462054472,274.0454378924804,274.0454378924804,300.0,,0.0035124178804192,,,21.779890217315405,0.0059796658847481,1.0949741767505183,0.9998580340322978,0.0062235557451996,3.6e-05,16.725619703351732,1.5516401413739462,1.5422281781263687,0.5407056155862189,blogfeedback,matern52_h0,LO,0.004137311447142911,0.05876157442731085
45,PPI_global,1000,50,0.321,0.023694053331275,0.1675422578434029,0.0925688472817726,0.0925688472817726,0.0999744364825371,0.03890764398646,0.1525179644269232,0.037779938945311,0.5407056155862192,0.6332744628679917,,,,,,,,,,,0.0,8.2466721534729e-05,8.2466721534729e-05,,,,,1.0117468345949274,2.623881244475525,0.5407056155862189,blogfeedback,matern52_h0,PPI,0.09256884728177284,0.09997443648253737
46,GH_P1_c300,1000,50,0.955,0.0070348984298543,0.0497442438470861,0.0012297622800972,0.0012297622800972,0.034976604883306,0.0359100326948089,0.140767328163651,0.0349724698519407,0.5118761213875348,0.5131058836676321,1784.2502087589608,1.0,2439.569579123769,128.73700567972608,128.73700567972608,300.0,0.0,0.0156383783530865,0.0064532494452182,0.0096995020388758,21.62428625624627,0.0060696387514472,1.087283951563761,0.9991994556055848,0.0117471726320782,3.0000000000000004e-05,6.413270765099035,1.0,1.0,0.5118761213875349,blogfeedback,matern52_h0,PPCI,0.0012297622800971908,0.03497660488330601
46,LO_GH_P1_c300w,1000,50,0.953,0.0073415229471597,0.0519124066017332,0.0035652656571268,0.0035652656571268,0.0532415048008155,0.054820860208078,0.2148977720156658,0.0531485793388225,0.5118761213875348,0.5154413870446617,,,2439.569579123769,128.73700567972608,128.73700567972608,300.0,,0.0156450529758436,,,21.62428625624627,0.0059854205613955,1.0871997333737091,0.9991994556055848,0.0117471726320782,3.0000000000000004e-05,6.413270765099035,1.526616828059942,1.5222033407315378,0.5118761213875349,blogfeedback,matern52_h0,LO,0.0035652656571267816,0.05324150480081553
46,PPI_global,1000,50,0.107,0.0111584140486734,0.0789019024110422,0.122086805332095,0.122086805332095,0.127701810450233,0.0389810755768894,0.1528058162614064,0.0374695653083239,0.5118761213875348,0.6339629267196298,,,,,,,,,,,0.0,8.181953616440297e-05,8.181953616440297e-05,,,,,1.0855204702312735,3.651063643149183,0.5118761213875349,blogfeedback,matern52_h0,PPI,0.12208680533209493,0.12770181045023282
47,GH_P1_c300,1000,50,0.954,0.0060339177376979,0.0426662414944802,-0.0006860430136839,0.0006860430136839,0.0352090324013991,0.0361526985341059,0.1417185782536952,0.0352199624272873,0.5488502892908907,0.5481642462772067,582.526492852764,1.0,5142.7567213597285,54.66691253828697,54.66691253828697,300.0,0.0,0.0757944304788868,0.029974172683075,0.0476751123167459,21.552594301048668,0.0060663653025403,1.0836960803549738,0.9882850062179268,0.0315522245313713,2.8000000000000003e-05,1.6371277694202857,1.0,1.0,0.5488502892908906,blogfeedback,matern52_h0,PPCI,-0.0006860430136839124,0.03520903240139914
47,LO_GH_P1_c300w,1000,50,0.951,0.008267220740703,0.0584580784731717,0.0002709935426797,0.0002709935426797,0.0547666551128022,0.0562879858883055,0.2206489046821576,0.0547933881972504,0.5488502892908907,0.5491212828335704,,,5142.7567213597285,54.66691253828697,54.66691253828697,300.0,,0.0758229109148733,,,21.552594301048668,0.0059831866500899,1.0836129017025231,0.9882850062179268,0.0315522245313713,2.8000000000000003e-05,1.6371277694202857,1.5569511591286682,1.5554717462393497,0.5488502892908906,blogfeedback,matern52_h0,LO,0.00027099354267978715,0.05476665511280216
47,PPI_global,1000,50,0.403,0.0239646849019339,0.1694559120315634,0.0849949541793085,0.0849949541793085,0.092922570161921,0.0388624209742048,0.1523406902188831,0.0375749076277988,0.5488502892908907,0.6338452434701993,,,,,,,,,,,0.0,8.204489015042782e-05,8.204489015042782e-05,,,,,1.0749521488013585,2.63916852648948,0.5488502892908906,blogfeedback,matern52_h0,PPI,0.08499495417930869,0.09292257016192115
48,GH_P1_c300,1000,50,0.963,0.0056802558148774,0.0401654740557415,-0.0008584161114766,0.0008584161114766,0.0345829319340596,0.0355337349623757,0.1392922410525127,0.0345895756215226,0.4912493776421074,0.4903909615306306,4216.965034285823,1.0,1734.4055273922393,275.9613787558278,275.9613787558278,300.0,0.0,0.0028012991429605,0.0011765049040732,0.0016462507170803,21.732118415478617,0.0060795949036255,1.0926855156775566,0.9999448355609308,0.0039619521208908,2.8000000000000003e-05,16.864688996536476,1.0,1.0,0.49124937764210713,blogfeedback,matern52_h0,PPCI,-0.0008584161114765232,0.034582931934059556
48,LO_GH_P1_c300w,1000,50,0.949,0.0073526338471187,0.0519909725287938,-0.0011179692823512,0.0011179692823512,0.0531947996196839,0.0538909453692078,0.2112525058472949,0.0532096618987701,0.4912493776421074,0.490131408359756,,,1734.4055273922393,275.9613787558278,275.9613787558278,300.0,,0.0028009240200227,,,21.732118415478617,0.0059976202873513,1.0926035410612822,0.9999448355609308,0.0039619521208908,2.8000000000000003e-05,16.864688996536476,1.516613590613804,1.5381807338114704,0.49124937764210713,blogfeedback,matern52_h0,LO,-0.001117969282351139,0.05319479961968393
48,PPI_global,1000,50,0.038,0.0059863790970734,0.0423300925429401,0.1411149934434365,0.1411149934434365,0.1460524463917445,0.0389335612664453,0.1526195601644659,0.037673532054876,0.4912493776421074,0.6323643710855438,,,,,,,,,,,0.0,8.189090713858604e-05,8.189090713858604e-05,,,,,1.0956788333021996,4.22325228729095,0.49124937764210713,blogfeedback,matern52_h0,PPI,0.14111499344343664,0.14605244639174464
49,GH_P1_c300,1000,50,0.96,0.0053452248382484,0.0377964473009227,-0.0014361487593674,0.0014361487593674,0.0344794987250707,0.0353278184656631,0.1384850483853993,0.034466814043997,0.4676325142340538,0.4661963654746865,4869.675251658629,1.0,1056.9863398360062,287.5762386892127,287.5762386892127,300.0,0.0,0.0023513425306696,0.0009921770738194,0.0013727054713935,21.82953110659495,0.0060559491729363,1.0975325045026838,0.9999732944938572,0.0039570222624,2.4e-05,22.42974160181396,1.0,1.0,0.46763251423405383,blogfeedback,matern52_h0,PPCI,-0.0014361487593673172,0.03447949872507078
49,LO_GH_P1_c300w,1000,50,0.937,0.0079295366207873,0.0560702911622581,-0.0023010328465005,0.0023010328465005,0.0531602637252215,0.0534252165665992,0.2094268489410689,0.0531370156256826,0.4676325142340538,0.4653314813875535,,,1056.9863398360062,287.5762386892127,287.5762386892127,300.0,,0.0023502513408147,,,21.82953110659495,0.0059718603659421,1.0974484156956896,0.9999732944938572,0.0039570222624,2.4e-05,22.42974160181396,1.5122704680597785,1.541793404512798,0.46763251423405383,blogfeedback,matern52_h0,LO,-0.0023010328465003504,0.05316026372522155
49,PPI_global,1000,50,0.006,0.0023211538298959,0.0164130361329657,0.1641855507342679,0.1641855507342679,0.1685110577739033,0.0388436066149199,0.1522669379304862,0.0379542098351305,0.4676325142340538,0.6318180649683219,,,,,,,,,,,0.0,8.217600919306278e-05,8.217600919306278e-05,,,,,1.0995189712230329,4.887282704356004,0.46763251423405383,blogfeedback,matern52_h0,PPI,0.1641855507342681,0.16851105777390346
0,GH_P1_c300,1000,50,0.952,0.0066944997222057,0.0473372615022311,-0.0016714584096882,0.0016714584096882,0.0349990294527481,0.0357286955802926,0.1400564866747473,0.0349765871844307,0.5148905614993183,0.5132191030896299,4216.965034285823,1.0,2764.9159000286904,285.0572676389217,285.0572676389217,300.0,0.0,0.0028353170150011,0.0011683774823621,0.0017041772188035,21.651172479819508,0.0060810205163434,1.088639644507319,0.9999198334520956,0.0039294892222452,3.4e-05,14.243478572883909,1.0,1.0,0.5327970766497635,blogfeedback,matern52_1.2h0,PPCI,-0.019577973560133577,0.04006788412357585
0,LO_GH_P1_c300w,1000,50,0.939,0.0090677720414619,0.064118831007715,-0.0042976430806853,0.0042976430806853,0.0550027001406055,0.0545559491827567,0.2138593207964066,0.0548619825000176,0.5148905614993183,0.5105929184186329,,,2764.9159000286904,285.0572676389217,285.0572676389217,300.0,,0.0028343830703534,,,21.651172479819508,0.0059964810563251,1.0885551050473006,0.9999198334520956,0.0039294892222452,3.4e-05,14.243478572883909,1.5269504888627643,1.5715492972416338,0.5327970766497635,blogfeedback,matern52_1.2h0,LO,-0.022204158231130644,0.059159546393304036
0,PPI_global,1000,50,0.169,0.0126079016364131,0.089151327436407,0.1137753411122349,0.1137753411122349,0.1200696380352842,0.0389646222595349,0.1527413192573771,0.038384412146268,0.5148905614993183,0.6286659026115532,,,,,,,,,,,0.0,8.163938112556935e-05,8.163938112556935e-05,,,,,1.0905694044152898,3.4306562185499776,0.5327970766497635,blogfeedback,matern52_1.2h0,PPI,0.0958688259617897,0.10326045479277472
1,GH_P1_c300,1000,50,0.948,0.0080761680143443,0.0571071316894476,0.0126663690083853,0.0126663690083853,0.0387680258215658,0.0378133997925504,0.1482285271867978,0.0366587887011292,0.5411188887218189,0.5537852577302043,516.6820278047704,1.0,2328.504722568189,45.12040514519824,45.12040514519824,300.0,0.0,0.1060867028911878,0.0409917554582017,0.0664106697781181,21.688584318961947,0.0060988213233649,1.0905280372714623,0.987446714690424,0.0470360692126222,2.6e-05,1.916494596672594,1.0,1.0,0.5528822344696166,blogfeedback,matern52_1.2h0,PPCI,0.0009030232605876654,0.036651580774288116
1,LO_GH_P1_c300w,1000,50,0.955,0.006738557951469,0.0476488002290226,0.0118314382478107,0.0118314382478107,0.0607799744849307,0.0595109655239494,0.2332829848538816,0.0596471302538906,0.5411188887218189,0.5529503269696298,,,2328.504722568189,45.12040514519824,45.12040514519824,300.0,,0.1060299674809739,,,21.688584318961947,0.006014396241866,1.0904436121899632,0.987446714690424,0.0470360692126222,2.6e-05,1.916494596672594,1.5738062657797174,1.567786163904178,0.5528822344696166,blogfeedback,matern52_1.2h0,LO,6.809250001316158e-05,0.059617338115397475
1,PPI_global,1000,50,0.366,0.0193485748038137,0.1368150845007186,0.0882520116670308,0.0882520116670308,0.0959125355310301,0.0389655769335099,0.152745061579359,0.0375793709078691,0.5411188887218189,0.6293709003888498,,,,,,,,,,,0.0,8.214258402585983e-05,8.214258402585983e-05,,,,,1.030470075351079,2.474011340491734,0.5528822344696166,blogfeedback,matern52_1.2h0,PPI,0.0764886659192332,0.08521333770494754
2,GH_P1_c300,1000,50,0.963,0.0066715968164774,0.0471753135027381,0.0031000878427314,0.0031000878427314,0.0355827186077468,0.0369040733419425,0.1446639675004148,0.0354651532631881,0.5560387350995598,0.5591388229422912,513.3896678819067,1.0,5361.014422453836,50.64614140428966,50.64614140428966,300.0,0.0,0.0896437374004887,0.035332627502626,0.0557363078125149,22.93513042896986,0.0068440406080335,1.1536005620565264,0.9793324567821424,0.040180856355493,4.600000000000001e-05,1.4304447161534868,1.0,1.0,0.5693829612231623,blogfeedback,matern52_1.2h0,PPCI,-0.010244138280871118,0.03689799029761715
2,LO_GH_P1_c300w,1000,50,0.954,0.0075376605475845,0.0532993088747932,0.0039571237161062,0.0039571237161062,0.0578984514276837,0.0576452928122388,0.2259695478239764,0.0577919696963225,0.5560387350995598,0.559995858815666,,,5361.014422453836,50.64614140428966,50.64614140428966,300.0,,0.0896680644237925,,,22.93513042896986,0.0067540891449898,1.1535106105934827,0.9793324567821424,0.040180856355493,4.600000000000001e-05,1.4304447161534868,1.5620306267580308,1.6271508668558672,0.5693829612231623,blogfeedback,matern52_1.2h0,LO,-0.009387102407496295,0.05852084706519635
2,PPI_global,1000,50,0.491,0.0194143855773737,0.137280436943313,0.0766490437712036,0.0766490437712036,0.0853978627918453,0.0390680991745668,0.153146948764302,0.0376714506831303,0.5560387350995598,0.6326877788707634,,,,,,,,,,,0.0,8.204170130193233e-05,8.204170130193233e-05,,,,,1.0586392134161735,2.399981399208012,0.5693829612231623,blogfeedback,matern52_1.2h0,PPI,0.0633048176476011,0.07365608593844078
3,GH_P1_c300,1000,50,0.95,0.0090350790290525,0.0638876564999939,0.0023085020301939,0.0023085020301939,0.035820881595931,0.0371502088762233,0.1456288187947955,0.0357643043011946,0.4874660834667249,0.489774585496919,4869.675251658629,1.0,1126.178237197517,295.2622610273761,295.2622610273761,300.0,0.0,0.0024517417512152,0.0010563175316944,0.0013849781049009,23.942007897440345,0.0071314152730628,1.20423181014508,0.9999623114571448,0.0042958564540077,3e-05,22.344613825784485,1.0,1.0,0.5051731774126427,blogfeedback,matern52_1.2h0,PPCI,-0.01539859191572368,0.03892201189138723
3,LO_GH_P1_c300w,1000,50,0.94,0.0084515425472851,0.0597614304667196,0.0018575266637474,0.0018575266637474,0.0559915911679812,0.055637253707415,0.2180980345330668,0.0559887722568967,0.4874660834667249,0.4893236101304725,,,1126.178237197517,295.2622610273761,295.2622610273761,300.0,,0.0024508417015361,,,23.942007897440345,0.0070369233274832,1.2041373181995003,0.9999623114571448,0.0042958564540077,3e-05,22.344613825784485,1.4976296335987396,1.5630991944749175,0.5051731774126427,blogfeedback,matern52_1.2h0,LO,-0.015849567282170185,0.058161986376394074
3,PPI_global,1000,50,0.031,0.005694608979427,0.0402669662555868,0.1474368702617575,0.1474368702617575,0.1522169604856028,0.0391196255743198,0.1533489322513336,0.0378656328752906,0.4874660834667249,0.6349029537284825,,,,,,,,,,,0.0,8.319214545190334e-05,8.319214545190334e-05,,,,,1.0530122644709254,4.249391798969388,0.5051731774126427,blogfeedback,matern52_1.2h0,PPI,0.12972977631583982,0.13513766022042514
4,GH_P1_c300,1000,50,0.95,0.0068511878904467,0.0484452141651804,0.0007069484215803,0.0007069484215803,0.0346835540923932,0.0354909031092589,0.1391243401882951,0.034693699733675,0.4821097246139361,0.4828166730355163,4216.965034285823,1.0,1427.151192860161,269.2468189525716,269.2468189525716,300.0,0.0,0.0028960563515735,0.0011982311903633,0.0016644295972352,23.907397114988417,0.0072352457260712,1.2026051014754922,0.9999574597333488,0.0038700155441391,4.6000000000000014e-05,18.07584913934188,1.0,1.0,0.501950148702946,blogfeedback,matern52_1.2h0,PPCI,-0.019133475667429678,0.03960478556343051
4,LO_GH_P1_c300w,1000,50,0.947,0.0070580681868774,0.0499080787701812,0.0035658134808738,0.0035658134808738,0.0545017417901423,0.0541767158185837,0.2123727260088481,0.0544121817049901,0.4821097246139361,0.4856755380948097,,,1427.151192860161,269.2468189525716,269.2468189525716,300.0,,0.0028969338023379,,,23.907397114988417,0.0070496436581015,1.2024194994075224,0.9999574597333488,0.0038700155441391,4.6000000000000014e-05,18.07584913934188,1.526495836180904,1.571400140970432,0.501950148702946,blogfeedback,matern52_1.2h0,LO,-0.016274610608136286,0.056767841097098495
4,PPI_global,1000,50,0.024,0.0051981158281886,0.0367562295150531,0.151957394800732,0.151957394800732,0.1566219633077653,0.0390891517593799,0.1532294748967692,0.0379582716432083,0.4821097246139361,0.634067119414668,,,,,,,,,,,0.0,8.237876091152429e-05,8.237876091152429e-05,,,,,1.101385096880846,4.515741463246282,0.501950148702946,blogfeedback,matern52_1.2h0,PPI,0.13211697071172201,0.1374564785879351
5,GH_P1_c300,1000,50,0.955,0.0057587555344989,0.0407205508963977,0.0033006967242582,0.0033006967242582,0.0357313286634017,0.0367925207844558,0.1442266814750669,0.0355963530370182,0.5290206768015446,0.5323213735258028,328.9704921476858,1.0,3020.3988836149983,34.851385125994014,34.851385125994014,300.0,0.0,0.1526991192122624,0.0625604272366647,0.0900829685864157,23.758377895727754,0.0072448879824951,1.1951637827688828,0.981061941181011,0.0528395723833668,4.000000000000001e-05,1.1023747234751575,1.0,1.0,0.5447277930512783,blogfeedback,matern52_1.2h0,PPCI,-0.012406419525475498,0.03767960316442569
5,LO_GH_P1_c300w,1000,50,0.945,0.0073192505471139,0.0517549169506765,0.005247830287585,0.005247830287585,0.056379547273665,0.0562782481778792,0.2206107328572865,0.0561628693707158,0.5290206768015446,0.5342685070891295,,,3020.3988836149983,34.851385125994014,34.851385125994014,300.0,,0.1527440552709135,,,23.758377895727754,0.0069941214183345,1.194913016204722,0.981061941181011,0.0528395723833668,4.000000000000001e-05,1.1023747234751575,1.5296110997008865,1.5778743579555856,0.5447277930512783,blogfeedback,matern52_1.2h0,LO,-0.010459285962148734,0.05710087819722334
5,PPI_global,1000,50,0.201,0.0158751506500966,0.1122542667704139,0.1054517888376673,0.1054517888376673,0.1117671689510471,0.0389904049551726,0.1528423874242767,0.0370566253151536,0.5290206768015446,0.6344724656392118,,,,,,,,,,,0.0,8.244436979293823e-05,8.244436979293823e-05,,,,,1.0597372543075485,3.127988046678099,0.5447277930512783,blogfeedback,matern52_1.2h0,PPI,0.0897446725879335,0.09708721102278775
6,GH_P1_c300,1000,50,0.962,0.0056351665495188,0.0398466448028038,0.0043654715828884,0.0043654715828884,0.0359190782343112,0.0366569113643308,0.1436950925481769,0.0356706494795911,0.5476054522795356,0.5519709238624241,395.1312628295207,1.0,4330.016828713327,41.50083622262982,41.50083622262982,300.0,0.0,0.1186629315631211,0.047234214246655,0.0730391668529008,23.6310116795078,0.0071813578503206,1.1887319418257103,0.9706780140264024,0.0533066939905738,3.2000000000000005e-05,1.1721955039006215,1.0,1.0,0.5616780211535085,blogfeedback,matern52_1.2h0,PPCI,-0.009707097291084432,0.03695065056098655
6,LO_GH_P1_c300w,1000,50,0.943,0.0078259119570299,0.0553375541378473,0.0046607674594527,0.0046607674594527,0.0578047430045546,0.0568307645811934,0.2227765971582785,0.0576453688431306,0.5476054522795356,0.5522662197389884,,,4330.016828713327,41.50083622262982,41.50083622262982,300.0,,0.1186895105120515,,,23.6310116795078,0.0069515011729672,1.188502085148357,0.9706780140264024,0.0533066939905738,3.2000000000000005e-05,1.1721955039006215,1.5503424174599962,1.6093047440548585,0.5616780211535085,blogfeedback,matern52_1.2h0,LO,-0.009411801414520138,0.05838019840988788
6,PPI_global,1000,50,0.391,0.0194668740087737,0.1376515862010804,0.0864034626384013,0.0864034626384013,0.0942013030271034,0.0388876228191216,0.1524394814509569,0.0375464628556608,0.5476054522795356,0.6340089149179371,,,,,,,,,,,0.0,8.182862307876349e-05,8.182862307876349e-05,,,,,1.0608537755027945,2.6225980080167792,0.5616780211535085,blogfeedback,matern52_1.2h0,PPI,0.07233089376442858,0.08148671872679375
7,GH_P1_c300,1000,50,0.946,0.0084322026076421,0.0596246764420262,-0.0004497300824806,0.0004497300824806,0.0364597334246376,0.0367814282162489,0.1441831986076959,0.0364752017759071,0.4873038616715768,0.4868541315890962,4869.675251658629,1.0,1128.4632486324156,295.472023913002,295.472023913002,300.0,0.0,0.0024290905804602,0.0010330423058871,0.0013784772469866,23.97670775739476,0.0071844231663271,1.2060198110360651,0.9999622711132156,0.0042978651803488,3.6e-05,22.334530014839828,1.0,1.0,0.5050637364597396,blogfeedback,matern52_1.2h0,PPCI,-0.01820960487064338,0.04075168234310705
7,LO_GH_P1_c300w,1000,50,0.946,0.0076718409040557,0.0542481072744214,0.0004606090322991,0.0004606090322991,0.0552977622490351,0.0554409784323135,0.2173286354546692,0.0553235125431338,0.4873038616715768,0.4877644707038761,,,1128.4632486324156,295.472023913002,295.472023913002,300.0,,0.002428510691589,,,23.97670775739476,0.0070288251610472,1.2058642130307853,0.9999622711132156,0.0042978651803488,3.6e-05,22.334530014839828,1.5073090176476989,1.516680377363038,0.5050637364597396,blogfeedback,matern52_1.2h0,LO,-0.01729926575586349,0.05793871714805363
7,PPI_global,1000,50,0.032,0.0054883922035138,0.0388087934491603,0.1448174356819305,0.1448174356819305,0.1495627593426199,0.0387469919504955,0.1518882084459425,0.0373942192366771,0.4873038616715768,0.6321212973535074,,,,,,,,,,,0.0,8.296484407037497e-05,8.296484407037497e-05,,,,,1.053439026964653,4.1021352954147785,0.5050637364597396,blogfeedback,matern52_1.2h0,PPI,0.12705756089376785,0.13244075311233275
8,GH_P1_c300,1000,50,0.957,0.0058918830363717,0.0416619044897648,0.0048482842148859,0.0048482842148859,0.0361701542070356,0.0366767436232402,0.1437728350031016,0.035861682277721,0.5194230415950704,0.5242713258099563,391.9146169677683,1.0,2238.135298181188,36.762944789224086,36.762944789224086,300.0,0.0,0.1336993937203224,0.0549918214312985,0.0792359533458516,23.83437495881692,0.0071518195318058,1.1988705674726516,0.9831299531260128,0.0557971993472663,3.2e-05,1.4809685721543853,1.0,1.0,0.5349340858244922,blogfeedback,matern52_1.2h0,PPCI,-0.010662760014535921,0.0373961046990192
8,LO_GH_P1_c300w,1000,50,0.945,0.0071784825865149,0.0507595371555424,0.006133640804193,0.006133640804193,0.0562372980219359,0.0560824669010224,0.2198432702520078,0.0559297798991982,0.5194230415950704,0.5255566823992633,,,2238.135298181188,36.762944789224086,36.762944789224086,300.0,,0.1337193415170463,,,23.83437495881692,0.0070455538854002,1.1987643018262462,0.9831299531260128,0.0557971993472663,3.2e-05,1.4809685721543853,1.529101587565309,1.5547984036793805,0.5349340858244922,blogfeedback,matern52_1.2h0,LO,-0.009377403425228859,0.056682870730871394
8,PPI_global,1000,50,0.164,0.0127807252836257,0.0903733751653412,0.1120094644400582,0.1120094644400582,0.1179971662177365,0.0387473607345034,0.1518896540792534,0.0371293644029686,0.5194230415950704,0.6314325060351285,,,,,,,,,,,0.0,8.253901079297066e-05,8.253901079297066e-05,,,,,1.0564558602184952,3.262279877003798,0.5349340858244922,blogfeedback,matern52_1.2h0,PPI,0.09649842021063626,0.10338837562519297
9,GH_P1_c300,1000,50,0.96,0.0055328333517248,0.0391230398217975,0.0004348999507965,0.0004348999507965,0.0344401377496839,0.0351057663690948,0.1376146041668516,0.0344546233664122,0.4691013741199386,0.4695362740707348,4216.965034285823,1.0,1163.1699544334467,262.7658925558636,262.7658925558636,300.0,0.0,0.0028559865298333,0.0011967244309687,0.0016361611563369,23.809234533105045,0.0071533084651455,1.1976150351203978,0.9999537112486504,0.0043312350912972,3.0000000000000004e-05,19.497114044173248,1.0,1.0,0.4901389595683838,blogfeedback,matern52_1.2h0,PPCI,-0.020602685497649043,0.0401298467473405
9,LO_GH_P1_c300w,1000,50,0.95,0.0068511878904467,0.0484452141651804,0.0003336466763776,0.0003336466763776,0.0516619501346773,0.0531990668583381,0.2085403420846854,0.0516867225591073,0.4691013741199386,0.469435020796316,,,1163.1699544334467,262.7658925558636,262.7658925558636,300.0,,0.0028553022757819,,,23.809234533105045,0.0070438968269154,1.1975056234821675,0.9999537112486504,0.0043312350912972,3.0000000000000004e-05,19.497114044173248,1.5153939754231276,1.5000506243663756,0.4901389595683838,blogfeedback,matern52_1.2h0,LO,-0.02070393877206783,0.0556551781264849
9,PPI_global,1000,50,0.008,0.0026186146828319,0.018516401995451,0.1633516309838765,0.1633516309838765,0.1675528425321282,0.038861486336622,0.1523370264395585,0.0373040384782983,0.4691013741199386,0.632453005103815,,,,,,,,,,,0.0,8.159540686756372e-05,8.159540686756372e-05,,,,,1.106982993279235,4.8650456554479335,0.4901389595683838,blogfeedback,matern52_1.2h0,PPI,0.14231404553543114,0.1471172568129393
10,GH_P1_c300,1000,50,0.951,0.006774803257931,0.0479050932488777,0.0085628035161277,0.0085628035161277,0.0394384440842051,0.0389225797947755,0.15257651279552,0.0385169160311117,0.5775158991551574,0.5860787026712851,1676.946230797886,1.0,3574.8641649176884,122.32849460096963,122.32849460096963,300.0,0.0,0.0192402085767718,0.0074796259646498,0.0117497629622208,23.737247175741945,0.0072057668212801,1.1940681256083772,0.9949621986328836,0.0224535257732199,5.2e-05,5.230760015187523,1.0,1.0,0.5858598079994188,blogfeedback,matern52_1.2h0,PPCI,0.00021889467186630984,0.03849827506011839
10,LO_GH_P1_c300w,1000,50,0.951,0.0073526338471187,0.0519909725287938,0.0117661939270177,0.0117661939270177,0.0606204479936755,0.0610566373168304,0.2393420182819755,0.059497355661882,0.5775158991551574,0.589282093082175,,,3574.8641649176884,122.32849460096963,122.32849460096963,300.0,,0.0192424254967716,,,23.737247175741945,0.0069693187540397,1.1938316775411366,0.9949621986328836,0.0224535257732199,5.2e-05,5.230760015187523,1.5686688199692755,1.5370902529583714,0.5858598079994188,blogfeedback,matern52_1.2h0,LO,0.0034222850827562157,0.05956599223225767
10,PPI_global,1000,50,0.724,0.0190187877035915,0.1344831375515692,0.0546803501143972,0.0546803501143972,0.06660404557993,0.0389802800985954,0.1528026979864941,0.0380474152181869,0.5775158991551574,0.6321962492695545,,,,,,,,,,,0.0,8.190526999533177e-05,8.190526999533177e-05,,,,,1.0014824378066445,1.688810173081968,0.5858598079994188,blogfeedback,matern52_1.2h0,PPI,0.0463364412701357,0.05994350664217993
11,GH_P1_c300,1000,50,0.951,0.0069237833234586,0.0489585413948394,0.0015181572250024,0.0015181572250024,0.0354828848542828,0.0357661895757563,0.140203463136965,0.0354681308293373,0.5027849065139974,0.5043030637389999,4211.312796668448,1.0,2128.345612903141,287.1359389699176,287.1359389699176,300.0,0.0,0.0027667997284723,0.0011395339844906,0.0016065055008616,23.90144450172782,0.0073819811157882,1.2024542062021792,0.9999112380240496,0.0043401180292154,3.800000000000001e-05,15.9108946394208,1.0,1.0,0.5212878883294279,blogfeedback,matern52_1.2h0,PPCI,-0.016984824590427938,0.03930921752706438
11,LO_GH_P1_c300w,1000,50,0.958,0.0055988336977901,0.0395897327444314,0.0052597031342461,0.0052597031342461,0.0523989950778189,0.0545955020689996,0.2140143681104785,0.0521604344213496,0.5027849065139974,0.5080446096482435,,,2128.345612903141,287.1359389699176,287.1359389699176,300.0,,0.0027682912653444,,,23.90144450172782,0.0072321433350443,1.2023043684214354,0.9999112380240496,0.0043401180292154,3.800000000000001e-05,15.9108946394208,1.526455647542797,1.476739991491823,0.5212878883294279,blogfeedback,matern52_1.2h0,LO,-0.013243278681184356,0.053790097958010825
11,PPI_global,1000,50,0.074,0.008111468323759,0.0573567425710992,0.1299977728568062,0.1299977728568062,0.1355755387701875,0.0391451561998468,0.1534490123033995,0.0385069935680584,0.5027849065139974,0.6327826793708037,,,,,,,,,,,0.0,8.247553929686546e-05,8.247553929686546e-05,,,,,1.0944737659831911,3.820871367335384,0.5212878883294279,blogfeedback,matern52_1.2h0,PPI,0.11149479104137583,0.11795081260617453
12,GH_P1_c300,1000,50,0.937,0.0069707845135747,0.0492908899973888,0.0020305993983815,0.0020305993983815,0.0390325382751177,0.0380693306082038,0.1492317759841589,0.0389991877726799,0.5493644882653576,0.5513950876637389,4162.7154625928015,1.0,2328.248289735635,283.5140606849359,283.5140606849359,300.0,0.0,0.003433943776947,0.0013453090517417,0.0020815661575642,23.88666796956211,0.0073985042199492,1.2017319026980546,0.999794675999866,0.0061796834917106,3.800000000000001e-05,15.165577697410392,1.0,1.0,0.559735723980624,blogfeedback,matern52_1.2h0,PPCI,-0.008340636316885086,0.03986203613028766
12,LO_GH_P1_c300w,1000,50,0.956,0.0064901809666288,0.0458925097263114,0.0062308659469002,0.0062308659469002,0.0573216341892617,0.0594187874155143,0.2329216466688163,0.0570104924722742,0.5493644882653576,0.5555953542122577,,,2328.248289735635,283.5140606849359,283.5140606849359,300.0,,0.0034336949668806,,,23.88666796956211,0.0073444192782044,1.20167781775631,0.999794675999866,0.0061796834917106,3.800000000000001e-05,15.165577697410392,1.5608046284562158,1.4685602505590294,0.559735723980624,blogfeedback,matern52_1.2h0,LO,-0.004140369768366292,0.05713220385647751
12,PPI_global,1000,50,0.443,0.0210930881415438,0.1491506566105122,0.0824422703460112,0.0824422703460112,0.0913761300551374,0.0391374496578001,0.1534188026585765,0.0394261794709588,0.5493644882653576,0.6318067586113687,,,,,,,,,,,0.0,8.307590149343014e-05,8.307590149343014e-05,,,,,1.0280572059590185,2.3410245424235563,0.559735723980624,blogfeedback,matern52_1.2h0,PPI,0.07207103463074471,0.08214075259452265
13,GH_P1_c300,1000,50,0.943,0.0074244494058207,0.0524987852143227,-0.0018936371797395,0.0018936371797395,0.0367166634191941,0.0355580228200704,0.139387449454676,0.0366861470347344,0.4668320168686672,0.4649383796889276,4869.675251658629,1.0,1032.2827145349768,286.57863859839364,286.57863859839364,300.0,0.0,0.0023997563926756,0.0010099519652314,0.0013565471887114,21.76964564550668,0.00607209849637,1.0945543807717042,0.9999769625448378,0.0037574951288766,4.200000000000001e-05,22.6260990106538,1.0,1.0,0.48803543379063347,blogfeedback,matern52_1.2h0,PPCI,-0.02309705410170587,0.043335913732688566
13,LO_GH_P1_c300w,1000,50,0.956,0.0064901809666288,0.0458925097263114,-0.0014594677819244,0.0014594677819244,0.0511766843887912,0.053665920395982,0.2103704079522494,0.0511814665806365,0.4668320168686672,0.4653725490867426,,,1032.2827145349768,286.57863859839364,286.57863859839364,300.0,,0.0023989139326634,,,21.76964564550668,0.0059852101048454,1.0944674923801796,0.9999769625448378,0.0037574951288766,4.200000000000001e-05,22.6260990106538,1.5092492815908416,1.3938272060428527,0.48803543379063347,blogfeedback,matern52_1.2h0,LO,-0.022662884703890884,0.05595113333906041
13,PPI_global,1000,50,0.013,0.0037279966716285,0.0263609172674941,0.1642999160766668,0.1642999160766668,0.1691366352895336,0.0390287252706802,0.1529926030610664,0.0401790160107553,0.4668320168686672,0.6311319329453341,,,,,,,,,,,0.0,8.17659068852663e-05,8.17659068852663e-05,,,,,1.0976067333150703,4.606536093939161,0.48803543379063347,blogfeedback,matern52_1.2h0,PPI,0.14309649915470063,0.14862485338797202
14,GH_P1_c300,1000,50,0.935,0.0074573617920789,0.052731510929405,0.0006486134531673,0.0006486134531673,0.0384675065133913,0.0371609426632763,0.1456708952400433,0.0384812833350615,0.4884906334899634,0.489139246943131,4869.675251658629,1.0,1099.603317418822,293.8268793009689,293.8268793009689,300.0,0.0,0.0024906134278893,0.001063722385557,0.0014157995321986,21.76827495822683,0.0060662565566599,1.0944800044680014,0.999964454667503,0.0042155724851606,3.4e-05,22.50818488974936,1.0,1.0,0.5057918261339202,blogfeedback,matern52_1.2h0,PPCI,-0.016652579190789163,0.041912250615442646
14,LO_GH_P1_c300w,1000,50,0.962,0.0064775908850026,0.0458034844053754,-8.894419098034834e-05,8.894419098034834e-05,0.054046338425336,0.0558506762252182,0.2189346508028555,0.0540733086543228,0.4884906334899634,0.4884016892989833,,,1099.603317418822,293.8268793009689,293.8268793009689,300.0,,0.0024892978876108,,,21.76827495822683,0.0059822664996609,1.0943960144110023,0.999964454667503,0.0042155724851606,3.4e-05,22.50818488974936,1.502940243774055,1.4049867881746223,0.5057918261339202,blogfeedback,matern52_1.2h0,LO,-0.017390136834936842,0.0567751322786188
14,PPI_global,1000,50,0.039,0.0061095442229551,0.0432010015001069,0.1438114441361336,0.1438114441361336,0.1493613295275861,0.0389989679836595,0.1528759544959453,0.0403572050286638,0.4884906334899634,0.6323020776260972,,,,,,,,,,,0.0,8.157458063215018e-05,8.157458063215018e-05,,,,,1.0494612135391164,3.882792077401492,0.5057918261339202,blogfeedback,matern52_1.2h0,PPI,0.1265102514921771,0.132785236477335
15,GH_P1_c300,1000,50,0.949,0.006774803257931,0.0479050932488777,0.0002258204687537,0.0002258204687537,0.0374027195719192,0.0365133332018337,0.1431322661511882,0.037420752921885,0.5546828769992597,0.5549086974680133,392.8217346429128,1.0,5399.604068956503,42.8097381628702,42.8097381628702,300.0,0.0,0.1157419355716699,0.0454691377447765,0.0724098433263338,21.586611934881656,0.006085077939555,1.085415674683638,0.9716630364019204,0.0472006970526119,2.6e-05,1.092550503960242,1.0,1.0,0.5682855290234152,blogfeedback,matern52_1.2h0,PPCI,-0.013376831555401925,0.03972218597903596
15,LO_GH_P1_c300w,1000,50,0.963,0.0054976804013982,0.0388744709262508,-0.0009089600588159,0.0009089600588159,0.0544465971493895,0.0570047272313223,0.2234585307467836,0.0544662492288982,0.5546828769992597,0.5537739169404435,,,5399.604068956503,42.8097381628702,42.8097381628702,300.0,,0.1157514853760662,,,21.586611934881656,0.0060030177971348,1.0853336145412176,0.9716630364019204,0.0472006970526119,2.6e-05,1.092550503960242,1.5612030519432152,1.45568551625498,0.5682855290234152,blogfeedback,matern52_1.2h0,LO,-0.014511612082971692,0.056339973535723634
15,PPI_global,1000,50,0.494,0.0249341991191673,0.1763114128061887,0.0768871080745427,0.0768871080745427,0.086521338767768,0.0388438537025282,0.1522679065139107,0.0396974881404999,0.5546828769992597,0.6315699850738022,,,,,,,,,,,0.0,8.33112457767129e-05,8.33112457767129e-05,,,,,1.0638265613224676,2.313236570977191,0.5682855290234152,blogfeedback,matern52_1.2h0,PPI,0.06328445605038702,0.07469429062313819
16,GH_P1_c300,1000,50,0.947,0.0066101344578624,0.0467407089970939,0.0002946599640021,0.0002946599640021,0.0362026556971294,0.0356996385961561,0.139942583296932,0.0362195708470276,0.4690854498764982,0.4693801098405001,4869.675251658629,1.0,1029.563611616191,293.682165050989,293.682165050989,300.0,0.0,0.0023139308636478,0.0009762188729436,0.0013256476882924,21.843279276303942,0.0060690376497805,1.0982330014649777,0.999980959702344,0.0031997103249739,2.8000000000000003e-05,23.193168302652552,1.0,1.0,0.4893445971943555,blogfeedback,matern52_1.2h0,PPCI,-0.01996448735385542,0.04134157967872976
16,LO_GH_P1_c300w,1000,50,0.959,0.0061759903774906,0.043670846764665,-0.00153863478003,0.00153863478003,0.0516037064603496,0.0540262646976689,0.2117829576148624,0.0516065728548353,0.4690854498764982,0.467546815096468,,,1029.563611616191,293.682165050989,293.682165050989,300.0,,0.0023123607152823,,,21.843279276303942,0.0059820929048582,1.0981460567200554,0.999980959702344,0.0031997103249739,2.8000000000000003e-05,23.193168302652552,1.5133560680775664,1.4254121822461028,0.4893445971943555,blogfeedback,matern52_1.2h0,LO,-0.02179778209788752,0.05599748590648145
16,PPI_global,1000,50,0.01,0.0034992710611188,0.0247435829652696,0.1637012001167689,0.1637012001167689,0.1682995600095411,0.0388232395406491,0.1521870989993444,0.0390920345710175,0.4690854498764982,0.632786649993267,,,,,,,,,,,0.0,8.171685133129359e-05,8.171685133129359e-05,,,,,1.0874967105361475,4.648818070628053,0.4893445971943555,blogfeedback,matern52_1.2h0,PPI,0.14344205279891142,0.14866836075944478
17,GH_P1_c300,1000,50,0.951,0.0061428571428571,0.043436559415745,0.0011749189909345,0.0011749189909345,0.0341192998969228,0.0348786530840205,0.1367243200893603,0.034116126698701,0.4618708795477586,0.4630457985386933,4869.675251658629,1.0,1064.792529623238,293.64262407463286,293.64262407463286,300.0,0.0,0.0022452986256205,0.0009333550019753,0.0012825324340553,21.87573688078672,0.0060778039135038,1.0998646479528398,0.9999730503697504,0.0037435701978415,5.2e-05,22.807440226727465,1.0,1.0,0.48413521189811287,blogfeedback,matern52_1.2h0,PPCI,-0.02108941335941955,0.040093759447891154
17,LO_GH_P1_c300w,1000,50,0.957,0.0071442855714571,0.0505177277431054,0.0005432305044194,0.0005432305044194,0.0509585810320134,0.0531678929761924,0.2084181404666745,0.0509811824340876,0.4618708795477586,0.4624141100521782,,,1064.792529623238,293.64262407463286,293.64262407463286,300.0,,0.0022444256712961,,,21.87573688078672,0.0059961595758795,1.0997830036152154,0.9999730503697504,0.0037435701978415,5.2e-05,22.807440226727465,1.524367722804959,1.4935412269877602,0.48413521189811287,blogfeedback,matern52_1.2h0,LO,-0.021721101845934676,0.0553921307300668
17,PPI_global,1000,50,0.002,0.0013997084244475,0.0098974331861078,0.1722510443652602,0.1722510443652602,0.1764722840171641,0.0387671905208074,0.1519673868415653,0.0383864332749389,0.4618708795477586,0.634121923913019,,,,,,,,,,,0.0,8.287427294999361e-05,8.287427294999361e-05,,,,,1.111487603246024,5.172212927882497,0.48413521189811287,blogfeedback,matern52_1.2h0,PPI,0.14998671201490615,0.15481620884892563
18,GH_P1_c300,1000,50,0.959,0.0060084973842323,0.042486492451323,0.0074483807301215,0.0074483807301215,0.036927683255998,0.0369585849946207,0.1448776531789133,0.0361868056072172,0.5299412660223736,0.5373896467524951,378.7394975365364,1.0,2830.0129640519576,37.71694256170894,37.71694256170894,300.0,0.0,0.133575800476157,0.0548562965920099,0.079177076021218,21.673537550792098,0.0060782679272815,1.0897551454668863,0.9774869105643768,0.0579209108765707,4.000000000000001e-05,1.305797643772008,1.0,1.0,0.54501143887603,blogfeedback,matern52_1.2h0,PPCI,-0.007621792123534865,0.03696305087961287
18,LO_GH_P1_c300w,1000,50,0.952,0.0066944997222057,0.0473372615022311,0.0072499184549048,0.0072499184549048,0.0550845029666638,0.0565782004629032,0.2217865458145806,0.0546326447772482,0.5299412660223736,0.5371911844772784,,,2830.0129640519576,37.71694256170894,37.71694256170894,300.0,,0.1335789127809185,,,21.673537550792098,0.0059951732484623,1.0896720507880673,0.9774869105643768,0.0579209108765707,4.000000000000001e-05,1.305797643772008,1.5308540754776747,1.491685860301475,0.54501143887603,blogfeedback,matern52_1.2h0,LO,-0.007820254398751558,0.055162464850139
18,PPI_global,1000,50,0.224,0.0190187877035915,0.1344831375515692,0.1042701053000891,0.1042701053000891,0.1109761785894294,0.0388041397840491,0.1521122279534727,0.0380118699524047,0.5299412660223736,0.6342113713224627,,,,,,,,,,,0.0,8.228335250169039e-05,8.228335250169039e-05,,,,,1.0499357534845295,3.005229919789344,0.54501143887603,blogfeedback,matern52_1.2h0,PPI,0.08919993244643276,0.09695403706638221
19,GH_P1_c300,1000,50,0.956,0.0067973584304973,0.048064582403602,0.0015936979983785,0.0015936979983785,0.0359217567169304,0.03611105686889,0.141555342926049,0.0359043431101932,0.4888857102246812,0.4904794082230598,4464.994916887489,1.0,1308.8274647311157,275.58456352389425,275.58456352389425,300.0,0.0,0.0028717884248077,0.0011762820875023,0.0016721938603168,21.834254138674588,0.0060835835933685,1.097796290527098,0.9999707906860886,0.0036043175870799,3.0000000000000004e-05,19.381286648209628,1.0,1.0,0.5075387020563195,blogfeedback,matern52_1.2h0,PPCI,-0.01705929383325966,0.039734773667529484
19,LO_GH_P1_c300w,1000,50,0.945,0.0078571428571428,0.0555583899503715,0.0011697461914868,0.0011697461914868,0.0554839354111167,0.0553332674961881,0.2169064085850574,0.0554993600099495,0.4888857102246812,0.4900554564161681,,,1308.8274647311157,275.58456352389425,275.58456352389425,300.0,,0.0028704902732955,,,21.834254138674588,0.0060014885189011,1.0977141954526306,0.9999707906860886,0.0036043175870799,3.0000000000000004e-05,19.381286648209628,1.532308170793476,1.5445774506057572,0.5075387020563195,blogfeedback,matern52_1.2h0,LO,-0.017483245640151357,0.058161522166001976
19,PPI_global,1000,50,0.035,0.0059333027592271,0.041954786158824,0.1429967652812988,0.1429967652812988,0.148130999005284,0.0388086152050544,0.1521297716038135,0.0386809281117734,0.4888857102246812,0.63188247550598,,,,,,,,,,,0.0,8.289795368909836e-05,8.289795368909836e-05,,,,,1.0747017276719024,4.123712550379464,0.5075387020563195,blogfeedback,matern52_1.2h0,PPI,0.12434377344966052,0.13021555967352402
20,GH_P1_c300,1000,50,0.945,0.0079859570624992,0.0564692439315782,0.0106439299008757,0.0106439299008757,0.0398557711522377,0.0384122912895077,0.1505761818548703,0.0384274110020582,0.540764296067903,0.551408225968779,693.8766112163664,1.0,2262.9019615056227,56.56020108985207,56.56020108985207,300.0,0.0,0.0695540753644019,0.0285325892068446,0.0412002695903363,21.735768883060665,0.0060854283142834,1.0928738724673168,0.9911343492240272,0.0395978958850175,3.4e-05,2.60235103440887,1.0,1.0,0.5529547131910297,blogfeedback,matern52_1.2h0,PPCI,-0.0015464872222507031,0.0384393141605488
20,LO_GH_P1_c300w,1000,50,0.943,0.0071442855714571,0.0505177277431054,0.009333476852598,0.009333476852598,0.0599949488820544,0.0588165493090384,0.2305608732914305,0.0592941472415233,0.540764296067903,0.5500977729205012,,,2262.9019615056227,56.56020108985207,56.56020108985207,300.0,,0.0695418378361967,,,21.735768883060665,0.0060001411680132,1.0927885853210466,0.9911343492240272,0.0395978958850175,3.4e-05,2.60235103440887,1.5311908593462125,1.5053014192823118,0.5529547131910297,blogfeedback,matern52_1.2h0,LO,-0.0028569402705285185,0.05933331449457137
20,PPI_global,1000,50,0.35,0.0191129830860852,0.1351491994887464,0.0909442683667604,0.0909442683667604,0.0987545910681856,0.0388262895024119,0.1521990548494547,0.0385109387146029,0.540764296067903,0.6317085644346637,,,,,,,,,,,0.0,8.237444888800383e-05,8.237444888800383e-05,,,,,1.0107777536566076,2.477799029178764,0.5529547131910297,blogfeedback,matern52_1.2h0,PPI,0.07875385124363399,0.08765716396269989
21,GH_P1_c300,1000,50,0.954,0.0066761836831702,0.0472077475481665,0.0079590399065331,0.0079590399065331,0.0392673688761081,0.0380753874351624,0.1492555187458366,0.0384715479571693,0.565220652921684,0.5731796928282172,680.7896146244386,1.0,4078.1775410351697,59.54711441053762,59.54711441053762,300.0,0.0,0.0676317356212756,0.0266905082719181,0.0421683575442645,21.60466162333265,0.0060769640998914,1.086310045266524,0.985754539993801,0.0379646693424204,3.6e-05,2.0537424218938924,1.0,1.0,0.5761162098374163,blogfeedback,matern52_1.2h0,PPCI,-0.0029365170091990578,0.03856427199317876
21,LO_GH_P1_c300w,1000,50,0.936,0.0074285714285714,0.0525279323167149,0.0064135089517529,0.0064135089517529,0.0610565786770251,0.0592557792010485,0.2322826544681104,0.0607491824293576,0.565220652921684,0.5716341618734371,,,4078.1775410351697,59.54711441053762,59.54711441053762,300.0,,0.0676328174583208,,,21.60466162333265,0.0059954935209825,1.086228574687615,0.985754539993801,0.0379646693424204,3.6e-05,2.0537424218938924,1.5562751476121863,1.5548935521925036,0.5761162098374163,blogfeedback,matern52_1.2h0,LO,-0.004482047963979219,0.06088400000509941
21,PPI_global,1000,50,0.632,0.023332555866542,0.1649860847564585,0.0630516288824214,0.0630516288824214,0.0740994078021829,0.0388220275217654,0.1521823478853204,0.0389452315819354,0.565220652921684,0.6282722818041055,,,,,,,,,,,0.0,8.240259066224098e-05,8.240259066224098e-05,,,,,1.0196095203988254,1.887047946501658,0.5761162098374163,blogfeedback,matern52_1.2h0,PPI,0.052156071966689255,0.06508048997128155
22,GH_P1_c300,1000,50,0.95,0.0071428571428571,0.0505076272276105,-0.0010183352918732,0.0010183352918732,0.0363468594353375,0.0360446958401992,0.141295207693581,0.0363507711418633,0.4997934639429802,0.4987751286511067,499.50156584474223,1.0,1650.4416359617278,40.64153296395119,40.64153296395119,300.0,0.0,0.1013017517809762,0.042385932503701,0.0603998897800977,21.80209452673793,0.0060670991772785,1.096171825514175,0.9952770381436132,0.0342112544229345,2.6e-05,2.1128201919008696,1.0,1.0,0.5172338991210905,blogfeedback,matern52_1.2h0,PPCI,-0.018458770469983843,0.04075271023268344
22,LO_GH_P1_c300w,1000,50,0.935,0.0077261813045656,0.0546323519313512,-0.0028252626002805,0.0028252626002805,0.0560697395999056,0.0545917912370739,0.2139998216493299,0.0560265344511267,0.4997934639429802,0.4969682013426993,,,1650.4416359617278,40.64153296395119,40.64153296395119,300.0,,0.1012705452088758,,,21.80209452673793,0.0059847029726952,1.0960894293095915,0.9952770381436132,0.0342112544229345,2.6e-05,2.1128201919008696,1.5145582439952192,1.542629555096936,0.5172338991210905,blogfeedback,matern52_1.2h0,LO,-0.020265697778391212,0.05955276732852785
22,PPI_global,1000,50,0.084,0.0101458748026084,0.0717421687399412,0.1280560266480258,0.1280560266480258,0.1337480660928925,0.0389474008031751,0.1526738111484464,0.0386224146529248,0.4997934639429802,0.6278494905910057,,,,,,,,,,,0.0,8.237153850495816e-05,8.237153850495816e-05,,,,,1.080530710422547,3.679769536370407,0.5172338991210905,blogfeedback,matern52_1.2h0,PPI,0.11061559146991518,0.11715804837461236
23,GH_P1_c300,1000,50,0.942,0.008,0.0565685424949238,-0.0020734745498474,0.0020734745498474,0.0366257124035874,0.0358744505409629,0.1406278461205749,0.0365852701829,0.4977241937906626,0.4956507192408154,2333.5061382578324,1.0,1779.368247471114,162.2870583527733,162.2870583527733,300.0,0.0,0.0095838380003901,0.0040308220237341,0.00588440542952,21.778111872002484,0.0060781064340844,1.0949837000342086,0.9994963045483094,0.0104604475064782,3.800000000000001e-05,9.544286295346096,1.0,1.0,0.5157867034989658,blogfeedback,matern52_1.2h0,PPCI,-0.02013598425815044,0.04174447717250652
23,LO_GH_P1_c300w,1000,50,0.937,0.0077997906826963,0.0551528488357027,-0.0026692503511416,0.0026692503511416,0.0551587373912629,0.0542195468939419,0.2125406238242525,0.0551216818772269,0.4977241937906626,0.4950549434395211,,,1779.368247471114,162.2870583527733,162.2870583527733,300.0,,0.0095830446655559,,,21.778111872002484,0.0059966101767495,1.0949022037768736,0.9994963045483094,0.0104604475064782,3.800000000000001e-05,9.544286295346096,1.5113694029134124,1.5060113174989105,0.5157867034989658,blogfeedback,matern52_1.2h0,LO,-0.020731760059444715,0.058865671560966816
23,PPI_global,1000,50,0.074,0.0102260172389561,0.0723088613419643,0.1305771583504807,0.1305771583504807,0.1361761171098133,0.0389770378876293,0.1527899885195072,0.0386656905258774,0.4977241937906626,0.6283013521411436,,,,,,,,,,,0.0,8.285313472151757e-05,8.285313472151757e-05,,,,,1.0864845955793452,3.718046917675108,0.5157867034989658,blogfeedback,matern52_1.2h0,PPI,0.11251464864217775,0.11896674639281263
24,GH_P1_c300,1000,50,0.957,0.0075606392127995,0.0534617925747549,1.2397718120268908e-05,1.2397718120268908e-05,0.0358016475232133,0.0367138746496947,0.1439183886268035,0.0358195596361195,0.5515687784603776,0.5515811761784978,542.2237293109654,1.0,4663.3477661258285,51.70163072843973,51.70163072843973,300.0,0.0,0.0813959567802384,0.0322296254437979,0.0500368283818666,21.60808581672609,0.0060759796518832,1.0864802704881875,0.9770463038086616,0.044818699302944,3.0000000000000004e-05,1.574881004628068,1.0,1.0,0.5652190845368058,blogfeedback,matern52_1.2h0,PPCI,-0.013637908358308026,0.03831123015595562
24,LO_GH_P1_c300w,1000,50,0.948,0.007948815853282,0.0562066159225885,0.0020107199633639,0.0020107199633639,0.0566127226763701,0.0571647883604608,0.2240859703730065,0.0566053136692671,0.5515687784603776,0.5535794984237415,,,4663.3477661258285,51.70163072843973,51.70163072843973,300.0,,0.0814232105048581,,,21.60808581672609,0.005990408251062,1.0863946990873663,0.9770463038086616,0.044818699302944,3.0000000000000004e-05,1.574881004628068,1.5570350148519698,1.5812881974122297,0.5652190845368058,blogfeedback,matern52_1.2h0,LO,-0.01163958611306426,0.05776190214097835
24,PPI_global,1000,50,0.496,0.0217987080688142,0.1541401429656446,0.0769713001255067,0.0769713001255067,0.0855010196321926,0.0389308039620657,0.1526087515312977,0.0372455439707817,0.5515687784603776,0.6285400785858845,,,,,,,,,,,0.0,8.230484742671252e-05,8.230484742671252e-05,,,,,1.0603839647414988,2.3881867329360964,0.5652190845368058,blogfeedback,matern52_1.2h0,PPI,0.06332099404907865,0.07345332941737363
25,GH_P1_c300,1000,50,0.955,0.0070348984298543,0.0497442438470861,-0.0020046611463179,0.0020046611463179,0.0355669016571338,0.036236941353061,0.1420488101039995,0.0355281307593282,0.5098905198501444,0.5078858587038264,573.0824095289316,1.0,2055.9108053131163,47.63255913643855,47.63255913643855,300.0,0.0,0.0811447423880943,0.0337258825180021,0.0475478922314029,21.7619751037471,0.0060642462242394,1.0941630014115946,0.9931547883118372,0.0373602711229126,2.6e-05,2.222550522866308,1.0,1.0,0.526665070683023,blogfeedback,matern52_1.2h0,PPCI,-0.01877921197919663,0.04017019578912048
25,LO_GH_P1_c300w,1000,50,0.947,0.0076144331264208,0.0538421729858364,0.000376779574637,0.000376779574637,0.0544082869222832,0.0551175849922472,0.216060933169609,0.054434206210575,0.5098905198501444,0.5102672994247813,,,2055.9108053131163,47.63255913643855,47.63255913643855,300.0,,0.0811696558161425,,,21.7619751037471,0.0059797413274645,1.0940784965148196,0.9931547883118372,0.0373602711229126,2.6e-05,2.222550522866308,1.5210330379495776,1.529744914155889,0.526665070683023,blogfeedback,matern52_1.2h0,LO,-0.01639777125824171,0.05682434887622774
25,PPI_global,1000,50,0.115,0.0136464094103877,0.0964946863293306,0.1186082443849219,0.1186082443849219,0.1242979611122405,0.0389206621333011,0.1525689955625403,0.0371947704864303,0.5098905198501444,0.6284987642350663,,,,,,,,,,,0.0,8.262342121452093e-05,8.262342121452093e-05,,,,,1.0740603560905482,3.494764944961388,0.526665070683023,blogfeedback,matern52_1.2h0,PPI,0.1018336935520433,0.10840741968628417
26,GH_P1_c300,1000,50,0.954,0.0074010479125649,0.052333311668612,-0.000631053091671,0.000631053091671,0.0357851782199438,0.0362947567735809,0.1422754465524374,0.0357975168753794,0.5342343046372839,0.5336032515456129,1537.884296060313,1.0,3318.2810141440523,114.90463099112432,114.90463099112432,300.0,0.0,0.0179977275173124,0.0072510786871049,0.0108426520480036,21.648150495253503,0.0060944710625335,1.088501995825209,0.996650936387808,0.0203302199373523,3.2e-05,4.957422060086823,1.0,1.0,0.5495402509698705,blogfeedback,matern52_1.2h0,PPCI,-0.015936999424257525,0.03916846566917594
26,LO_GH_P1_c300w,1000,50,0.952,0.0060541771715477,0.0428094973250619,0.0011130974136701,0.0011130974136701,0.0546256170293477,0.0560091677472918,0.219555937569384,0.0546416027834047,0.5342343046372839,0.5353474020509541,,,3318.2810141440523,114.90463099112432,114.90463099112432,300.0,,0.0180037767217246,,,21.648150495253503,0.0060096191531047,1.08841714391578,0.996650936387808,0.0203302199373523,3.2e-05,4.957422060086823,1.5431751780758878,1.526487214723545,0.5495402509698705,blogfeedback,matern52_1.2h0,LO,-0.014192848918916368,0.056428326312410036
26,PPI_global,1000,50,0.285,0.020012751037317,0.1415115196868496,0.0963931112152566,0.0963931112152566,0.1033499557157831,0.0388333400778992,0.152226693105365,0.0372957427748346,0.5342343046372839,0.6306274158525405,,,,,,,,,,,0.0,8.115968387573958e-05,8.115968387573958e-05,,,,,1.069943527109296,2.8880659774997035,0.5495402509698705,blogfeedback,matern52_1.2h0,PPI,0.08108716488266998,0.0892452226475278
27,GH_P1_c300,1000,50,0.946,0.0069751746375621,0.0493219328618059,-0.0027201136453789,0.0027201136453789,0.0361650264115604,0.0357818785083288,0.140264963752649,0.036080630940078,0.4706474731241102,0.4679273594787313,4869.675251658629,1.0,1017.1327298003048,289.61791878877114,289.61791878877114,300.0,0.0,0.0023706234932301,0.0010027473886926,0.0013502514437338,21.85539428636432,0.006088250407949,1.098857964726165,0.9999819953236868,0.003303017902056,2.8e-05,23.00508838645451,1.0,1.0,0.490994673826734,blogfeedback,matern52_1.2h0,PPCI,-0.023067314348002688,0.04280900732713444
27,LO_GH_P1_c300w,1000,50,0.951,0.0059744353332361,0.0422456373789178,-0.0032265921528884,0.0032265921528884,0.0525361286452471,0.0540056512182348,0.2117021527754806,0.0524631899755561,0.4706474731241102,0.4674208809712217,,,1017.1327298003048,289.61791878877114,289.61791878877114,300.0,,0.0023696069886555,,,21.85539428636432,0.0060067911893129,1.0987765055075287,0.9999819953236868,0.003303017902056,2.8e-05,23.00508838645451,1.5093017323186133,1.4526777347645907,0.490994673826734,blogfeedback,matern52_1.2h0,LO,-0.02357379285551231,0.05749223969983673
27,PPI_global,1000,50,0.01,0.0034992710611188,0.0247435829652696,0.1600175329653828,0.1600175329653828,0.1642514930843785,0.0387378265093898,0.1518522799168081,0.0370717741760603,0.4706474731241102,0.630665006089493,,,,,,,,,,,0.0,8.069756161421537e-05,8.069756161421537e-05,,,,,1.082610196118489,4.541721917058363,0.490994673826734,blogfeedback,matern52_1.2h0,PPI,0.13967033226275904,0.1445017087736673
28,GH_P1_c300,1000,50,0.939,0.0078623359461811,0.0555951106351144,-0.0006072336257876,0.0006072336257876,0.0377211323205861,0.0371383710125613,0.1455824143692404,0.03773511666738,0.4933590672455893,0.4927518336198015,4856.621047311173,1.0,1180.2568238486524,296.7118417602538,296.7118417602538,300.0,0.0,0.0024726960171358,0.0010542813900629,0.0014159560576731,21.864797399770467,0.0060917172459885,1.0993315872345115,0.999961302604266,0.0042441296544434,3.2e-05,21.94805528167717,1.0,1.0,0.5099387837351904,blogfeedback,matern52_1.2h0,PPCI,-0.0171869501153889,0.041447633770092904
28,LO_GH_P1_c300w,1000,50,0.95,0.0067005939426048,0.0473803541479342,-0.0022372493113294,0.0022372493113294,0.0556494699267423,0.0557916811350551,0.2187033900494161,0.055632303312178,0.4933590672455893,0.4911218179342597,,,1180.2568238486524,296.7118417602538,296.7118417602538,300.0,,0.0024713613132551,,,21.864797399770467,0.0060108712241053,1.099250741212629,0.999961302604266,0.0042441296544434,3.2e-05,21.94805528167717,1.5022651671012894,1.4752863051349052,0.5099387837351904,blogfeedback,matern52_1.2h0,LO,-0.01881696580093073,0.058702098945435925
28,PPI_global,1000,50,0.034,0.0062986879100138,0.0445384493374854,0.1387095222273407,0.1387095222273407,0.1436273293118933,0.0387842697416047,0.1520343373870904,0.0372809339578112,0.4933590672455893,0.63206858947293,,,,,,,,,,,0.0,8.104080334305763e-05,8.104080334305763e-05,,,,,1.0443180108380814,3.807609169608871,0.5099387837351904,blogfeedback,matern52_1.2h0,PPI,0.12212980573773957,0.1276877739576813
29,GH_P1_c300,1000,50,0.952,0.0063823736867681,0.0451301971398037,0.0021020863686468,0.0021020863686468,0.0361283812082003,0.0363929041755637,0.1426601843682097,0.0360852228055851,0.5490714179159467,0.5511735042845938,527.3510248718122,1.0,4598.321718067257,50.5752356438328,50.5752356438328,300.0,0.0,0.083521907924236,0.0328949003812947,0.0516569530418462,21.67770125452429,0.0060928415646776,1.089977904290892,0.9788874570266656,0.0438556409415401,3.0000000000000004e-05,1.5370572859615876,1.0,1.0,0.5631324986494228,blogfeedback,matern52_1.2h0,PPCI,-0.011958994364829056,0.03799814084717571
29,LO_GH_P1_c300w,1000,50,0.946,0.0062007241183459,0.0438457407234937,-0.0014657061345221,0.0014657061345221,0.0561348906910386,0.0567100950176729,0.2223035724692778,0.0561438312569626,0.5490714179159467,0.5476057117814246,,,4598.321718067257,50.5752356438328,50.5752356438328,300.0,,0.0835143295030108,,,21.67770125452429,0.0060122633669525,1.089897326093167,0.9788874570266656,0.0438556409415401,3.0000000000000004e-05,1.5370572859615876,1.55827341352305,1.5537615806128973,0.5631324986494228,blogfeedback,matern52_1.2h0,LO,-0.015526786867998243,0.05822421119144787
29,PPI_global,1000,50,0.429,0.0204585195067522,0.1446635787626179,0.0837793934811576,0.0837793934811576,0.0917934789356743,0.0388314627313291,0.1522193339068104,0.0375295146186432,0.5490714179159467,0.6328508113971045,,,,,,,,,,,0.0,8.142584469169379e-05,8.142584469169379e-05,,,,,1.0670064291654655,2.540758148190688,0.5631324986494228,blogfeedback,matern52_1.2h0,PPI,0.0697183127476817,0.07916880152829775
30,GH_P1_c300,1000,50,0.942,0.0071941018925795,0.0508699823278995,0.0005263420839651,0.0005263420839651,0.035995864507522,0.0360383807926594,0.1412704527072248,0.0360100256540054,0.5238804647326881,0.5244068068166533,687.4004742772544,1.0,2827.126500652623,57.75865639622838,57.75865639622838,300.0,0.0,0.0606291560273285,0.0245172634212973,0.0364622841085478,21.74418386362493,0.0060972243454307,1.0933064175266771,0.9927870954664886,0.0333446005245893,1.8e-05,2.353910123275277,1.0,1.0,0.5400059145932743,blogfeedback,matern52_1.2h0,PPCI,-0.01559910777662099,0.039226998216549305
30,LO_GH_P1_c300w,1000,50,0.951,0.0066224725637138,0.0468279525802393,-0.0009310340824969,0.0009310340824969,0.0543849507437345,0.05545532193877,0.2173848619999787,0.0544041897172861,0.5238804647326881,0.5229494306501912,,,2827.126500652623,57.75865639622838,57.75865639622838,300.0,,0.0606241927884969,,,21.74418386362493,0.0060155684622004,1.093224761643447,0.9927870954664886,0.0333446005245893,1.8e-05,2.353910123275277,1.538785059679088,1.510866636704053,0.5400059145932743,blogfeedback,matern52_1.2h0,LO,-0.017056483943083123,0.05698929449849609
30,PPI_global,1000,50,0.185,0.0150678736498064,0.1065459563584021,0.1085621511688763,0.1085621511688763,0.1149385035005815,0.0388465801998271,0.1522785943833222,0.0377696368264938,0.5238804647326881,0.6324426159015645,,,,,,,,,,,0.0,8.132233750075103e-05,8.132233750075103e-05,,,,,1.0779224633682682,3.193103015391197,0.5400059145932743,blogfeedback,matern52_1.2h0,PPI,0.09243670130829018,0.09984819812744387
31,GH_P1_c300,1000,50,0.942,0.0077406955337966,0.05473498303048,0.0017631241940037,0.0017631241940037,0.0384410227991098,0.0382033873398629,0.1497572783722629,0.03841978275088,0.5118836534689175,0.5136467776629215,4216.965034285823,1.0,1313.9953735258862,275.0707540674257,275.0707540674257,300.0,0.0,0.0031452610026919,0.0013378468487041,0.0017948516971988,21.90345813477412,0.0060832443451508,1.1012561510838568,0.9999056371371068,0.0054805206948614,3.4e-05,19.211014431199235,1.0,1.0,0.52584033898935,blogfeedback,matern52_1.2h0,PPCI,-0.01219356132642846,0.04029003058747366
31,LO_GH_P1_c300w,1000,50,0.951,0.0072125174636367,0.0510002000796395,0.00098642081137,0.00098642081137,0.0566987488953799,0.0574864785087704,0.22534699575438,0.0567185339406495,0.5118836534689175,0.5128700742802877,,,1313.9953735258862,275.0707540674257,275.0707540674257,300.0,,0.0031439500930578,,,21.90345813477412,0.0060016877623274,1.1011745945010334,0.9999056371371068,0.0054805206948614,3.4e-05,19.211014431199235,1.504748204586211,1.4749542225159755,0.52584033898935,blogfeedback,matern52_1.2h0,LO,-0.012970264709062262,0.05815499004305115
31,PPI_global,1000,50,0.1,0.0106904496764969,0.0755928946018454,0.1204663561359192,0.1204663561359192,0.1263548938039921,0.0388908420643421,0.1524521008922213,0.0381427725611373,0.5118836534689175,0.6323500096048369,,,,,,,,,,,0.0,8.093980513513088e-05,8.093980513513088e-05,,,,,1.0179946013258847,3.286980538065136,0.52584033898935,blogfeedback,matern52_1.2h0,PPI,0.10650967061548688,0.11312703550509713
32,GH_P1_c300,1000,50,0.946,0.0081865993039396,0.057887998826728,0.0029965720462147,0.0029965720462147,0.0368659126542467,0.0364498531973986,0.1428834245338028,0.0367623113982477,0.5365754960126008,0.5395720680588153,566.5229278274662,1.0,3400.909168344611,51.16238604125617,51.16238604125617,300.0,0.0,0.0788152058498839,0.0316884844512613,0.0473464412730764,21.799357404429465,0.0061042618537321,1.0960721320752054,0.9833242290896336,0.0450403503432127,4.000000000000001e-05,1.8212573860617816,1.0,1.0,0.5516074676678707,blogfeedback,matern52_1.2h0,PPCI,-0.01203539960905542,0.03866480202396027
32,LO_GH_P1_c300w,1000,50,0.954,0.0063631592718057,0.0449943307086389,0.0027381686892227,0.0027381686892227,0.0549298990440261,0.0563052284325876,0.2207164954557436,0.0548890612988282,0.5365754960126008,0.5393136647018233,,,3400.909168344611,51.16238604125617,51.16238604125617,300.0,,0.0788235370137265,,,21.799357404429465,0.0060229906365275,1.095990860858001,0.9833242290896336,0.0450403503432127,4.000000000000001e-05,1.8212573860617816,1.5447312812937752,1.489991569154833,0.5516074676678707,blogfeedback,matern52_1.2h0,LO,-0.012293802966047429,0.05622218274475165
32,PPI_global,1000,50,0.312,0.0188203103489993,0.1330796907181282,0.0956648942149658,0.0956648942149658,0.1031794712612456,0.0388535114314267,0.1523057648111929,0.0386746303359349,0.5365754960126008,0.6322403902275664,,,,,,,,,,,0.0,8.269625250250101e-05,8.269625250250101e-05,,,,,1.0659442500635266,2.798777077050336,0.5516074676678707,blogfeedback,matern52_1.2h0,PPI,0.08063292255969567,0.08941979369864077
33,GH_P1_c300,1000,50,0.944,0.0070912420834233,0.0501426536422406,-0.0016566391549757,0.0016566391549757,0.0361953722680825,0.0357484112385,0.1401337720549201,0.0361755330233682,0.4715080622625117,0.4698514231075361,4869.675251658629,1.0,991.088051214997,284.79898732330594,284.79898732330594,300.0,0.0,0.0024788590786523,0.0010298398771628,0.0014196696783956,21.94284357436001,0.0060821357918903,1.103224314509891,0.9999800006934966,0.003527705534545,2.2e-05,22.93686596078268,1.0,1.0,0.49173787057593255,blogfeedback,matern52_1.2h0,PPCI,-0.021886447468396464,0.042265554570147974
33,LO_GH_P1_c300w,1000,50,0.933,0.0087609989179782,0.0619496174487043,-0.0014968929452231,0.0014968929452231,0.0532197254907335,0.0543133342916644,0.2129082704233248,0.0532252893298272,0.4715080622625117,0.4700111693172886,,,991.088051214997,284.79898732330594,284.79898732330594,300.0,,0.0024780027565641,,,21.94284357436001,0.0060024062478914,1.103144584965892,0.9999800006934966,0.003527705534545,2.2e-05,22.93686596078268,1.519321626052308,1.4703461286862698,0.49173787057593255,blogfeedback,matern52_1.2h0,LO,-0.021726701258643955,0.05746431971581961
33,PPI_global,1000,50,0.008,0.0033073819722257,0.0233867222053498,0.1586926791655432,0.1586926791655432,0.1632772572325582,0.0387382772739328,0.1518540469138167,0.0384392232300742,0.4715080622625117,0.6302007414280552,,,,,,,,,,,0.0,8.122911397367715e-05,8.122911397367715e-05,,,,,1.0836363332480856,4.510998147034886,0.49173787057593255,blogfeedback,matern52_1.2h0,PPI,0.1384628708521226,0.1436943384871531
34,GH_P1_c300,1000,50,0.944,0.0079076300017703,0.0559153879736597,0.0070997481708324,0.0070997481708324,0.0380922028835708,0.0372780567884337,0.1461299826106604,0.0374434441249977,0.5435324474308562,0.5506321956016886,368.2275265115973,1.0,3365.9393355921816,38.17602547542134,38.17602547542134,300.0,0.0,0.1390822145548958,0.0554878537985122,0.0834017272856821,21.68428286563605,0.0060959211653098,1.0903100644471122,0.9704174142998784,0.0604314250877907,3.4e-05,1.1911662855898366,1.0,1.0,0.5572555624947365,blogfeedback,matern52_1.2h0,PPCI,-0.006623366893047877,0.038006295339506654
34,LO_GH_P1_c300w,1000,50,0.949,0.0064665544558607,0.045725445066512,0.0093808672177276,0.0093808672177276,0.0583814870614576,0.0577860433991381,0.2265212901246215,0.057651722288526,0.5435324474308562,0.5529133146485837,,,3365.9393355921816,38.17602547542134,38.17602547542134,300.0,,0.1390966130678928,,,21.68428286563605,0.006012821836397,1.0902269651181995,0.9704174142998784,0.0604314250877907,3.4e-05,1.1911662855898366,1.5501356126767674,1.5326361470850374,0.5572555624947365,blogfeedback,matern52_1.2h0,LO,-0.00434224784615278,0.05778626547985179
34,PPI_global,1000,50,0.398,0.0191641672431245,0.1355111261340649,0.0861203399039313,0.0861203399039313,0.0944397338223066,0.0387337140782709,0.151836159186822,0.0387769781351353,0.5435324474308562,0.6296527873347875,,,,,,,,,,,0.0,8.08884147554636e-05,8.08884147554636e-05,,,,,1.039048636523586,2.479240544606005,0.5572555624947365,blogfeedback,matern52_1.2h0,PPI,0.07239722484005096,0.08211886837871281
35,GH_P1_c300,1000,50,0.949,0.0070696245895192,0.0499897948769219,-0.0027703092491579,0.0027703092491579,0.0358903326101484,0.0355826181862068,0.1394838632899307,0.0358011603808554,0.5151712281519912,0.5124009189028333,1575.6616034836857,1.0,2645.2994571070503,115.63995754772836,115.63995754772836,300.0,0.0,0.0214252218773886,0.0087355018434347,0.0137633362497418,21.78446798639372,0.0060831092819571,1.0953065086016431,0.9988710542551732,0.0132144238330226,4.000000000000001e-05,5.495533251949321,1.0,1.0,0.5328305570195165,blogfeedback,matern52_1.2h0,PPCI,-0.02042963811668319,0.04120450794645835
35,LO_GH_P1_c300w,1000,50,0.936,0.0084563706211135,0.0597955701041609,-0.0025826944425004,0.0025826944425004,0.0551803310284209,0.0546495987378896,0.2142264270525274,0.0551474374897371,0.5151712281519912,0.5125885337094909,,,2645.2994571070503,115.63995754772836,115.63995754772836,300.0,,0.0214272465350215,,,21.78446798639372,0.0060014238730072,1.095224823192693,0.9988710542551732,0.0132144238330226,4.000000000000001e-05,5.495533251949321,1.53585097228944,1.5374705948759555,0.5328305570195165,blogfeedback,matern52_1.2h0,LO,-0.02024202331002567,0.05871914619190575
35,PPI_global,1000,50,0.149,0.0135141649043225,0.0955595764591975,0.1142960683178871,0.1142960683178871,0.1206007210228474,0.0386633528810841,0.1515603432938497,0.038502274003063,0.5151712281519912,0.6294672964698784,,,,,,,,,,,0.0,8.222923707216979e-05,8.222923707216979e-05,,,,,1.086579764275792,3.360256432640189,0.5328305570195165,blogfeedback,matern52_1.2h0,PPI,0.09663673945036189,0.10401731629830037
36,GH_P1_c300,1000,50,0.955,0.0064285714285714,0.0454568645048494,0.002941177860593,0.002941177860593,0.0390027204015394,0.0401096647773209,0.1572298859270982,0.038911126265636,0.6127330673110177,0.6156742451716108,4216.965034285823,1.0,3884.455287563128,278.3809354347329,278.3809354347329,300.0,0.0,0.004372356782845,0.0015846606518743,0.0028099051370992,21.6174011108838,0.0060863234195858,1.086956378963776,0.998841036570596,0.0119192434614384,4.6000000000000014e-05,12.54081648301473,1.0,1.0,0.6139632566925993,blogfeedback,matern52_1.2h0,PPCI,0.0017109884790115215,0.03892928400431117
36,LO_GH_P1_c300w,1000,50,0.951,0.006774803257931,0.0479050932488777,0.0027879368859346,0.0027879368859346,0.0644456702774569,0.0649780282149001,0.2547138706024087,0.0644175554245705,0.6127330673110177,0.6155210041969525,,,3884.455287563128,278.3809354347329,278.3809354347329,300.0,,0.0043712861090457,,,21.6174011108838,0.0060044001406058,1.086874455684796,0.998841036570596,0.0119192434614384,4.6000000000000014e-05,12.54081648301473,1.6200092565131683,1.6523378270535547,0.6139632566925993,blogfeedback,matern52_1.2h0,LO,0.001557747504353224,0.0644041800096706
36,PPI_global,1000,50,0.942,0.0083739147941444,0.0592125193601791,0.0162688042951758,0.0162688042951758,0.0412536245489471,0.038621965738185,0.1513981056936852,0.0379292258212867,0.6127330673110177,0.6290018716061938,,,,,,,,,,,0.0,8.08729464188218e-05,8.08729464188218e-05,,,,,0.9629092128444529,1.0577114653602189,0.6139632566925993,blogfeedback,matern52_1.2h0,PPI,0.015038614913594484,0.04078415726418956
37,GH_P1_c300,1000,50,0.948,0.0069927075717259,0.0494459094282193,-0.0028630586901794,0.0028630586901794,0.0346037731423744,0.0355988665323117,0.1395475568066621,0.0345023828894549,0.4670671614320661,0.4642041027418867,4869.675251658629,1.0,1002.6943217513112,285.3252569214936,285.3252569214936,300.0,0.0,0.0024186760932157,0.0010176381866835,0.0013801677154822,21.99344561541453,0.0061011867839843,1.1057734675547108,0.9999784610416688,0.0036913992409256,3.6e-05,22.83473645428849,1.0,1.0,0.48803138225178455,blogfeedback,matern52_1.2h0,PPCI,-0.023827279509897825,0.041916145570272755
37,LO_GH_P1_c300w,1000,50,0.934,0.0077512342664288,0.0548095031235739,-0.0029753311151651,0.0029753311151651,0.0532285536799421,0.053795124551748,0.2108768882428522,0.0531719247836563,0.4670671614320661,0.464091830316901,,,1002.6943217513112,285.3252569214936,285.3252569214936,300.0,,0.0024178667999028,,,21.99344561541453,0.0060176058551296,1.105689886625856,0.9999784610416688,0.0036913992409256,3.6e-05,22.83473645428849,1.51114711764545,1.5382297606950996,0.48803138225178455,blogfeedback,matern52_1.2h0,LO,-0.023939551934883563,0.058288321973244274
37,PPI_global,1000,50,0.007,0.0024784787961282,0.0175254916376932,0.162098295306167,0.162098295306167,0.1663037467614028,0.0386896512537479,0.1516634329146919,0.0371814645626351,0.4670671614320661,0.6291654567382333,,,,,,,,,,,0.0,8.217102941125632e-05,8.217102941125632e-05,,,,,1.0868225598877084,4.805942579647584,0.48803138225178455,blogfeedback,matern52_1.2h0,PPI,0.14113407448644877,0.1459448725610528
38,GH_P1_c300,1000,50,0.962,0.0058134256998216,0.0411071273426804,0.0054343591108552,0.0054343591108552,0.0395227966250129,0.0414174122372211,0.162356255969907,0.0391669918089679,0.6607138647772135,0.6661482238880687,4216.965034285823,1.0,11201.18965530405,279.4330834748049,279.4330834748049,300.0,0.0,0.0057413583970826,0.0017104862095191,0.0041571746782355,21.3268364918232,0.0060581103572621,1.072399934948422,0.9964437051203372,0.0138578811568621,5.400000000000001e-05,9.824236674057651,1.0,1.0,0.6516029828323439,blogfeedback,matern52_1.2h0,PPCI,0.014545241055724856,0.04176222254006051
38,LO_GH_P1_c300w,1000,50,0.952,0.0068452277432633,0.0484030695602783,0.0045053079821861,0.0045053079821861,0.0724053587985064,0.073134699706051,0.2866880228477201,0.0723012147088447,0.6607138647772135,0.6652191727593996,,,11201.18965530405,279.4330834748049,279.4330834748049,300.0,,0.0057356372588439,,,21.3268364918232,0.0059721506061032,1.072313975197263,0.9964437051203372,0.0138578811568621,5.400000000000001e-05,9.824236674057651,1.765795972166654,1.8319897624016552,0.6516029828323439,blogfeedback,matern52_1.2h0,LO,0.01361618992705571,0.07353664943996116
38,PPI_global,1000,50,0.873,0.0140850188179512,0.0995961231931345,-0.0308575643831044,0.0308575643831044,0.0480604539051139,0.0388120891401027,0.1521433894292027,0.0368643042364152,0.6607138647772135,0.629856300394109,,,,,,,,,,,0.0,8.142096735537052e-05,8.142096735537052e-05,,,,,0.9370959469366104,1.2160185515489998,0.6516029828323439,blogfeedback,matern52_1.2h0,PPI,-0.021746682438234854,0.04278476536078674
39,GH_P1_c300,1000,50,0.957,0.0067021166318513,0.0473911211868524,-0.0022213887729207,0.0022213887729207,0.033751307599956,0.0354848328819567,0.1391005448972705,0.0336949780853848,0.4721923155713748,0.4699709267984538,4869.675251658629,1.0,1135.1318485978263,290.81957522447857,290.81957522447857,300.0,0.0,0.0023633806417234,0.0009887785747247,0.0013617834230489,21.68908254196868,0.0060712376907467,1.0905253647891804,0.999968160283585,0.0041883150989438,4.000000000000001e-05,21.929135924953275,1.0,1.0,0.4926221800422771,blogfeedback,matern52_1.2h0,PPCI,-0.022651253243823277,0.04058688790905508
39,LO_GH_P1_c300w,1000,50,0.947,0.0073415229471597,0.0519124066017332,-0.002454248636789,0.002454248636789,0.052156346569297,0.0538268887520051,0.2110014039078603,0.0521246403269572,0.4721923155713748,0.4697380669345857,,,1135.1318485978263,290.81957522447857,290.81957522447857,300.0,,0.0023624633835675,,,21.68908254196868,0.0059865393498912,1.0904406664483248,0.999968160283585,0.0041883150989438,4.000000000000001e-05,21.929135924953275,1.5168984712726357,1.5453133605219196,0.4926221800422771,blogfeedback,matern52_1.2h0,LO,-0.022884113107691395,0.056902932998317855
39,PPI_global,1000,50,0.012,0.0033685217493004,0.0238190457150472,0.1581674680204465,0.1581674680204465,0.1622888647861564,0.0388447260683281,0.1522713261878462,0.0363600019708979,0.4721923155713748,0.6303597835918213,,,,,,,,,,,0.0,8.084000833332538e-05,8.084000833332538e-05,,,,,1.0946853321121257,4.808372662467389,0.4926221800422771,blogfeedback,matern52_1.2h0,PPI,0.13773760354954423,0.1424513079095864
40,GH_P1_c300,1000,50,0.963,0.0058571428571428,0.0414162543266406,0.0047539483778606,0.0047539483778606,0.0348116160557004,0.0365915229386978,0.1434387699196954,0.0345027394022038,0.5358894014081726,0.5406433497860332,387.2936141119555,1.0,3238.612372138087,39.1475549605315,39.1475549605315,300.0,0.0,0.1262494969453732,0.0510300524163564,0.0770335973528532,21.613654737900944,0.0060825665267184,1.0867653034217657,0.9733335283857188,0.0585676921227954,4.200000000000001e-05,1.2698539528814536,1.0,1.0,0.550738938171467,blogfeedback,matern52_1.2h0,PPCI,-0.010095588385433785,0.035932846979862806
40,LO_GH_P1_c300w,1000,50,0.955,0.0070348984298543,0.0497442438470861,0.0037426886438973,0.0037426886438973,0.0546390968035417,0.0563583374106933,0.2209246826499178,0.0545380379075049,0.5358894014081726,0.53963209005207,,,3238.612372138087,39.1475549605315,39.1475549605315,300.0,,0.1262427689969617,,,21.613654737900944,0.0059991496941074,1.0866818865891543,0.9733335283857188,0.0585676921227954,4.200000000000001e-05,1.2698539528814536,1.5402020163279642,1.5695650760974809,0.550738938171467,blogfeedback,matern52_1.2h0,LO,-0.011106848119396995,0.05563079413750081
40,PPI_global,1000,50,0.278,0.0194390727921989,0.1374550019134277,0.0955725573790083,0.0955725573790083,0.1022039246091464,0.0389312402182496,0.1526104616555387,0.0362331522624117,0.5358894014081726,0.6314619587871809,,,,,,,,,,,0.0,8.242808096110821e-05,8.242808096110821e-05,,,,,1.0639415113569233,2.935914392644535,0.550738938171467,blogfeedback,matern52_1.2h0,PPI,0.0807230206157139,0.08847448524220534
41,GH_P1_c300,1000,50,0.961,0.0064349175026029,0.0455017380246656,4.702066908426339e-06,4.702066908426339e-06,0.034069982593232,0.035412935098915,0.1388187055877469,0.034087030046795,0.4658793556773484,0.4658840577442569,4869.675251658629,1.0,1083.2452699967394,287.41281728065843,287.41281728065843,300.0,0.0,0.0023797478860159,0.0010002723238553,0.0013456313616479,21.76443476483226,0.0060766382738947,1.094298376515508,0.9999703409449866,0.0041630728544269,3.800000000000001e-05,22.175869539199645,1.0,1.0,0.4876199329624276,blogfeedback,matern52_1.2h0,PPCI,-0.02173587521817072,0.04041301725055409
41,LO_GH_P1_c300w,1000,50,0.94,0.0086896607575688,0.0614451804788759,0.0004634110912492,0.0004634110912492,0.0531976597121133,0.0535453170894189,0.2098976429905223,0.0532222590451041,0.4658793556773484,0.4663427667685977,,,1083.2452699967394,287.41281728065843,287.41281728065843,300.0,,0.0023792555223532,,,21.76443476483226,0.0059923189599066,1.0942140572015198,0.9999703409449866,0.0041630728544269,3.800000000000001e-05,22.175869539199645,1.5120270867087615,1.5614231550174316,0.4876199329624276,blogfeedback,matern52_1.2h0,LO,-0.02127716619382991,0.057293054118681436
41,PPI_global,1000,50,0.007,0.0031975756122284,0.0226102739876348,0.1664142985321083,0.1664142985321083,0.1703870859882379,0.038940501584137,0.152646766209817,0.036597536738486,0.4658793556773484,0.6322936542094568,,,,,,,,,,,0.0,8.150674495846033e-05,8.150674495846033e-05,,,,,1.0996123725799285,5.001091078399474,0.4876199329624276,blogfeedback,matern52_1.2h0,PPI,0.1446737212470292,0.1492264250563305
42,GH_P1_c300,1000,50,0.949,0.0078882501098734,0.0557783514438703,0.0011061442222405,0.0011061442222405,0.0352829274820541,0.0360394277823436,0.1412745569067872,0.0352832300531921,0.4720128793598121,0.4731190235820529,4869.675251658629,1.0,985.565647675858,285.497947681625,285.497947681625,300.0,0.0,0.0024790639810482,0.0010395906209904,0.0014110066541104,21.84461058519781,0.0060776045881211,1.0983081338480116,0.9999803802061042,0.0035143679484949,1.8e-05,23.044457669326285,1.0,1.0,0.49192690351051377,blogfeedback,matern52_1.2h0,PPCI,-0.01880787992846089,0.03996745881422653
42,LO_GH_P1_c300w,1000,50,0.938,0.0086378379759034,0.0610787380755198,0.0017128499796707,0.0017128499796707,0.0543109472639414,0.0546109389390429,0.2140748806410484,0.0543110930886707,0.4720128793598121,0.4737257293394831,,,985.565647675858,285.497947681625,285.497947681625,300.0,,0.0024781538751305,,,21.84461058519781,0.0059954899316653,1.0982260191915558,0.9999803802061042,0.0035143679484949,1.8e-05,23.044457669326285,1.5153109330386698,1.539298214173571,0.49192690351051377,blogfeedback,matern52_1.2h0,LO,-0.018201174171030676,0.057254064299907675
42,PPI_global,1000,50,0.013,0.0044744170752473,0.031638906557643,0.1603042463202634,0.1603042463202634,0.1646246160063698,0.0390197193752753,0.1529572999510792,0.0374862378075206,0.4720128793598121,0.6323171256800757,,,,,,,,,,,0.0,8.260489348322153e-05,8.260489348322153e-05,,,,,1.0826953083420412,4.665843447659002,0.49192690351051377,blogfeedback,matern52_1.2h0,PPI,0.14039022216956193,0.14530391353214125
43,GH_P1_c300,1000,50,0.949,0.0069237833234586,0.0489585413948394,0.0097081533899904,0.0097081533899904,0.0421950034419047,0.0420079528535178,0.1646711751857901,0.041083548181114,0.6652791651593303,0.6749873185493208,4216.965034285823,1.0,10977.246609697626,278.7527101820468,278.7527101820468,300.0,0.0,0.0060393538212358,0.0017643272615384,0.0042904616319036,21.54350727269426,0.0060676873996853,1.0832430510343984,0.9965699445222452,0.0143123185349385,3.2e-05,9.851411843542444,1.0,1.0,0.65479663153589,blogfeedback,matern52_1.2h0,PPCI,0.020190687013430852,0.045758429991566485
43,LO_GH_P1_c300w,1000,50,0.951,0.0069237833234586,0.0489585413948394,0.0129067721693169,0.0129067721693169,0.0749552282967557,0.0747390694283082,0.2929771521589684,0.0738725838171912,0.6652791651593303,0.6781859373286473,,,10977.246609697626,278.7527101820468,278.7527101820468,300.0,,0.0060304050705132,,,21.54350727269426,0.0059825783418491,1.0831579419765622,0.9965699445222452,0.0143123185349385,3.2e-05,9.851411843542444,1.7791647617041493,1.776400573114212,0.65479663153589,blogfeedback,matern52_1.2h0,LO,0.02338930579275733,0.07745166948914156
43,PPI_global,1000,50,0.87,0.011780301787479,0.0832993127835042,-0.0314616946755061,0.0314616946755061,0.0494338824000399,0.0389624885089287,0.1527329549550005,0.0381487329161705,0.6652791651593303,0.6338174704838241,,,,,,,,,,,0.0,8.399805519729853e-05,8.399805519729853e-05,,,,,0.927502671810532,1.1715577288221315,0.65479663153589,blogfeedback,matern52_1.2h0,PPI,-0.020979161052065876,0.0435200608424979
44,GH_P1_c300,1000,50,0.937,0.0090135951739127,0.0637357427034406,0.0158545150757658,0.0158545150757658,0.0408392213852204,0.038241801552439,0.149907862085561,0.0376549365862256,0.5506213080158434,0.566475823091609,468.03892886205153,1.0,3145.6776912031014,43.999163920590696,43.999163920590696,300.0,0.0,0.1131947023456262,0.0453729126361393,0.0674385451175039,21.65600660886616,0.0060750193176791,1.0888753497609869,0.9764763839676804,0.0547320411465153,3.800000000000001e-05,1.548486387243304,1.0,1.0,0.5629308581350088,blogfeedback,matern52_1.2h0,PPCI,0.0035449649566002828,0.03780268683052678
44,LO_GH_P1_c300w,1000,50,0.953,0.0074792229215476,0.0528860924583222,0.0167395212914912,0.0167395212914912,0.0610709453763338,0.0591266361435789,0.2317764136828295,0.0587613963226594,0.5506213080158434,0.5673608293073346,,,3145.6776912031014,43.999163920590696,43.999163920590696,300.0,,0.1132008113195013,,,21.65600660886616,0.0059907813770696,1.0887911118203772,0.9764763839676804,0.0547320411465153,3.800000000000001e-05,1.548486387243304,1.5461258032653509,1.4953993564244397,0.5629308581350088,blogfeedback,matern52_1.2h0,LO,0.004429971172325797,0.058898840741380465
44,PPI_global,1000,50,0.401,0.0231891072246766,0.1639717496823082,0.0840542401928447,0.0840542401928447,0.0921272444507158,0.0388909147623428,0.1524523858683839,0.0377324477512234,0.5506213080158434,0.634675548208688,,,,,,,,,,,0.0,8.196774031966925e-05,8.196774031966925e-05,,,,,1.0169739181616144,2.255852127583811,0.5629308581350088,blogfeedback,matern52_1.2h0,PPI,0.07174469007367923,0.08105315804738142
45,GH_P1_c300,1000,50,0.952,0.0086849623734689,0.061411957886299,0.0034434953442838,0.0034434953442838,0.0381017382905683,0.0384559087867445,0.1507471624440385,0.0379648011545373,0.5407056155862192,0.544149110930503,4216.965034285823,1.0,1758.0136462054472,274.0454378924804,274.0454378924804,300.0,0.0,0.0035141917327588,0.0013957396927732,0.0021676194133561,21.779890217315405,0.0060639633676037,1.0950584742333738,0.9998580340322978,0.0062235557451996,3.6e-05,16.725619703351732,1.0,1.0,0.5508617644220071,blogfeedback,matern52_1.2h0,PPCI,-0.0067126534915040725,0.0385349778444708
45,LO_GH_P1_c300w,1000,50,0.955,0.0073192505471139,0.0517549169506765,0.0041373114471427,0.0041373114471427,0.0587615744273109,0.0596697317465278,0.2339053484463891,0.0586450724928653,0.5407056155862192,0.5448429270333618,,,1758.0136462054472,274.0454378924804,274.0454378924804,300.0,,0.0035124178804192,,,21.779890217315405,0.0059796658847481,1.0949741767505183,0.9998580340322978,0.0062235557451996,3.6e-05,16.725619703351732,1.5516401413739462,1.5422281781263687,0.5508617644220071,blogfeedback,matern52_1.2h0,LO,-0.006018837388645282,0.05892394832898324
45,PPI_global,1000,50,0.321,0.023694053331275,0.1675422578434029,0.0925688472817726,0.0925688472817726,0.0999744364825371,0.03890764398646,0.1525179644269232,0.037779938945311,0.5407056155862192,0.6332744628679917,,,,,,,,,,,0.0,8.2466721534729e-05,8.2466721534729e-05,,,,,1.0117468345949274,2.623881244475525,0.5508617644220071,blogfeedback,matern52_1.2h0,PPI,0.08241269844598464,0.09065180267415268
46,GH_P1_c300,1000,50,0.955,0.0070348984298543,0.0497442438470861,0.0012297622800972,0.0012297622800972,0.034976604883306,0.0359100326948089,0.140767328163651,0.0349724698519407,0.5118761213875348,0.5131058836676321,1784.2502087589608,1.0,2439.569579123769,128.73700567972608,128.73700567972608,300.0,0.0,0.0156383783530865,0.0064532494452182,0.0096995020388758,21.62428625624627,0.0060696387514472,1.087283951563761,0.9991994556055848,0.0117471726320782,3.0000000000000004e-05,6.413270765099035,1.0,1.0,0.5294255594406299,blogfeedback,matern52_1.2h0,PPCI,-0.016319675772997755,0.03857696710775908
46,LO_GH_P1_c300w,1000,50,0.953,0.0073415229471597,0.0519124066017332,0.0035652656571268,0.0035652656571268,0.0532415048008155,0.054820860208078,0.2148977720156658,0.0531485793388225,0.5118761213875348,0.5154413870446617,,,2439.569579123769,128.73700567972608,128.73700567972608,300.0,,0.0156450529758436,,,21.62428625624627,0.0059854205613955,1.0871997333737091,0.9991994556055848,0.0117471726320782,3.0000000000000004e-05,6.413270765099035,1.526616828059942,1.5222033407315378,0.5294255594406299,blogfeedback,matern52_1.2h0,LO,-0.013984172395968164,0.05493181038205033
46,PPI_global,1000,50,0.107,0.0111584140486734,0.0789019024110422,0.122086805332095,0.122086805332095,0.127701810450233,0.0389810755768894,0.1528058162614064,0.0374695653083239,0.5118761213875348,0.6339629267196298,,,,,,,,,,,0.0,8.181953616440297e-05,8.181953616440297e-05,,,,,1.0855204702312735,3.651063643149183,0.5294255594406299,blogfeedback,matern52_1.2h0,PPI,0.10453736727899998,0.11104334970494582
47,GH_P1_c300,1000,50,0.954,0.0060339177376979,0.0426662414944802,-0.0006860430136839,0.0006860430136839,0.0352090324013991,0.0361526985341059,0.1417185782536952,0.0352199624272873,0.5488502892908907,0.5481642462772067,582.526492852764,1.0,5142.7567213597285,54.66691253828697,54.66691253828697,300.0,0.0,0.0757944304788868,0.029974172683075,0.0476751123167459,21.552594301048668,0.0060663653025403,1.0836960803549738,0.9882850062179268,0.0315522245313713,2.8000000000000003e-05,1.6371277694202857,1.0,1.0,0.563364267236055,blogfeedback,matern52_1.2h0,PPCI,-0.015200020958848315,0.03834378626030009
47,LO_GH_P1_c300w,1000,50,0.951,0.008267220740703,0.0584580784731717,0.0002709935426797,0.0002709935426797,0.0547666551128022,0.0562879858883055,0.2206489046821576,0.0547933881972504,0.5488502892908907,0.5491212828335704,,,5142.7567213597285,54.66691253828697,54.66691253828697,300.0,,0.0758229109148733,,,21.552594301048668,0.0059831866500899,1.0836129017025231,0.9882850062179268,0.0315522245313713,2.8000000000000003e-05,1.6371277694202857,1.5569511591286682,1.5554717462393497,0.563364267236055,blogfeedback,matern52_1.2h0,LO,-0.014242984402484615,0.05658776969835324
47,PPI_global,1000,50,0.403,0.0239646849019339,0.1694559120315634,0.0849949541793085,0.0849949541793085,0.092922570161921,0.0388624209742048,0.1523406902188831,0.0375749076277988,0.5488502892908907,0.6338452434701993,,,,,,,,,,,0.0,8.204489015042782e-05,8.204489015042782e-05,,,,,1.0749521488013585,2.63916852648948,0.563364267236055,blogfeedback,matern52_1.2h0,PPI,0.07048097623414429,0.07986256833130516
48,GH_P1_c300,1000,50,0.963,0.0056802558148774,0.0401654740557415,-0.0008584161114766,0.0008584161114766,0.0345829319340596,0.0355337349623757,0.1392922410525127,0.0345895756215226,0.4912493776421074,0.4903909615306306,4216.965034285823,1.0,1734.4055273922393,275.9613787558278,275.9613787558278,300.0,0.0,0.0028012991429605,0.0011765049040732,0.0016462507170803,21.732118415478617,0.0060795949036255,1.0926855156775566,0.9999448355609308,0.0039619521208908,2.8000000000000003e-05,16.864688996536476,1.0,1.0,0.5104596696156045,blogfeedback,matern52_1.2h0,PPCI,-0.020068708084973907,0.03997493398537702
48,LO_GH_P1_c300w,1000,50,0.949,0.0073526338471187,0.0519909725287938,-0.0011179692823512,0.0011179692823512,0.0531947996196839,0.0538909453692078,0.2112525058472949,0.0532096618987701,0.4912493776421074,0.490131408359756,,,1734.4055273922393,275.9613787558278,275.9613787558278,300.0,,0.0028009240200227,,,21.732118415478617,0.0059976202873513,1.0926035410612822,0.9999448355609308,0.0039619521208908,2.8000000000000003e-05,16.864688996536476,1.516613590613804,1.5381807338114704,0.5104596696156045,blogfeedback,matern52_1.2h0,LO,-0.020328261255848523,0.05693570985724229
48,PPI_global,1000,50,0.038,0.0059863790970734,0.0423300925429401,0.1411149934434365,0.1411149934434365,0.1460524463917445,0.0389335612664453,0.1526195601644659,0.037673532054876,0.4912493776421074,0.6323643710855438,,,,,,,,,,,0.0,8.189090713858604e-05,8.189090713858604e-05,,,,,1.0956788333021996,4.22325228729095,0.5104596696156045,blogfeedback,matern52_1.2h0,PPI,0.12190470146993926,0.12758774221275054
49,GH_P1_c300,1000,50,0.96,0.0053452248382484,0.0377964473009227,-0.0014361487593674,0.0014361487593674,0.0344794987250707,0.0353278184656631,0.1384850483853993,0.034466814043997,0.4676325142340538,0.4661963654746865,4869.675251658629,1.0,1056.9863398360062,287.5762386892127,287.5762386892127,300.0,0.0,0.0023513425306696,0.0009921770738194,0.0013727054713935,21.82953110659495,0.0060559491729363,1.0975325045026838,0.9999732944938572,0.0039570222624,2.4e-05,22.42974160181396,1.0,1.0,0.48893055504672356,blogfeedback,matern52_1.2h0,PPCI,-0.022734189572037045,0.041274891696653104
49,LO_GH_P1_c300w,1000,50,0.937,0.0079295366207873,0.0560702911622581,-0.0023010328465005,0.0023010328465005,0.0531602637252215,0.0534252165665992,0.2094268489410689,0.0531370156256826,0.4676325142340538,0.4653314813875535,,,1056.9863398360062,287.5762386892127,287.5762386892127,300.0,,0.0023502513408147,,,21.82953110659495,0.0059718603659421,1.0974484156956896,0.9999732944938572,0.0039570222624,2.4e-05,22.42974160181396,1.5122704680597785,1.541793404512798,0.48893055504672356,blogfeedback,matern52_1.2h0,LO,-0.023599073659170078,0.05811742565483581
49,PPI_global,1000,50,0.006,0.0023211538298959,0.0164130361329657,0.1641855507342679,0.1641855507342679,0.1685110577739033,0.0388436066149199,0.1522669379304862,0.0379542098351305,0.4676325142340538,0.6318180649683219,,,,,,,,,,,0.0,8.217600919306278e-05,8.217600919306278e-05,,,,,1.0995189712230329,4.887282704356004,0.48893055504672356,blogfeedback,matern52_1.2h0,PPI,0.14288750992159838,0.147837485144194
0,GH_P1_c300,1000,50,0.952,0.0066944997222057,0.0473372615022311,-0.0016714584096882,0.0016714584096882,0.0349990294527481,0.0357286955802926,0.1400564866747473,0.0349765871844307,0.5148905614993183,0.5132191030896299,4216.965034285823,1.0,2764.9159000286904,285.0572676389217,285.0572676389217,300.0,0.0,0.0028353170150011,0.0011683774823621,0.0017041772188035,21.651172479819508,0.0060810205163434,1.088639644507319,0.9999198334520956,0.0039294892222452,3.4e-05,14.243478572883909,1.0,1.0,0.5137763520305936,blogfeedback,gaussian_ess_matched,PPCI,-0.0005572489409636505,0.03496353551632353
0,LO_GH_P1_c300w,1000,50,0.939,0.0090677720414619,0.064118831007715,-0.0042976430806853,0.0042976430806853,0.0550027001406055,0.0545559491827567,0.2138593207964066,0.0548619825000176,0.5148905614993183,0.5105929184186329,,,2764.9159000286904,285.0572676389217,285.0572676389217,300.0,,0.0028343830703534,,,21.651172479819508,0.0059964810563251,1.0885551050473006,0.9999198334520956,0.0039294892222452,3.4e-05,14.243478572883909,1.5269504888627643,1.5715492972416338,0.5137763520305936,blogfeedback,gaussian_ess_matched,LO,-0.0031834336119607176,0.05492687444475761
0,PPI_global,1000,50,0.169,0.0126079016364131,0.089151327436407,0.1137753411122349,0.1137753411122349,0.1200696380352842,0.0389646222595349,0.1527413192573771,0.038384412146268,0.5148905614993183,0.6286659026115532,,,,,,,,,,,0.0,8.163938112556935e-05,8.163938112556935e-05,,,,,1.0905694044152898,3.4306562185499776,0.5137763520305936,blogfeedback,gaussian_ess_matched,PPI,0.11488955058095962,0.12112596156651814
1,GH_P1_c300,1000,50,0.948,0.0080761680143443,0.0571071316894476,0.0126663690083853,0.0126663690083853,0.0387680258215658,0.0378133997925504,0.1482285271867978,0.0366587887011292,0.5411188887218189,0.5537852577302043,516.6820278047704,1.0,2328.504722568189,45.12040514519824,45.12040514519824,300.0,0.0,0.1060867028911878,0.0409917554582017,0.0664106697781181,21.688584318961947,0.0060988213233649,1.0905280372714623,0.987446714690424,0.0470360692126222,2.6e-05,1.916494596672594,1.0,1.0,0.5390625576370317,blogfeedback,gaussian_ess_matched,PPCI,0.014722700093172558,0.03948772999652559
1,LO_GH_P1_c300w,1000,50,0.955,0.006738557951469,0.0476488002290226,0.0118314382478107,0.0118314382478107,0.0607799744849307,0.0595109655239494,0.2332829848538816,0.0596471302538906,0.5411188887218189,0.5529503269696298,,,2328.504722568189,45.12040514519824,45.12040514519824,300.0,,0.1060299674809739,,,21.688584318961947,0.006014396241866,1.0904436121899632,0.987446714690424,0.0470360692126222,2.6e-05,1.916494596672594,1.5738062657797174,1.567786163904178,0.5390625576370317,blogfeedback,gaussian_ess_matched,LO,0.013887769332598054,0.0612134993642131
1,PPI_global,1000,50,0.366,0.0193485748038137,0.1368150845007186,0.0882520116670308,0.0882520116670308,0.0959125355310301,0.0389655769335099,0.152745061579359,0.0375793709078691,0.5411188887218189,0.6293709003888498,,,,,,,,,,,0.0,8.214258402585983e-05,8.214258402585983e-05,,,,,1.030470075351079,2.474011340491734,0.5390625576370317,blogfeedback,gaussian_ess_matched,PPI,0.0903083427518181,0.09780794282313285
2,GH_P1_c300,1000,50,0.963,0.0066715968164774,0.0471753135027381,0.0031000878427314,0.0031000878427314,0.0355827186077468,0.0369040733419425,0.1446639675004148,0.0354651532631881,0.5560387350995598,0.5591388229422912,513.3896678819067,1.0,5361.014422453836,50.64614140428966,50.64614140428966,300.0,0.0,0.0896437374004887,0.035332627502626,0.0557363078125149,22.93513042896986,0.0068440406080335,1.1536005620565264,0.9793324567821424,0.040180856355493,4.600000000000001e-05,1.4304447161534868,1.0,1.0,0.556151385615139,blogfeedback,gaussian_ess_matched,PPCI,0.0029874373271522314,0.03557308112420265
2,LO_GH_P1_c300w,1000,50,0.954,0.0075376605475845,0.0532993088747932,0.0039571237161062,0.0039571237161062,0.0578984514276837,0.0576452928122388,0.2259695478239764,0.0577919696963225,0.5560387350995598,0.559995858815666,,,5361.014422453836,50.64614140428966,50.64614140428966,300.0,,0.0896680644237925,,,22.93513042896986,0.0067540891449898,1.1535106105934827,0.9793324567821424,0.040180856355493,4.600000000000001e-05,1.4304447161534868,1.5620306267580308,1.6271508668558672,0.556151385615139,blogfeedback,gaussian_ess_matched,LO,0.0038444732005270543,0.05789086131514065
2,PPI_global,1000,50,0.491,0.0194143855773737,0.137280436943313,0.0766490437712036,0.0766490437712036,0.0853978627918453,0.0390680991745668,0.153146948764302,0.0376714506831303,0.5560387350995598,0.6326877788707634,,,,,,,,,,,0.0,8.204170130193233e-05,8.204170130193233e-05,,,,,1.0586392134161735,2.399981399208012,0.556151385615139,blogfeedback,gaussian_ess_matched,PPI,0.07653639325562445,0.0852967675293416
3,GH_P1_c300,1000,50,0.95,0.0090350790290525,0.0638876564999939,0.0023085020301939,0.0023085020301939,0.035820881595931,0.0371502088762233,0.1456288187947955,0.0357643043011946,0.4874660834667249,0.489774585496919,4869.675251658629,1.0,1126.178237197517,295.2622610273761,295.2622610273761,300.0,0.0,0.0024517417512152,0.0010563175316944,0.0013849781049009,23.942007897440345,0.0071314152730628,1.20423181014508,0.9999623114571448,0.0042958564540077,3e-05,22.344613825784485,1.0,1.0,0.4840188340621411,blogfeedback,gaussian_ess_matched,PPCI,0.0057557514347779115,0.03620683707899996
3,LO_GH_P1_c300w,1000,50,0.94,0.0084515425472851,0.0597614304667196,0.0018575266637474,0.0018575266637474,0.0559915911679812,0.055637253707415,0.2180980345330668,0.0559887722568967,0.4874660834667249,0.4893236101304725,,,1126.178237197517,295.2622610273761,295.2622610273761,300.0,,0.0024508417015361,,,23.942007897440345,0.0070369233274832,1.2041373181995003,0.9999623114571448,0.0042958564540077,3e-05,22.344613825784485,1.4976296335987396,1.5630991944749175,0.4840188340621411,blogfeedback,gaussian_ess_matched,LO,0.005304776068331407,0.05621164047909429
3,PPI_global,1000,50,0.031,0.005694608979427,0.0402669662555868,0.1474368702617575,0.1474368702617575,0.1522169604856028,0.0391196255743198,0.1533489322513336,0.0378656328752906,0.4874660834667249,0.6349029537284825,,,,,,,,,,,0.0,8.319214545190334e-05,8.319214545190334e-05,,,,,1.0530122644709254,4.249391798969388,0.4840188340621411,blogfeedback,gaussian_ess_matched,PPI,0.1508841196663414,0.15555831676377857
4,GH_P1_c300,1000,50,0.95,0.0068511878904467,0.0484452141651804,0.0007069484215803,0.0007069484215803,0.0346835540923932,0.0354909031092589,0.1391243401882951,0.034693699733675,0.4821097246139361,0.4828166730355163,4216.965034285823,1.0,1427.151192860161,269.2468189525716,269.2468189525716,300.0,0.0,0.0028960563515735,0.0011982311903633,0.0016644295972352,23.907397114988417,0.0072352457260712,1.2026051014754922,0.9999574597333488,0.0038700155441391,4.6000000000000014e-05,18.07584913934188,1.0,1.0,0.4805802145555217,blogfeedback,gaussian_ess_matched,PPCI,0.0022364584799945963,0.03474839413472124
4,LO_GH_P1_c300w,1000,50,0.947,0.0070580681868774,0.0499080787701812,0.0035658134808738,0.0035658134808738,0.0545017417901423,0.0541767158185837,0.2123727260088481,0.0544121817049901,0.4821097246139361,0.4856755380948097,,,1427.151192860161,269.2468189525716,269.2468189525716,300.0,,0.0028969338023379,,,23.907397114988417,0.0070496436581015,1.2024194994075224,0.9999574597333488,0.0038700155441391,4.6000000000000014e-05,18.07584913934188,1.526495836180904,1.571400140970432,0.4805802145555217,blogfeedback,gaussian_ess_matched,LO,0.005095323539287988,0.05462313753666101
4,PPI_global,1000,50,0.024,0.0051981158281886,0.0367562295150531,0.151957394800732,0.151957394800732,0.1566219633077653,0.0390891517593799,0.1532294748967692,0.0379582716432083,0.4821097246139361,0.634067119414668,,,,,,,,,,,0.0,8.237876091152429e-05,8.237876091152429e-05,,,,,1.101385096880846,4.515741463246282,0.4805802145555217,blogfeedback,gaussian_ess_matched,PPI,0.1534869048591463,0.1581063550873085
5,GH_P1_c300,1000,50,0.955,0.0057587555344989,0.0407205508963977,0.0033006967242582,0.0033006967242582,0.0357313286634017,0.0367925207844558,0.1442266814750669,0.0355963530370182,0.5290206768015446,0.5323213735258028,328.9704921476858,1.0,3020.3988836149983,34.851385125994014,34.851385125994014,300.0,0.0,0.1526991192122624,0.0625604272366647,0.0900829685864157,23.758377895727754,0.0072448879824951,1.1951637827688828,0.981061941181011,0.0528395723833668,4.000000000000001e-05,1.1023747234751575,1.0,1.0,0.5285329731498151,blogfeedback,gaussian_ess_matched,PPCI,0.0037884003759877105,0.03577967616671904
5,LO_GH_P1_c300w,1000,50,0.945,0.0073192505471139,0.0517549169506765,0.005247830287585,0.005247830287585,0.056379547273665,0.0562782481778792,0.2206107328572865,0.0561628693707158,0.5290206768015446,0.5342685070891295,,,3020.3988836149983,34.851385125994014,34.851385125994014,300.0,,0.1527440552709135,,,23.758377895727754,0.0069941214183345,1.194913016204722,0.981061941181011,0.0528395723833668,4.000000000000001e-05,1.1023747234751575,1.5296110997008865,1.5778743579555856,0.5285329731498151,blogfeedback,gaussian_ess_matched,LO,0.005735533939314474,0.05642703233048114
5,PPI_global,1000,50,0.201,0.0158751506500966,0.1122542667704139,0.1054517888376673,0.1054517888376673,0.1117671689510471,0.0389904049551726,0.1528423874242767,0.0370566253151536,0.5290206768015446,0.6344724656392118,,,,,,,,,,,0.0,8.244436979293823e-05,8.244436979293823e-05,,,,,1.0597372543075485,3.127988046678099,0.5285329731498151,blogfeedback,gaussian_ess_matched,PPI,0.10593949248939671,0.11222743138457228
6,GH_P1_c300,1000,50,0.962,0.0056351665495188,0.0398466448028038,0.0043654715828884,0.0043654715828884,0.0359190782343112,0.0366569113643308,0.1436950925481769,0.0356706494795911,0.5476054522795356,0.5519709238624241,395.1312628295207,1.0,4330.016828713327,41.50083622262982,41.50083622262982,300.0,0.0,0.1186629315631211,0.047234214246655,0.0730391668529008,23.6310116795078,0.0071813578503206,1.1887319418257103,0.9706780140264024,0.0533066939905738,3.2000000000000005e-05,1.1721955039006215,1.0,1.0,0.5476469744596895,blogfeedback,gaussian_ess_matched,PPCI,0.004323949402734617,0.03591405543097251
6,LO_GH_P1_c300w,1000,50,0.943,0.0078259119570299,0.0553375541378473,0.0046607674594527,0.0046607674594527,0.0578047430045546,0.0568307645811934,0.2227765971582785,0.0576453688431306,0.5476054522795356,0.5522662197389884,,,4330.016828713327,41.50083622262982,41.50083622262982,300.0,,0.1186895105120515,,,23.6310116795078,0.0069515011729672,1.188502085148357,0.9706780140264024,0.0533066939905738,3.2000000000000005e-05,1.1721955039006215,1.5503424174599962,1.6093047440548585,0.5476469744596895,blogfeedback,gaussian_ess_matched,LO,0.004619245279298911,0.057801409908944584
6,PPI_global,1000,50,0.391,0.0194668740087737,0.1376515862010804,0.0864034626384013,0.0864034626384013,0.0942013030271034,0.0388876228191216,0.1524394814509569,0.0375464628556608,0.5476054522795356,0.6340089149179371,,,,,,,,,,,0.0,8.182862307876349e-05,8.182862307876349e-05,,,,,1.0608537755027945,2.6225980080167792,0.5476469744596895,blogfeedback,gaussian_ess_matched,PPI,0.08636194045824763,0.09416321944269139
7,GH_P1_c300,1000,50,0.946,0.0084322026076421,0.0596246764420262,-0.0004497300824806,0.0004497300824806,0.0364597334246376,0.0367814282162489,0.1441831986076959,0.0364752017759071,0.4873038616715768,0.4868541315890962,4869.675251658629,1.0,1128.4632486324156,295.472023913002,295.472023913002,300.0,0.0,0.0024290905804602,0.0010330423058871,0.0013784772469866,23.97670775739476,0.0071844231663271,1.2060198110360651,0.9999622711132156,0.0042978651803488,3.6e-05,22.334530014839828,1.0,1.0,0.4838773145446893,blogfeedback,gaussian_ess_matched,PPCI,0.0029768170444068875,0.03657829061020231
7,LO_GH_P1_c300w,1000,50,0.946,0.0076718409040557,0.0542481072744214,0.0004606090322991,0.0004606090322991,0.0552977622490351,0.0554409784323135,0.2173286354546692,0.0553235125431338,0.4873038616715768,0.4877644707038761,,,1128.4632486324156,295.472023913002,295.472023913002,300.0,,0.002428510691589,,,23.97670775739476,0.0070288251610472,1.2058642130307853,0.9999622711132156,0.0042978651803488,3.6e-05,22.334530014839828,1.5073090176476989,1.516680377363038,0.4838773145446893,blogfeedback,gaussian_ess_matched,LO,0.0038871561591867776,0.05543230404805556
7,PPI_global,1000,50,0.032,0.0054883922035138,0.0388087934491603,0.1448174356819305,0.1448174356819305,0.1495627593426199,0.0387469919504955,0.1518882084459425,0.0373942192366771,0.4873038616715768,0.6321212973535074,,,,,,,,,,,0.0,8.296484407037497e-05,8.296484407037497e-05,,,,,1.053439026964653,4.1021352954147785,0.4838773145446893,blogfeedback,gaussian_ess_matched,PPI,0.14824398280881812,0.1528829870970263
8,GH_P1_c300,1000,50,0.957,0.0058918830363717,0.0416619044897648,0.0048482842148859,0.0048482842148859,0.0361701542070356,0.0366767436232402,0.1437728350031016,0.035861682277721,0.5194230415950704,0.5242713258099563,391.9146169677683,1.0,2238.135298181188,36.762944789224086,36.762944789224086,300.0,0.0,0.1336993937203224,0.0549918214312985,0.0792359533458516,23.83437495881692,0.0071518195318058,1.1988705674726516,0.9831299531260128,0.0557971993472663,3.2e-05,1.4809685721543853,1.0,1.0,0.5187830671910763,blogfeedback,gaussian_ess_matched,PPCI,0.005488258618880026,0.03626148339767874
8,LO_GH_P1_c300w,1000,50,0.945,0.0071784825865149,0.0507595371555424,0.006133640804193,0.006133640804193,0.0562372980219359,0.0560824669010224,0.2198432702520078,0.0559297798991982,0.5194230415950704,0.5255566823992633,,,2238.135298181188,36.762944789224086,36.762944789224086,300.0,,0.1337193415170463,,,23.83437495881692,0.0070455538854002,1.1987643018262462,0.9831299531260128,0.0557971993472663,3.2e-05,1.4809685721543853,1.529101587565309,1.5547984036793805,0.5187830671910763,blogfeedback,gaussian_ess_matched,LO,0.006773615208187089,0.056310691722636176
8,PPI_global,1000,50,0.164,0.0127807252836257,0.0903733751653412,0.1120094644400582,0.1120094644400582,0.1179971662177365,0.0387473607345034,0.1518896540792534,0.0371293644029686,0.5194230415950704,0.6314325060351285,,,,,,,,,,,0.0,8.253901079297066e-05,8.253901079297066e-05,,,,,1.0564558602184952,3.262279877003798,0.5187830671910763,blogfeedback,gaussian_ess_matched,PPI,0.11264943884405221,0.11860483625530337
9,GH_P1_c300,1000,50,0.96,0.0055328333517248,0.0391230398217975,0.0004348999507965,0.0004348999507965,0.0344401377496839,0.0351057663690948,0.1376146041668516,0.0344546233664122,0.4691013741199386,0.4695362740707348,4216.965034285823,1.0,1163.1699544334467,262.7658925558636,262.7658925558636,300.0,0.0,0.0028559865298333,0.0011967244309687,0.0016361611563369,23.809234533105045,0.0071533084651455,1.1976150351203978,0.9999537112486504,0.0043312350912972,3.0000000000000004e-05,19.497114044173248,1.0,1.0,0.46772735929077214,blogfeedback,gaussian_ess_matched,PPCI,0.0018089147799626448,0.034484868028327495
9,LO_GH_P1_c300w,1000,50,0.95,0.0068511878904467,0.0484452141651804,0.0003336466763776,0.0003336466763776,0.0516619501346773,0.0531990668583381,0.2085403420846854,0.0516867225591073,0.4691013741199386,0.469435020796316,,,1163.1699544334467,262.7658925558636,262.7658925558636,300.0,,0.0028553022757819,,,23.809234533105045,0.0070438968269154,1.1975056234821675,0.9999537112486504,0.0043312350912972,3.0000000000000004e-05,19.497114044173248,1.5153939754231276,1.5000506243663756,0.46772735929077214,blogfeedback,gaussian_ess_matched,LO,0.001707661505543856,0.05168908859160457
9,PPI_global,1000,50,0.008,0.0026186146828319,0.018516401995451,0.1633516309838765,0.1633516309838765,0.1675528425321282,0.038861486336622,0.1523370264395585,0.0373040384782983,0.4691013741199386,0.632453005103815,,,,,,,,,,,0.0,8.159540686756372e-05,8.159540686756372e-05,,,,,1.106982993279235,4.8650456554479335,0.46772735929077214,blogfeedback,gaussian_ess_matched,PPI,0.16472564581304283,0.16889268215061184
10,GH_P1_c300,1000,50,0.951,0.006774803257931,0.0479050932488777,0.0085628035161277,0.0085628035161277,0.0394384440842051,0.0389225797947755,0.15257651279552,0.0385169160311117,0.5775158991551574,0.5860787026712851,1676.946230797886,1.0,3574.8641649176884,122.32849460096963,122.32849460096963,300.0,0.0,0.0192402085767718,0.0074796259646498,0.0117497629622208,23.737247175741945,0.0072057668212801,1.1940681256083772,0.9949621986328836,0.0224535257732199,5.2e-05,5.230760015187523,1.0,1.0,0.5761569594161099,blogfeedback,gaussian_ess_matched,PPCI,0.009921743255175253,0.03975563176392469
10,LO_GH_P1_c300w,1000,50,0.951,0.0073526338471187,0.0519909725287938,0.0117661939270177,0.0117661939270177,0.0606204479936755,0.0610566373168304,0.2393420182819755,0.059497355661882,0.5775158991551574,0.589282093082175,,,3574.8641649176884,122.32849460096963,122.32849460096963,300.0,,0.0192424254967716,,,23.737247175741945,0.0069693187540397,1.1938316775411366,0.9949621986328836,0.0224535257732199,5.2e-05,5.230760015187523,1.5686688199692755,1.5370902529583714,0.5761569594161099,blogfeedback,gaussian_ess_matched,LO,0.013125133666065159,0.06089880564656258
10,PPI_global,1000,50,0.724,0.0190187877035915,0.1344831375515692,0.0546803501143972,0.0546803501143972,0.06660404557993,0.0389802800985954,0.1528026979864941,0.0380474152181869,0.5775158991551574,0.6321962492695545,,,,,,,,,,,0.0,8.190526999533177e-05,8.190526999533177e-05,,,,,1.0014824378066445,1.688810173081968,0.5761569594161099,blogfeedback,gaussian_ess_matched,PPI,0.05603928985344464,0.06772414788137772
11,GH_P1_c300,1000,50,0.951,0.0069237833234586,0.0489585413948394,0.0015181572250024,0.0015181572250024,0.0354828848542828,0.0357661895757563,0.140203463136965,0.0354681308293373,0.5027849065139974,0.5043030637389999,4211.312796668448,1.0,2128.345612903141,287.1359389699176,287.1359389699176,300.0,0.0,0.0027667997284723,0.0011395339844906,0.0016065055008616,23.90144450172782,0.0073819811157882,1.2024542062021792,0.9999112380240496,0.0043401180292154,3.800000000000001e-05,15.9108946394208,1.0,1.0,0.5022976051309661,blogfeedback,gaussian_ess_matched,PPCI,0.0020054586080338055,0.03550707225963578
11,LO_GH_P1_c300w,1000,50,0.958,0.0055988336977901,0.0395897327444314,0.0052597031342461,0.0052597031342461,0.0523989950778189,0.0545955020689996,0.2140143681104785,0.0521604344213496,0.5027849065139974,0.5080446096482435,,,2128.345612903141,287.1359389699176,287.1359389699176,300.0,,0.0027682912653444,,,23.90144450172782,0.0072321433350443,1.2023043684214354,0.9999112380240496,0.0043401180292154,3.800000000000001e-05,15.9108946394208,1.526455647542797,1.476739991491823,0.5022976051309661,blogfeedback,gaussian_ess_matched,LO,0.005747004517277388,0.05245015032415536
11,PPI_global,1000,50,0.074,0.008111468323759,0.0573567425710992,0.1299977728568062,0.1299977728568062,0.1355755387701875,0.0391451561998468,0.1534490123033995,0.0385069935680584,0.5027849065139974,0.6327826793708037,,,,,,,,,,,0.0,8.247553929686546e-05,8.247553929686546e-05,,,,,1.0944737659831911,3.820871367335384,0.5022976051309661,blogfeedback,gaussian_ess_matched,PPI,0.13048507423983757,0.1360428622327271
12,GH_P1_c300,1000,50,0.937,0.0069707845135747,0.0492908899973888,0.0020305993983815,0.0020305993983815,0.0390325382751177,0.0380693306082038,0.1492317759841589,0.0389991877726799,0.5493644882653576,0.5513950876637389,4162.7154625928015,1.0,2328.248289735635,283.5140606849359,283.5140606849359,300.0,0.0,0.003433943776947,0.0013453090517417,0.0020815661575642,23.88666796956211,0.0073985042199492,1.2017319026980546,0.999794675999866,0.0061796834917106,3.800000000000001e-05,15.165577697410392,1.0,1.0,0.5463750171854025,blogfeedback,gaussian_ess_matched,PPCI,0.005020070478336414,0.039301613426032285
12,LO_GH_P1_c300w,1000,50,0.956,0.0064901809666288,0.0458925097263114,0.0062308659469002,0.0062308659469002,0.0573216341892617,0.0594187874155143,0.2329216466688163,0.0570104924722742,0.5493644882653576,0.5555953542122577,,,2328.248289735635,283.5140606849359,283.5140606849359,300.0,,0.0034336949668806,,,23.88666796956211,0.0073444192782044,1.20167781775631,0.999794675999866,0.0061796834917106,3.800000000000001e-05,15.165577697410392,1.5608046284562158,1.4685602505590294,0.5463750171854025,blogfeedback,gaussian_ess_matched,LO,0.009220337026855208,0.057723138086629516
12,PPI_global,1000,50,0.443,0.0210930881415438,0.1491506566105122,0.0824422703460112,0.0824422703460112,0.0913761300551374,0.0391374496578001,0.1534188026585765,0.0394261794709588,0.5493644882653576,0.6318067586113687,,,,,,,,,,,0.0,8.307590149343014e-05,8.307590149343014e-05,,,,,1.0280572059590185,2.3410245424235563,0.5463750171854025,blogfeedback,gaussian_ess_matched,PPI,0.08543174142596621,0.09408215371217714
13,GH_P1_c300,1000,50,0.943,0.0074244494058207,0.0524987852143227,-0.0018936371797395,0.0018936371797395,0.0367166634191941,0.0355580228200704,0.139387449454676,0.0366861470347344,0.4668320168686672,0.4649383796889276,4869.675251658629,1.0,1032.2827145349768,286.57863859839364,286.57863859839364,300.0,0.0,0.0023997563926756,0.0010099519652314,0.0013565471887114,21.76964564550668,0.00607209849637,1.0945543807717042,0.9999769625448378,0.0037574951288766,4.200000000000001e-05,22.6260990106538,1.0,1.0,0.46427597200933207,blogfeedback,gaussian_ess_matched,PPCI,0.0006624076795955225,0.03667378211752756
13,LO_GH_P1_c300w,1000,50,0.956,0.0064901809666288,0.0458925097263114,-0.0014594677819244,0.0014594677819244,0.0511766843887912,0.053665920395982,0.2103704079522494,0.0511814665806365,0.4668320168686672,0.4653725490867426,,,1032.2827145349768,286.57863859839364,286.57863859839364,300.0,,0.0023989139326634,,,21.76964564550668,0.0059852101048454,1.0944674923801796,0.9999769625448378,0.0037574951288766,4.200000000000001e-05,22.6260990106538,1.5092492815908416,1.3938272060428527,0.46427597200933207,blogfeedback,gaussian_ess_matched,LO,0.00109657707741051,0.05116762120824231
13,PPI_global,1000,50,0.013,0.0037279966716285,0.0263609172674941,0.1642999160766668,0.1642999160766668,0.1691366352895336,0.0390287252706802,0.1529926030610664,0.0401790160107553,0.4668320168686672,0.6311319329453341,,,,,,,,,,,0.0,8.17659068852663e-05,8.17659068852663e-05,,,,,1.0976067333150703,4.606536093939161,0.46427597200933207,blogfeedback,gaussian_ess_matched,PPI,0.16685596093600202,0.17162065922883984
14,GH_P1_c300,1000,50,0.935,0.0074573617920789,0.052731510929405,0.0006486134531673,0.0006486134531673,0.0384675065133913,0.0371609426632763,0.1456708952400433,0.0384812833350615,0.4884906334899634,0.489139246943131,4869.675251658629,1.0,1099.603317418822,293.8268793009689,293.8268793009689,300.0,0.0,0.0024906134278893,0.001063722385557,0.0014157995321986,21.76827495822683,0.0060662565566599,1.0944800044680014,0.999964454667503,0.0042155724851606,3.4e-05,22.50818488974936,1.0,1.0,0.4849155220231663,blogfeedback,gaussian_ess_matched,PPCI,0.0042237249199647,0.03869325794173578
14,LO_GH_P1_c300w,1000,50,0.962,0.0064775908850026,0.0458034844053754,-8.894419098034834e-05,8.894419098034834e-05,0.054046338425336,0.0558506762252182,0.2189346508028555,0.0540733086543228,0.4884906334899634,0.4884016892989833,,,1099.603317418822,293.8268793009689,293.8268793009689,300.0,,0.0024892978876108,,,21.76827495822683,0.0059822664996609,1.0943960144110023,0.999964454667503,0.0042155724851606,3.4e-05,22.50818488974936,1.502940243774055,1.4049867881746223,0.4849155220231663,blogfeedback,gaussian_ess_matched,LO,0.0034861672758170204,0.05415858333073172
14,PPI_global,1000,50,0.039,0.0061095442229551,0.0432010015001069,0.1438114441361336,0.1438114441361336,0.1493613295275861,0.0389989679836595,0.1528759544959453,0.0403572050286638,0.4884906334899634,0.6323020776260972,,,,,,,,,,,0.0,8.157458063215018e-05,8.157458063215018e-05,,,,,1.0494612135391164,3.882792077401492,0.4849155220231663,blogfeedback,gaussian_ess_matched,PPI,0.14738655560293096,0.1528066492866843
15,GH_P1_c300,1000,50,0.949,0.006774803257931,0.0479050932488777,0.0002258204687537,0.0002258204687537,0.0374027195719192,0.0365133332018337,0.1431322661511882,0.037420752921885,0.5546828769992597,0.5549086974680133,392.8217346429128,1.0,5399.604068956503,42.8097381628702,42.8097381628702,300.0,0.0,0.1157419355716699,0.0454691377447765,0.0724098433263338,21.586611934881656,0.006085077939555,1.085415674683638,0.9716630364019204,0.0472006970526119,2.6e-05,1.092550503960242,1.0,1.0,0.5549357116312412,blogfeedback,gaussian_ess_matched,PPCI,-2.701416322792305e-05,0.03740204762117361
15,LO_GH_P1_c300w,1000,50,0.963,0.0054976804013982,0.0388744709262508,-0.0009089600588159,0.0009089600588159,0.0544465971493895,0.0570047272313223,0.2234585307467836,0.0544662492288982,0.5546828769992597,0.5537739169404435,,,5399.604068956503,42.8097381628702,42.8097381628702,300.0,,0.1157514853760662,,,21.586611934881656,0.0060030177971348,1.0853336145412176,0.9716630364019204,0.0472006970526119,2.6e-05,1.092550503960242,1.5612030519432152,1.45568551625498,0.5549357116312412,blogfeedback,gaussian_ess_matched,LO,-0.0011617946907976906,0.05445140493745736
15,PPI_global,1000,50,0.494,0.0249341991191673,0.1763114128061887,0.0768871080745427,0.0768871080745427,0.086521338767768,0.0388438537025282,0.1522679065139107,0.0396974881404999,0.5546828769992597,0.6315699850738022,,,,,,,,,,,0.0,8.33112457767129e-05,8.33112457767129e-05,,,,,1.0638265613224676,2.313236570977191,0.5549357116312412,blogfeedback,gaussian_ess_matched,PPI,0.07663427344256102,0.08629673539694116
16,GH_P1_c300,1000,50,0.947,0.0066101344578624,0.0467407089970939,0.0002946599640021,0.0002946599640021,0.0362026556971294,0.0356996385961561,0.139942583296932,0.0362195708470276,0.4690854498764982,0.4693801098405001,4869.675251658629,1.0,1029.563611616191,293.682165050989,293.682165050989,300.0,0.0,0.0023139308636478,0.0009762188729436,0.0013256476882924,21.843279276303942,0.0060690376497805,1.0982330014649777,0.999980959702344,0.0031997103249739,2.8000000000000003e-05,23.193168302652552,1.0,1.0,0.4668888843115023,blogfeedback,gaussian_ess_matched,PPCI,0.0024912255289978313,0.03628707290023321
16,LO_GH_P1_c300w,1000,50,0.959,0.0061759903774906,0.043670846764665,-0.00153863478003,0.00153863478003,0.0516037064603496,0.0540262646976689,0.2117829576148624,0.0516065728548353,0.4690854498764982,0.467546815096468,,,1029.563611616191,293.682165050989,293.682165050989,300.0,,0.0023123607152823,,,21.843279276303942,0.0059820929048582,1.0981460567200554,0.999980959702344,0.0031997103249739,2.8000000000000003e-05,23.193168302652552,1.5133560680775664,1.4254121822461028,0.4668888843115023,blogfeedback,gaussian_ess_matched,LO,0.0006579307849657323,0.051584959013043795
16,PPI_global,1000,50,0.01,0.0034992710611188,0.0247435829652696,0.1637012001167689,0.1637012001167689,0.1682995600095411,0.0388232395406491,0.1521870989993444,0.0390920345710175,0.4690854498764982,0.632786649993267,,,,,,,,,,,0.0,8.171685133129359e-05,8.171685133129359e-05,,,,,1.0874967105361475,4.648818070628053,0.4668888843115023,blogfeedback,gaussian_ess_matched,PPI,0.16589776568176468,0.1704368728824148
17,GH_P1_c300,1000,50,0.951,0.0061428571428571,0.043436559415745,0.0011749189909345,0.0011749189909345,0.0341192998969228,0.0348786530840205,0.1367243200893603,0.034116126698701,0.4618708795477586,0.4630457985386933,4869.675251658629,1.0,1064.792529623238,293.64262407463286,293.64262407463286,300.0,0.0,0.0022452986256205,0.0009333550019753,0.0012825324340553,21.87573688078672,0.0060778039135038,1.0998646479528398,0.9999730503697504,0.0037435701978415,5.2e-05,22.807440226727465,1.0,1.0,0.4602723716707461,blogfeedback,gaussian_ess_matched,PPCI,0.0027734268679472374,0.03421166595494509
17,LO_GH_P1_c300w,1000,50,0.957,0.0071442855714571,0.0505177277431054,0.0005432305044194,0.0005432305044194,0.0509585810320134,0.0531678929761924,0.2084181404666745,0.0509811824340876,0.4618708795477586,0.4624141100521782,,,1064.792529623238,293.64262407463286,293.64262407463286,300.0,,0.0022444256712961,,,21.87573688078672,0.0059961595758795,1.0997830036152154,0.9999730503697504,0.0037435701978415,5.2e-05,22.807440226727465,1.524367722804959,1.4935412269877602,0.4602723716707461,blogfeedback,gaussian_ess_matched,LO,0.0021417383814321123,0.05100067572797289
17,PPI_global,1000,50,0.002,0.0013997084244475,0.0098974331861078,0.1722510443652602,0.1722510443652602,0.1764722840171641,0.0387671905208074,0.1519673868415653,0.0383864332749389,0.4618708795477586,0.634121923913019,,,,,,,,,,,0.0,8.287427294999361e-05,8.287427294999361e-05,,,,,1.111487603246024,5.172212927882497,0.4602723716707461,blogfeedback,gaussian_ess_matched,PPI,0.17384955224227294,0.1780328945901587
18,GH_P1_c300,1000,50,0.959,0.0060084973842323,0.042486492451323,0.0074483807301215,0.0074483807301215,0.036927683255998,0.0369585849946207,0.1448776531789133,0.0361868056072172,0.5299412660223736,0.5373896467524951,378.7394975365364,1.0,2830.0129640519576,37.71694256170894,37.71694256170894,300.0,0.0,0.133575800476157,0.0548562965920099,0.079177076021218,21.673537550792098,0.0060782679272815,1.0897551454668863,0.9774869105643768,0.0579209108765707,4.000000000000001e-05,1.305797643772008,1.0,1.0,0.5294517915755375,blogfeedback,gaussian_ess_matched,PPCI,0.007937855176957664,0.03702951471414155
18,LO_GH_P1_c300w,1000,50,0.952,0.0066944997222057,0.0473372615022311,0.0072499184549048,0.0072499184549048,0.0550845029666638,0.0565782004629032,0.2217865458145806,0.0546326447772482,0.5299412660223736,0.5371911844772784,,,2830.0129640519576,37.71694256170894,37.71694256170894,300.0,,0.1335789127809185,,,21.673537550792098,0.0059951732484623,1.0896720507880673,0.9774869105643768,0.0579209108765707,4.000000000000001e-05,1.305797643772008,1.5308540754776747,1.491685860301475,0.5294517915755375,blogfeedback,gaussian_ess_matched,LO,0.007739392901740971,0.05515105939117713
18,PPI_global,1000,50,0.224,0.0190187877035915,0.1344831375515692,0.1042701053000891,0.1042701053000891,0.1109761785894294,0.0388041397840491,0.1521122279534727,0.0380118699524047,0.5299412660223736,0.6342113713224627,,,,,,,,,,,0.0,8.228335250169039e-05,8.228335250169039e-05,,,,,1.0499357534845295,3.005229919789344,0.5294517915755375,blogfeedback,gaussian_ess_matched,PPI,0.10475957974692529,0.11143620104693829
19,GH_P1_c300,1000,50,0.956,0.0067973584304973,0.048064582403602,0.0015936979983785,0.0015936979983785,0.0359217567169304,0.03611105686889,0.141555342926049,0.0359043431101932,0.4888857102246812,0.4904794082230598,4464.994916887489,1.0,1308.8274647311157,275.58456352389425,275.58456352389425,300.0,0.0,0.0028717884248077,0.0011762820875023,0.0016721938603168,21.834254138674588,0.0060835835933685,1.097796290527098,0.9999707906860886,0.0036043175870799,3.0000000000000004e-05,19.381286648209628,1.0,1.0,0.4860988138781578,blogfeedback,gaussian_ess_matched,PPCI,0.004380594344902011,0.036152763921101394
19,LO_GH_P1_c300w,1000,50,0.945,0.0078571428571428,0.0555583899503715,0.0011697461914868,0.0011697461914868,0.0554839354111167,0.0553332674961881,0.2169064085850574,0.0554993600099495,0.4888857102246812,0.4900554564161681,,,1308.8274647311157,275.58456352389425,275.58456352389425,300.0,,0.0028704902732955,,,21.834254138674588,0.0060014885189011,1.0977141954526306,0.9999707906860886,0.0036043175870799,3.0000000000000004e-05,19.381286648209628,1.532308170793476,1.5445774506057572,0.4860988138781578,blogfeedback,gaussian_ess_matched,LO,0.003956642538010313,0.055612532784670585
19,PPI_global,1000,50,0.035,0.0059333027592271,0.041954786158824,0.1429967652812988,0.1429967652812988,0.148130999005284,0.0388086152050544,0.1521297716038135,0.0386809281117734,0.4888857102246812,0.63188247550598,,,,,,,,,,,0.0,8.289795368909836e-05,8.289795368909836e-05,,,,,1.0747017276719024,4.123712550379464,0.4860988138781578,blogfeedback,gaussian_ess_matched,PPI,0.1457836616278222,0.1508230552104152
20,GH_P1_c300,1000,50,0.945,0.0079859570624992,0.0564692439315782,0.0106439299008757,0.0106439299008757,0.0398557711522377,0.0384122912895077,0.1505761818548703,0.0384274110020582,0.540764296067903,0.551408225968779,693.8766112163664,1.0,2262.9019615056227,56.56020108985207,56.56020108985207,300.0,0.0,0.0695540753644019,0.0285325892068446,0.0412002695903363,21.735768883060665,0.0060854283142834,1.0928738724673168,0.9911343492240272,0.0395978958850175,3.4e-05,2.60235103440887,1.0,1.0,0.538947333621566,blogfeedback,gaussian_ess_matched,PPCI,0.012460892347213037,0.04037899315849289
20,LO_GH_P1_c300w,1000,50,0.943,0.0071442855714571,0.0505177277431054,0.009333476852598,0.009333476852598,0.0599949488820544,0.0588165493090384,0.2305608732914305,0.0592941472415233,0.540764296067903,0.5500977729205012,,,2262.9019615056227,56.56020108985207,56.56020108985207,300.0,,0.0695418378361967,,,21.735768883060665,0.0060001411680132,1.0927885853210466,0.9911343492240272,0.0395978958850175,3.4e-05,2.60235103440887,1.5311908593462125,1.5053014192823118,0.538947333621566,blogfeedback,gaussian_ess_matched,LO,0.011150439298935222,0.06030433150082658
20,PPI_global,1000,50,0.35,0.0191129830860852,0.1351491994887464,0.0909442683667604,0.0909442683667604,0.0987545910681856,0.0388262895024119,0.1521990548494547,0.0385109387146029,0.540764296067903,0.6317085644346637,,,,,,,,,,,0.0,8.237444888800383e-05,8.237444888800383e-05,,,,,1.0107777536566076,2.477799029178764,0.538947333621566,blogfeedback,gaussian_ess_matched,PPI,0.09276123081309773,0.1004303502445352
21,GH_P1_c300,1000,50,0.954,0.0066761836831702,0.0472077475481665,0.0079590399065331,0.0079590399065331,0.0392673688761081,0.0380753874351624,0.1492555187458366,0.0384715479571693,0.565220652921684,0.5731796928282172,680.7896146244386,1.0,4078.1775410351697,59.54711441053762,59.54711441053762,300.0,0.0,0.0676317356212756,0.0266905082719181,0.0421683575442645,21.60466162333265,0.0060769640998914,1.086310045266524,0.985754539993801,0.0379646693424204,3.6e-05,2.0537424218938924,1.0,1.0,0.5643555542408866,blogfeedback,gaussian_ess_matched,PPCI,0.008824138587330665,0.03945181065587452
21,LO_GH_P1_c300w,1000,50,0.936,0.0074285714285714,0.0525279323167149,0.0064135089517529,0.0064135089517529,0.0610565786770251,0.0592557792010485,0.2322826544681104,0.0607491824293576,0.565220652921684,0.5716341618734371,,,4078.1775410351697,59.54711441053762,59.54711441053762,300.0,,0.0676328174583208,,,21.60466162333265,0.0059954935209825,1.086228574687615,0.985754539993801,0.0379646693424204,3.6e-05,2.0537424218938924,1.5562751476121863,1.5548935521925036,0.5643555542408866,blogfeedback,gaussian_ess_matched,LO,0.0072786076325505045,0.061153502203374725
21,PPI_global,1000,50,0.632,0.023332555866542,0.1649860847564585,0.0630516288824214,0.0630516288824214,0.0740994078021829,0.0388220275217654,0.1521823478853204,0.0389452315819354,0.565220652921684,0.6282722818041055,,,,,,,,,,,0.0,8.240259066224098e-05,8.240259066224098e-05,,,,,1.0196095203988254,1.887047946501658,0.5643555542408866,blogfeedback,gaussian_ess_matched,PPI,0.06391672756321898,0.07483690529610618
22,GH_P1_c300,1000,50,0.95,0.0071428571428571,0.0505076272276105,-0.0010183352918732,0.0010183352918732,0.0363468594353375,0.0360446958401992,0.141295207693581,0.0363507711418633,0.4997934639429802,0.4987751286511067,499.50156584474223,1.0,1650.4416359617278,40.64153296395119,40.64153296395119,300.0,0.0,0.1013017517809762,0.042385932503701,0.0603998897800977,21.80209452673793,0.0060670991772785,1.096171825514175,0.9952770381436132,0.0342112544229345,2.6e-05,2.1128201919008696,1.0,1.0,0.4991627215168481,blogfeedback,gaussian_ess_matched,PPCI,-0.00038759286574141516,0.03633465855454111
22,LO_GH_P1_c300w,1000,50,0.935,0.0077261813045656,0.0546323519313512,-0.0028252626002805,0.0028252626002805,0.0560697395999056,0.0545917912370739,0.2139998216493299,0.0560265344511267,0.4997934639429802,0.4969682013426993,,,1650.4416359617278,40.64153296395119,40.64153296395119,300.0,,0.1012705452088758,,,21.80209452673793,0.0059847029726952,1.0960894293095915,0.9952770381436132,0.0342112544229345,2.6e-05,2.1128201919008696,1.5145582439952192,1.542629555096936,0.4991627215168481,blogfeedback,gaussian_ess_matched,LO,-0.002194520174148784,0.05604149809592379
22,PPI_global,1000,50,0.084,0.0101458748026084,0.0717421687399412,0.1280560266480258,0.1280560266480258,0.1337480660928925,0.0389474008031751,0.1526738111484464,0.0386224146529248,0.4997934639429802,0.6278494905910057,,,,,,,,,,,0.0,8.237153850495816e-05,8.237153850495816e-05,,,,,1.080530710422547,3.679769536370407,0.4991627215168481,blogfeedback,gaussian_ess_matched,PPI,0.1286867690741576,0.1343520887722048
23,GH_P1_c300,1000,50,0.942,0.008,0.0565685424949238,-0.0020734745498474,0.0020734745498474,0.0366257124035874,0.0358744505409629,0.1406278461205749,0.0365852701829,0.4977241937906626,0.4956507192408154,2333.5061382578324,1.0,1779.368247471114,162.2870583527733,162.2870583527733,300.0,0.0,0.0095838380003901,0.0040308220237341,0.00588440542952,21.778111872002484,0.0060781064340844,1.0949837000342086,0.9994963045483094,0.0104604475064782,3.800000000000001e-05,9.544286295346096,1.0,1.0,0.49715413659384705,blogfeedback,gaussian_ess_matched,PPCI,-0.0015034173530316663,0.036597865731471724
23,LO_GH_P1_c300w,1000,50,0.937,0.0077997906826963,0.0551528488357027,-0.0026692503511416,0.0026692503511416,0.0551587373912629,0.0542195468939419,0.2125406238242525,0.0551216818772269,0.4977241937906626,0.4950549434395211,,,1779.368247471114,162.2870583527733,162.2870583527733,300.0,,0.0095830446655559,,,21.778111872002484,0.0059966101767495,1.0949022037768736,0.9994963045483094,0.0104604475064782,3.800000000000001e-05,9.544286295346096,1.5113694029134124,1.5060113174989105,0.49715413659384705,blogfeedback,gaussian_ess_matched,LO,-0.00209919315432594,0.05513409131436192
23,PPI_global,1000,50,0.074,0.0102260172389561,0.0723088613419643,0.1305771583504807,0.1305771583504807,0.1361761171098133,0.0389770378876293,0.1527899885195072,0.0386656905258774,0.4977241937906626,0.6283013521411436,,,,,,,,,,,0.0,8.285313472151757e-05,8.285313472151757e-05,,,,,1.0864845955793452,3.718046917675108,0.49715413659384705,blogfeedback,gaussian_ess_matched,PPI,0.13114721554729653,0.1367228317949425
24,GH_P1_c300,1000,50,0.957,0.0075606392127995,0.0534617925747549,1.2397718120268908e-05,1.2397718120268908e-05,0.0358016475232133,0.0367138746496947,0.1439183886268035,0.0358195596361195,0.5515687784603776,0.5515811761784978,542.2237293109654,1.0,4663.3477661258285,51.70163072843973,51.70163072843973,300.0,0.0,0.0813959567802384,0.0322296254437979,0.0500368283818666,21.60808581672609,0.0060759796518832,1.0864802704881875,0.9770463038086616,0.044818699302944,3.0000000000000004e-05,1.574881004628068,1.0,1.0,0.551807018592212,blogfeedback,gaussian_ess_matched,PPCI,-0.00022584241371426117,0.035802357694275214
24,LO_GH_P1_c300w,1000,50,0.948,0.007948815853282,0.0562066159225885,0.0020107199633639,0.0020107199633639,0.0566127226763701,0.0571647883604608,0.2240859703730065,0.0566053136692671,0.5515687784603776,0.5535794984237415,,,4663.3477661258285,51.70163072843973,51.70163072843973,300.0,,0.0814232105048581,,,21.60808581672609,0.005990408251062,1.0863946990873663,0.9770463038086616,0.044818699302944,3.0000000000000004e-05,1.574881004628068,1.5570350148519698,1.5812881974122297,0.551807018592212,blogfeedback,gaussian_ess_matched,LO,0.0017724798315295054,0.05660476180334743
24,PPI_global,1000,50,0.496,0.0217987080688142,0.1541401429656446,0.0769713001255067,0.0769713001255067,0.0855010196321926,0.0389308039620657,0.1526087515312977,0.0372455439707817,0.5515687784603776,0.6285400785858845,,,,,,,,,,,0.0,8.230484742671252e-05,8.230484742671252e-05,,,,,1.0603839647414988,2.3881867329360964,0.551807018592212,blogfeedback,gaussian_ess_matched,PPI,0.07673305999367241,0.0852866097997
25,GH_P1_c300,1000,50,0.955,0.0070348984298543,0.0497442438470861,-0.0020046611463179,0.0020046611463179,0.0355669016571338,0.036236941353061,0.1420488101039995,0.0355281307593282,0.5098905198501444,0.5078858587038264,573.0824095289316,1.0,2055.9108053131163,47.63255913643855,47.63255913643855,300.0,0.0,0.0811447423880943,0.0337258825180021,0.0475478922314029,21.7619751037471,0.0060642462242394,1.0941630014115946,0.9931547883118372,0.0373602711229126,2.6e-05,2.222550522866308,1.0,1.0,0.5093063584101561,blogfeedback,gaussian_ess_matched,PPCI,-0.0014204997063297364,0.03553876259230692
25,LO_GH_P1_c300w,1000,50,0.947,0.0076144331264208,0.0538421729858364,0.000376779574637,0.000376779574637,0.0544082869222832,0.0551175849922472,0.216060933169609,0.054434206210575,0.5098905198501444,0.5102672994247813,,,2055.9108053131163,47.63255913643855,47.63255913643855,300.0,,0.0811696558161425,,,21.7619751037471,0.0059797413274645,1.0940784965148196,0.9931547883118372,0.0373602711229126,2.6e-05,2.222550522866308,1.5210330379495776,1.529744914155889,0.5093063584101561,blogfeedback,gaussian_ess_matched,LO,0.0009609410146251829,0.054415467751395975
25,PPI_global,1000,50,0.115,0.0136464094103877,0.0964946863293306,0.1186082443849219,0.1186082443849219,0.1242979611122405,0.0389206621333011,0.1525689955625403,0.0371947704864303,0.5098905198501444,0.6284987642350663,,,,,,,,,,,0.0,8.262342121452093e-05,8.262342121452093e-05,,,,,1.0740603560905482,3.494764944961388,0.5093063584101561,blogfeedback,gaussian_ess_matched,PPI,0.1191924058249102,0.12485550491234568
26,GH_P1_c300,1000,50,0.954,0.0074010479125649,0.052333311668612,-0.000631053091671,0.000631053091671,0.0357851782199438,0.0362947567735809,0.1422754465524374,0.0357975168753794,0.5342343046372839,0.5336032515456129,1537.884296060313,1.0,3318.2810141440523,114.90463099112432,114.90463099112432,300.0,0.0,0.0179977275173124,0.0072510786871049,0.0108426520480036,21.648150495253503,0.0060944710625335,1.088501995825209,0.996650936387808,0.0203302199373523,3.2e-05,4.957422060086823,1.0,1.0,0.5341122138784037,blogfeedback,gaussian_ess_matched,PPCI,-0.0005089623327907411,0.035783233432500616
26,LO_GH_P1_c300w,1000,50,0.952,0.0060541771715477,0.0428094973250619,0.0011130974136701,0.0011130974136701,0.0546256170293477,0.0560091677472918,0.219555937569384,0.0546416027834047,0.5342343046372839,0.5353474020509541,,,3318.2810141440523,114.90463099112432,114.90463099112432,300.0,,0.0180037767217246,,,21.648150495253503,0.0060096191531047,1.08841714391578,0.996650936387808,0.0203302199373523,3.2e-05,4.957422060086823,1.5431751780758878,1.526487214723545,0.5341122138784037,blogfeedback,gaussian_ess_matched,LO,0.0012351881725504166,0.05462824122929687
26,PPI_global,1000,50,0.285,0.020012751037317,0.1415115196868496,0.0963931112152566,0.0963931112152566,0.1033499557157831,0.0388333400778992,0.152226693105365,0.0372957427748346,0.5342343046372839,0.6306274158525405,,,,,,,,,,,0.0,8.115968387573958e-05,8.115968387573958e-05,,,,,1.069943527109296,2.8880659774997035,0.5341122138784037,blogfeedback,gaussian_ess_matched,PPI,0.09651520197413677,0.10346383749313531
27,GH_P1_c300,1000,50,0.946,0.0069751746375621,0.0493219328618059,-0.0027201136453789,0.0027201136453789,0.0361650264115604,0.0357818785083288,0.140264963752649,0.036080630940078,0.4706474731241102,0.4679273594787313,4869.675251658629,1.0,1017.1327298003048,289.61791878877114,289.61791878877114,300.0,0.0,0.0023706234932301,0.0010027473886926,0.0013502514437338,21.85539428636432,0.006088250407949,1.098857964726165,0.9999819953236868,0.003303017902056,2.8e-05,23.00508838645451,1.0,1.0,0.46811788925674397,blogfeedback,gaussian_ess_matched,PPCI,-0.00019052977801264914,0.03606308942258537
27,LO_GH_P1_c300w,1000,50,0.951,0.0059744353332361,0.0422456373789178,-0.0032265921528884,0.0032265921528884,0.0525361286452471,0.0540056512182348,0.2117021527754806,0.0524631899755561,0.4706474731241102,0.4674208809712217,,,1017.1327298003048,289.61791878877114,289.61791878877114,300.0,,0.0023696069886555,,,21.85539428636432,0.0060067911893129,1.0987765055075287,0.9999819953236868,0.003303017902056,2.8e-05,23.00508838645451,1.5093017323186133,1.4526777347645907,0.46811788925674397,blogfeedback,gaussian_ess_matched,LO,-0.0006970082855222715,0.05244158404032973
27,PPI_global,1000,50,0.01,0.0034992710611188,0.0247435829652696,0.1600175329653828,0.1600175329653828,0.1642514930843785,0.0387378265093898,0.1518522799168081,0.0370717741760603,0.4706474731241102,0.630665006089493,,,,,,,,,,,0.0,8.069756161421537e-05,8.069756161421537e-05,,,,,1.082610196118489,4.541721917058363,0.46811788925674397,blogfeedback,gaussian_ess_matched,PPI,0.16254711683274908,0.16671684772319692
28,GH_P1_c300,1000,50,0.939,0.0078623359461811,0.0555951106351144,-0.0006072336257876,0.0006072336257876,0.0377211323205861,0.0371383710125613,0.1455824143692404,0.03773511666738,0.4933590672455893,0.4927518336198015,4856.621047311173,1.0,1180.2568238486524,296.7118417602538,296.7118417602538,300.0,0.0,0.0024726960171358,0.0010542813900629,0.0014159560576731,21.864797399770467,0.0060917172459885,1.0993315872345115,0.999961302604266,0.0042441296544434,3.2e-05,21.94805528167717,1.0,1.0,0.4896184921903172,blogfeedback,gaussian_ess_matched,PPCI,0.003133341429484293,0.037846174435266264
28,LO_GH_P1_c300w,1000,50,0.95,0.0067005939426048,0.0473803541479342,-0.0022372493113294,0.0022372493113294,0.0556494699267423,0.0557916811350551,0.2187033900494161,0.055632303312178,0.4933590672455893,0.4911218179342597,,,1180.2568238486524,296.7118417602538,296.7118417602538,300.0,,0.0024713613132551,,,21.864797399770467,0.0060108712241053,1.099250741212629,0.999961302604266,0.0042441296544434,3.2e-05,21.94805528167717,1.5022651671012894,1.4752863051349052,0.4896184921903172,blogfeedback,gaussian_ess_matched,LO,0.001503325743942463,0.0556247984889721
28,PPI_global,1000,50,0.034,0.0062986879100138,0.0445384493374854,0.1387095222273407,0.1387095222273407,0.1436273293118933,0.0387842697416047,0.1520343373870904,0.0372809339578112,0.4933590672455893,0.63206858947293,,,,,,,,,,,0.0,8.104080334305763e-05,8.104080334305763e-05,,,,,1.0443180108380814,3.807609169608871,0.4896184921903172,blogfeedback,gaussian_ess_matched,PPI,0.14245009728261276,0.14724302490969055
29,GH_P1_c300,1000,50,0.952,0.0063823736867681,0.0451301971398037,0.0021020863686468,0.0021020863686468,0.0361283812082003,0.0363929041755637,0.1426601843682097,0.0360852228055851,0.5490714179159467,0.5511735042845938,527.3510248718122,1.0,4598.321718067257,50.5752356438328,50.5752356438328,300.0,0.0,0.083521907924236,0.0328949003812947,0.0516569530418462,21.67770125452429,0.0060928415646776,1.089977904290892,0.9788874570266656,0.0438556409415401,3.0000000000000004e-05,1.5370572859615876,1.0,1.0,0.549274524276586,blogfeedback,gaussian_ess_matched,PPCI,0.0018989800080078112,0.0361171328692437
29,LO_GH_P1_c300w,1000,50,0.946,0.0062007241183459,0.0438457407234937,-0.0014657061345221,0.0014657061345221,0.0561348906910386,0.0567100950176729,0.2223035724692778,0.0561438312569626,0.5490714179159467,0.5476057117814246,,,4598.321718067257,50.5752356438328,50.5752356438328,300.0,,0.0835143295030108,,,21.67770125452429,0.0060122633669525,1.089897326093167,0.9788874570266656,0.0438556409415401,3.0000000000000004e-05,1.5370572859615876,1.55827341352305,1.5537615806128973,0.549274524276586,blogfeedback,gaussian_ess_matched,LO,-0.0016688124951613759,0.05614056103715109
29,PPI_global,1000,50,0.429,0.0204585195067522,0.1446635787626179,0.0837793934811576,0.0837793934811576,0.0917934789356743,0.0388314627313291,0.1522193339068104,0.0375295146186432,0.5490714179159467,0.6328508113971045,,,,,,,,,,,0.0,8.142584469169379e-05,8.142584469169379e-05,,,,,1.0670064291654655,2.540758148190688,0.549274524276586,blogfeedback,gaussian_ess_matched,PPI,0.08357628712051857,0.09160814249778675
30,GH_P1_c300,1000,50,0.942,0.0071941018925795,0.0508699823278995,0.0005263420839651,0.0005263420839651,0.035995864507522,0.0360383807926594,0.1412704527072248,0.0360100256540054,0.5238804647326881,0.5244068068166533,687.4004742772544,1.0,2827.126500652623,57.75865639622838,57.75865639622838,300.0,0.0,0.0606291560273285,0.0245172634212973,0.0364622841085478,21.74418386362493,0.0060972243454307,1.0933064175266771,0.9927870954664886,0.0333446005245893,1.8e-05,2.353910123275277,1.0,1.0,0.5234527471350001,blogfeedback,gaussian_ess_matched,PPCI,0.0009540596816531854,0.036004658803142145
30,LO_GH_P1_c300w,1000,50,0.951,0.0066224725637138,0.0468279525802393,-0.0009310340824969,0.0009310340824969,0.0543849507437345,0.05545532193877,0.2173848619999787,0.0544041897172861,0.5238804647326881,0.5229494306501912,,,2827.126500652623,57.75865639622838,57.75865639622838,300.0,,0.0606241927884969,,,21.74418386362493,0.0060155684622004,1.093224761643447,0.9927870954664886,0.0333446005245893,1.8e-05,2.353910123275277,1.538785059679088,1.510866636704053,0.5234527471350001,blogfeedback,gaussian_ess_matched,LO,-0.0005033164848089466,0.05437931013188329
30,PPI_global,1000,50,0.185,0.0150678736498064,0.1065459563584021,0.1085621511688763,0.1085621511688763,0.1149385035005815,0.0388465801998271,0.1522785943833222,0.0377696368264938,0.5238804647326881,0.6324426159015645,,,,,,,,,,,0.0,8.132233750075103e-05,8.132233750075103e-05,,,,,1.0779224633682682,3.193103015391197,0.5234527471350001,blogfeedback,gaussian_ess_matched,PPI,0.10898986876656436,0.11534257849680729
31,GH_P1_c300,1000,50,0.942,0.0077406955337966,0.05473498303048,0.0017631241940037,0.0017631241940037,0.0384410227991098,0.0382033873398629,0.1497572783722629,0.03841978275088,0.5118836534689175,0.5136467776629215,4216.965034285823,1.0,1313.9953735258862,275.0707540674257,275.0707540674257,300.0,0.0,0.0031452610026919,0.0013378468487041,0.0017948516971988,21.90345813477412,0.0060832443451508,1.1012561510838568,0.9999056371371068,0.0054805206948614,3.4e-05,19.211014431199235,1.0,1.0,0.508997855994884,blogfeedback,gaussian_ess_matched,PPCI,0.004648921668037542,0.03868095267174453
31,LO_GH_P1_c300w,1000,50,0.951,0.0072125174636367,0.0510002000796395,0.00098642081137,0.00098642081137,0.0566987488953799,0.0574864785087704,0.22534699575438,0.0567185339406495,0.5118836534689175,0.5128700742802877,,,1313.9953735258862,275.0707540674257,275.0707540674257,300.0,,0.0031439500930578,,,21.90345813477412,0.0060016877623274,1.1011745945010334,0.9999056371371068,0.0054805206948614,3.4e-05,19.211014431199235,1.504748204586211,1.4749542225159755,0.508997855994884,blogfeedback,gaussian_ess_matched,LO,0.003872218285403739,0.056822259500428594
31,PPI_global,1000,50,0.1,0.0106904496764969,0.0755928946018454,0.1204663561359192,0.1204663561359192,0.1263548938039921,0.0388908420643421,0.1524521008922213,0.0381427725611373,0.5118836534689175,0.6323500096048369,,,,,,,,,,,0.0,8.093980513513088e-05,8.093980513513088e-05,,,,,1.0179946013258847,3.286980538065136,0.508997855994884,blogfeedback,gaussian_ess_matched,PPI,0.12335215360995289,0.12910913998538373
32,GH_P1_c300,1000,50,0.946,0.0081865993039396,0.057887998826728,0.0029965720462147,0.0029965720462147,0.0368659126542467,0.0364498531973986,0.1428834245338028,0.0367623113982477,0.5365754960126008,0.5395720680588153,566.5229278274662,1.0,3400.909168344611,51.16238604125617,51.16238604125617,300.0,0.0,0.0788152058498839,0.0316884844512613,0.0473464412730764,21.799357404429465,0.0061042618537321,1.0960721320752054,0.9833242290896336,0.0450403503432127,4.000000000000001e-05,1.8212573860617816,1.0,1.0,0.5365312198886305,blogfeedback,gaussian_ess_matched,PPCI,0.0030408481701847956,0.03686953796017123
32,LO_GH_P1_c300w,1000,50,0.954,0.0063631592718057,0.0449943307086389,0.0027381686892227,0.0027381686892227,0.0549298990440261,0.0563052284325876,0.2207164954557436,0.0548890612988282,0.5365754960126008,0.5393136647018233,,,3400.909168344611,51.16238604125617,51.16238604125617,300.0,,0.0788235370137265,,,21.799357404429465,0.0060229906365275,1.095990860858001,0.9833242290896336,0.0450403503432127,4.000000000000001e-05,1.8212573860617816,1.5447312812937752,1.489991569154833,0.5365312198886305,blogfeedback,gaussian_ess_matched,LO,0.002782444813192786,0.05493212393813584
32,PPI_global,1000,50,0.312,0.0188203103489993,0.1330796907181282,0.0956648942149658,0.0956648942149658,0.1031794712612456,0.0388535114314267,0.1523057648111929,0.0386746303359349,0.5365754960126008,0.6322403902275664,,,,,,,,,,,0.0,8.269625250250101e-05,8.269625250250101e-05,,,,,1.0659442500635266,2.798777077050336,0.5365312198886305,blogfeedback,gaussian_ess_matched,PPI,0.09570917033893589,0.10322052408100359
33,GH_P1_c300,1000,50,0.944,0.0070912420834233,0.0501426536422406,-0.0016566391549757,0.0016566391549757,0.0361953722680825,0.0357484112385,0.1401337720549201,0.0361755330233682,0.4715080622625117,0.4698514231075361,4869.675251658629,1.0,991.088051214997,284.79898732330594,284.79898732330594,300.0,0.0,0.0024788590786523,0.0010298398771628,0.0014196696783956,21.94284357436001,0.0060821357918903,1.103224314509891,0.9999800006934966,0.003527705534545,2.2e-05,22.93686596078268,1.0,1.0,0.4689182891326937,blogfeedback,gaussian_ess_matched,PPCI,0.0009331339748424039,0.036169479666568104
33,LO_GH_P1_c300w,1000,50,0.933,0.0087609989179782,0.0619496174487043,-0.0014968929452231,0.0014968929452231,0.0532197254907335,0.0543133342916644,0.2129082704233248,0.0532252893298272,0.4715080622625117,0.4700111693172886,,,991.088051214997,284.79898732330594,284.79898732330594,300.0,,0.0024780027565641,,,21.94284357436001,0.0060024062478914,1.103144584965892,0.9999800006934966,0.003527705534545,2.2e-05,22.93686596078268,1.519321626052308,1.4703461286862698,0.4689182891326937,blogfeedback,gaussian_ess_matched,LO,0.0010928801845949132,0.05320989456780997
33,PPI_global,1000,50,0.008,0.0033073819722257,0.0233867222053498,0.1586926791655432,0.1586926791655432,0.1632772572325582,0.0387382772739328,0.1518540469138167,0.0384392232300742,0.4715080622625117,0.6302007414280552,,,,,,,,,,,0.0,8.122911397367715e-05,8.122911397367715e-05,,,,,1.0836363332480856,4.510998147034886,0.4689182891326937,blogfeedback,gaussian_ess_matched,PPI,0.16128245229536148,0.1657954333721363
34,GH_P1_c300,1000,50,0.944,0.0079076300017703,0.0559153879736597,0.0070997481708324,0.0070997481708324,0.0380922028835708,0.0372780567884337,0.1461299826106604,0.0374434441249977,0.5435324474308562,0.5506321956016886,368.2275265115973,1.0,3365.9393355921816,38.17602547542134,38.17602547542134,300.0,0.0,0.1390822145548958,0.0554878537985122,0.0834017272856821,21.68428286563605,0.0060959211653098,1.0903100644471122,0.9704174142998784,0.0604314250877907,3.4e-05,1.1911662855898366,1.0,1.0,0.5430273933899757,blogfeedback,gaussian_ess_matched,PPCI,0.007604802211712891,0.038189560263416966
34,LO_GH_P1_c300w,1000,50,0.949,0.0064665544558607,0.045725445066512,0.0093808672177276,0.0093808672177276,0.0583814870614576,0.0577860433991381,0.2265212901246215,0.057651722288526,0.5435324474308562,0.5529133146485837,,,3365.9393355921816,38.17602547542134,38.17602547542134,300.0,,0.1390966130678928,,,21.68428286563605,0.006012821836397,1.0902269651181995,0.9704174142998784,0.0604314250877907,3.4e-05,1.1911662855898366,1.5501356126767674,1.5326361470850374,0.5430273933899757,blogfeedback,gaussian_ess_matched,LO,0.009885921258607988,0.058464765465037906
34,PPI_global,1000,50,0.398,0.0191641672431245,0.1355111261340649,0.0861203399039313,0.0861203399039313,0.0944397338223066,0.0387337140782709,0.151836159186822,0.0387769781351353,0.5435324474308562,0.6296527873347875,,,,,,,,,,,0.0,8.08884147554636e-05,8.08884147554636e-05,,,,,1.039048636523586,2.479240544606005,0.5430273933899757,blogfeedback,gaussian_ess_matched,PPI,0.08662539394481172,0.09490052294562602
35,GH_P1_c300,1000,50,0.949,0.0070696245895192,0.0499897948769219,-0.0027703092491579,0.0027703092491579,0.0358903326101484,0.0355826181862068,0.1394838632899307,0.0358011603808554,0.5151712281519912,0.5124009189028333,1575.6616034836857,1.0,2645.2994571070503,115.63995754772836,115.63995754772836,300.0,0.0,0.0214252218773886,0.0087355018434347,0.0137633362497418,21.78446798639372,0.0060831092819571,1.0953065086016431,0.9988710542551732,0.0132144238330226,4.000000000000001e-05,5.495533251949321,1.0,1.0,0.5147794986072678,blogfeedback,gaussian_ess_matched,PPCI,-0.002378579704434447,0.035862222504209944
35,LO_GH_P1_c300w,1000,50,0.936,0.0084563706211135,0.0597955701041609,-0.0025826944425004,0.0025826944425004,0.0551803310284209,0.0546495987378896,0.2142264270525274,0.0551474374897371,0.5151712281519912,0.5125885337094909,,,2645.2994571070503,115.63995754772836,115.63995754772836,300.0,,0.0214272465350215,,,21.78446798639372,0.0060014238730072,1.095224823192693,0.9988710542551732,0.0132144238330226,4.000000000000001e-05,5.495533251949321,1.53585097228944,1.5374705948759555,0.5147794986072678,blogfeedback,gaussian_ess_matched,LO,-0.002190964897776926,0.05516338413301043
35,PPI_global,1000,50,0.149,0.0135141649043225,0.0955595764591975,0.1142960683178871,0.1142960683178871,0.1206007210228474,0.0386633528810841,0.1515603432938497,0.038502274003063,0.5151712281519912,0.6294672964698784,,,,,,,,,,,0.0,8.222923707216979e-05,8.222923707216979e-05,,,,,1.086579764275792,3.360256432640189,0.5147794986072678,blogfeedback,gaussian_ess_matched,PPI,0.11468779786261063,0.1209720366732683
36,GH_P1_c300,1000,50,0.955,0.0064285714285714,0.0454568645048494,0.002941177860593,0.002941177860593,0.0390027204015394,0.0401096647773209,0.1572298859270982,0.038911126265636,0.6127330673110177,0.6156742451716108,4216.965034285823,1.0,3884.455287563128,278.3809354347329,278.3809354347329,300.0,0.0,0.004372356782845,0.0015846606518743,0.0028099051370992,21.6174011108838,0.0060863234195858,1.086956378963776,0.998841036570596,0.0119192434614384,4.6000000000000014e-05,12.54081648301473,1.0,1.0,0.6097750518712092,blogfeedback,gaussian_ess_matched,PPCI,0.005899193300401673,0.039336524415719686
36,LO_GH_P1_c300w,1000,50,0.951,0.006774803257931,0.0479050932488777,0.0027879368859346,0.0027879368859346,0.0644456702774569,0.0649780282149001,0.2547138706024087,0.0644175554245705,0.6127330673110177,0.6155210041969525,,,3884.455287563128,278.3809354347329,278.3809354347329,300.0,,0.0043712861090457,,,21.6174011108838,0.0060044001406058,1.086874455684796,0.998841036570596,0.0119192434614384,4.6000000000000014e-05,12.54081648301473,1.6200092565131683,1.6523378270535547,0.6097750518712092,blogfeedback,gaussian_ess_matched,LO,0.005745952325743375,0.06464122363910241
36,PPI_global,1000,50,0.942,0.0083739147941444,0.0592125193601791,0.0162688042951758,0.0162688042951758,0.0412536245489471,0.038621965738185,0.1513981056936852,0.0379292258212867,0.6127330673110177,0.6290018716061938,,,,,,,,,,,0.0,8.08729464188218e-05,8.08729464188218e-05,,,,,0.9629092128444529,1.0577114653602189,0.6097750518712092,blogfeedback,gaussian_ess_matched,PPI,0.019226819734984635,0.04250715401379342
37,GH_P1_c300,1000,50,0.948,0.0069927075717259,0.0494459094282193,-0.0028630586901794,0.0028630586901794,0.0346037731423744,0.0355988665323117,0.1395475568066621,0.0345023828894549,0.4670671614320661,0.4642041027418867,4869.675251658629,1.0,1002.6943217513112,285.3252569214936,285.3252569214936,300.0,0.0,0.0024186760932157,0.0010176381866835,0.0013801677154822,21.99344561541453,0.0061011867839843,1.1057734675547108,0.9999784610416688,0.0036913992409256,3.6e-05,22.83473645428849,1.0,1.0,0.46446970327508824,blogfeedback,gaussian_ess_matched,PPCI,-0.00026560053320151544,0.03448615018045268
37,LO_GH_P1_c300w,1000,50,0.934,0.0077512342664288,0.0548095031235739,-0.0029753311151651,0.0029753311151651,0.0532285536799421,0.053795124551748,0.2108768882428522,0.0531719247836563,0.4670671614320661,0.464091830316901,,,1002.6943217513112,285.3252569214936,285.3252569214936,300.0,,0.0024178667999028,,,21.99344561541453,0.0060176058551296,1.105689886625856,0.9999784610416688,0.0036913992409256,3.6e-05,22.83473645428849,1.51114711764545,1.5382297606950996,0.46446970327508824,blogfeedback,gaussian_ess_matched,LO,-0.0003778729581872531,0.05314667552713089
37,PPI_global,1000,50,0.007,0.0024784787961282,0.0175254916376932,0.162098295306167,0.162098295306167,0.1663037467614028,0.0386896512537479,0.1516634329146919,0.0371814645626351,0.4670671614320661,0.6291654567382333,,,,,,,,,,,0.0,8.217102941125632e-05,8.217102941125632e-05,,,,,1.0868225598877084,4.805942579647584,0.46446970327508824,blogfeedback,gaussian_ess_matched,PPI,0.16469575346314508,0.16883651872301955
38,GH_P1_c300,1000,50,0.962,0.0058134256998216,0.0411071273426804,0.0054343591108552,0.0054343591108552,0.0395227966250129,0.0414174122372211,0.162356255969907,0.0391669918089679,0.6607138647772135,0.6661482238880687,4216.965034285823,1.0,11201.18965530405,279.4330834748049,279.4330834748049,300.0,0.0,0.0057413583970826,0.0017104862095191,0.0041571746782355,21.3268364918232,0.0060581103572621,1.072399934948422,0.9964437051203372,0.0138578811568621,5.400000000000001e-05,9.824236674057651,1.0,1.0,0.6573412524225244,blogfeedback,gaussian_ess_matched,PPCI,0.008806971465544322,0.04012582635300246
38,LO_GH_P1_c300w,1000,50,0.952,0.0068452277432633,0.0484030695602783,0.0045053079821861,0.0045053079821861,0.0724053587985064,0.073134699706051,0.2866880228477201,0.0723012147088447,0.6607138647772135,0.6652191727593996,,,11201.18965530405,279.4330834748049,279.4330834748049,300.0,,0.0057356372588439,,,21.3268364918232,0.0059721506061032,1.072313975197263,0.9964437051203372,0.0138578811568621,5.400000000000001e-05,9.824236674057651,1.765795972166654,1.8319897624016552,0.6573412524225244,blogfeedback,gaussian_ess_matched,LO,0.007877920336875177,0.0726931895816949
38,PPI_global,1000,50,0.873,0.0140850188179512,0.0995961231931345,-0.0308575643831044,0.0308575643831044,0.0480604539051139,0.0388120891401027,0.1521433894292027,0.0368643042364152,0.6607138647772135,0.629856300394109,,,,,,,,,,,0.0,8.142096735537052e-05,8.142096735537052e-05,,,,,0.9370959469366104,1.2160185515489998,0.6573412524225244,blogfeedback,gaussian_ess_matched,PPI,-0.027484952028415388,0.04596782067830103
39,GH_P1_c300,1000,50,0.957,0.0067021166318513,0.0473911211868524,-0.0022213887729207,0.0022213887729207,0.033751307599956,0.0354848328819567,0.1391005448972705,0.0336949780853848,0.4721923155713748,0.4699709267984538,4869.675251658629,1.0,1135.1318485978263,290.81957522447857,290.81957522447857,300.0,0.0,0.0023633806417234,0.0009887785747247,0.0013617834230489,21.68908254196868,0.0060712376907467,1.0905253647891804,0.999968160283585,0.0041883150989438,4.000000000000001e-05,21.929135924953275,1.0,1.0,0.46933411774514144,blogfeedback,gaussian_ess_matched,PPCI,0.0006368090533123705,0.03368414645492398
39,LO_GH_P1_c300w,1000,50,0.947,0.0073415229471597,0.0519124066017332,-0.002454248636789,0.002454248636789,0.052156346569297,0.0538268887520051,0.2110014039078603,0.0521246403269572,0.4721923155713748,0.4697380669345857,,,1135.1318485978263,290.81957522447857,290.81957522447857,300.0,,0.0023624633835675,,,21.68908254196868,0.0059865393498912,1.0904406664483248,0.999968160283585,0.0041883150989438,4.000000000000001e-05,21.929135924953275,1.5168984712726357,1.5453133605219196,0.46933411774514144,blogfeedback,gaussian_ess_matched,LO,0.0004039491894442526,0.05210013748574077
39,PPI_global,1000,50,0.012,0.0033685217493004,0.0238190457150472,0.1581674680204465,0.1581674680204465,0.1622888647861564,0.0388447260683281,0.1522713261878462,0.0363600019708979,0.4721923155713748,0.6303597835918213,,,,,,,,,,,0.0,8.084000833332538e-05,8.084000833332538e-05,,,,,1.0946853321121257,4.808372662467389,0.46933411774514144,blogfeedback,gaussian_ess_matched,PPI,0.16102566584667988,0.16507571824755748
40,GH_P1_c300,1000,50,0.963,0.0058571428571428,0.0414162543266406,0.0047539483778606,0.0047539483778606,0.0348116160557004,0.0365915229386978,0.1434387699196954,0.0345027394022038,0.5358894014081726,0.5406433497860332,387.2936141119555,1.0,3238.612372138087,39.1475549605315,39.1475549605315,300.0,0.0,0.1262494969453732,0.0510300524163564,0.0770335973528532,21.613654737900944,0.0060825665267184,1.0867653034217657,0.9733335283857188,0.0585676921227954,4.200000000000001e-05,1.2698539528814536,1.0,1.0,0.5356861368353828,blogfeedback,gaussian_ess_matched,PPCI,0.004957212950650436,0.034839956192111186
40,LO_GH_P1_c300w,1000,50,0.955,0.0070348984298543,0.0497442438470861,0.0037426886438973,0.0037426886438973,0.0546390968035417,0.0563583374106933,0.2209246826499178,0.0545380379075049,0.5358894014081726,0.53963209005207,,,3238.612372138087,39.1475549605315,39.1475549605315,300.0,,0.1262427689969617,,,21.613654737900944,0.0059991496941074,1.0866818865891543,0.9733335283857188,0.0585676921227954,4.200000000000001e-05,1.2698539528814536,1.5402020163279642,1.5695650760974809,0.5356861368353828,blogfeedback,gaussian_ess_matched,LO,0.003945953216687226,0.05465339630809714
40,PPI_global,1000,50,0.278,0.0194390727921989,0.1374550019134277,0.0955725573790083,0.0955725573790083,0.1022039246091464,0.0389312402182496,0.1526104616555387,0.0362331522624117,0.5358894014081726,0.6314619587871809,,,,,,,,,,,0.0,8.242808096110821e-05,8.242808096110821e-05,,,,,1.0639415113569233,2.935914392644535,0.5356861368353828,blogfeedback,gaussian_ess_matched,PPI,0.09577582195179812,0.10239402595899223
41,GH_P1_c300,1000,50,0.961,0.0064349175026029,0.0455017380246656,4.702066908426339e-06,4.702066908426339e-06,0.034069982593232,0.035412935098915,0.1388187055877469,0.034087030046795,0.4658793556773484,0.4658840577442569,4869.675251658629,1.0,1083.2452699967394,287.41281728065843,287.41281728065843,300.0,0.0,0.0023797478860159,0.0010002723238553,0.0013456313616479,21.76443476483226,0.0060766382738947,1.094298376515508,0.9999703409449866,0.0041630728544269,3.800000000000001e-05,22.175869539199645,1.0,1.0,0.46338929174233606,blogfeedback,gaussian_ess_matched,PPCI,0.002494766001920834,0.03416119946954489
41,LO_GH_P1_c300w,1000,50,0.94,0.0086896607575688,0.0614451804788759,0.0004634110912492,0.0004634110912492,0.0531976597121133,0.0535453170894189,0.2098976429905223,0.0532222590451041,0.4658793556773484,0.4663427667685977,,,1083.2452699967394,287.41281728065843,287.41281728065843,300.0,,0.0023792555223532,,,21.76443476483226,0.0059923189599066,1.0942140572015198,0.9999703409449866,0.0041630728544269,3.800000000000001e-05,22.175869539199645,1.5120270867087615,1.5614231550174316,0.46338929174233606,blogfeedback,gaussian_ess_matched,LO,0.0029534750262616427,0.05327756811020049
41,PPI_global,1000,50,0.007,0.0031975756122284,0.0226102739876348,0.1664142985321083,0.1664142985321083,0.1703870859882379,0.038940501584137,0.152646766209817,0.036597536738486,0.4658793556773484,0.6322936542094568,,,,,,,,,,,0.0,8.150674495846033e-05,8.150674495846033e-05,,,,,1.0996123725799285,5.001091078399474,0.46338929174233606,blogfeedback,gaussian_ess_matched,PPI,0.16890436246712076,0.1728199177642844
42,GH_P1_c300,1000,50,0.949,0.0078882501098734,0.0557783514438703,0.0011061442222405,0.0011061442222405,0.0352829274820541,0.0360394277823436,0.1412745569067872,0.0352832300531921,0.4720128793598121,0.4731190235820529,4869.675251658629,1.0,985.565647675858,285.497947681625,285.497947681625,300.0,0.0,0.0024790639810482,0.0010395906209904,0.0014110066541104,21.84461058519781,0.0060776045881211,1.0983081338480116,0.9999803802061042,0.0035143679484949,1.8e-05,23.044457669326285,1.0,1.0,0.46916631982601736,blogfeedback,gaussian_ess_matched,PPCI,0.003952703756035514,0.03548640984442451
42,LO_GH_P1_c300w,1000,50,0.938,0.0086378379759034,0.0610787380755198,0.0017128499796707,0.0017128499796707,0.0543109472639414,0.0546109389390429,0.2140748806410484,0.0543110930886707,0.4720128793598121,0.4737257293394831,,,985.565647675858,285.497947681625,285.497947681625,300.0,,0.0024781538751305,,,21.84461058519781,0.0059954899316653,1.0982260191915558,0.9999803802061042,0.0035143679484949,1.8e-05,23.044457669326285,1.5153109330386698,1.539298214173571,0.46916631982601736,blogfeedback,gaussian_ess_matched,LO,0.004559409513465729,0.054475070929419174
42,PPI_global,1000,50,0.013,0.0044744170752473,0.031638906557643,0.1603042463202634,0.1603042463202634,0.1646246160063698,0.0390197193752753,0.1529572999510792,0.0374862378075206,0.4720128793598121,0.6323171256800757,,,,,,,,,,,0.0,8.260489348322153e-05,8.260489348322153e-05,,,,,1.0826953083420412,4.665843447659002,0.46916631982601736,blogfeedback,gaussian_ess_matched,PPI,0.16315080585405833,0.16739772476878428
43,GH_P1_c300,1000,50,0.949,0.0069237833234586,0.0489585413948394,0.0097081533899904,0.0097081533899904,0.0421950034419047,0.0420079528535178,0.1646711751857901,0.041083548181114,0.6652791651593303,0.6749873185493208,4216.965034285823,1.0,10977.246609697626,278.7527101820468,278.7527101820468,300.0,0.0,0.0060393538212358,0.0017643272615384,0.0042904616319036,21.54350727269426,0.0060676873996853,1.0832430510343984,0.9965699445222452,0.0143123185349385,3.2e-05,9.851411843542444,1.0,1.0,0.66155055279702,blogfeedback,gaussian_ess_matched,PPCI,0.013436765752300794,0.043205517553907044
43,LO_GH_P1_c300w,1000,50,0.951,0.0069237833234586,0.0489585413948394,0.0129067721693169,0.0129067721693169,0.0749552282967557,0.0747390694283082,0.2929771521589684,0.0738725838171912,0.6652791651593303,0.6781859373286473,,,10977.246609697626,278.7527101820468,278.7527101820468,300.0,,0.0060304050705132,,,21.54350727269426,0.0059825783418491,1.0831579419765622,0.9965699445222452,0.0143123185349385,3.2e-05,9.851411843542444,1.7791647617041493,1.776400573114212,0.66155055279702,blogfeedback,gaussian_ess_matched,LO,0.016635384531627273,0.07568644198073533
43,PPI_global,1000,50,0.87,0.011780301787479,0.0832993127835042,-0.0314616946755061,0.0314616946755061,0.0494338824000399,0.0389624885089287,0.1527329549550005,0.0381487329161705,0.6652791651593303,0.6338174704838241,,,,,,,,,,,0.0,8.399805519729853e-05,8.399805519729853e-05,,,,,0.927502671810532,1.1715577288221315,0.66155055279702,blogfeedback,gaussian_ess_matched,PPI,-0.027733082313195934,0.04714864103955386
44,GH_P1_c300,1000,50,0.937,0.0090135951739127,0.0637357427034406,0.0158545150757658,0.0158545150757658,0.0408392213852204,0.038241801552439,0.149907862085561,0.0376549365862256,0.5506213080158434,0.566475823091609,468.03892886205153,1.0,3145.6776912031014,43.999163920590696,43.999163920590696,300.0,0.0,0.1131947023456262,0.0453729126361393,0.0674385451175039,21.65600660886616,0.0060750193176791,1.0888753497609869,0.9764763839676804,0.0547320411465153,3.800000000000001e-05,1.548486387243304,1.0,1.0,0.5497334344494536,blogfeedback,gaussian_ess_matched,PPCI,0.016742388642155492,0.04119203724639431
44,LO_GH_P1_c300w,1000,50,0.953,0.0074792229215476,0.0528860924583222,0.0167395212914912,0.0167395212914912,0.0610709453763338,0.0591266361435789,0.2317764136828295,0.0587613963226594,0.5506213080158434,0.5673608293073346,,,3145.6776912031014,43.999163920590696,43.999163920590696,300.0,,0.1132008113195013,,,21.65600660886616,0.0059907813770696,1.0887911118203772,0.9764763839676804,0.0547320411465153,3.800000000000001e-05,1.548486387243304,1.5461258032653509,1.4953993564244397,0.5497334344494536,blogfeedback,gaussian_ess_matched,LO,0.017627394857881007,0.06132025640493124
44,PPI_global,1000,50,0.401,0.0231891072246766,0.1639717496823082,0.0840542401928447,0.0840542401928447,0.0921272444507158,0.0388909147623428,0.1524523858683839,0.0377324477512234,0.5506213080158434,0.634675548208688,,,,,,,,,,,0.0,8.196774031966925e-05,8.196774031966925e-05,,,,,1.0169739181616144,2.255852127583811,0.5497334344494536,blogfeedback,gaussian_ess_matched,PPI,0.08494211375923444,0.09293802540172795
45,GH_P1_c300,1000,50,0.952,0.0086849623734689,0.061411957886299,0.0034434953442838,0.0034434953442838,0.0381017382905683,0.0384559087867445,0.1507471624440385,0.0379648011545373,0.5407056155862192,0.544149110930503,4216.965034285823,1.0,1758.0136462054472,274.0454378924804,274.0454378924804,300.0,0.0,0.0035141917327588,0.0013957396927732,0.0021676194133561,21.779890217315405,0.0060639633676037,1.0950584742333738,0.9998580340322978,0.0062235557451996,3.6e-05,16.725619703351732,1.0,1.0,0.5363025751615503,blogfeedback,gaussian_ess_matched,PPCI,0.007846535768952667,0.038748586092273184
45,LO_GH_P1_c300w,1000,50,0.955,0.0073192505471139,0.0517549169506765,0.0041373114471427,0.0041373114471427,0.0587615744273109,0.0596697317465278,0.2339053484463891,0.0586450724928653,0.5407056155862192,0.5448429270333618,,,1758.0136462054472,274.0454378924804,274.0454378924804,300.0,,0.0035124178804192,,,21.779890217315405,0.0059796658847481,1.0949741767505183,0.9998580340322978,0.0062235557451996,3.6e-05,16.725619703351732,1.5516401413739462,1.5422281781263687,0.5363025751615503,blogfeedback,gaussian_ess_matched,LO,0.008540351871811458,0.05923464267858873
45,PPI_global,1000,50,0.321,0.023694053331275,0.1675422578434029,0.0925688472817726,0.0925688472817726,0.0999744364825371,0.03890764398646,0.1525179644269232,0.037779938945311,0.5407056155862192,0.6332744628679917,,,,,,,,,,,0.0,8.2466721534729e-05,8.2466721534729e-05,,,,,1.0117468345949274,2.623881244475525,0.5363025751615503,blogfeedback,gaussian_ess_matched,PPI,0.09697188770644138,0.10406461198829982
46,GH_P1_c300,1000,50,0.955,0.0070348984298543,0.0497442438470861,0.0012297622800972,0.0012297622800972,0.034976604883306,0.0359100326948089,0.140767328163651,0.0349724698519407,0.5118761213875348,0.5131058836676321,1784.2502087589608,1.0,2439.569579123769,128.73700567972608,128.73700567972608,300.0,0.0,0.0156383783530865,0.0064532494452182,0.0096995020388758,21.62428625624627,0.0060696387514472,1.087283951563761,0.9991994556055848,0.0117471726320782,3.0000000000000004e-05,6.413270765099035,1.0,1.0,0.5113194767013858,blogfeedback,gaussian_ess_matched,PPCI,0.0017864069662463233,0.035000597476991864
46,LO_GH_P1_c300w,1000,50,0.953,0.0073415229471597,0.0519124066017332,0.0035652656571268,0.0035652656571268,0.0532415048008155,0.054820860208078,0.2148977720156658,0.0531485793388225,0.5118761213875348,0.5154413870446617,,,2439.569579123769,128.73700567972608,128.73700567972608,300.0,,0.0156450529758436,,,21.62428625624627,0.0059854205613955,1.0871997333737091,0.9991994556055848,0.0117471726320782,3.0000000000000004e-05,6.413270765099035,1.526616828059942,1.5222033407315378,0.5113194767013858,blogfeedback,gaussian_ess_matched,LO,0.004121910343275914,0.053281674702728515
46,PPI_global,1000,50,0.107,0.0111584140486734,0.0789019024110422,0.122086805332095,0.122086805332095,0.127701810450233,0.0389810755768894,0.1528058162614064,0.0374695653083239,0.5118761213875348,0.6339629267196298,,,,,,,,,,,0.0,8.181953616440297e-05,8.181953616440297e-05,,,,,1.0855204702312735,3.651063643149183,0.5113194767013858,blogfeedback,gaussian_ess_matched,PPI,0.12264345001824406,0.12823408356770005
47,GH_P1_c300,1000,50,0.954,0.0060339177376979,0.0426662414944802,-0.0006860430136839,0.0006860430136839,0.0352090324013991,0.0361526985341059,0.1417185782536952,0.0352199624272873,0.5488502892908907,0.5481642462772067,582.526492852764,1.0,5142.7567213597285,54.66691253828697,54.66691253828697,300.0,0.0,0.0757944304788868,0.029974172683075,0.0476751123167459,21.552594301048668,0.0060663653025403,1.0836960803549738,0.9882850062179268,0.0315522245313713,2.8000000000000003e-05,1.6371277694202857,1.0,1.0,0.5489691661429664,blogfeedback,gaussian_ess_matched,PPCI,-0.0008049198657597012,0.035211549293043674
47,LO_GH_P1_c300w,1000,50,0.951,0.008267220740703,0.0584580784731717,0.0002709935426797,0.0002709935426797,0.0547666551128022,0.0562879858883055,0.2206489046821576,0.0547933881972504,0.5488502892908907,0.5491212828335704,,,5142.7567213597285,54.66691253828697,54.66691253828697,300.0,,0.0758229109148733,,,21.552594301048668,0.0059831866500899,1.0836129017025231,0.9882850062179268,0.0315522245313713,2.8000000000000003e-05,1.6371277694202857,1.5569511591286682,1.5554717462393497,0.5489691661429664,blogfeedback,gaussian_ess_matched,LO,0.00015211669060399835,0.05476619590798694
47,PPI_global,1000,50,0.403,0.0239646849019339,0.1694559120315634,0.0849949541793085,0.0849949541793085,0.092922570161921,0.0388624209742048,0.1523406902188831,0.0375749076277988,0.5488502892908907,0.6338452434701993,,,,,,,,,,,0.0,8.204489015042782e-05,8.204489015042782e-05,,,,,1.0749521488013585,2.63916852648948,0.5489691661429664,blogfeedback,gaussian_ess_matched,PPI,0.0848760773272329,0.09281384763068921
48,GH_P1_c300,1000,50,0.963,0.0056802558148774,0.0401654740557415,-0.0008584161114766,0.0008584161114766,0.0345829319340596,0.0355337349623757,0.1392922410525127,0.0345895756215226,0.4912493776421074,0.4903909615306306,4216.965034285823,1.0,1734.4055273922393,275.9613787558278,275.9613787558278,300.0,0.0,0.0028012991429605,0.0011765049040732,0.0016462507170803,21.732118415478617,0.0060795949036255,1.0926855156775566,0.9999448355609308,0.0039619521208908,2.8000000000000003e-05,16.864688996536476,1.0,1.0,0.4898404920075119,blogfeedback,gaussian_ess_matched,PPCI,0.0005504695231187129,0.03457665859552129
48,LO_GH_P1_c300w,1000,50,0.949,0.0073526338471187,0.0519909725287938,-0.0011179692823512,0.0011179692823512,0.0531947996196839,0.0538909453692078,0.2112525058472949,0.0532096618987701,0.4912493776421074,0.490131408359756,,,1734.4055273922393,275.9613787558278,275.9613787558278,300.0,,0.0028009240200227,,,21.732118415478617,0.0059976202873513,1.0926035410612822,0.9999448355609308,0.0039619521208908,2.8000000000000003e-05,16.864688996536476,1.516613590613804,1.5381807338114704,0.4898404920075119,blogfeedback,gaussian_ess_matched,LO,0.0002909163522440972,0.053183846077413846
48,PPI_global,1000,50,0.038,0.0059863790970734,0.0423300925429401,0.1411149934434365,0.1411149934434365,0.1460524463917445,0.0389335612664453,0.1526195601644659,0.037673532054876,0.4912493776421074,0.6323643710855438,,,,,,,,,,,0.0,8.189090713858604e-05,8.189090713858604e-05,,,,,1.0956788333021996,4.22325228729095,0.4898404920075119,blogfeedback,gaussian_ess_matched,PPI,0.14252387907803188,0.14741415071125882
49,GH_P1_c300,1000,50,0.96,0.0053452248382484,0.0377964473009227,-0.0014361487593674,0.0014361487593674,0.0344794987250707,0.0353278184656631,0.1384850483853993,0.034466814043997,0.4676325142340538,0.4661963654746865,4869.675251658629,1.0,1056.9863398360062,287.5762386892127,287.5762386892127,300.0,0.0,0.0023513425306696,0.0009921770738194,0.0013727054713935,21.82953110659495,0.0060559491729363,1.0975325045026838,0.9999732944938572,0.0039570222624,2.4e-05,22.42974160181396,1.0,1.0,0.4651200832536966,blogfeedback,gaussian_ess_matched,PPCI,0.0010762822209899325,0.03446638496408267
49,LO_GH_P1_c300w,1000,50,0.937,0.0079295366207873,0.0560702911622581,-0.0023010328465005,0.0023010328465005,0.0531602637252215,0.0534252165665992,0.2094268489410689,0.0531370156256826,0.4676325142340538,0.4653314813875535,,,1056.9863398360062,287.5762386892127,287.5762386892127,300.0,,0.0023502513408147,,,21.82953110659495,0.0059718603659421,1.0974484156956896,0.9999732944938572,0.0039570222624,2.4e-05,22.42974160181396,1.5122704680597785,1.541793404512798,0.4651200832536966,blogfeedback,gaussian_ess_matched,LO,0.00021139813385689932,0.05311086119001867
49,PPI_global,1000,50,0.006,0.0023211538298959,0.0164130361329657,0.1641855507342679,0.1641855507342679,0.1685110577739033,0.0388436066149199,0.1522669379304862,0.0379542098351305,0.4676325142340538,0.6318180649683219,,,,,,,,,,,0.0,8.217600919306278e-05,8.217600919306278e-05,,,,,1.0995189712230329,4.887282704356004,0.4651200832536966,blogfeedback,gaussian_ess_matched,PPI,0.16669798171462535,0.17095993282022098
