setting,replicate,b,h,estimate,error,analytic_uniform_bias,note
b=0,0,0.0,0.3,0.26267582219693825,0.26267582219693825,0.12,Uniform NW fixed-bandwidth sanity check
b=2,0,2.0,0.3,0.26131594739287256,0.26131594739287256,0.12,Uniform NW fixed-bandwidth sanity check
b=0,1,0.0,0.3,0.044888669212932095,0.044888669212932095,0.12,Uniform NW fixed-bandwidth sanity check
b=2,1,2.0,0.3,0.024996666821051658,0.024996666821051658,0.12,Uniform NW fixed-bandwidth sanity check
b=0,2,0.0,0.3,-0.10613018329128827,-0.10613018329128827,0.12,Uniform NW fixed-bandwidth sanity check
b=2,2,2.0,0.3,-0.10317742513292467,-0.10317742513292467,0.12,Uniform NW fixed-bandwidth sanity check
b=0,3,0.0,0.3,0.13056822660676903,0.13056822660676903,0.12,Uniform NW fixed-bandwidth sanity check
b=2,3,2.0,0.3,0.12398689834047416,0.12398689834047416,0.12,Uniform NW fixed-bandwidth sanity check
b=0,4,0.0,0.3,0.15504245668330574,0.15504245668330574,0.12,Uniform NW fixed-bandwidth sanity check
b=2,4,2.0,0.3,0.1561236239484008,0.1561236239484008,0.12,Uniform NW fixed-bandwidth sanity check
b=0,5,0.0,0.3,0.15516257308416873,0.15516257308416873,0.12,Uniform NW fixed-bandwidth sanity check
b=2,5,2.0,0.3,0.16246449193214266,0.16246449193214266,0.12,Uniform NW fixed-bandwidth sanity check
b=0,6,0.0,0.3,0.06770349194339818,0.06770349194339818,0.12,Uniform NW fixed-bandwidth sanity check
b=2,6,2.0,0.3,0.06875537897589966,0.06875537897589966,0.12,Uniform NW fixed-bandwidth sanity check
b=0,7,0.0,0.3,0.09690889227840754,0.09690889227840754,0.12,Uniform NW fixed-bandwidth sanity check
b=2,7,2.0,0.3,0.08975271024535549,0.08975271024535549,0.12,Uniform NW fixed-bandwidth sanity check
b=0,8,0.0,0.3,0.03670776374995388,0.03670776374995388,0.12,Uniform NW fixed-bandwidth sanity check
b=2,8,2.0,0.3,0.037489162287155445,0.037489162287155445,0.12,Uniform NW fixed-bandwidth sanity check
b=0,9,0.0,0.3,0.31660279431858074,0.31660279431858074,0.12,Uniform NW fixed-bandwidth sanity check
b=2,9,2.0,0.3,0.32142705066492533,0.32142705066492533,0.12,Uniform NW fixed-bandwidth sanity check
b=0,10,0.0,0.3,-0.021298468608299953,-0.021298468608299953,0.12,Uniform NW fixed-bandwidth sanity check
b=2,10,2.0,0.3,-0.01855461027975939,-0.01855461027975939,0.12,Uniform NW fixed-bandwidth sanity check
b=0,11,0.0,0.3,0.2612449919630496,0.2612449919630496,0.12,Uniform NW fixed-bandwidth sanity check
b=2,11,2.0,0.3,0.2647112203772869,0.2647112203772869,0.12,Uniform NW fixed-bandwidth sanity check
b=0,12,0.0,0.3,-0.0801533708116688,-0.0801533708116688,0.12,Uniform NW fixed-bandwidth sanity check
b=2,12,2.0,0.3,-0.06549495785797803,-0.06549495785797803,0.12,Uniform NW fixed-bandwidth sanity check
b=0,13,0.0,0.3,0.06989203648568194,0.06989203648568194,0.12,Uniform NW fixed-bandwidth sanity check
b=2,13,2.0,0.3,0.08299377976393824,0.08299377976393824,0.12,Uniform NW fixed-bandwidth sanity check
b=0,14,0.0,0.3,0.0469073949909092,0.0469073949909092,0.12,Uniform NW fixed-bandwidth sanity check
b=2,14,2.0,0.3,0.04880742349726085,0.04880742349726085,0.12,Uniform NW fixed-bandwidth sanity check
b=0,15,0.0,0.3,-0.16598833848569325,-0.16598833848569325,0.12,Uniform NW fixed-bandwidth sanity check
b=2,15,2.0,0.3,-0.18067859704948702,-0.18067859704948702,0.12,Uniform NW fixed-bandwidth sanity check
b=0,16,0.0,0.3,0.1445530014093307,0.1445530014093307,0.12,Uniform NW fixed-bandwidth sanity check
b=2,16,2.0,0.3,0.14549442622578615,0.14549442622578615,0.12,Uniform NW fixed-bandwidth sanity check
b=0,17,0.0,0.3,0.08529071075970926,0.08529071075970926,0.12,Uniform NW fixed-bandwidth sanity check
b=2,17,2.0,0.3,0.0771388235469328,0.0771388235469328,0.12,Uniform NW fixed-bandwidth sanity check
b=0,18,0.0,0.3,0.2448882325981416,0.2448882325981416,0.12,Uniform NW fixed-bandwidth sanity check
b=2,18,2.0,0.3,0.25185039342310234,0.25185039342310234,0.12,Uniform NW fixed-bandwidth sanity check
b=0,19,0.0,0.3,0.19688523241622924,0.19688523241622924,0.12,Uniform NW fixed-bandwidth sanity check
b=2,19,2.0,0.3,0.18424501441872698,0.18424501441872698,0.12,Uniform NW fixed-bandwidth sanity check
b=0,20,0.0,0.3,0.08110235147511843,0.08110235147511843,0.12,Uniform NW fixed-bandwidth sanity check
b=2,20,2.0,0.3,0.0722938859600161,0.0722938859600161,0.12,Uniform NW fixed-bandwidth sanity check
b=0,21,0.0,0.3,0.18908868661833553,0.18908868661833553,0.12,Uniform NW fixed-bandwidth sanity check
b=2,21,2.0,0.3,0.18342822758126257,0.18342822758126257,0.12,Uniform NW fixed-bandwidth sanity check
b=0,22,0.0,0.3,0.19887824571210316,0.19887824571210316,0.12,Uniform NW fixed-bandwidth sanity check
b=2,22,2.0,0.3,0.19417885014634548,0.19417885014634548,0.12,Uniform NW fixed-bandwidth sanity check
b=0,23,0.0,0.3,0.2243638846072198,0.2243638846072198,0.12,Uniform NW fixed-bandwidth sanity check
b=2,23,2.0,0.3,0.20804476649828113,0.20804476649828113,0.12,Uniform NW fixed-bandwidth sanity check
b=0,24,0.0,0.3,0.14568926589138156,0.14568926589138156,0.12,Uniform NW fixed-bandwidth sanity check
b=2,24,2.0,0.3,0.13566341550253055,0.13566341550253055,0.12,Uniform NW fixed-bandwidth sanity check
b=0,25,0.0,0.3,0.15377033660680306,0.15377033660680306,0.12,Uniform NW fixed-bandwidth sanity check
b=2,25,2.0,0.3,0.17291191493407637,0.17291191493407637,0.12,Uniform NW fixed-bandwidth sanity check
b=0,26,0.0,0.3,-0.01992338298275852,-0.01992338298275852,0.12,Uniform NW fixed-bandwidth sanity check
b=2,26,2.0,0.3,-0.007529954418651374,-0.007529954418651374,0.12,Uniform NW fixed-bandwidth sanity check
b=0,27,0.0,0.3,0.10410041974784066,0.10410041974784066,0.12,Uniform NW fixed-bandwidth sanity check
b=2,27,2.0,0.3,0.10961658900242625,0.10961658900242625,0.12,Uniform NW fixed-bandwidth sanity check
b=0,28,0.0,0.3,-0.16509780818522563,-0.16509780818522563,0.12,Uniform NW fixed-bandwidth sanity check
b=2,28,2.0,0.3,-0.1733748988030588,-0.1733748988030588,0.12,Uniform NW fixed-bandwidth sanity check
b=0,29,0.0,0.3,0.0522400363506449,0.0522400363506449,0.12,Uniform NW fixed-bandwidth sanity check
b=2,29,2.0,0.3,0.057158884457864566,0.057158884457864566,0.12,Uniform NW fixed-bandwidth sanity check
b=0,30,0.0,0.3,0.08039606822165941,0.08039606822165941,0.12,Uniform NW fixed-bandwidth sanity check
b=2,30,2.0,0.3,0.07612691877365863,0.07612691877365863,0.12,Uniform NW fixed-bandwidth sanity check
b=0,31,0.0,0.3,0.37826731553231563,0.37826731553231563,0.12,Uniform NW fixed-bandwidth sanity check
b=2,31,2.0,0.3,0.37145653801775896,0.37145653801775896,0.12,Uniform NW fixed-bandwidth sanity check
b=0,32,0.0,0.3,0.27798297861752336,0.27798297861752336,0.12,Uniform NW fixed-bandwidth sanity check
b=2,32,2.0,0.3,0.2733926911099995,0.2733926911099995,0.12,Uniform NW fixed-bandwidth sanity check
b=0,33,0.0,0.3,0.03530211127413998,0.03530211127413998,0.12,Uniform NW fixed-bandwidth sanity check
b=2,33,2.0,0.3,0.013851377377257409,0.013851377377257409,0.12,Uniform NW fixed-bandwidth sanity check
b=0,34,0.0,0.3,0.27474498030514605,0.27474498030514605,0.12,Uniform NW fixed-bandwidth sanity check
b=2,34,2.0,0.3,0.29899461672935823,0.29899461672935823,0.12,Uniform NW fixed-bandwidth sanity check
b=0,35,0.0,0.3,0.4334544833321604,0.4334544833321604,0.12,Uniform NW fixed-bandwidth sanity check
b=2,35,2.0,0.3,0.45096553997376726,0.45096553997376726,0.12,Uniform NW fixed-bandwidth sanity check
b=0,36,0.0,0.3,0.07189846445965739,0.07189846445965739,0.12,Uniform NW fixed-bandwidth sanity check
b=2,36,2.0,0.3,0.07164366603034607,0.07164366603034607,0.12,Uniform NW fixed-bandwidth sanity check
b=0,37,0.0,0.3,0.13604412575540945,0.13604412575540945,0.12,Uniform NW fixed-bandwidth sanity check
b=2,37,2.0,0.3,0.13962792327746892,0.13962792327746892,0.12,Uniform NW fixed-bandwidth sanity check
b=0,38,0.0,0.3,0.0900876557026392,0.0900876557026392,0.12,Uniform NW fixed-bandwidth sanity check
b=2,38,2.0,0.3,0.07262034171907404,0.07262034171907404,0.12,Uniform NW fixed-bandwidth sanity check
b=0,39,0.0,0.3,0.1268640207121695,0.1268640207121695,0.12,Uniform NW fixed-bandwidth sanity check
b=2,39,2.0,0.3,0.12804138134599982,0.12804138134599982,0.12,Uniform NW fixed-bandwidth sanity check
b=0,40,0.0,0.3,0.13855738514132324,0.13855738514132324,0.12,Uniform NW fixed-bandwidth sanity check
b=2,40,2.0,0.3,0.13571638867859165,0.13571638867859165,0.12,Uniform NW fixed-bandwidth sanity check
b=0,41,0.0,0.3,0.1253556958318747,0.1253556958318747,0.12,Uniform NW fixed-bandwidth sanity check
b=2,41,2.0,0.3,0.13545767490575172,0.13545767490575172,0.12,Uniform NW fixed-bandwidth sanity check
b=0,42,0.0,0.3,0.17875080795242787,0.17875080795242787,0.12,Uniform NW fixed-bandwidth sanity check
b=2,42,2.0,0.3,0.1725759443796357,0.1725759443796357,0.12,Uniform NW fixed-bandwidth sanity check
b=0,43,0.0,0.3,0.076119747309798,0.076119747309798,0.12,Uniform NW fixed-bandwidth sanity check
b=2,43,2.0,0.3,0.08239091737860531,0.08239091737860531,0.12,Uniform NW fixed-bandwidth sanity check
b=0,44,0.0,0.3,-0.002653486665075535,-0.002653486665075535,0.12,Uniform NW fixed-bandwidth sanity check
b=2,44,2.0,0.3,-0.0033627594223125403,-0.0033627594223125403,0.12,Uniform NW fixed-bandwidth sanity check
b=0,45,0.0,0.3,0.19806391664682252,0.19806391664682252,0.12,Uniform NW fixed-bandwidth sanity check
b=2,45,2.0,0.3,0.19191340916772406,0.19191340916772406,0.12,Uniform NW fixed-bandwidth sanity check
b=0,46,0.0,0.3,0.19820808937519968,0.19820808937519968,0.12,Uniform NW fixed-bandwidth sanity check
b=2,46,2.0,0.3,0.1981017788254352,0.1981017788254352,0.12,Uniform NW fixed-bandwidth sanity check
b=0,47,0.0,0.3,0.2521991403569313,0.2521991403569313,0.12,Uniform NW fixed-bandwidth sanity check
b=2,47,2.0,0.3,0.2517788586033912,0.2517788586033912,0.12,Uniform NW fixed-bandwidth sanity check
b=0,48,0.0,0.3,-0.06679794588239536,-0.06679794588239536,0.12,Uniform NW fixed-bandwidth sanity check
b=2,48,2.0,0.3,-0.05972985962004789,-0.05972985962004789,0.12,Uniform NW fixed-bandwidth sanity check
b=0,49,0.0,0.3,-0.025486965524254716,-0.025486965524254716,0.12,Uniform NW fixed-bandwidth sanity check
b=2,49,2.0,0.3,-0.029428430493471668,-0.029428430493471668,0.12,Uniform NW fixed-bandwidth sanity check
b=0,50,0.0,0.3,0.2889006875431513,0.2889006875431513,0.12,Uniform NW fixed-bandwidth sanity check
b=2,50,2.0,0.3,0.29023134919069543,0.29023134919069543,0.12,Uniform NW fixed-bandwidth sanity check
b=0,51,0.0,0.3,0.06678630403504086,0.06678630403504086,0.12,Uniform NW fixed-bandwidth sanity check
b=2,51,2.0,0.3,0.07164026347120861,0.07164026347120861,0.12,Uniform NW fixed-bandwidth sanity check
b=0,52,0.0,0.3,0.06150478909684275,0.06150478909684275,0.12,Uniform NW fixed-bandwidth sanity check
b=2,52,2.0,0.3,0.051367440863430036,0.051367440863430036,0.12,Uniform NW fixed-bandwidth sanity check
b=0,53,0.0,0.3,0.15022543991970297,0.15022543991970297,0.12,Uniform NW fixed-bandwidth sanity check
b=2,53,2.0,0.3,0.14510101335359202,0.14510101335359202,0.12,Uniform NW fixed-bandwidth sanity check
b=0,54,0.0,0.3,0.3026842825198893,0.3026842825198893,0.12,Uniform NW fixed-bandwidth sanity check
b=2,54,2.0,0.3,0.2962867917623907,0.2962867917623907,0.12,Uniform NW fixed-bandwidth sanity check
b=0,55,0.0,0.3,0.11754398446434657,0.11754398446434657,0.12,Uniform NW fixed-bandwidth sanity check
b=2,55,2.0,0.3,0.11267066001727488,0.11267066001727488,0.12,Uniform NW fixed-bandwidth sanity check
b=0,56,0.0,0.3,-0.037760032866401234,-0.037760032866401234,0.12,Uniform NW fixed-bandwidth sanity check
b=2,56,2.0,0.3,-0.03705159313183569,-0.03705159313183569,0.12,Uniform NW fixed-bandwidth sanity check
b=0,57,0.0,0.3,-0.0006918652781208676,-0.0006918652781208676,0.12,Uniform NW fixed-bandwidth sanity check
b=2,57,2.0,0.3,-0.011110863145899114,-0.011110863145899114,0.12,Uniform NW fixed-bandwidth sanity check
b=0,58,0.0,0.3,0.022574565845832912,0.022574565845832912,0.12,Uniform NW fixed-bandwidth sanity check
b=2,58,2.0,0.3,0.013120391205417529,0.013120391205417529,0.12,Uniform NW fixed-bandwidth sanity check
b=0,59,0.0,0.3,0.1494524942603039,0.1494524942603039,0.12,Uniform NW fixed-bandwidth sanity check
b=2,59,2.0,0.3,0.14949162440253094,0.14949162440253094,0.12,Uniform NW fixed-bandwidth sanity check
b=0,60,0.0,0.3,0.17466339857233645,0.17466339857233645,0.12,Uniform NW fixed-bandwidth sanity check
b=2,60,2.0,0.3,0.1743149111423299,0.1743149111423299,0.12,Uniform NW fixed-bandwidth sanity check
b=0,61,0.0,0.3,0.17613065457523241,0.17613065457523241,0.12,Uniform NW fixed-bandwidth sanity check
b=2,61,2.0,0.3,0.18063588110120482,0.18063588110120482,0.12,Uniform NW fixed-bandwidth sanity check
b=0,62,0.0,0.3,0.22466794906702697,0.22466794906702697,0.12,Uniform NW fixed-bandwidth sanity check
b=2,62,2.0,0.3,0.2147464867918832,0.2147464867918832,0.12,Uniform NW fixed-bandwidth sanity check
b=0,63,0.0,0.3,0.1782193874601094,0.1782193874601094,0.12,Uniform NW fixed-bandwidth sanity check
b=2,63,2.0,0.3,0.17103000584709815,0.17103000584709815,0.12,Uniform NW fixed-bandwidth sanity check
b=0,64,0.0,0.3,0.12933672322345868,0.12933672322345868,0.12,Uniform NW fixed-bandwidth sanity check
b=2,64,2.0,0.3,0.13112884583530315,0.13112884583530315,0.12,Uniform NW fixed-bandwidth sanity check
b=0,65,0.0,0.3,0.13817983500014483,0.13817983500014483,0.12,Uniform NW fixed-bandwidth sanity check
b=2,65,2.0,0.3,0.1411971634211511,0.1411971634211511,0.12,Uniform NW fixed-bandwidth sanity check
b=0,66,0.0,0.3,0.011518428155250254,0.011518428155250254,0.12,Uniform NW fixed-bandwidth sanity check
b=2,66,2.0,0.3,0.028865335777286016,0.028865335777286016,0.12,Uniform NW fixed-bandwidth sanity check
b=0,67,0.0,0.3,0.220358650839657,0.220358650839657,0.12,Uniform NW fixed-bandwidth sanity check
b=2,67,2.0,0.3,0.22411776983062595,0.22411776983062595,0.12,Uniform NW fixed-bandwidth sanity check
b=0,68,0.0,0.3,0.05414331427175117,0.05414331427175117,0.12,Uniform NW fixed-bandwidth sanity check
b=2,68,2.0,0.3,0.057675180226989274,0.057675180226989274,0.12,Uniform NW fixed-bandwidth sanity check
b=0,69,0.0,0.3,-0.02184432771729456,-0.02184432771729456,0.12,Uniform NW fixed-bandwidth sanity check
b=2,69,2.0,0.3,-0.03502747927995614,-0.03502747927995614,0.12,Uniform NW fixed-bandwidth sanity check
b=0,70,0.0,0.3,0.16283863085207112,0.16283863085207112,0.12,Uniform NW fixed-bandwidth sanity check
b=2,70,2.0,0.3,0.168425600579792,0.168425600579792,0.12,Uniform NW fixed-bandwidth sanity check
b=0,71,0.0,0.3,0.13013770291722368,0.13013770291722368,0.12,Uniform NW fixed-bandwidth sanity check
b=2,71,2.0,0.3,0.1192165747968906,0.1192165747968906,0.12,Uniform NW fixed-bandwidth sanity check
b=0,72,0.0,0.3,0.08239297722089178,0.08239297722089178,0.12,Uniform NW fixed-bandwidth sanity check
b=2,72,2.0,0.3,0.08734690138453247,0.08734690138453247,0.12,Uniform NW fixed-bandwidth sanity check
b=0,73,0.0,0.3,0.13101390712395972,0.13101390712395972,0.12,Uniform NW fixed-bandwidth sanity check
b=2,73,2.0,0.3,0.1374377435809262,0.1374377435809262,0.12,Uniform NW fixed-bandwidth sanity check
b=0,74,0.0,0.3,0.26336850844882415,0.26336850844882415,0.12,Uniform NW fixed-bandwidth sanity check
b=2,74,2.0,0.3,0.26619588266336947,0.26619588266336947,0.12,Uniform NW fixed-bandwidth sanity check
b=0,75,0.0,0.3,0.1418950505799336,0.1418950505799336,0.12,Uniform NW fixed-bandwidth sanity check
b=2,75,2.0,0.3,0.14262803553517955,0.14262803553517955,0.12,Uniform NW fixed-bandwidth sanity check
b=0,76,0.0,0.3,-0.13055005948930082,-0.13055005948930082,0.12,Uniform NW fixed-bandwidth sanity check
b=2,76,2.0,0.3,-0.1148553826751892,-0.1148553826751892,0.12,Uniform NW fixed-bandwidth sanity check
b=0,77,0.0,0.3,0.19538560836684998,0.19538560836684998,0.12,Uniform NW fixed-bandwidth sanity check
b=2,77,2.0,0.3,0.19697419410636297,0.19697419410636297,0.12,Uniform NW fixed-bandwidth sanity check
b=0,78,0.0,0.3,0.13631449172944873,0.13631449172944873,0.12,Uniform NW fixed-bandwidth sanity check
b=2,78,2.0,0.3,0.12682252550544146,0.12682252550544146,0.12,Uniform NW fixed-bandwidth sanity check
b=0,79,0.0,0.3,0.30651064661185273,0.30651064661185273,0.12,Uniform NW fixed-bandwidth sanity check
b=2,79,2.0,0.3,0.31334631414452974,0.31334631414452974,0.12,Uniform NW fixed-bandwidth sanity check
b=0,80,0.0,0.3,0.1532780929893077,0.1532780929893077,0.12,Uniform NW fixed-bandwidth sanity check
b=2,80,2.0,0.3,0.15821772720506647,0.15821772720506647,0.12,Uniform NW fixed-bandwidth sanity check
b=0,81,0.0,0.3,0.2148858316662497,0.2148858316662497,0.12,Uniform NW fixed-bandwidth sanity check
b=2,81,2.0,0.3,0.20395375844150374,0.20395375844150374,0.12,Uniform NW fixed-bandwidth sanity check
b=0,82,0.0,0.3,0.06620108873254521,0.06620108873254521,0.12,Uniform NW fixed-bandwidth sanity check
b=2,82,2.0,0.3,0.07869926219228218,0.07869926219228218,0.12,Uniform NW fixed-bandwidth sanity check
b=0,83,0.0,0.3,0.06520700393830836,0.06520700393830836,0.12,Uniform NW fixed-bandwidth sanity check
b=2,83,2.0,0.3,0.05929914677554041,0.05929914677554041,0.12,Uniform NW fixed-bandwidth sanity check
b=0,84,0.0,0.3,0.08999450048999669,0.08999450048999669,0.12,Uniform NW fixed-bandwidth sanity check
b=2,84,2.0,0.3,0.0910562263795376,0.0910562263795376,0.12,Uniform NW fixed-bandwidth sanity check
b=0,85,0.0,0.3,0.1822643961686305,0.1822643961686305,0.12,Uniform NW fixed-bandwidth sanity check
b=2,85,2.0,0.3,0.17394348294219317,0.17394348294219317,0.12,Uniform NW fixed-bandwidth sanity check
b=0,86,0.0,0.3,0.13185430509743198,0.13185430509743198,0.12,Uniform NW fixed-bandwidth sanity check
b=2,86,2.0,0.3,0.1300925580289336,0.1300925580289336,0.12,Uniform NW fixed-bandwidth sanity check
b=0,87,0.0,0.3,0.054646286785112054,0.054646286785112054,0.12,Uniform NW fixed-bandwidth sanity check
b=2,87,2.0,0.3,0.05427472442571756,0.05427472442571756,0.12,Uniform NW fixed-bandwidth sanity check
b=0,88,0.0,0.3,0.13279534784276334,0.13279534784276334,0.12,Uniform NW fixed-bandwidth sanity check
b=2,88,2.0,0.3,0.11842081904588693,0.11842081904588693,0.12,Uniform NW fixed-bandwidth sanity check
b=0,89,0.0,0.3,0.2588734419816018,0.2588734419816018,0.12,Uniform NW fixed-bandwidth sanity check
b=2,89,2.0,0.3,0.25704836315749213,0.25704836315749213,0.12,Uniform NW fixed-bandwidth sanity check
b=0,90,0.0,0.3,-0.06455180108387257,-0.06455180108387257,0.12,Uniform NW fixed-bandwidth sanity check
b=2,90,2.0,0.3,-0.06968370518007957,-0.06968370518007957,0.12,Uniform NW fixed-bandwidth sanity check
b=0,91,0.0,0.3,0.36288231258218034,0.36288231258218034,0.12,Uniform NW fixed-bandwidth sanity check
b=2,91,2.0,0.3,0.3836842766019778,0.3836842766019778,0.12,Uniform NW fixed-bandwidth sanity check
b=0,92,0.0,0.3,0.05070718454375561,0.05070718454375561,0.12,Uniform NW fixed-bandwidth sanity check
b=2,92,2.0,0.3,0.039291836896862546,0.039291836896862546,0.12,Uniform NW fixed-bandwidth sanity check
b=0,93,0.0,0.3,0.27151461737153276,0.27151461737153276,0.12,Uniform NW fixed-bandwidth sanity check
b=2,93,2.0,0.3,0.2698312963085934,0.2698312963085934,0.12,Uniform NW fixed-bandwidth sanity check
b=0,94,0.0,0.3,0.1627473385740285,0.1627473385740285,0.12,Uniform NW fixed-bandwidth sanity check
b=2,94,2.0,0.3,0.1659826316432578,0.1659826316432578,0.12,Uniform NW fixed-bandwidth sanity check
b=0,95,0.0,0.3,0.08295529676877944,0.08295529676877944,0.12,Uniform NW fixed-bandwidth sanity check
b=2,95,2.0,0.3,0.08615280053153224,0.08615280053153224,0.12,Uniform NW fixed-bandwidth sanity check
b=0,96,0.0,0.3,0.234046731766651,0.234046731766651,0.12,Uniform NW fixed-bandwidth sanity check
b=2,96,2.0,0.3,0.2280473152650639,0.2280473152650639,0.12,Uniform NW fixed-bandwidth sanity check
b=0,97,0.0,0.3,-0.013449281606027645,-0.013449281606027645,0.12,Uniform NW fixed-bandwidth sanity check
b=2,97,2.0,0.3,-0.013101058971709266,-0.013101058971709266,0.12,Uniform NW fixed-bandwidth sanity check
b=0,98,0.0,0.3,0.05919995903806603,0.05919995903806603,0.12,Uniform NW fixed-bandwidth sanity check
b=2,98,2.0,0.3,0.055607081434470546,0.055607081434470546,0.12,Uniform NW fixed-bandwidth sanity check
b=0,99,0.0,0.3,0.01003891499978006,0.01003891499978006,0.12,Uniform NW fixed-bandwidth sanity check
b=2,99,2.0,0.3,0.009599783566424968,0.009599783566424968,0.12,Uniform NW fixed-bandwidth sanity check
b=0,100,0.0,0.3,-0.06403285097885189,-0.06403285097885189,0.12,Uniform NW fixed-bandwidth sanity check
b=2,100,2.0,0.3,-0.06767284145533786,-0.06767284145533786,0.12,Uniform NW fixed-bandwidth sanity check
b=0,101,0.0,0.3,0.2174809187953571,0.2174809187953571,0.12,Uniform NW fixed-bandwidth sanity check
b=2,101,2.0,0.3,0.23450947044798348,0.23450947044798348,0.12,Uniform NW fixed-bandwidth sanity check
b=0,102,0.0,0.3,0.17295626658584698,0.17295626658584698,0.12,Uniform NW fixed-bandwidth sanity check
b=2,102,2.0,0.3,0.17225755616391097,0.17225755616391097,0.12,Uniform NW fixed-bandwidth sanity check
b=0,103,0.0,0.3,0.0988341552690191,0.0988341552690191,0.12,Uniform NW fixed-bandwidth sanity check
b=2,103,2.0,0.3,0.09430519310629262,0.09430519310629262,0.12,Uniform NW fixed-bandwidth sanity check
b=0,104,0.0,0.3,0.05289252269375169,0.05289252269375169,0.12,Uniform NW fixed-bandwidth sanity check
b=2,104,2.0,0.3,0.05010303503712847,0.05010303503712847,0.12,Uniform NW fixed-bandwidth sanity check
b=0,105,0.0,0.3,0.08344350800776587,0.08344350800776587,0.12,Uniform NW fixed-bandwidth sanity check
b=2,105,2.0,0.3,0.08931603542668795,0.08931603542668795,0.12,Uniform NW fixed-bandwidth sanity check
b=0,106,0.0,0.3,0.09851174922323014,0.09851174922323014,0.12,Uniform NW fixed-bandwidth sanity check
b=2,106,2.0,0.3,0.10033610447537478,0.10033610447537478,0.12,Uniform NW fixed-bandwidth sanity check
b=0,107,0.0,0.3,0.20917790045495785,0.20917790045495785,0.12,Uniform NW fixed-bandwidth sanity check
b=2,107,2.0,0.3,0.20528228392071707,0.20528228392071707,0.12,Uniform NW fixed-bandwidth sanity check
b=0,108,0.0,0.3,-0.0722635758251818,-0.0722635758251818,0.12,Uniform NW fixed-bandwidth sanity check
b=2,108,2.0,0.3,-0.05696651061804981,-0.05696651061804981,0.12,Uniform NW fixed-bandwidth sanity check
b=0,109,0.0,0.3,0.21228884055671005,0.21228884055671005,0.12,Uniform NW fixed-bandwidth sanity check
b=2,109,2.0,0.3,0.21939323608588612,0.21939323608588612,0.12,Uniform NW fixed-bandwidth sanity check
b=0,110,0.0,0.3,0.1023212771452748,0.1023212771452748,0.12,Uniform NW fixed-bandwidth sanity check
b=2,110,2.0,0.3,0.09780478854417582,0.09780478854417582,0.12,Uniform NW fixed-bandwidth sanity check
b=0,111,0.0,0.3,0.19075244219979082,0.19075244219979082,0.12,Uniform NW fixed-bandwidth sanity check
b=2,111,2.0,0.3,0.19507940051858771,0.19507940051858771,0.12,Uniform NW fixed-bandwidth sanity check
b=0,112,0.0,0.3,0.23441744345089371,0.23441744345089371,0.12,Uniform NW fixed-bandwidth sanity check
b=2,112,2.0,0.3,0.2342767519520627,0.2342767519520627,0.12,Uniform NW fixed-bandwidth sanity check
b=0,113,0.0,0.3,0.3126478348034811,0.3126478348034811,0.12,Uniform NW fixed-bandwidth sanity check
b=2,113,2.0,0.3,0.31626032222375877,0.31626032222375877,0.12,Uniform NW fixed-bandwidth sanity check
b=0,114,0.0,0.3,-0.0863627859245305,-0.0863627859245305,0.12,Uniform NW fixed-bandwidth sanity check
b=2,114,2.0,0.3,-0.08044325749543897,-0.08044325749543897,0.12,Uniform NW fixed-bandwidth sanity check
b=0,115,0.0,0.3,0.3829750048662397,0.3829750048662397,0.12,Uniform NW fixed-bandwidth sanity check
b=2,115,2.0,0.3,0.373342410730564,0.373342410730564,0.12,Uniform NW fixed-bandwidth sanity check
b=0,116,0.0,0.3,0.04066377426341117,0.04066377426341117,0.12,Uniform NW fixed-bandwidth sanity check
b=2,116,2.0,0.3,0.037789413801868316,0.037789413801868316,0.12,Uniform NW fixed-bandwidth sanity check
b=0,117,0.0,0.3,0.316608322692716,0.316608322692716,0.12,Uniform NW fixed-bandwidth sanity check
b=2,117,2.0,0.3,0.3198635074011743,0.3198635074011743,0.12,Uniform NW fixed-bandwidth sanity check
b=0,118,0.0,0.3,0.14119300414593247,0.14119300414593247,0.12,Uniform NW fixed-bandwidth sanity check
b=2,118,2.0,0.3,0.13346192264552237,0.13346192264552237,0.12,Uniform NW fixed-bandwidth sanity check
b=0,119,0.0,0.3,0.14262237968304375,0.14262237968304375,0.12,Uniform NW fixed-bandwidth sanity check
b=2,119,2.0,0.3,0.15012048481002835,0.15012048481002835,0.12,Uniform NW fixed-bandwidth sanity check
b=0,120,0.0,0.3,0.012559398086895946,0.012559398086895946,0.12,Uniform NW fixed-bandwidth sanity check
b=2,120,2.0,0.3,0.013457749911418704,0.013457749911418704,0.12,Uniform NW fixed-bandwidth sanity check
b=0,121,0.0,0.3,0.269069222548428,0.269069222548428,0.12,Uniform NW fixed-bandwidth sanity check
b=2,121,2.0,0.3,0.26196726499974654,0.26196726499974654,0.12,Uniform NW fixed-bandwidth sanity check
b=0,122,0.0,0.3,0.19660236783087337,0.19660236783087337,0.12,Uniform NW fixed-bandwidth sanity check
b=2,122,2.0,0.3,0.19096066471579062,0.19096066471579062,0.12,Uniform NW fixed-bandwidth sanity check
b=0,123,0.0,0.3,0.16265563912811987,0.16265563912811987,0.12,Uniform NW fixed-bandwidth sanity check
b=2,123,2.0,0.3,0.14801670154920762,0.14801670154920762,0.12,Uniform NW fixed-bandwidth sanity check
b=0,124,0.0,0.3,-0.013245827473028512,-0.013245827473028512,0.12,Uniform NW fixed-bandwidth sanity check
b=2,124,2.0,0.3,-0.0059048196795042735,-0.0059048196795042735,0.12,Uniform NW fixed-bandwidth sanity check
b=0,125,0.0,0.3,0.10148660881138363,0.10148660881138363,0.12,Uniform NW fixed-bandwidth sanity check
b=2,125,2.0,0.3,0.11180496573388242,0.11180496573388242,0.12,Uniform NW fixed-bandwidth sanity check
b=0,126,0.0,0.3,0.14856258957676288,0.14856258957676288,0.12,Uniform NW fixed-bandwidth sanity check
b=2,126,2.0,0.3,0.1360970528202428,0.1360970528202428,0.12,Uniform NW fixed-bandwidth sanity check
b=0,127,0.0,0.3,0.08384108879962715,0.08384108879962715,0.12,Uniform NW fixed-bandwidth sanity check
b=2,127,2.0,0.3,0.07120701243242684,0.07120701243242684,0.12,Uniform NW fixed-bandwidth sanity check
b=0,128,0.0,0.3,0.08356897985295969,0.08356897985295969,0.12,Uniform NW fixed-bandwidth sanity check
b=2,128,2.0,0.3,0.10129927246295534,0.10129927246295534,0.12,Uniform NW fixed-bandwidth sanity check
b=0,129,0.0,0.3,0.21385788769702505,0.21385788769702505,0.12,Uniform NW fixed-bandwidth sanity check
b=2,129,2.0,0.3,0.20747284836990765,0.20747284836990765,0.12,Uniform NW fixed-bandwidth sanity check
b=0,130,0.0,0.3,0.08309379212902357,0.08309379212902357,0.12,Uniform NW fixed-bandwidth sanity check
b=2,130,2.0,0.3,0.07829193905092213,0.07829193905092213,0.12,Uniform NW fixed-bandwidth sanity check
b=0,131,0.0,0.3,-0.01628410360338099,-0.01628410360338099,0.12,Uniform NW fixed-bandwidth sanity check
b=2,131,2.0,0.3,-0.018488192015232496,-0.018488192015232496,0.12,Uniform NW fixed-bandwidth sanity check
b=0,132,0.0,0.3,0.15596592680077778,0.15596592680077778,0.12,Uniform NW fixed-bandwidth sanity check
b=2,132,2.0,0.3,0.14847921823333438,0.14847921823333438,0.12,Uniform NW fixed-bandwidth sanity check
b=0,133,0.0,0.3,0.09863864675155065,0.09863864675155065,0.12,Uniform NW fixed-bandwidth sanity check
b=2,133,2.0,0.3,0.10548549065868408,0.10548549065868408,0.12,Uniform NW fixed-bandwidth sanity check
b=0,134,0.0,0.3,0.29387178778377965,0.29387178778377965,0.12,Uniform NW fixed-bandwidth sanity check
b=2,134,2.0,0.3,0.2829227193555672,0.2829227193555672,0.12,Uniform NW fixed-bandwidth sanity check
b=0,135,0.0,0.3,0.013919980046960633,0.013919980046960633,0.12,Uniform NW fixed-bandwidth sanity check
b=2,135,2.0,0.3,0.012384347180031213,0.012384347180031213,0.12,Uniform NW fixed-bandwidth sanity check
b=0,136,0.0,0.3,0.06389243890729396,0.06389243890729396,0.12,Uniform NW fixed-bandwidth sanity check
b=2,136,2.0,0.3,0.06342299637859909,0.06342299637859909,0.12,Uniform NW fixed-bandwidth sanity check
b=0,137,0.0,0.3,0.09084372445491698,0.09084372445491698,0.12,Uniform NW fixed-bandwidth sanity check
b=2,137,2.0,0.3,0.09199966561503842,0.09199966561503842,0.12,Uniform NW fixed-bandwidth sanity check
b=0,138,0.0,0.3,0.3561411455760785,0.3561411455760785,0.12,Uniform NW fixed-bandwidth sanity check
b=2,138,2.0,0.3,0.35239034517551676,0.35239034517551676,0.12,Uniform NW fixed-bandwidth sanity check
b=0,139,0.0,0.3,-0.1568378173568754,-0.1568378173568754,0.12,Uniform NW fixed-bandwidth sanity check
b=2,139,2.0,0.3,-0.15458900374689197,-0.15458900374689197,0.12,Uniform NW fixed-bandwidth sanity check
b=0,140,0.0,0.3,0.18153865955789059,0.18153865955789059,0.12,Uniform NW fixed-bandwidth sanity check
b=2,140,2.0,0.3,0.18796995713569883,0.18796995713569883,0.12,Uniform NW fixed-bandwidth sanity check
b=0,141,0.0,0.3,0.26184050234931533,0.26184050234931533,0.12,Uniform NW fixed-bandwidth sanity check
b=2,141,2.0,0.3,0.25717284432890486,0.25717284432890486,0.12,Uniform NW fixed-bandwidth sanity check
b=0,142,0.0,0.3,-0.06960414852311479,-0.06960414852311479,0.12,Uniform NW fixed-bandwidth sanity check
b=2,142,2.0,0.3,-0.058148769459501815,-0.058148769459501815,0.12,Uniform NW fixed-bandwidth sanity check
b=0,143,0.0,0.3,0.1625397020061814,0.1625397020061814,0.12,Uniform NW fixed-bandwidth sanity check
b=2,143,2.0,0.3,0.16336290905255305,0.16336290905255305,0.12,Uniform NW fixed-bandwidth sanity check
b=0,144,0.0,0.3,0.26061164222001504,0.26061164222001504,0.12,Uniform NW fixed-bandwidth sanity check
b=2,144,2.0,0.3,0.25473428950758736,0.25473428950758736,0.12,Uniform NW fixed-bandwidth sanity check
b=0,145,0.0,0.3,0.4197574048960673,0.4197574048960673,0.12,Uniform NW fixed-bandwidth sanity check
b=2,145,2.0,0.3,0.4267623304752585,0.4267623304752585,0.12,Uniform NW fixed-bandwidth sanity check
b=0,146,0.0,0.3,0.18513802816691888,0.18513802816691888,0.12,Uniform NW fixed-bandwidth sanity check
b=2,146,2.0,0.3,0.177543366398999,0.177543366398999,0.12,Uniform NW fixed-bandwidth sanity check
b=0,147,0.0,0.3,0.13425585694348394,0.13425585694348394,0.12,Uniform NW fixed-bandwidth sanity check
b=2,147,2.0,0.3,0.12015673103973029,0.12015673103973029,0.12,Uniform NW fixed-bandwidth sanity check
b=0,148,0.0,0.3,0.2518122123531886,0.2518122123531886,0.12,Uniform NW fixed-bandwidth sanity check
b=2,148,2.0,0.3,0.2550546142798439,0.2550546142798439,0.12,Uniform NW fixed-bandwidth sanity check
b=0,149,0.0,0.3,0.25447244983288114,0.25447244983288114,0.12,Uniform NW fixed-bandwidth sanity check
b=2,149,2.0,0.3,0.2552976535063665,0.2552976535063665,0.12,Uniform NW fixed-bandwidth sanity check
b=0,150,0.0,0.3,0.08395907818055223,0.08395907818055223,0.12,Uniform NW fixed-bandwidth sanity check
b=2,150,2.0,0.3,0.07752865287093245,0.07752865287093245,0.12,Uniform NW fixed-bandwidth sanity check
b=0,151,0.0,0.3,0.07064786515664495,0.07064786515664495,0.12,Uniform NW fixed-bandwidth sanity check
b=2,151,2.0,0.3,0.06342941410462591,0.06342941410462591,0.12,Uniform NW fixed-bandwidth sanity check
b=0,152,0.0,0.3,0.2465881726047847,0.2465881726047847,0.12,Uniform NW fixed-bandwidth sanity check
b=2,152,2.0,0.3,0.2657559910324076,0.2657559910324076,0.12,Uniform NW fixed-bandwidth sanity check
b=0,153,0.0,0.3,0.15740764911684296,0.15740764911684296,0.12,Uniform NW fixed-bandwidth sanity check
b=2,153,2.0,0.3,0.15019344120382924,0.15019344120382924,0.12,Uniform NW fixed-bandwidth sanity check
b=0,154,0.0,0.3,0.08561849527568066,0.08561849527568066,0.12,Uniform NW fixed-bandwidth sanity check
b=2,154,2.0,0.3,0.08260536353163032,0.08260536353163032,0.12,Uniform NW fixed-bandwidth sanity check
b=0,155,0.0,0.3,0.10766344915988868,0.10766344915988868,0.12,Uniform NW fixed-bandwidth sanity check
b=2,155,2.0,0.3,0.10016357950842981,0.10016357950842981,0.12,Uniform NW fixed-bandwidth sanity check
b=0,156,0.0,0.3,0.15350519326660358,0.15350519326660358,0.12,Uniform NW fixed-bandwidth sanity check
b=2,156,2.0,0.3,0.15210818200706616,0.15210818200706616,0.12,Uniform NW fixed-bandwidth sanity check
b=0,157,0.0,0.3,0.11055324514809471,0.11055324514809471,0.12,Uniform NW fixed-bandwidth sanity check
b=2,157,2.0,0.3,0.10878043346884594,0.10878043346884594,0.12,Uniform NW fixed-bandwidth sanity check
b=0,158,0.0,0.3,0.2776872823791918,0.2776872823791918,0.12,Uniform NW fixed-bandwidth sanity check
b=2,158,2.0,0.3,0.26951186842936553,0.26951186842936553,0.12,Uniform NW fixed-bandwidth sanity check
b=0,159,0.0,0.3,-0.045043327293420025,-0.045043327293420025,0.12,Uniform NW fixed-bandwidth sanity check
b=2,159,2.0,0.3,-0.04084197156835423,-0.04084197156835423,0.12,Uniform NW fixed-bandwidth sanity check
b=0,160,0.0,0.3,0.07837575823143668,0.07837575823143668,0.12,Uniform NW fixed-bandwidth sanity check
b=2,160,2.0,0.3,0.06742195224763442,0.06742195224763442,0.12,Uniform NW fixed-bandwidth sanity check
b=0,161,0.0,0.3,0.14147235097528946,0.14147235097528946,0.12,Uniform NW fixed-bandwidth sanity check
b=2,161,2.0,0.3,0.15234678119545317,0.15234678119545317,0.12,Uniform NW fixed-bandwidth sanity check
b=0,162,0.0,0.3,0.15695771528757346,0.15695771528757346,0.12,Uniform NW fixed-bandwidth sanity check
b=2,162,2.0,0.3,0.14811284840396538,0.14811284840396538,0.12,Uniform NW fixed-bandwidth sanity check
b=0,163,0.0,0.3,0.08424681659369551,0.08424681659369551,0.12,Uniform NW fixed-bandwidth sanity check
b=2,163,2.0,0.3,0.08335966575639149,0.08335966575639149,0.12,Uniform NW fixed-bandwidth sanity check
b=0,164,0.0,0.3,0.24460924028690034,0.24460924028690034,0.12,Uniform NW fixed-bandwidth sanity check
b=2,164,2.0,0.3,0.25450321650453134,0.25450321650453134,0.12,Uniform NW fixed-bandwidth sanity check
b=0,165,0.0,0.3,-0.001839926452066203,-0.001839926452066203,0.12,Uniform NW fixed-bandwidth sanity check
b=2,165,2.0,0.3,0.004568214742809699,0.004568214742809699,0.12,Uniform NW fixed-bandwidth sanity check
b=0,166,0.0,0.3,0.2735076773745969,0.2735076773745969,0.12,Uniform NW fixed-bandwidth sanity check
b=2,166,2.0,0.3,0.26957718231721456,0.26957718231721456,0.12,Uniform NW fixed-bandwidth sanity check
b=0,167,0.0,0.3,-0.03878589112494109,-0.03878589112494109,0.12,Uniform NW fixed-bandwidth sanity check
b=2,167,2.0,0.3,-0.03571221901004848,-0.03571221901004848,0.12,Uniform NW fixed-bandwidth sanity check
b=0,168,0.0,0.3,0.033467206665469346,0.033467206665469346,0.12,Uniform NW fixed-bandwidth sanity check
b=2,168,2.0,0.3,0.04619115505337068,0.04619115505337068,0.12,Uniform NW fixed-bandwidth sanity check
b=0,169,0.0,0.3,0.16318717834273708,0.16318717834273708,0.12,Uniform NW fixed-bandwidth sanity check
b=2,169,2.0,0.3,0.15313470174102997,0.15313470174102997,0.12,Uniform NW fixed-bandwidth sanity check
b=0,170,0.0,0.3,0.14774617085708736,0.14774617085708736,0.12,Uniform NW fixed-bandwidth sanity check
b=2,170,2.0,0.3,0.14275882549381658,0.14275882549381658,0.12,Uniform NW fixed-bandwidth sanity check
b=0,171,0.0,0.3,-0.0838194994949003,-0.0838194994949003,0.12,Uniform NW fixed-bandwidth sanity check
b=2,171,2.0,0.3,-0.06929400484891472,-0.06929400484891472,0.12,Uniform NW fixed-bandwidth sanity check
b=0,172,0.0,0.3,0.16309301694742082,0.16309301694742082,0.12,Uniform NW fixed-bandwidth sanity check
b=2,172,2.0,0.3,0.16404001071539423,0.16404001071539423,0.12,Uniform NW fixed-bandwidth sanity check
b=0,173,0.0,0.3,0.11322791713431783,0.11322791713431783,0.12,Uniform NW fixed-bandwidth sanity check
b=2,173,2.0,0.3,0.10271785768432429,0.10271785768432429,0.12,Uniform NW fixed-bandwidth sanity check
b=0,174,0.0,0.3,0.0957854833837302,0.0957854833837302,0.12,Uniform NW fixed-bandwidth sanity check
b=2,174,2.0,0.3,0.09938704799686367,0.09938704799686367,0.12,Uniform NW fixed-bandwidth sanity check
b=0,175,0.0,0.3,0.21950846485673553,0.21950846485673553,0.12,Uniform NW fixed-bandwidth sanity check
b=2,175,2.0,0.3,0.2252375071558083,0.2252375071558083,0.12,Uniform NW fixed-bandwidth sanity check
b=0,176,0.0,0.3,0.0479151748552739,0.0479151748552739,0.12,Uniform NW fixed-bandwidth sanity check
b=2,176,2.0,0.3,0.055741289371397995,0.055741289371397995,0.12,Uniform NW fixed-bandwidth sanity check
b=0,177,0.0,0.3,0.1160134257421375,0.1160134257421375,0.12,Uniform NW fixed-bandwidth sanity check
b=2,177,2.0,0.3,0.12798852522306425,0.12798852522306425,0.12,Uniform NW fixed-bandwidth sanity check
b=0,178,0.0,0.3,0.024781617223876475,0.024781617223876475,0.12,Uniform NW fixed-bandwidth sanity check
b=2,178,2.0,0.3,0.02797373819212012,0.02797373819212012,0.12,Uniform NW fixed-bandwidth sanity check
b=0,179,0.0,0.3,-0.04973998298807814,-0.04973998298807814,0.12,Uniform NW fixed-bandwidth sanity check
b=2,179,2.0,0.3,-0.045712266009962116,-0.045712266009962116,0.12,Uniform NW fixed-bandwidth sanity check
b=0,180,0.0,0.3,0.20441980996598072,0.20441980996598072,0.12,Uniform NW fixed-bandwidth sanity check
b=2,180,2.0,0.3,0.20414071255804817,0.20414071255804817,0.12,Uniform NW fixed-bandwidth sanity check
b=0,181,0.0,0.3,0.2558882313763319,0.2558882313763319,0.12,Uniform NW fixed-bandwidth sanity check
b=2,181,2.0,0.3,0.2562090145263306,0.2562090145263306,0.12,Uniform NW fixed-bandwidth sanity check
b=0,182,0.0,0.3,0.2228814228370552,0.2228814228370552,0.12,Uniform NW fixed-bandwidth sanity check
b=2,182,2.0,0.3,0.23085318356174606,0.23085318356174606,0.12,Uniform NW fixed-bandwidth sanity check
b=0,183,0.0,0.3,0.11583463586842146,0.11583463586842146,0.12,Uniform NW fixed-bandwidth sanity check
b=2,183,2.0,0.3,0.12971269939508517,0.12971269939508517,0.12,Uniform NW fixed-bandwidth sanity check
b=0,184,0.0,0.3,0.37136756287802025,0.37136756287802025,0.12,Uniform NW fixed-bandwidth sanity check
b=2,184,2.0,0.3,0.3805804291094971,0.3805804291094971,0.12,Uniform NW fixed-bandwidth sanity check
b=0,185,0.0,0.3,0.09436294580656933,0.09436294580656933,0.12,Uniform NW fixed-bandwidth sanity check
b=2,185,2.0,0.3,0.07952391162865091,0.07952391162865091,0.12,Uniform NW fixed-bandwidth sanity check
b=0,186,0.0,0.3,0.01476291133520719,0.01476291133520719,0.12,Uniform NW fixed-bandwidth sanity check
b=2,186,2.0,0.3,0.020200928488679333,0.020200928488679333,0.12,Uniform NW fixed-bandwidth sanity check
b=0,187,0.0,0.3,0.251304167740994,0.251304167740994,0.12,Uniform NW fixed-bandwidth sanity check
b=2,187,2.0,0.3,0.2468999415000458,0.2468999415000458,0.12,Uniform NW fixed-bandwidth sanity check
b=0,188,0.0,0.3,-0.0778299222304731,-0.0778299222304731,0.12,Uniform NW fixed-bandwidth sanity check
b=2,188,2.0,0.3,-0.08660320977909851,-0.08660320977909851,0.12,Uniform NW fixed-bandwidth sanity check
b=0,189,0.0,0.3,-0.11584345043579561,-0.11584345043579561,0.12,Uniform NW fixed-bandwidth sanity check
b=2,189,2.0,0.3,-0.1332720129743471,-0.1332720129743471,0.12,Uniform NW fixed-bandwidth sanity check
b=0,190,0.0,0.3,0.1674794661897191,0.1674794661897191,0.12,Uniform NW fixed-bandwidth sanity check
b=2,190,2.0,0.3,0.16715600712268017,0.16715600712268017,0.12,Uniform NW fixed-bandwidth sanity check
b=0,191,0.0,0.3,0.09750510252284374,0.09750510252284374,0.12,Uniform NW fixed-bandwidth sanity check
b=2,191,2.0,0.3,0.09974128086411736,0.09974128086411736,0.12,Uniform NW fixed-bandwidth sanity check
b=0,192,0.0,0.3,0.17573187718821168,0.17573187718821168,0.12,Uniform NW fixed-bandwidth sanity check
b=2,192,2.0,0.3,0.17492717164976676,0.17492717164976676,0.12,Uniform NW fixed-bandwidth sanity check
b=0,193,0.0,0.3,-0.07811194050271432,-0.07811194050271432,0.12,Uniform NW fixed-bandwidth sanity check
b=2,193,2.0,0.3,-0.08030600142517864,-0.08030600142517864,0.12,Uniform NW fixed-bandwidth sanity check
b=0,194,0.0,0.3,0.2135534018686489,0.2135534018686489,0.12,Uniform NW fixed-bandwidth sanity check
b=2,194,2.0,0.3,0.22118449731857112,0.22118449731857112,0.12,Uniform NW fixed-bandwidth sanity check
b=0,195,0.0,0.3,0.1572327435767839,0.1572327435767839,0.12,Uniform NW fixed-bandwidth sanity check
b=2,195,2.0,0.3,0.14426138320609994,0.14426138320609994,0.12,Uniform NW fixed-bandwidth sanity check
b=0,196,0.0,0.3,0.1323263848723505,0.1323263848723505,0.12,Uniform NW fixed-bandwidth sanity check
b=2,196,2.0,0.3,0.12469461376227506,0.12469461376227506,0.12,Uniform NW fixed-bandwidth sanity check
b=0,197,0.0,0.3,0.1907250270395889,0.1907250270395889,0.12,Uniform NW fixed-bandwidth sanity check
b=2,197,2.0,0.3,0.18714793792943157,0.18714793792943157,0.12,Uniform NW fixed-bandwidth sanity check
b=0,198,0.0,0.3,0.25335602179449296,0.25335602179449296,0.12,Uniform NW fixed-bandwidth sanity check
b=2,198,2.0,0.3,0.2433061505163595,0.2433061505163595,0.12,Uniform NW fixed-bandwidth sanity check
b=0,199,0.0,0.3,0.21164151426301708,0.21164151426301708,0.12,Uniform NW fixed-bandwidth sanity check
b=2,199,2.0,0.3,0.22669880045202875,0.22669880045202875,0.12,Uniform NW fixed-bandwidth sanity check
b=0,200,0.0,0.3,0.1348947968991703,0.1348947968991703,0.12,Uniform NW fixed-bandwidth sanity check
b=2,200,2.0,0.3,0.1418957338641819,0.1418957338641819,0.12,Uniform NW fixed-bandwidth sanity check
b=0,201,0.0,0.3,0.025156542830013787,0.025156542830013787,0.12,Uniform NW fixed-bandwidth sanity check
b=2,201,2.0,0.3,0.031596272075342095,0.031596272075342095,0.12,Uniform NW fixed-bandwidth sanity check
b=0,202,0.0,0.3,0.2125223329460631,0.2125223329460631,0.12,Uniform NW fixed-bandwidth sanity check
b=2,202,2.0,0.3,0.2162098289412139,0.2162098289412139,0.12,Uniform NW fixed-bandwidth sanity check
b=0,203,0.0,0.3,0.18147049816249924,0.18147049816249924,0.12,Uniform NW fixed-bandwidth sanity check
b=2,203,2.0,0.3,0.18455731617647095,0.18455731617647095,0.12,Uniform NW fixed-bandwidth sanity check
b=0,204,0.0,0.3,0.22293624246119703,0.22293624246119703,0.12,Uniform NW fixed-bandwidth sanity check
b=2,204,2.0,0.3,0.2106781239051669,0.2106781239051669,0.12,Uniform NW fixed-bandwidth sanity check
b=0,205,0.0,0.3,0.055370732447195856,0.055370732447195856,0.12,Uniform NW fixed-bandwidth sanity check
b=2,205,2.0,0.3,0.06576977601578513,0.06576977601578513,0.12,Uniform NW fixed-bandwidth sanity check
b=0,206,0.0,0.3,0.14277146146283243,0.14277146146283243,0.12,Uniform NW fixed-bandwidth sanity check
b=2,206,2.0,0.3,0.14891021474505717,0.14891021474505717,0.12,Uniform NW fixed-bandwidth sanity check
b=0,207,0.0,0.3,0.08647769911191351,0.08647769911191351,0.12,Uniform NW fixed-bandwidth sanity check
b=2,207,2.0,0.3,0.09075993246600673,0.09075993246600673,0.12,Uniform NW fixed-bandwidth sanity check
b=0,208,0.0,0.3,0.18738247893168455,0.18738247893168455,0.12,Uniform NW fixed-bandwidth sanity check
b=2,208,2.0,0.3,0.18964177611256688,0.18964177611256688,0.12,Uniform NW fixed-bandwidth sanity check
b=0,209,0.0,0.3,0.13413815176257957,0.13413815176257957,0.12,Uniform NW fixed-bandwidth sanity check
b=2,209,2.0,0.3,0.13388721762294217,0.13388721762294217,0.12,Uniform NW fixed-bandwidth sanity check
b=0,210,0.0,0.3,0.2044212674263796,0.2044212674263796,0.12,Uniform NW fixed-bandwidth sanity check
b=2,210,2.0,0.3,0.19614944501591067,0.19614944501591067,0.12,Uniform NW fixed-bandwidth sanity check
b=0,211,0.0,0.3,-0.2516249878377275,-0.2516249878377275,0.12,Uniform NW fixed-bandwidth sanity check
b=2,211,2.0,0.3,-0.24897841736376797,-0.24897841736376797,0.12,Uniform NW fixed-bandwidth sanity check
b=0,212,0.0,0.3,0.18353233093010368,0.18353233093010368,0.12,Uniform NW fixed-bandwidth sanity check
b=2,212,2.0,0.3,0.1907614281055324,0.1907614281055324,0.12,Uniform NW fixed-bandwidth sanity check
b=0,213,0.0,0.3,-0.1898436350471002,-0.1898436350471002,0.12,Uniform NW fixed-bandwidth sanity check
b=2,213,2.0,0.3,-0.18407431254638085,-0.18407431254638085,0.12,Uniform NW fixed-bandwidth sanity check
b=0,214,0.0,0.3,0.09537806193513916,0.09537806193513916,0.12,Uniform NW fixed-bandwidth sanity check
b=2,214,2.0,0.3,0.10873506620312179,0.10873506620312179,0.12,Uniform NW fixed-bandwidth sanity check
b=0,215,0.0,0.3,0.09889430054256002,0.09889430054256002,0.12,Uniform NW fixed-bandwidth sanity check
b=2,215,2.0,0.3,0.10609022228797603,0.10609022228797603,0.12,Uniform NW fixed-bandwidth sanity check
b=0,216,0.0,0.3,0.11991392763912152,0.11991392763912152,0.12,Uniform NW fixed-bandwidth sanity check
b=2,216,2.0,0.3,0.12834865348837218,0.12834865348837218,0.12,Uniform NW fixed-bandwidth sanity check
b=0,217,0.0,0.3,0.1426597740011414,0.1426597740011414,0.12,Uniform NW fixed-bandwidth sanity check
b=2,217,2.0,0.3,0.1437085970559085,0.1437085970559085,0.12,Uniform NW fixed-bandwidth sanity check
b=0,218,0.0,0.3,0.11128326306370417,0.11128326306370417,0.12,Uniform NW fixed-bandwidth sanity check
b=2,218,2.0,0.3,0.12456748628224064,0.12456748628224064,0.12,Uniform NW fixed-bandwidth sanity check
b=0,219,0.0,0.3,0.24729746013753734,0.24729746013753734,0.12,Uniform NW fixed-bandwidth sanity check
b=2,219,2.0,0.3,0.26363855782450596,0.26363855782450596,0.12,Uniform NW fixed-bandwidth sanity check
b=0,220,0.0,0.3,0.2950653992157558,0.2950653992157558,0.12,Uniform NW fixed-bandwidth sanity check
b=2,220,2.0,0.3,0.29567598499688214,0.29567598499688214,0.12,Uniform NW fixed-bandwidth sanity check
b=0,221,0.0,0.3,0.08697503857801368,0.08697503857801368,0.12,Uniform NW fixed-bandwidth sanity check
b=2,221,2.0,0.3,0.09242179913893203,0.09242179913893203,0.12,Uniform NW fixed-bandwidth sanity check
b=0,222,0.0,0.3,0.025134698755609437,0.025134698755609437,0.12,Uniform NW fixed-bandwidth sanity check
b=2,222,2.0,0.3,0.030527855165364833,0.030527855165364833,0.12,Uniform NW fixed-bandwidth sanity check
b=0,223,0.0,0.3,0.2543662838325075,0.2543662838325075,0.12,Uniform NW fixed-bandwidth sanity check
b=2,223,2.0,0.3,0.2526860570889964,0.2526860570889964,0.12,Uniform NW fixed-bandwidth sanity check
b=0,224,0.0,0.3,0.13563319626564316,0.13563319626564316,0.12,Uniform NW fixed-bandwidth sanity check
b=2,224,2.0,0.3,0.14181458903385533,0.14181458903385533,0.12,Uniform NW fixed-bandwidth sanity check
b=0,225,0.0,0.3,0.1051113623095224,0.1051113623095224,0.12,Uniform NW fixed-bandwidth sanity check
b=2,225,2.0,0.3,0.10805638472476672,0.10805638472476672,0.12,Uniform NW fixed-bandwidth sanity check
b=0,226,0.0,0.3,0.13522624782218107,0.13522624782218107,0.12,Uniform NW fixed-bandwidth sanity check
b=2,226,2.0,0.3,0.13933857425411814,0.13933857425411814,0.12,Uniform NW fixed-bandwidth sanity check
b=0,227,0.0,0.3,0.20157716624496738,0.20157716624496738,0.12,Uniform NW fixed-bandwidth sanity check
b=2,227,2.0,0.3,0.21078962155658826,0.21078962155658826,0.12,Uniform NW fixed-bandwidth sanity check
b=0,228,0.0,0.3,0.11604428697388403,0.11604428697388403,0.12,Uniform NW fixed-bandwidth sanity check
b=2,228,2.0,0.3,0.12006980236389339,0.12006980236389339,0.12,Uniform NW fixed-bandwidth sanity check
b=0,229,0.0,0.3,0.07227748166741932,0.07227748166741932,0.12,Uniform NW fixed-bandwidth sanity check
b=2,229,2.0,0.3,0.05743867266036061,0.05743867266036061,0.12,Uniform NW fixed-bandwidth sanity check
b=0,230,0.0,0.3,0.04589930993073563,0.04589930993073563,0.12,Uniform NW fixed-bandwidth sanity check
b=2,230,2.0,0.3,0.043631231407742,0.043631231407742,0.12,Uniform NW fixed-bandwidth sanity check
b=0,231,0.0,0.3,0.15271896838269008,0.15271896838269008,0.12,Uniform NW fixed-bandwidth sanity check
b=2,231,2.0,0.3,0.14180446422102452,0.14180446422102452,0.12,Uniform NW fixed-bandwidth sanity check
b=0,232,0.0,0.3,0.262917682592679,0.262917682592679,0.12,Uniform NW fixed-bandwidth sanity check
b=2,232,2.0,0.3,0.2533856897679958,0.2533856897679958,0.12,Uniform NW fixed-bandwidth sanity check
b=0,233,0.0,0.3,0.26018452648868845,0.26018452648868845,0.12,Uniform NW fixed-bandwidth sanity check
b=2,233,2.0,0.3,0.2594263325427146,0.2594263325427146,0.12,Uniform NW fixed-bandwidth sanity check
b=0,234,0.0,0.3,0.02471667893407922,0.02471667893407922,0.12,Uniform NW fixed-bandwidth sanity check
b=2,234,2.0,0.3,0.038506206000822205,0.038506206000822205,0.12,Uniform NW fixed-bandwidth sanity check
b=0,235,0.0,0.3,0.25959689198295594,0.25959689198295594,0.12,Uniform NW fixed-bandwidth sanity check
b=2,235,2.0,0.3,0.27712816010820523,0.27712816010820523,0.12,Uniform NW fixed-bandwidth sanity check
b=0,236,0.0,0.3,0.07411616349774051,0.07411616349774051,0.12,Uniform NW fixed-bandwidth sanity check
b=2,236,2.0,0.3,0.08237654985091028,0.08237654985091028,0.12,Uniform NW fixed-bandwidth sanity check
b=0,237,0.0,0.3,0.17259506436998895,0.17259506436998895,0.12,Uniform NW fixed-bandwidth sanity check
b=2,237,2.0,0.3,0.17312929792557358,0.17312929792557358,0.12,Uniform NW fixed-bandwidth sanity check
b=0,238,0.0,0.3,0.1274231659349298,0.1274231659349298,0.12,Uniform NW fixed-bandwidth sanity check
b=2,238,2.0,0.3,0.12469716285546341,0.12469716285546341,0.12,Uniform NW fixed-bandwidth sanity check
b=0,239,0.0,0.3,0.17053492384636423,0.17053492384636423,0.12,Uniform NW fixed-bandwidth sanity check
b=2,239,2.0,0.3,0.17199600135979362,0.17199600135979362,0.12,Uniform NW fixed-bandwidth sanity check
b=0,240,0.0,0.3,0.19306670669022902,0.19306670669022902,0.12,Uniform NW fixed-bandwidth sanity check
b=2,240,2.0,0.3,0.1967014491300835,0.1967014491300835,0.12,Uniform NW fixed-bandwidth sanity check
b=0,241,0.0,0.3,0.2116298515873575,0.2116298515873575,0.12,Uniform NW fixed-bandwidth sanity check
b=2,241,2.0,0.3,0.20669018152607377,0.20669018152607377,0.12,Uniform NW fixed-bandwidth sanity check
b=0,242,0.0,0.3,0.3312438402146071,0.3312438402146071,0.12,Uniform NW fixed-bandwidth sanity check
b=2,242,2.0,0.3,0.3339396568081735,0.3339396568081735,0.12,Uniform NW fixed-bandwidth sanity check
b=0,243,0.0,0.3,0.18743073421053225,0.18743073421053225,0.12,Uniform NW fixed-bandwidth sanity check
b=2,243,2.0,0.3,0.195650356224961,0.195650356224961,0.12,Uniform NW fixed-bandwidth sanity check
b=0,244,0.0,0.3,0.12638645181330654,0.12638645181330654,0.12,Uniform NW fixed-bandwidth sanity check
b=2,244,2.0,0.3,0.1271885675079557,0.1271885675079557,0.12,Uniform NW fixed-bandwidth sanity check
b=0,245,0.0,0.3,0.17012110077915119,0.17012110077915119,0.12,Uniform NW fixed-bandwidth sanity check
b=2,245,2.0,0.3,0.17899173344159142,0.17899173344159142,0.12,Uniform NW fixed-bandwidth sanity check
b=0,246,0.0,0.3,-0.02899152251145829,-0.02899152251145829,0.12,Uniform NW fixed-bandwidth sanity check
b=2,246,2.0,0.3,-0.024067814477451994,-0.024067814477451994,0.12,Uniform NW fixed-bandwidth sanity check
b=0,247,0.0,0.3,0.11844755686162195,0.11844755686162195,0.12,Uniform NW fixed-bandwidth sanity check
b=2,247,2.0,0.3,0.10770570528809324,0.10770570528809324,0.12,Uniform NW fixed-bandwidth sanity check
b=0,248,0.0,0.3,0.2052917765923425,0.2052917765923425,0.12,Uniform NW fixed-bandwidth sanity check
b=2,248,2.0,0.3,0.19552438836151928,0.19552438836151928,0.12,Uniform NW fixed-bandwidth sanity check
b=0,249,0.0,0.3,0.1592281278366369,0.1592281278366369,0.12,Uniform NW fixed-bandwidth sanity check
b=2,249,2.0,0.3,0.15155801407083178,0.15155801407083178,0.12,Uniform NW fixed-bandwidth sanity check
b=0,250,0.0,0.3,0.11086806726036992,0.11086806726036992,0.12,Uniform NW fixed-bandwidth sanity check
b=2,250,2.0,0.3,0.10900035638747528,0.10900035638747528,0.12,Uniform NW fixed-bandwidth sanity check
b=0,251,0.0,0.3,0.01079199017160365,0.01079199017160365,0.12,Uniform NW fixed-bandwidth sanity check
b=2,251,2.0,0.3,0.0005607820425045365,0.0005607820425045365,0.12,Uniform NW fixed-bandwidth sanity check
b=0,252,0.0,0.3,-0.05803699268992635,-0.05803699268992635,0.12,Uniform NW fixed-bandwidth sanity check
b=2,252,2.0,0.3,-0.07420503668040665,-0.07420503668040665,0.12,Uniform NW fixed-bandwidth sanity check
b=0,253,0.0,0.3,0.35500382379068235,0.35500382379068235,0.12,Uniform NW fixed-bandwidth sanity check
b=2,253,2.0,0.3,0.3643276108444078,0.3643276108444078,0.12,Uniform NW fixed-bandwidth sanity check
b=0,254,0.0,0.3,0.43692533065559136,0.43692533065559136,0.12,Uniform NW fixed-bandwidth sanity check
b=2,254,2.0,0.3,0.4289183406668625,0.4289183406668625,0.12,Uniform NW fixed-bandwidth sanity check
b=0,255,0.0,0.3,-0.12130453410455122,-0.12130453410455122,0.12,Uniform NW fixed-bandwidth sanity check
b=2,255,2.0,0.3,-0.12404566866981678,-0.12404566866981678,0.12,Uniform NW fixed-bandwidth sanity check
b=0,256,0.0,0.3,0.22595027488510172,0.22595027488510172,0.12,Uniform NW fixed-bandwidth sanity check
b=2,256,2.0,0.3,0.22344579110757484,0.22344579110757484,0.12,Uniform NW fixed-bandwidth sanity check
b=0,257,0.0,0.3,0.028261124412183966,0.028261124412183966,0.12,Uniform NW fixed-bandwidth sanity check
b=2,257,2.0,0.3,0.033619585977967145,0.033619585977967145,0.12,Uniform NW fixed-bandwidth sanity check
b=0,258,0.0,0.3,0.05277444437933831,0.05277444437933831,0.12,Uniform NW fixed-bandwidth sanity check
b=2,258,2.0,0.3,0.06336339877948988,0.06336339877948988,0.12,Uniform NW fixed-bandwidth sanity check
b=0,259,0.0,0.3,-0.15547140364841633,-0.15547140364841633,0.12,Uniform NW fixed-bandwidth sanity check
b=2,259,2.0,0.3,-0.16335308439290416,-0.16335308439290416,0.12,Uniform NW fixed-bandwidth sanity check
b=0,260,0.0,0.3,0.009205119329871331,0.009205119329871331,0.12,Uniform NW fixed-bandwidth sanity check
b=2,260,2.0,0.3,0.012799353626810237,0.012799353626810237,0.12,Uniform NW fixed-bandwidth sanity check
b=0,261,0.0,0.3,-0.1676369259970182,-0.1676369259970182,0.12,Uniform NW fixed-bandwidth sanity check
b=2,261,2.0,0.3,-0.17375585995357634,-0.17375585995357634,0.12,Uniform NW fixed-bandwidth sanity check
b=0,262,0.0,0.3,0.2810804116498814,0.2810804116498814,0.12,Uniform NW fixed-bandwidth sanity check
b=2,262,2.0,0.3,0.28061865392266033,0.28061865392266033,0.12,Uniform NW fixed-bandwidth sanity check
b=0,263,0.0,0.3,0.40203566462003365,0.40203566462003365,0.12,Uniform NW fixed-bandwidth sanity check
b=2,263,2.0,0.3,0.4083087113051563,0.4083087113051563,0.12,Uniform NW fixed-bandwidth sanity check
b=0,264,0.0,0.3,0.2014308130768395,0.2014308130768395,0.12,Uniform NW fixed-bandwidth sanity check
b=2,264,2.0,0.3,0.20019089441699112,0.20019089441699112,0.12,Uniform NW fixed-bandwidth sanity check
b=0,265,0.0,0.3,0.2086143139653062,0.2086143139653062,0.12,Uniform NW fixed-bandwidth sanity check
b=2,265,2.0,0.3,0.21674161021601185,0.21674161021601185,0.12,Uniform NW fixed-bandwidth sanity check
b=0,266,0.0,0.3,0.3056945287811558,0.3056945287811558,0.12,Uniform NW fixed-bandwidth sanity check
b=2,266,2.0,0.3,0.30910219307457554,0.30910219307457554,0.12,Uniform NW fixed-bandwidth sanity check
b=0,267,0.0,0.3,0.01647407922967262,0.01647407922967262,0.12,Uniform NW fixed-bandwidth sanity check
b=2,267,2.0,0.3,0.01703835688348262,0.01703835688348262,0.12,Uniform NW fixed-bandwidth sanity check
b=0,268,0.0,0.3,0.14098398044052446,0.14098398044052446,0.12,Uniform NW fixed-bandwidth sanity check
b=2,268,2.0,0.3,0.1610289495763318,0.1610289495763318,0.12,Uniform NW fixed-bandwidth sanity check
b=0,269,0.0,0.3,0.148758232697326,0.148758232697326,0.12,Uniform NW fixed-bandwidth sanity check
b=2,269,2.0,0.3,0.1529006757873784,0.1529006757873784,0.12,Uniform NW fixed-bandwidth sanity check
b=0,270,0.0,0.3,0.1425829698646056,0.1425829698646056,0.12,Uniform NW fixed-bandwidth sanity check
b=2,270,2.0,0.3,0.15955273114405,0.15955273114405,0.12,Uniform NW fixed-bandwidth sanity check
b=0,271,0.0,0.3,0.2033672646789378,0.2033672646789378,0.12,Uniform NW fixed-bandwidth sanity check
b=2,271,2.0,0.3,0.20484055161990194,0.20484055161990194,0.12,Uniform NW fixed-bandwidth sanity check
b=0,272,0.0,0.3,0.2695100159167439,0.2695100159167439,0.12,Uniform NW fixed-bandwidth sanity check
b=2,272,2.0,0.3,0.27824117658001424,0.27824117658001424,0.12,Uniform NW fixed-bandwidth sanity check
b=0,273,0.0,0.3,0.09981474494010979,0.09981474494010979,0.12,Uniform NW fixed-bandwidth sanity check
b=2,273,2.0,0.3,0.10849080346912113,0.10849080346912113,0.12,Uniform NW fixed-bandwidth sanity check
b=0,274,0.0,0.3,0.057234901778430075,0.057234901778430075,0.12,Uniform NW fixed-bandwidth sanity check
b=2,274,2.0,0.3,0.0490835669459803,0.0490835669459803,0.12,Uniform NW fixed-bandwidth sanity check
b=0,275,0.0,0.3,0.11868086516420154,0.11868086516420154,0.12,Uniform NW fixed-bandwidth sanity check
b=2,275,2.0,0.3,0.11565549010524268,0.11565549010524268,0.12,Uniform NW fixed-bandwidth sanity check
b=0,276,0.0,0.3,-0.021229087172434304,-0.021229087172434304,0.12,Uniform NW fixed-bandwidth sanity check
b=2,276,2.0,0.3,-0.01843410204185757,-0.01843410204185757,0.12,Uniform NW fixed-bandwidth sanity check
b=0,277,0.0,0.3,0.04229636138938088,0.04229636138938088,0.12,Uniform NW fixed-bandwidth sanity check
b=2,277,2.0,0.3,0.03287216208726347,0.03287216208726347,0.12,Uniform NW fixed-bandwidth sanity check
b=0,278,0.0,0.3,0.14376124952808333,0.14376124952808333,0.12,Uniform NW fixed-bandwidth sanity check
b=2,278,2.0,0.3,0.15687003128313737,0.15687003128313737,0.12,Uniform NW fixed-bandwidth sanity check
b=0,279,0.0,0.3,0.01762880159352814,0.01762880159352814,0.12,Uniform NW fixed-bandwidth sanity check
b=2,279,2.0,0.3,0.03542679047327875,0.03542679047327875,0.12,Uniform NW fixed-bandwidth sanity check
b=0,280,0.0,0.3,0.07161995361239848,0.07161995361239848,0.12,Uniform NW fixed-bandwidth sanity check
b=2,280,2.0,0.3,0.057980898347295654,0.057980898347295654,0.12,Uniform NW fixed-bandwidth sanity check
b=0,281,0.0,0.3,-0.01721753894796066,-0.01721753894796066,0.12,Uniform NW fixed-bandwidth sanity check
b=2,281,2.0,0.3,-0.020649539799256086,-0.020649539799256086,0.12,Uniform NW fixed-bandwidth sanity check
b=0,282,0.0,0.3,0.07944952468932054,0.07944952468932054,0.12,Uniform NW fixed-bandwidth sanity check
b=2,282,2.0,0.3,0.07271481105512122,0.07271481105512122,0.12,Uniform NW fixed-bandwidth sanity check
b=0,283,0.0,0.3,0.1116564319103977,0.1116564319103977,0.12,Uniform NW fixed-bandwidth sanity check
b=2,283,2.0,0.3,0.10184726846155297,0.10184726846155297,0.12,Uniform NW fixed-bandwidth sanity check
b=0,284,0.0,0.3,0.3510769725656609,0.3510769725656609,0.12,Uniform NW fixed-bandwidth sanity check
b=2,284,2.0,0.3,0.35255527964052136,0.35255527964052136,0.12,Uniform NW fixed-bandwidth sanity check
b=0,285,0.0,0.3,0.1454270276707428,0.1454270276707428,0.12,Uniform NW fixed-bandwidth sanity check
b=2,285,2.0,0.3,0.14324212677200351,0.14324212677200351,0.12,Uniform NW fixed-bandwidth sanity check
b=0,286,0.0,0.3,0.14896518537961595,0.14896518537961595,0.12,Uniform NW fixed-bandwidth sanity check
b=2,286,2.0,0.3,0.13982362661502223,0.13982362661502223,0.12,Uniform NW fixed-bandwidth sanity check
b=0,287,0.0,0.3,-0.01215213957445664,-0.01215213957445664,0.12,Uniform NW fixed-bandwidth sanity check
b=2,287,2.0,0.3,-0.018275410675201473,-0.018275410675201473,0.12,Uniform NW fixed-bandwidth sanity check
b=0,288,0.0,0.3,0.06342963443213767,0.06342963443213767,0.12,Uniform NW fixed-bandwidth sanity check
b=2,288,2.0,0.3,0.0566936549567055,0.0566936549567055,0.12,Uniform NW fixed-bandwidth sanity check
b=0,289,0.0,0.3,0.026463975412062742,0.026463975412062742,0.12,Uniform NW fixed-bandwidth sanity check
b=2,289,2.0,0.3,0.020458932208382186,0.020458932208382186,0.12,Uniform NW fixed-bandwidth sanity check
b=0,290,0.0,0.3,0.24433840598445425,0.24433840598445425,0.12,Uniform NW fixed-bandwidth sanity check
b=2,290,2.0,0.3,0.259028548974758,0.259028548974758,0.12,Uniform NW fixed-bandwidth sanity check
b=0,291,0.0,0.3,-0.12463146237387045,-0.12463146237387045,0.12,Uniform NW fixed-bandwidth sanity check
b=2,291,2.0,0.3,-0.1148172253330212,-0.1148172253330212,0.12,Uniform NW fixed-bandwidth sanity check
b=0,292,0.0,0.3,0.14064834941823517,0.14064834941823517,0.12,Uniform NW fixed-bandwidth sanity check
b=2,292,2.0,0.3,0.1513657274531235,0.1513657274531235,0.12,Uniform NW fixed-bandwidth sanity check
b=0,293,0.0,0.3,0.09737225770809207,0.09737225770809207,0.12,Uniform NW fixed-bandwidth sanity check
b=2,293,2.0,0.3,0.08900972505266273,0.08900972505266273,0.12,Uniform NW fixed-bandwidth sanity check
b=0,294,0.0,0.3,0.13761780453920355,0.13761780453920355,0.12,Uniform NW fixed-bandwidth sanity check
b=2,294,2.0,0.3,0.13869672726414412,0.13869672726414412,0.12,Uniform NW fixed-bandwidth sanity check
b=0,295,0.0,0.3,0.18518644732234638,0.18518644732234638,0.12,Uniform NW fixed-bandwidth sanity check
b=2,295,2.0,0.3,0.1833193753420957,0.1833193753420957,0.12,Uniform NW fixed-bandwidth sanity check
b=0,296,0.0,0.3,0.02876418016301439,0.02876418016301439,0.12,Uniform NW fixed-bandwidth sanity check
b=2,296,2.0,0.3,0.03682148809918914,0.03682148809918914,0.12,Uniform NW fixed-bandwidth sanity check
b=0,297,0.0,0.3,0.19144206091378319,0.19144206091378319,0.12,Uniform NW fixed-bandwidth sanity check
b=2,297,2.0,0.3,0.19434422520549766,0.19434422520549766,0.12,Uniform NW fixed-bandwidth sanity check
b=0,298,0.0,0.3,-0.09449729682678361,-0.09449729682678361,0.12,Uniform NW fixed-bandwidth sanity check
b=2,298,2.0,0.3,-0.07960686161286783,-0.07960686161286783,0.12,Uniform NW fixed-bandwidth sanity check
b=0,299,0.0,0.3,0.44878784266895566,0.44878784266895566,0.12,Uniform NW fixed-bandwidth sanity check
b=2,299,2.0,0.3,0.4576603800716638,0.4576603800716638,0.12,Uniform NW fixed-bandwidth sanity check
b=0,300,0.0,0.3,0.0006318981284229894,0.0006318981284229894,0.12,Uniform NW fixed-bandwidth sanity check
b=2,300,2.0,0.3,0.01649842045308167,0.01649842045308167,0.12,Uniform NW fixed-bandwidth sanity check
b=0,301,0.0,0.3,0.020947136644236995,0.020947136644236995,0.12,Uniform NW fixed-bandwidth sanity check
b=2,301,2.0,0.3,0.028892039052055927,0.028892039052055927,0.12,Uniform NW fixed-bandwidth sanity check
b=0,302,0.0,0.3,0.039700582435208666,0.039700582435208666,0.12,Uniform NW fixed-bandwidth sanity check
b=2,302,2.0,0.3,0.03385266960559825,0.03385266960559825,0.12,Uniform NW fixed-bandwidth sanity check
b=0,303,0.0,0.3,0.1194438877123807,0.1194438877123807,0.12,Uniform NW fixed-bandwidth sanity check
b=2,303,2.0,0.3,0.11709781443456907,0.11709781443456907,0.12,Uniform NW fixed-bandwidth sanity check
b=0,304,0.0,0.3,-0.055076112913692125,-0.055076112913692125,0.12,Uniform NW fixed-bandwidth sanity check
b=2,304,2.0,0.3,-0.05849977443972474,-0.05849977443972474,0.12,Uniform NW fixed-bandwidth sanity check
b=0,305,0.0,0.3,0.16391893319652687,0.16391893319652687,0.12,Uniform NW fixed-bandwidth sanity check
b=2,305,2.0,0.3,0.1586988967249282,0.1586988967249282,0.12,Uniform NW fixed-bandwidth sanity check
b=0,306,0.0,0.3,0.19055342422807275,0.19055342422807275,0.12,Uniform NW fixed-bandwidth sanity check
b=2,306,2.0,0.3,0.1963685205629023,0.1963685205629023,0.12,Uniform NW fixed-bandwidth sanity check
b=0,307,0.0,0.3,0.25973183567407165,0.25973183567407165,0.12,Uniform NW fixed-bandwidth sanity check
b=2,307,2.0,0.3,0.26076433728878345,0.26076433728878345,0.12,Uniform NW fixed-bandwidth sanity check
b=0,308,0.0,0.3,0.1763657778877374,0.1763657778877374,0.12,Uniform NW fixed-bandwidth sanity check
b=2,308,2.0,0.3,0.17209155026866824,0.17209155026866824,0.12,Uniform NW fixed-bandwidth sanity check
b=0,309,0.0,0.3,0.20115739231163074,0.20115739231163074,0.12,Uniform NW fixed-bandwidth sanity check
b=2,309,2.0,0.3,0.194132779714773,0.194132779714773,0.12,Uniform NW fixed-bandwidth sanity check
b=0,310,0.0,0.3,0.1779694812850604,0.1779694812850604,0.12,Uniform NW fixed-bandwidth sanity check
b=2,310,2.0,0.3,0.17981866117216816,0.17981866117216816,0.12,Uniform NW fixed-bandwidth sanity check
b=0,311,0.0,0.3,0.20077307994276117,0.20077307994276117,0.12,Uniform NW fixed-bandwidth sanity check
b=2,311,2.0,0.3,0.19994100903173262,0.19994100903173262,0.12,Uniform NW fixed-bandwidth sanity check
b=0,312,0.0,0.3,-0.011750799566825757,-0.011750799566825757,0.12,Uniform NW fixed-bandwidth sanity check
b=2,312,2.0,0.3,-0.012558560242544363,-0.012558560242544363,0.12,Uniform NW fixed-bandwidth sanity check
b=0,313,0.0,0.3,0.12897719093295984,0.12897719093295984,0.12,Uniform NW fixed-bandwidth sanity check
b=2,313,2.0,0.3,0.1304844489139621,0.1304844489139621,0.12,Uniform NW fixed-bandwidth sanity check
b=0,314,0.0,0.3,0.16838817260701974,0.16838817260701974,0.12,Uniform NW fixed-bandwidth sanity check
b=2,314,2.0,0.3,0.16727152930925065,0.16727152930925065,0.12,Uniform NW fixed-bandwidth sanity check
b=0,315,0.0,0.3,-0.2855236644955681,-0.2855236644955681,0.12,Uniform NW fixed-bandwidth sanity check
b=2,315,2.0,0.3,-0.30192767738154286,-0.30192767738154286,0.12,Uniform NW fixed-bandwidth sanity check
b=0,316,0.0,0.3,0.32416897456819793,0.32416897456819793,0.12,Uniform NW fixed-bandwidth sanity check
b=2,316,2.0,0.3,0.31303217966822705,0.31303217966822705,0.12,Uniform NW fixed-bandwidth sanity check
b=0,317,0.0,0.3,0.22580012384351722,0.22580012384351722,0.12,Uniform NW fixed-bandwidth sanity check
b=2,317,2.0,0.3,0.2251342996969083,0.2251342996969083,0.12,Uniform NW fixed-bandwidth sanity check
b=0,318,0.0,0.3,0.15271388503412758,0.15271388503412758,0.12,Uniform NW fixed-bandwidth sanity check
b=2,318,2.0,0.3,0.1513826976440792,0.1513826976440792,0.12,Uniform NW fixed-bandwidth sanity check
b=0,319,0.0,0.3,0.05402545657175874,0.05402545657175874,0.12,Uniform NW fixed-bandwidth sanity check
b=2,319,2.0,0.3,0.03907821249073241,0.03907821249073241,0.12,Uniform NW fixed-bandwidth sanity check
b=0,320,0.0,0.3,0.02967822161360588,0.02967822161360588,0.12,Uniform NW fixed-bandwidth sanity check
b=2,320,2.0,0.3,0.02177916134135327,0.02177916134135327,0.12,Uniform NW fixed-bandwidth sanity check
b=0,321,0.0,0.3,0.4493094486616625,0.4493094486616625,0.12,Uniform NW fixed-bandwidth sanity check
b=2,321,2.0,0.3,0.4361412886929083,0.4361412886929083,0.12,Uniform NW fixed-bandwidth sanity check
b=0,322,0.0,0.3,0.13787314158846523,0.13787314158846523,0.12,Uniform NW fixed-bandwidth sanity check
b=2,322,2.0,0.3,0.13976561896580544,0.13976561896580544,0.12,Uniform NW fixed-bandwidth sanity check
b=0,323,0.0,0.3,0.14580722951800992,0.14580722951800992,0.12,Uniform NW fixed-bandwidth sanity check
b=2,323,2.0,0.3,0.14069575118371044,0.14069575118371044,0.12,Uniform NW fixed-bandwidth sanity check
b=0,324,0.0,0.3,0.24761935209428865,0.24761935209428865,0.12,Uniform NW fixed-bandwidth sanity check
b=2,324,2.0,0.3,0.24147094399140578,0.24147094399140578,0.12,Uniform NW fixed-bandwidth sanity check
b=0,325,0.0,0.3,0.13575407793956623,0.13575407793956623,0.12,Uniform NW fixed-bandwidth sanity check
b=2,325,2.0,0.3,0.1305716920312968,0.1305716920312968,0.12,Uniform NW fixed-bandwidth sanity check
b=0,326,0.0,0.3,0.27230244495226347,0.27230244495226347,0.12,Uniform NW fixed-bandwidth sanity check
b=2,326,2.0,0.3,0.28287051393753787,0.28287051393753787,0.12,Uniform NW fixed-bandwidth sanity check
b=0,327,0.0,0.3,0.3418119845560581,0.3418119845560581,0.12,Uniform NW fixed-bandwidth sanity check
b=2,327,2.0,0.3,0.3454047621036135,0.3454047621036135,0.12,Uniform NW fixed-bandwidth sanity check
b=0,328,0.0,0.3,0.25041764113837894,0.25041764113837894,0.12,Uniform NW fixed-bandwidth sanity check
b=2,328,2.0,0.3,0.23840817804721312,0.23840817804721312,0.12,Uniform NW fixed-bandwidth sanity check
b=0,329,0.0,0.3,0.050416228954859636,0.050416228954859636,0.12,Uniform NW fixed-bandwidth sanity check
b=2,329,2.0,0.3,0.042470579842351544,0.042470579842351544,0.12,Uniform NW fixed-bandwidth sanity check
b=0,330,0.0,0.3,0.10603788692858543,0.10603788692858543,0.12,Uniform NW fixed-bandwidth sanity check
b=2,330,2.0,0.3,0.11103523191451328,0.11103523191451328,0.12,Uniform NW fixed-bandwidth sanity check
b=0,331,0.0,0.3,0.1257803179350544,0.1257803179350544,0.12,Uniform NW fixed-bandwidth sanity check
b=2,331,2.0,0.3,0.13095888719942952,0.13095888719942952,0.12,Uniform NW fixed-bandwidth sanity check
b=0,332,0.0,0.3,0.14969817909780128,0.14969817909780128,0.12,Uniform NW fixed-bandwidth sanity check
b=2,332,2.0,0.3,0.1580211431106028,0.1580211431106028,0.12,Uniform NW fixed-bandwidth sanity check
b=0,333,0.0,0.3,-0.09416108704611915,-0.09416108704611915,0.12,Uniform NW fixed-bandwidth sanity check
b=2,333,2.0,0.3,-0.09535853193423556,-0.09535853193423556,0.12,Uniform NW fixed-bandwidth sanity check
b=0,334,0.0,0.3,0.5278820036747076,0.5278820036747076,0.12,Uniform NW fixed-bandwidth sanity check
b=2,334,2.0,0.3,0.5324078091505777,0.5324078091505777,0.12,Uniform NW fixed-bandwidth sanity check
b=0,335,0.0,0.3,0.1902456752712976,0.1902456752712976,0.12,Uniform NW fixed-bandwidth sanity check
b=2,335,2.0,0.3,0.173960535469842,0.173960535469842,0.12,Uniform NW fixed-bandwidth sanity check
b=0,336,0.0,0.3,0.14740962595422602,0.14740962595422602,0.12,Uniform NW fixed-bandwidth sanity check
b=2,336,2.0,0.3,0.16816734726216664,0.16816734726216664,0.12,Uniform NW fixed-bandwidth sanity check
b=0,337,0.0,0.3,0.22455109726158223,0.22455109726158223,0.12,Uniform NW fixed-bandwidth sanity check
b=2,337,2.0,0.3,0.21332343417021715,0.21332343417021715,0.12,Uniform NW fixed-bandwidth sanity check
b=0,338,0.0,0.3,-0.0068536901004185346,-0.0068536901004185346,0.12,Uniform NW fixed-bandwidth sanity check
b=2,338,2.0,0.3,-0.013293061006399194,-0.013293061006399194,0.12,Uniform NW fixed-bandwidth sanity check
b=0,339,0.0,0.3,-0.018888618544636755,-0.018888618544636755,0.12,Uniform NW fixed-bandwidth sanity check
b=2,339,2.0,0.3,-0.025508515810162804,-0.025508515810162804,0.12,Uniform NW fixed-bandwidth sanity check
b=0,340,0.0,0.3,-0.15919565811584027,-0.15919565811584027,0.12,Uniform NW fixed-bandwidth sanity check
b=2,340,2.0,0.3,-0.1486566711040277,-0.1486566711040277,0.12,Uniform NW fixed-bandwidth sanity check
b=0,341,0.0,0.3,0.09630620120670395,0.09630620120670395,0.12,Uniform NW fixed-bandwidth sanity check
b=2,341,2.0,0.3,0.09652937233008106,0.09652937233008106,0.12,Uniform NW fixed-bandwidth sanity check
b=0,342,0.0,0.3,0.10694214915853893,0.10694214915853893,0.12,Uniform NW fixed-bandwidth sanity check
b=2,342,2.0,0.3,0.1082954729332431,0.1082954729332431,0.12,Uniform NW fixed-bandwidth sanity check
b=0,343,0.0,0.3,-0.042335433633827746,-0.042335433633827746,0.12,Uniform NW fixed-bandwidth sanity check
b=2,343,2.0,0.3,-0.0370875002925347,-0.0370875002925347,0.12,Uniform NW fixed-bandwidth sanity check
b=0,344,0.0,0.3,0.10225171169976248,0.10225171169976248,0.12,Uniform NW fixed-bandwidth sanity check
b=2,344,2.0,0.3,0.10448546557082442,0.10448546557082442,0.12,Uniform NW fixed-bandwidth sanity check
b=0,345,0.0,0.3,0.30211788555900726,0.30211788555900726,0.12,Uniform NW fixed-bandwidth sanity check
b=2,345,2.0,0.3,0.30412752685099836,0.30412752685099836,0.12,Uniform NW fixed-bandwidth sanity check
b=0,346,0.0,0.3,-0.1262170067669575,-0.1262170067669575,0.12,Uniform NW fixed-bandwidth sanity check
b=2,346,2.0,0.3,-0.11507460667202017,-0.11507460667202017,0.12,Uniform NW fixed-bandwidth sanity check
b=0,347,0.0,0.3,0.21321835149625784,0.21321835149625784,0.12,Uniform NW fixed-bandwidth sanity check
b=2,347,2.0,0.3,0.2081562299402886,0.2081562299402886,0.12,Uniform NW fixed-bandwidth sanity check
b=0,348,0.0,0.3,-0.01052578163817857,-0.01052578163817857,0.12,Uniform NW fixed-bandwidth sanity check
b=2,348,2.0,0.3,-0.016005581485220438,-0.016005581485220438,0.12,Uniform NW fixed-bandwidth sanity check
b=0,349,0.0,0.3,0.07309626586205031,0.07309626586205031,0.12,Uniform NW fixed-bandwidth sanity check
b=2,349,2.0,0.3,0.08989723701659269,0.08989723701659269,0.12,Uniform NW fixed-bandwidth sanity check
b=0,350,0.0,0.3,0.19167171351652193,0.19167171351652193,0.12,Uniform NW fixed-bandwidth sanity check
b=2,350,2.0,0.3,0.18570233920617654,0.18570233920617654,0.12,Uniform NW fixed-bandwidth sanity check
b=0,351,0.0,0.3,-0.03927923232137229,-0.03927923232137229,0.12,Uniform NW fixed-bandwidth sanity check
b=2,351,2.0,0.3,-0.03702884262478183,-0.03702884262478183,0.12,Uniform NW fixed-bandwidth sanity check
b=0,352,0.0,0.3,-0.09052829999628934,-0.09052829999628934,0.12,Uniform NW fixed-bandwidth sanity check
b=2,352,2.0,0.3,-0.09871439655971367,-0.09871439655971367,0.12,Uniform NW fixed-bandwidth sanity check
b=0,353,0.0,0.3,-0.04265490946347196,-0.04265490946347196,0.12,Uniform NW fixed-bandwidth sanity check
b=2,353,2.0,0.3,-0.04139675332186395,-0.04139675332186395,0.12,Uniform NW fixed-bandwidth sanity check
b=0,354,0.0,0.3,0.2406448209378699,0.2406448209378699,0.12,Uniform NW fixed-bandwidth sanity check
b=2,354,2.0,0.3,0.2405263484959044,0.2405263484959044,0.12,Uniform NW fixed-bandwidth sanity check
b=0,355,0.0,0.3,0.20566469078246577,0.20566469078246577,0.12,Uniform NW fixed-bandwidth sanity check
b=2,355,2.0,0.3,0.216893972146508,0.216893972146508,0.12,Uniform NW fixed-bandwidth sanity check
b=0,356,0.0,0.3,0.023371430369178655,0.023371430369178655,0.12,Uniform NW fixed-bandwidth sanity check
b=2,356,2.0,0.3,0.014427281208224296,0.014427281208224296,0.12,Uniform NW fixed-bandwidth sanity check
b=0,357,0.0,0.3,0.02719162768873848,0.02719162768873848,0.12,Uniform NW fixed-bandwidth sanity check
b=2,357,2.0,0.3,0.0281685185272029,0.0281685185272029,0.12,Uniform NW fixed-bandwidth sanity check
b=0,358,0.0,0.3,0.2835019699291011,0.2835019699291011,0.12,Uniform NW fixed-bandwidth sanity check
b=2,358,2.0,0.3,0.2954731029074396,0.2954731029074396,0.12,Uniform NW fixed-bandwidth sanity check
b=0,359,0.0,0.3,-0.04515740217050111,-0.04515740217050111,0.12,Uniform NW fixed-bandwidth sanity check
b=2,359,2.0,0.3,-0.03438382763960944,-0.03438382763960944,0.12,Uniform NW fixed-bandwidth sanity check
b=0,360,0.0,0.3,0.1653972189182053,0.1653972189182053,0.12,Uniform NW fixed-bandwidth sanity check
b=2,360,2.0,0.3,0.15845537009306945,0.15845537009306945,0.12,Uniform NW fixed-bandwidth sanity check
b=0,361,0.0,0.3,0.09096059074711182,0.09096059074711182,0.12,Uniform NW fixed-bandwidth sanity check
b=2,361,2.0,0.3,0.08916291688528623,0.08916291688528623,0.12,Uniform NW fixed-bandwidth sanity check
b=0,362,0.0,0.3,-0.08389319998479859,-0.08389319998479859,0.12,Uniform NW fixed-bandwidth sanity check
b=2,362,2.0,0.3,-0.08494421783462516,-0.08494421783462516,0.12,Uniform NW fixed-bandwidth sanity check
b=0,363,0.0,0.3,0.14679895315418007,0.14679895315418007,0.12,Uniform NW fixed-bandwidth sanity check
b=2,363,2.0,0.3,0.138673463876835,0.138673463876835,0.12,Uniform NW fixed-bandwidth sanity check
b=0,364,0.0,0.3,0.19098821192085538,0.19098821192085538,0.12,Uniform NW fixed-bandwidth sanity check
b=2,364,2.0,0.3,0.19891047368144688,0.19891047368144688,0.12,Uniform NW fixed-bandwidth sanity check
b=0,365,0.0,0.3,-0.06732125378101479,-0.06732125378101479,0.12,Uniform NW fixed-bandwidth sanity check
b=2,365,2.0,0.3,-0.05870657206923747,-0.05870657206923747,0.12,Uniform NW fixed-bandwidth sanity check
b=0,366,0.0,0.3,0.11894276501796526,0.11894276501796526,0.12,Uniform NW fixed-bandwidth sanity check
b=2,366,2.0,0.3,0.12470615092250335,0.12470615092250335,0.12,Uniform NW fixed-bandwidth sanity check
b=0,367,0.0,0.3,-0.04735645354475967,-0.04735645354475967,0.12,Uniform NW fixed-bandwidth sanity check
b=2,367,2.0,0.3,-0.04974803869823912,-0.04974803869823912,0.12,Uniform NW fixed-bandwidth sanity check
b=0,368,0.0,0.3,0.21052433196043444,0.21052433196043444,0.12,Uniform NW fixed-bandwidth sanity check
b=2,368,2.0,0.3,0.20486068842012795,0.20486068842012795,0.12,Uniform NW fixed-bandwidth sanity check
b=0,369,0.0,0.3,0.09994078505623888,0.09994078505623888,0.12,Uniform NW fixed-bandwidth sanity check
b=2,369,2.0,0.3,0.09632297490689141,0.09632297490689141,0.12,Uniform NW fixed-bandwidth sanity check
b=0,370,0.0,0.3,0.2078408869187892,0.2078408869187892,0.12,Uniform NW fixed-bandwidth sanity check
b=2,370,2.0,0.3,0.21889042071677794,0.21889042071677794,0.12,Uniform NW fixed-bandwidth sanity check
b=0,371,0.0,0.3,0.059399495579832436,0.059399495579832436,0.12,Uniform NW fixed-bandwidth sanity check
b=2,371,2.0,0.3,0.06229461483432407,0.06229461483432407,0.12,Uniform NW fixed-bandwidth sanity check
b=0,372,0.0,0.3,0.09061298384572253,0.09061298384572253,0.12,Uniform NW fixed-bandwidth sanity check
b=2,372,2.0,0.3,0.09475518925919994,0.09475518925919994,0.12,Uniform NW fixed-bandwidth sanity check
b=0,373,0.0,0.3,0.04105924837255151,0.04105924837255151,0.12,Uniform NW fixed-bandwidth sanity check
b=2,373,2.0,0.3,0.0626805568253773,0.0626805568253773,0.12,Uniform NW fixed-bandwidth sanity check
b=0,374,0.0,0.3,-0.08627519949917799,-0.08627519949917799,0.12,Uniform NW fixed-bandwidth sanity check
b=2,374,2.0,0.3,-0.08514846062013028,-0.08514846062013028,0.12,Uniform NW fixed-bandwidth sanity check
b=0,375,0.0,0.3,0.052955115875780674,0.052955115875780674,0.12,Uniform NW fixed-bandwidth sanity check
b=2,375,2.0,0.3,0.07003249267591184,0.07003249267591184,0.12,Uniform NW fixed-bandwidth sanity check
b=0,376,0.0,0.3,0.34538420375887724,0.34538420375887724,0.12,Uniform NW fixed-bandwidth sanity check
b=2,376,2.0,0.3,0.3499223400645784,0.3499223400645784,0.12,Uniform NW fixed-bandwidth sanity check
b=0,377,0.0,0.3,0.0335312029601311,0.0335312029601311,0.12,Uniform NW fixed-bandwidth sanity check
b=2,377,2.0,0.3,0.03530045701423282,0.03530045701423282,0.12,Uniform NW fixed-bandwidth sanity check
b=0,378,0.0,0.3,-0.07072759582572297,-0.07072759582572297,0.12,Uniform NW fixed-bandwidth sanity check
b=2,378,2.0,0.3,-0.07597034191433388,-0.07597034191433388,0.12,Uniform NW fixed-bandwidth sanity check
b=0,379,0.0,0.3,0.17925894526254185,0.17925894526254185,0.12,Uniform NW fixed-bandwidth sanity check
b=2,379,2.0,0.3,0.1843248152531665,0.1843248152531665,0.12,Uniform NW fixed-bandwidth sanity check
b=0,380,0.0,0.3,-0.1480954126098621,-0.1480954126098621,0.12,Uniform NW fixed-bandwidth sanity check
b=2,380,2.0,0.3,-0.1415208704160062,-0.1415208704160062,0.12,Uniform NW fixed-bandwidth sanity check
b=0,381,0.0,0.3,0.12117566726151506,0.12117566726151506,0.12,Uniform NW fixed-bandwidth sanity check
b=2,381,2.0,0.3,0.1293967722398122,0.1293967722398122,0.12,Uniform NW fixed-bandwidth sanity check
b=0,382,0.0,0.3,0.11655729597175982,0.11655729597175982,0.12,Uniform NW fixed-bandwidth sanity check
b=2,382,2.0,0.3,0.10966306517031407,0.10966306517031407,0.12,Uniform NW fixed-bandwidth sanity check
b=0,383,0.0,0.3,0.07256627519624383,0.07256627519624383,0.12,Uniform NW fixed-bandwidth sanity check
b=2,383,2.0,0.3,0.083807449277522,0.083807449277522,0.12,Uniform NW fixed-bandwidth sanity check
b=0,384,0.0,0.3,-0.014872990167082569,-0.014872990167082569,0.12,Uniform NW fixed-bandwidth sanity check
b=2,384,2.0,0.3,-0.00017540193011201212,-0.00017540193011201212,0.12,Uniform NW fixed-bandwidth sanity check
b=0,385,0.0,0.3,0.0054945154451238,0.0054945154451238,0.12,Uniform NW fixed-bandwidth sanity check
b=2,385,2.0,0.3,0.016251763156536394,0.016251763156536394,0.12,Uniform NW fixed-bandwidth sanity check
b=0,386,0.0,0.3,-0.00880782091824046,-0.00880782091824046,0.12,Uniform NW fixed-bandwidth sanity check
b=2,386,2.0,0.3,-0.010346319356071861,-0.010346319356071861,0.12,Uniform NW fixed-bandwidth sanity check
b=0,387,0.0,0.3,0.09560344100816805,0.09560344100816805,0.12,Uniform NW fixed-bandwidth sanity check
b=2,387,2.0,0.3,0.09383799421581496,0.09383799421581496,0.12,Uniform NW fixed-bandwidth sanity check
b=0,388,0.0,0.3,0.22132919310677263,0.22132919310677263,0.12,Uniform NW fixed-bandwidth sanity check
b=2,388,2.0,0.3,0.22145227480164226,0.22145227480164226,0.12,Uniform NW fixed-bandwidth sanity check
b=0,389,0.0,0.3,0.49932485461248655,0.49932485461248655,0.12,Uniform NW fixed-bandwidth sanity check
b=2,389,2.0,0.3,0.5097957937563511,0.5097957937563511,0.12,Uniform NW fixed-bandwidth sanity check
b=0,390,0.0,0.3,0.30266286391210606,0.30266286391210606,0.12,Uniform NW fixed-bandwidth sanity check
b=2,390,2.0,0.3,0.30656843868260153,0.30656843868260153,0.12,Uniform NW fixed-bandwidth sanity check
b=0,391,0.0,0.3,0.18356190624131133,0.18356190624131133,0.12,Uniform NW fixed-bandwidth sanity check
b=2,391,2.0,0.3,0.18413761062130843,0.18413761062130843,0.12,Uniform NW fixed-bandwidth sanity check
b=0,392,0.0,0.3,0.2020086110401269,0.2020086110401269,0.12,Uniform NW fixed-bandwidth sanity check
b=2,392,2.0,0.3,0.20030816362923234,0.20030816362923234,0.12,Uniform NW fixed-bandwidth sanity check
b=0,393,0.0,0.3,0.2144423395100218,0.2144423395100218,0.12,Uniform NW fixed-bandwidth sanity check
b=2,393,2.0,0.3,0.21460577417621474,0.21460577417621474,0.12,Uniform NW fixed-bandwidth sanity check
b=0,394,0.0,0.3,0.08014654366682844,0.08014654366682844,0.12,Uniform NW fixed-bandwidth sanity check
b=2,394,2.0,0.3,0.07697827946904161,0.07697827946904161,0.12,Uniform NW fixed-bandwidth sanity check
b=0,395,0.0,0.3,0.2120397215095624,0.2120397215095624,0.12,Uniform NW fixed-bandwidth sanity check
b=2,395,2.0,0.3,0.20685117619698026,0.20685117619698026,0.12,Uniform NW fixed-bandwidth sanity check
b=0,396,0.0,0.3,-0.12454512742108541,-0.12454512742108541,0.12,Uniform NW fixed-bandwidth sanity check
b=2,396,2.0,0.3,-0.11917269685566893,-0.11917269685566893,0.12,Uniform NW fixed-bandwidth sanity check
b=0,397,0.0,0.3,0.13851441534627373,0.13851441534627373,0.12,Uniform NW fixed-bandwidth sanity check
b=2,397,2.0,0.3,0.12945002967433697,0.12945002967433697,0.12,Uniform NW fixed-bandwidth sanity check
b=0,398,0.0,0.3,0.09955711217690552,0.09955711217690552,0.12,Uniform NW fixed-bandwidth sanity check
b=2,398,2.0,0.3,0.09367908175438559,0.09367908175438559,0.12,Uniform NW fixed-bandwidth sanity check
b=0,399,0.0,0.3,0.3398107199993022,0.3398107199993022,0.12,Uniform NW fixed-bandwidth sanity check
b=2,399,2.0,0.3,0.3328446574767297,0.3328446574767297,0.12,Uniform NW fixed-bandwidth sanity check
b=0,400,0.0,0.3,0.3006634210884408,0.3006634210884408,0.12,Uniform NW fixed-bandwidth sanity check
b=2,400,2.0,0.3,0.31776060536104694,0.31776060536104694,0.12,Uniform NW fixed-bandwidth sanity check
b=0,401,0.0,0.3,0.2356019109635036,0.2356019109635036,0.12,Uniform NW fixed-bandwidth sanity check
b=2,401,2.0,0.3,0.22994347736031825,0.22994347736031825,0.12,Uniform NW fixed-bandwidth sanity check
b=0,402,0.0,0.3,0.20299270880073822,0.20299270880073822,0.12,Uniform NW fixed-bandwidth sanity check
b=2,402,2.0,0.3,0.18683692852418587,0.18683692852418587,0.12,Uniform NW fixed-bandwidth sanity check
b=0,403,0.0,0.3,0.2417197023029604,0.2417197023029604,0.12,Uniform NW fixed-bandwidth sanity check
b=2,403,2.0,0.3,0.2401548244480678,0.2401548244480678,0.12,Uniform NW fixed-bandwidth sanity check
b=0,404,0.0,0.3,0.25645743357696965,0.25645743357696965,0.12,Uniform NW fixed-bandwidth sanity check
b=2,404,2.0,0.3,0.25458575850866094,0.25458575850866094,0.12,Uniform NW fixed-bandwidth sanity check
b=0,405,0.0,0.3,0.15120214160151804,0.15120214160151804,0.12,Uniform NW fixed-bandwidth sanity check
b=2,405,2.0,0.3,0.13571781023195667,0.13571781023195667,0.12,Uniform NW fixed-bandwidth sanity check
b=0,406,0.0,0.3,0.19273823018296413,0.19273823018296413,0.12,Uniform NW fixed-bandwidth sanity check
b=2,406,2.0,0.3,0.1825569193698065,0.1825569193698065,0.12,Uniform NW fixed-bandwidth sanity check
b=0,407,0.0,0.3,0.10233441261325232,0.10233441261325232,0.12,Uniform NW fixed-bandwidth sanity check
b=2,407,2.0,0.3,0.10864974366524954,0.10864974366524954,0.12,Uniform NW fixed-bandwidth sanity check
b=0,408,0.0,0.3,0.08799252822974263,0.08799252822974263,0.12,Uniform NW fixed-bandwidth sanity check
b=2,408,2.0,0.3,0.08395925929192441,0.08395925929192441,0.12,Uniform NW fixed-bandwidth sanity check
b=0,409,0.0,0.3,0.08148388072283574,0.08148388072283574,0.12,Uniform NW fixed-bandwidth sanity check
b=2,409,2.0,0.3,0.08547359747707006,0.08547359747707006,0.12,Uniform NW fixed-bandwidth sanity check
b=0,410,0.0,0.3,0.09405170166179286,0.09405170166179286,0.12,Uniform NW fixed-bandwidth sanity check
b=2,410,2.0,0.3,0.09607560470187106,0.09607560470187106,0.12,Uniform NW fixed-bandwidth sanity check
b=0,411,0.0,0.3,0.12095213014932506,0.12095213014932506,0.12,Uniform NW fixed-bandwidth sanity check
b=2,411,2.0,0.3,0.12743568055845675,0.12743568055845675,0.12,Uniform NW fixed-bandwidth sanity check
b=0,412,0.0,0.3,0.27064706822006646,0.27064706822006646,0.12,Uniform NW fixed-bandwidth sanity check
b=2,412,2.0,0.3,0.2850319973237933,0.2850319973237933,0.12,Uniform NW fixed-bandwidth sanity check
b=0,413,0.0,0.3,0.027843706715046226,0.027843706715046226,0.12,Uniform NW fixed-bandwidth sanity check
b=2,413,2.0,0.3,0.02659689086519253,0.02659689086519253,0.12,Uniform NW fixed-bandwidth sanity check
b=0,414,0.0,0.3,0.1367851983579788,0.1367851983579788,0.12,Uniform NW fixed-bandwidth sanity check
b=2,414,2.0,0.3,0.13037205515116265,0.13037205515116265,0.12,Uniform NW fixed-bandwidth sanity check
b=0,415,0.0,0.3,0.3069365706916016,0.3069365706916016,0.12,Uniform NW fixed-bandwidth sanity check
b=2,415,2.0,0.3,0.3162488074295907,0.3162488074295907,0.12,Uniform NW fixed-bandwidth sanity check
b=0,416,0.0,0.3,0.029595448077288013,0.029595448077288013,0.12,Uniform NW fixed-bandwidth sanity check
b=2,416,2.0,0.3,0.03487966540838543,0.03487966540838543,0.12,Uniform NW fixed-bandwidth sanity check
b=0,417,0.0,0.3,0.2511669870824205,0.2511669870824205,0.12,Uniform NW fixed-bandwidth sanity check
b=2,417,2.0,0.3,0.262777370883614,0.262777370883614,0.12,Uniform NW fixed-bandwidth sanity check
b=0,418,0.0,0.3,0.11126112577114933,0.11126112577114933,0.12,Uniform NW fixed-bandwidth sanity check
b=2,418,2.0,0.3,0.12438136302324211,0.12438136302324211,0.12,Uniform NW fixed-bandwidth sanity check
b=0,419,0.0,0.3,0.10215624855491877,0.10215624855491877,0.12,Uniform NW fixed-bandwidth sanity check
b=2,419,2.0,0.3,0.09877664062601911,0.09877664062601911,0.12,Uniform NW fixed-bandwidth sanity check
b=0,420,0.0,0.3,0.21904909572195388,0.21904909572195388,0.12,Uniform NW fixed-bandwidth sanity check
b=2,420,2.0,0.3,0.22278705380295105,0.22278705380295105,0.12,Uniform NW fixed-bandwidth sanity check
b=0,421,0.0,0.3,0.28941029414616326,0.28941029414616326,0.12,Uniform NW fixed-bandwidth sanity check
b=2,421,2.0,0.3,0.301223012786564,0.301223012786564,0.12,Uniform NW fixed-bandwidth sanity check
b=0,422,0.0,0.3,-0.05033193187367417,-0.05033193187367417,0.12,Uniform NW fixed-bandwidth sanity check
b=2,422,2.0,0.3,-0.03881492723196484,-0.03881492723196484,0.12,Uniform NW fixed-bandwidth sanity check
b=0,423,0.0,0.3,0.13160212064330476,0.13160212064330476,0.12,Uniform NW fixed-bandwidth sanity check
b=2,423,2.0,0.3,0.123665630025553,0.123665630025553,0.12,Uniform NW fixed-bandwidth sanity check
b=0,424,0.0,0.3,0.15681630399679833,0.15681630399679833,0.12,Uniform NW fixed-bandwidth sanity check
b=2,424,2.0,0.3,0.15080633138384628,0.15080633138384628,0.12,Uniform NW fixed-bandwidth sanity check
b=0,425,0.0,0.3,0.08241734070030435,0.08241734070030435,0.12,Uniform NW fixed-bandwidth sanity check
b=2,425,2.0,0.3,0.09386946800645346,0.09386946800645346,0.12,Uniform NW fixed-bandwidth sanity check
b=0,426,0.0,0.3,0.11480865362860432,0.11480865362860432,0.12,Uniform NW fixed-bandwidth sanity check
b=2,426,2.0,0.3,0.12327123370841167,0.12327123370841167,0.12,Uniform NW fixed-bandwidth sanity check
b=0,427,0.0,0.3,0.008264363917948518,0.008264363917948518,0.12,Uniform NW fixed-bandwidth sanity check
b=2,427,2.0,0.3,-0.003233065345328014,-0.003233065345328014,0.12,Uniform NW fixed-bandwidth sanity check
b=0,428,0.0,0.3,-0.14658144567045905,-0.14658144567045905,0.12,Uniform NW fixed-bandwidth sanity check
b=2,428,2.0,0.3,-0.1560734134979528,-0.1560734134979528,0.12,Uniform NW fixed-bandwidth sanity check
b=0,429,0.0,0.3,-0.06409204867923304,-0.06409204867923304,0.12,Uniform NW fixed-bandwidth sanity check
b=2,429,2.0,0.3,-0.07445198063410881,-0.07445198063410881,0.12,Uniform NW fixed-bandwidth sanity check
b=0,430,0.0,0.3,0.0400843115096996,0.0400843115096996,0.12,Uniform NW fixed-bandwidth sanity check
b=2,430,2.0,0.3,0.05481112793215153,0.05481112793215153,0.12,Uniform NW fixed-bandwidth sanity check
b=0,431,0.0,0.3,-0.022101369274299672,-0.022101369274299672,0.12,Uniform NW fixed-bandwidth sanity check
b=2,431,2.0,0.3,-0.026759306496296393,-0.026759306496296393,0.12,Uniform NW fixed-bandwidth sanity check
b=0,432,0.0,0.3,0.031726300447150156,0.031726300447150156,0.12,Uniform NW fixed-bandwidth sanity check
b=2,432,2.0,0.3,0.02010188369740508,0.02010188369740508,0.12,Uniform NW fixed-bandwidth sanity check
b=0,433,0.0,0.3,-0.024825042188893236,-0.024825042188893236,0.12,Uniform NW fixed-bandwidth sanity check
b=2,433,2.0,0.3,-0.03400430870561945,-0.03400430870561945,0.12,Uniform NW fixed-bandwidth sanity check
b=0,434,0.0,0.3,-0.11150690514198401,-0.11150690514198401,0.12,Uniform NW fixed-bandwidth sanity check
b=2,434,2.0,0.3,-0.1078543935644049,-0.1078543935644049,0.12,Uniform NW fixed-bandwidth sanity check
b=0,435,0.0,0.3,0.3250897825660506,0.3250897825660506,0.12,Uniform NW fixed-bandwidth sanity check
b=2,435,2.0,0.3,0.33599614712128334,0.33599614712128334,0.12,Uniform NW fixed-bandwidth sanity check
b=0,436,0.0,0.3,-0.02039278274324218,-0.02039278274324218,0.12,Uniform NW fixed-bandwidth sanity check
b=2,436,2.0,0.3,-0.014103621157893858,-0.014103621157893858,0.12,Uniform NW fixed-bandwidth sanity check
b=0,437,0.0,0.3,0.24737924013970183,0.24737924013970183,0.12,Uniform NW fixed-bandwidth sanity check
b=2,437,2.0,0.3,0.23918140920906927,0.23918140920906927,0.12,Uniform NW fixed-bandwidth sanity check
b=0,438,0.0,0.3,0.18171796094383705,0.18171796094383705,0.12,Uniform NW fixed-bandwidth sanity check
b=2,438,2.0,0.3,0.1779594122914828,0.1779594122914828,0.12,Uniform NW fixed-bandwidth sanity check
b=0,439,0.0,0.3,0.20186492836623304,0.20186492836623304,0.12,Uniform NW fixed-bandwidth sanity check
b=2,439,2.0,0.3,0.19009755013936636,0.19009755013936636,0.12,Uniform NW fixed-bandwidth sanity check
b=0,440,0.0,0.3,0.4307167945279031,0.4307167945279031,0.12,Uniform NW fixed-bandwidth sanity check
b=2,440,2.0,0.3,0.42264422750211633,0.42264422750211633,0.12,Uniform NW fixed-bandwidth sanity check
b=0,441,0.0,0.3,-0.012496801817415262,-0.012496801817415262,0.12,Uniform NW fixed-bandwidth sanity check
b=2,441,2.0,0.3,-0.008143699101000237,-0.008143699101000237,0.12,Uniform NW fixed-bandwidth sanity check
b=0,442,0.0,0.3,-0.022695251033518302,-0.022695251033518302,0.12,Uniform NW fixed-bandwidth sanity check
b=2,442,2.0,0.3,-0.020835015609329526,-0.020835015609329526,0.12,Uniform NW fixed-bandwidth sanity check
b=0,443,0.0,0.3,0.29296605442926354,0.29296605442926354,0.12,Uniform NW fixed-bandwidth sanity check
b=2,443,2.0,0.3,0.2944172241383889,0.2944172241383889,0.12,Uniform NW fixed-bandwidth sanity check
b=0,444,0.0,0.3,0.03950555052980874,0.03950555052980874,0.12,Uniform NW fixed-bandwidth sanity check
b=2,444,2.0,0.3,0.037938420568345496,0.037938420568345496,0.12,Uniform NW fixed-bandwidth sanity check
b=0,445,0.0,0.3,0.18827063479711822,0.18827063479711822,0.12,Uniform NW fixed-bandwidth sanity check
b=2,445,2.0,0.3,0.20183386439968715,0.20183386439968715,0.12,Uniform NW fixed-bandwidth sanity check
b=0,446,0.0,0.3,0.341696534064929,0.341696534064929,0.12,Uniform NW fixed-bandwidth sanity check
b=2,446,2.0,0.3,0.338107817860904,0.338107817860904,0.12,Uniform NW fixed-bandwidth sanity check
b=0,447,0.0,0.3,0.3343988443694123,0.3343988443694123,0.12,Uniform NW fixed-bandwidth sanity check
b=2,447,2.0,0.3,0.34128234529501206,0.34128234529501206,0.12,Uniform NW fixed-bandwidth sanity check
b=0,448,0.0,0.3,0.13272340658819326,0.13272340658819326,0.12,Uniform NW fixed-bandwidth sanity check
b=2,448,2.0,0.3,0.1442453341515052,0.1442453341515052,0.12,Uniform NW fixed-bandwidth sanity check
b=0,449,0.0,0.3,0.11418734094022982,0.11418734094022982,0.12,Uniform NW fixed-bandwidth sanity check
b=2,449,2.0,0.3,0.10319016355255634,0.10319016355255634,0.12,Uniform NW fixed-bandwidth sanity check
b=0,450,0.0,0.3,0.3009460158725014,0.3009460158725014,0.12,Uniform NW fixed-bandwidth sanity check
b=2,450,2.0,0.3,0.2972466383995366,0.2972466383995366,0.12,Uniform NW fixed-bandwidth sanity check
b=0,451,0.0,0.3,-0.14310928333228454,-0.14310928333228454,0.12,Uniform NW fixed-bandwidth sanity check
b=2,451,2.0,0.3,-0.14299084580150206,-0.14299084580150206,0.12,Uniform NW fixed-bandwidth sanity check
b=0,452,0.0,0.3,0.1527141118107603,0.1527141118107603,0.12,Uniform NW fixed-bandwidth sanity check
b=2,452,2.0,0.3,0.1595579963174255,0.1595579963174255,0.12,Uniform NW fixed-bandwidth sanity check
b=0,453,0.0,0.3,0.14913126168008303,0.14913126168008303,0.12,Uniform NW fixed-bandwidth sanity check
b=2,453,2.0,0.3,0.15095627410996768,0.15095627410996768,0.12,Uniform NW fixed-bandwidth sanity check
b=0,454,0.0,0.3,0.26172554304785234,0.26172554304785234,0.12,Uniform NW fixed-bandwidth sanity check
b=2,454,2.0,0.3,0.265074928951897,0.265074928951897,0.12,Uniform NW fixed-bandwidth sanity check
b=0,455,0.0,0.3,0.0034752409245772343,0.0034752409245772343,0.12,Uniform NW fixed-bandwidth sanity check
b=2,455,2.0,0.3,0.010174478228584739,0.010174478228584739,0.12,Uniform NW fixed-bandwidth sanity check
b=0,456,0.0,0.3,-0.13918383303617993,-0.13918383303617993,0.12,Uniform NW fixed-bandwidth sanity check
b=2,456,2.0,0.3,-0.13286282593041657,-0.13286282593041657,0.12,Uniform NW fixed-bandwidth sanity check
b=0,457,0.0,0.3,0.2457377944753241,0.2457377944753241,0.12,Uniform NW fixed-bandwidth sanity check
b=2,457,2.0,0.3,0.2406649241469707,0.2406649241469707,0.12,Uniform NW fixed-bandwidth sanity check
b=0,458,0.0,0.3,0.17743020090775066,0.17743020090775066,0.12,Uniform NW fixed-bandwidth sanity check
b=2,458,2.0,0.3,0.1942188111713785,0.1942188111713785,0.12,Uniform NW fixed-bandwidth sanity check
b=0,459,0.0,0.3,-0.0019076737899171425,-0.0019076737899171425,0.12,Uniform NW fixed-bandwidth sanity check
b=2,459,2.0,0.3,-0.0029102380780476403,-0.0029102380780476403,0.12,Uniform NW fixed-bandwidth sanity check
b=0,460,0.0,0.3,0.1548388892696114,0.1548388892696114,0.12,Uniform NW fixed-bandwidth sanity check
b=2,460,2.0,0.3,0.1448095251058019,0.1448095251058019,0.12,Uniform NW fixed-bandwidth sanity check
b=0,461,0.0,0.3,0.19088918567322322,0.19088918567322322,0.12,Uniform NW fixed-bandwidth sanity check
b=2,461,2.0,0.3,0.17609600331144024,0.17609600331144024,0.12,Uniform NW fixed-bandwidth sanity check
b=0,462,0.0,0.3,0.24753205297147335,0.24753205297147335,0.12,Uniform NW fixed-bandwidth sanity check
b=2,462,2.0,0.3,0.24685522568234997,0.24685522568234997,0.12,Uniform NW fixed-bandwidth sanity check
b=0,463,0.0,0.3,-0.0016136411250181303,-0.0016136411250181303,0.12,Uniform NW fixed-bandwidth sanity check
b=2,463,2.0,0.3,-0.012804975564952473,-0.012804975564952473,0.12,Uniform NW fixed-bandwidth sanity check
b=0,464,0.0,0.3,0.2413427478310365,0.2413427478310365,0.12,Uniform NW fixed-bandwidth sanity check
b=2,464,2.0,0.3,0.2400014538941696,0.2400014538941696,0.12,Uniform NW fixed-bandwidth sanity check
b=0,465,0.0,0.3,-0.08840761551638075,-0.08840761551638075,0.12,Uniform NW fixed-bandwidth sanity check
b=2,465,2.0,0.3,-0.08989252481700186,-0.08989252481700186,0.12,Uniform NW fixed-bandwidth sanity check
b=0,466,0.0,0.3,0.18557559052117772,0.18557559052117772,0.12,Uniform NW fixed-bandwidth sanity check
b=2,466,2.0,0.3,0.18662212210308501,0.18662212210308501,0.12,Uniform NW fixed-bandwidth sanity check
b=0,467,0.0,0.3,-0.11287617058701015,-0.11287617058701015,0.12,Uniform NW fixed-bandwidth sanity check
b=2,467,2.0,0.3,-0.10714438244243402,-0.10714438244243402,0.12,Uniform NW fixed-bandwidth sanity check
b=0,468,0.0,0.3,0.14655726731045648,0.14655726731045648,0.12,Uniform NW fixed-bandwidth sanity check
b=2,468,2.0,0.3,0.1279677309847665,0.1279677309847665,0.12,Uniform NW fixed-bandwidth sanity check
b=0,469,0.0,0.3,0.18698003307472405,0.18698003307472405,0.12,Uniform NW fixed-bandwidth sanity check
b=2,469,2.0,0.3,0.1939230169224061,0.1939230169224061,0.12,Uniform NW fixed-bandwidth sanity check
b=0,470,0.0,0.3,0.32363160854809103,0.32363160854809103,0.12,Uniform NW fixed-bandwidth sanity check
b=2,470,2.0,0.3,0.3078035919160925,0.3078035919160925,0.12,Uniform NW fixed-bandwidth sanity check
b=0,471,0.0,0.3,0.12531397295802368,0.12531397295802368,0.12,Uniform NW fixed-bandwidth sanity check
b=2,471,2.0,0.3,0.13326816299101335,0.13326816299101335,0.12,Uniform NW fixed-bandwidth sanity check
b=0,472,0.0,0.3,0.201513932301737,0.201513932301737,0.12,Uniform NW fixed-bandwidth sanity check
b=2,472,2.0,0.3,0.19765994759973032,0.19765994759973032,0.12,Uniform NW fixed-bandwidth sanity check
b=0,473,0.0,0.3,0.12493336045566499,0.12493336045566499,0.12,Uniform NW fixed-bandwidth sanity check
b=2,473,2.0,0.3,0.12926652025846314,0.12926652025846314,0.12,Uniform NW fixed-bandwidth sanity check
b=0,474,0.0,0.3,-0.07325353605651075,-0.07325353605651075,0.12,Uniform NW fixed-bandwidth sanity check
b=2,474,2.0,0.3,-0.07150150062381927,-0.07150150062381927,0.12,Uniform NW fixed-bandwidth sanity check
b=0,475,0.0,0.3,0.03152097993982805,0.03152097993982805,0.12,Uniform NW fixed-bandwidth sanity check
b=2,475,2.0,0.3,0.03339998159621276,0.03339998159621276,0.12,Uniform NW fixed-bandwidth sanity check
b=0,476,0.0,0.3,0.03200527364671372,0.03200527364671372,0.12,Uniform NW fixed-bandwidth sanity check
b=2,476,2.0,0.3,0.03795997259557336,0.03795997259557336,0.12,Uniform NW fixed-bandwidth sanity check
b=0,477,0.0,0.3,0.20891154980365245,0.20891154980365245,0.12,Uniform NW fixed-bandwidth sanity check
b=2,477,2.0,0.3,0.2148583189031025,0.2148583189031025,0.12,Uniform NW fixed-bandwidth sanity check
b=0,478,0.0,0.3,0.1716297508887368,0.1716297508887368,0.12,Uniform NW fixed-bandwidth sanity check
b=2,478,2.0,0.3,0.18282679525953557,0.18282679525953557,0.12,Uniform NW fixed-bandwidth sanity check
b=0,479,0.0,0.3,0.08555598888358296,0.08555598888358296,0.12,Uniform NW fixed-bandwidth sanity check
b=2,479,2.0,0.3,0.0846035111189567,0.0846035111189567,0.12,Uniform NW fixed-bandwidth sanity check
b=0,480,0.0,0.3,-0.021534139281564453,-0.021534139281564453,0.12,Uniform NW fixed-bandwidth sanity check
b=2,480,2.0,0.3,-0.008610901225817164,-0.008610901225817164,0.12,Uniform NW fixed-bandwidth sanity check
b=0,481,0.0,0.3,0.024845782383882076,0.024845782383882076,0.12,Uniform NW fixed-bandwidth sanity check
b=2,481,2.0,0.3,0.03768847160537107,0.03768847160537107,0.12,Uniform NW fixed-bandwidth sanity check
b=0,482,0.0,0.3,0.07026291316380875,0.07026291316380875,0.12,Uniform NW fixed-bandwidth sanity check
b=2,482,2.0,0.3,0.06712070812862876,0.06712070812862876,0.12,Uniform NW fixed-bandwidth sanity check
b=0,483,0.0,0.3,0.16594631613905056,0.16594631613905056,0.12,Uniform NW fixed-bandwidth sanity check
b=2,483,2.0,0.3,0.16407414861210115,0.16407414861210115,0.12,Uniform NW fixed-bandwidth sanity check
b=0,484,0.0,0.3,0.06465707160233619,0.06465707160233619,0.12,Uniform NW fixed-bandwidth sanity check
b=2,484,2.0,0.3,0.06253133929517268,0.06253133929517268,0.12,Uniform NW fixed-bandwidth sanity check
b=0,485,0.0,0.3,0.19066372496789963,0.19066372496789963,0.12,Uniform NW fixed-bandwidth sanity check
b=2,485,2.0,0.3,0.19024066924200497,0.19024066924200497,0.12,Uniform NW fixed-bandwidth sanity check
b=0,486,0.0,0.3,0.024034982201378584,0.024034982201378584,0.12,Uniform NW fixed-bandwidth sanity check
b=2,486,2.0,0.3,0.016461500571129887,0.016461500571129887,0.12,Uniform NW fixed-bandwidth sanity check
b=0,487,0.0,0.3,0.09993357449212335,0.09993357449212335,0.12,Uniform NW fixed-bandwidth sanity check
b=2,487,2.0,0.3,0.08861964294846225,0.08861964294846225,0.12,Uniform NW fixed-bandwidth sanity check
b=0,488,0.0,0.3,-0.01278684431249898,-0.01278684431249898,0.12,Uniform NW fixed-bandwidth sanity check
b=2,488,2.0,0.3,-0.008072427493626222,-0.008072427493626222,0.12,Uniform NW fixed-bandwidth sanity check
b=0,489,0.0,0.3,0.13624942070302978,0.13624942070302978,0.12,Uniform NW fixed-bandwidth sanity check
b=2,489,2.0,0.3,0.13780619450700818,0.13780619450700818,0.12,Uniform NW fixed-bandwidth sanity check
b=0,490,0.0,0.3,-0.06109787009191903,-0.06109787009191903,0.12,Uniform NW fixed-bandwidth sanity check
b=2,490,2.0,0.3,-0.07051702334160553,-0.07051702334160553,0.12,Uniform NW fixed-bandwidth sanity check
b=0,491,0.0,0.3,-0.12585553795915128,-0.12585553795915128,0.12,Uniform NW fixed-bandwidth sanity check
b=2,491,2.0,0.3,-0.12239033940214011,-0.12239033940214011,0.12,Uniform NW fixed-bandwidth sanity check
b=0,492,0.0,0.3,0.19683338241614629,0.19683338241614629,0.12,Uniform NW fixed-bandwidth sanity check
b=2,492,2.0,0.3,0.19519779295328904,0.19519779295328904,0.12,Uniform NW fixed-bandwidth sanity check
b=0,493,0.0,0.3,0.10057994788153105,0.10057994788153105,0.12,Uniform NW fixed-bandwidth sanity check
b=2,493,2.0,0.3,0.11661587621917362,0.11661587621917362,0.12,Uniform NW fixed-bandwidth sanity check
b=0,494,0.0,0.3,-0.07057218886193277,-0.07057218886193277,0.12,Uniform NW fixed-bandwidth sanity check
b=2,494,2.0,0.3,-0.05337698377279892,-0.05337698377279892,0.12,Uniform NW fixed-bandwidth sanity check
b=0,495,0.0,0.3,0.3120199741265277,0.3120199741265277,0.12,Uniform NW fixed-bandwidth sanity check
b=2,495,2.0,0.3,0.3073219195228419,0.3073219195228419,0.12,Uniform NW fixed-bandwidth sanity check
b=0,496,0.0,0.3,-0.06526024857628099,-0.06526024857628099,0.12,Uniform NW fixed-bandwidth sanity check
b=2,496,2.0,0.3,-0.057906123715996856,-0.057906123715996856,0.12,Uniform NW fixed-bandwidth sanity check
b=0,497,0.0,0.3,0.21117851419033454,0.21117851419033454,0.12,Uniform NW fixed-bandwidth sanity check
b=2,497,2.0,0.3,0.2235054938603578,0.2235054938603578,0.12,Uniform NW fixed-bandwidth sanity check
b=0,498,0.0,0.3,0.26286002718657203,0.26286002718657203,0.12,Uniform NW fixed-bandwidth sanity check
b=2,498,2.0,0.3,0.26376616698770305,0.26376616698770305,0.12,Uniform NW fixed-bandwidth sanity check
b=0,499,0.0,0.3,-0.07149178490793792,-0.07149178490793792,0.12,Uniform NW fixed-bandwidth sanity check
b=2,499,2.0,0.3,-0.0880283746752233,-0.0880283746752233,0.12,Uniform NW fixed-bandwidth sanity check
