setting,method,x0_index,x0_1,n_reps,n_unlab_clusters,coverage,coverage_cluster_se,coverage_cluster_sd,bias,rmse,se_mean,width,emp_sd,omega_mean,omega_clipped_rate,omega_sd_mean,omega_min_mean,omega_max_mean,sigma2_Y_mean,sigma2_Y_minus_f_mean,sigma2_f_mean,tuning_seconds_mean_per_unlab_draw,estimation_seconds_mean,amortized_procedure_seconds_mean,x0_2,x0_3
base_q0.9_s1,LO,0,0.7,1000,50,0.928,0.0093851815460896,0.0663632551390682,-0.0097784819629846,0.3816956965688758,0.3492226376873796,1.3689527397345282,0.3817613492713693,,,,,,42.92820016956408,,,11.313084970954806,0.0028109189439564,0.5684651674916967,0.7,0.7
base_q0.9_s1,LO,1,0.7,1000,50,0.93,0.0082065180664828,0.0580288457473997,-0.0261275162194213,0.3890830356661393,0.3505475384651562,1.3741463507834122,0.3883990413926596,,,,,,43.26538939082908,,,11.310623371824622,0.0027841592747718,0.5683153278660029,0.7,0.725
base_q0.9_s1,LO,2,0.7,1000,50,0.934,0.0089716105532043,0.0634388666033557,-0.0351977879580487,0.3991577388490426,0.3527927119107537,1.3829474306901548,0.3978017879150484,,,,,,45.03134880458548,,,11.379896659068764,0.0028022372443228,0.571797070197761,0.7,0.75
base_q0.9_s1,LO,3,0.7,1000,50,0.942,0.0067551945243067,0.0477664385637156,-0.0365590965241303,0.4012568435414223,0.3547770229022602,1.3907259297768602,0.3997878403196278,,,,,,43.93702262507104,,,11.302948545329272,0.0028045796602964,0.5679520069267601,0.7,0.7749999999999999
base_q0.9_s1,LO,4,0.7,1000,50,0.935,0.0071784825865149,0.0507595371555424,-0.0437512343170952,0.3738178639448046,0.3504739214629868,1.3738577721349083,0.371434500939904,,,,,,42.75324192840341,,,11.3296175455302,0.002812088035047,0.569292965311557,0.7,0.7999999999999999
base_q0.9_s1,LO,5,0.7,1000,50,0.95,0.0065465367070797,0.0462910049886275,-0.0358373713416863,0.3472793426901638,0.3340512721051478,1.3094809866521795,0.3455981231681788,,,,,,42.10632616245102,,,11.322505639921872,0.0027808454958721,0.5689061274919659,0.7,0.825
base_q0.9_s1,LO,6,0.7,1000,50,0.951,0.0072125174636367,0.0510002000796395,-0.035900692670266,0.3424630753228623,0.3324393652271808,1.3031623116905489,0.3407465428024464,,,,,,42.01804941872552,,,11.398826155532152,0.0028024089448153,0.572743716721423,0.7,0.85
base_q0.9_s1,LO,7,0.7,1000,50,0.935,0.0078571428571428,0.0555583899503715,-0.0253478340408569,0.3666760282477609,0.3461697954832282,1.3569855982942545,0.3659818844433842,,,,,,45.4348955748571,,,11.329686096403748,0.0028045205054804,0.5692888253256679,0.725,0.7
base_q0.9_s1,LO,8,0.7,1000,50,0.929,0.0079654867768289,0.0563244971534751,-0.0242855308197734,0.3707287364693761,0.3403880000466537,1.3343209601828825,0.3701175435358542,,,,,,44.50410996212164,,,11.353816805463284,0.0028154260087758,0.57050626628194,0.725,0.725
base_q0.9_s1,LO,9,0.7,1000,50,0.941,0.007914079419694,0.0559609922451453,-0.0329717171647079,0.3651334384506146,0.3375164867314918,1.323064627987448,0.363823668008807,,,,,,43.56620049195365,,,11.325404402539132,0.0027799607776105,0.5690501809045673,0.725,0.75
base_q0.9_s1,LO,10,0.7,1000,50,0.948,0.0072787081159182,0.0514682386704337,-0.0302439973875145,0.334614935224363,0.3309317138137642,1.2972523181499556,0.3334120860382014,,,,,,42.44485724432928,,,11.403492721989752,0.0028031258489936,0.5729777619484813,0.725,0.7749999999999999
base_q0.9_s1,LO,11,0.7,1000,50,0.942,0.0081265500876159,0.0574633867460536,-0.0473284014855739,0.3580450053575962,0.3358266001466447,1.3164402725748476,0.3550807381497148,,,,,,41.91212249949173,,,11.32543332450092,0.0028029782110825,0.5690746444361285,0.725,0.7999999999999999
base_q0.9_s1,LO,12,0.7,1000,50,0.938,0.0096425925889635,0.0681834260787527,-0.0546296595630568,0.3858757497634984,0.3485118447227266,1.3661664313130886,0.3821802667693276,,,,,,41.58113181610489,,,11.388528907243163,0.0028208002569153,0.5722472456190736,0.725,0.825
base_q0.9_s1,LO,13,0.7,1000,50,0.939,0.0087236483661554,0.0616855091639545,-0.0473133259231542,0.3876412794030269,0.3429423935446593,1.3443341826950646,0.3849355609363447,,,,,,41.27367757161651,,,11.320612188875677,0.0027807505596429,0.5688113600034266,0.725,0.85
base_q0.9_s1,LO,14,0.7,1000,50,0.938,0.0077670155537532,0.0549210936764031,-0.0493955568270664,0.3982788462991435,0.3616914582032666,1.417830516156805,0.3954016449585874,,,,,,41.48830106399628,,,11.406500699464232,0.0028021795889362,0.5731272145621479,0.75,0.7
base_q0.9_s1,LO,15,0.7,1000,50,0.955,0.006738557951469,0.0476488002290226,-0.0576715973412311,0.396879426979683,0.3561264048569678,1.396015507039314,0.3928633452332506,,,,,,41.63323938887117,,,11.329570569768547,0.0028036551540717,0.5692821836424992,0.75,0.725
base_q0.9_s1,LO,16,0.7,1000,50,0.948,0.0072787081159182,0.0514682386704337,-0.0616781829766412,0.3594918829311083,0.3493685446617555,1.3695246950740814,0.3543384983451038,,,,,,40.93166570441437,,,11.391891571823509,0.0028214810136705,0.5724160596048459,0.75,0.75
base_q0.9_s1,LO,17,0.7,1000,50,0.94,0.0074230748895809,0.0524890659167823,-0.0583146403191514,0.3697441194811532,0.3437739151458625,1.347593747371781,0.3652992748083642,,,,,,41.530994046555456,,,11.323543269000949,0.0027817090675234,0.5689588725175708,0.75,0.7749999999999999
base_q0.9_s1,LO,18,0.7,1000,50,0.928,0.0085904550733559,0.0607436903584837,-0.0370763045008816,0.364298447941526,0.3356613913354687,1.3157926540350375,0.3625881644430175,,,,,,40.38484881012618,,,11.40097208281979,0.0028045149901881,0.5728531191311776,0.75,0.7999999999999999
base_q0.9_s1,LO,19,0.7,1000,50,0.927,0.008945412688259,0.0632536197238013,-0.0213497259277437,0.3513900567820953,0.3303305832455565,1.2948958863225812,0.3509163768074183,,,,,,40.00063307425512,,,11.321849638037383,0.0028044719872996,0.5688969538891687,0.75,0.825
base_q0.9_s1,LO,20,0.7,1000,50,0.932,0.0093415901281553,0.0660550172668393,-0.0282856269297685,0.361106698644311,0.329313185965396,1.2909076889843525,0.3601773157957023,,,,,,40.01189502663806,,,11.384494766872375,0.0028212475897744,0.5720459859333932,0.75,0.85
base_q0.9_s1,LO,21,0.7,1000,50,0.936,0.0062335497797918,0.0440778532015471,-0.0612320506230939,0.4033288984716388,0.3530724978333108,1.3840441915065784,0.398853256523092,,,,,,42.833971579002,,,11.325388521719724,0.0027807071134448,0.569050133199431,0.7749999999999999,0.7
base_q0.9_s1,LO,22,0.7,1000,50,0.949,0.0064665544558607,0.045725445066512,-0.0593683878135681,0.3805139191976777,0.3473883405819877,1.361762295081392,0.3760420785982215,,,,,,42.80129702332658,,,11.403386851921676,0.0027986147860065,0.5729679573820904,0.7749999999999999,0.725
base_q0.9_s1,LO,23,0.7,1000,50,0.949,0.0059744353332361,0.0422456373789178,-0.0345123576763011,0.367698262803762,0.3389163049034148,1.3285519152213865,0.3662581803744713,,,,,,42.23661736328791,,,11.325569983161984,0.002803669645451,0.5690821688035502,0.7749999999999999,0.75
base_q0.9_s1,LO,24,0.7,1000,50,0.943,0.0065480952207804,0.046302025344691,-0.0338242164812006,0.3538237959623951,0.3326875068932804,1.3041350270216594,0.3523795855906135,,,,,,42.27876506676802,,,11.38879695089534,0.0028217028779909,0.5722615504227578,0.7749999999999999,0.7749999999999999
base_q0.9_s1,LO,25,0.7,1000,50,0.942,0.0077406955337966,0.05473498303048,-0.0445903151630782,0.3462012829549188,0.3312835333310835,1.2986314506578474,0.3434894716442115,,,,,,42.68286629186039,,,11.321845876891166,0.0027822731472551,0.5688745669918135,0.7749999999999999,0.7999999999999999
base_q0.9_s1,LO,26,0.7,1000,50,0.938,0.0066332495807107,0.0469041575982342,-0.0490950863530297,0.3652215552718537,0.3371206478060584,1.3215129393997491,0.3620877856206639,,,,,,41.64704540589092,,,11.399210686925798,0.0028005322059616,0.5727610665522516,0.7749999999999999,0.825
base_q0.9_s1,LO,27,0.7,1000,50,0.934,0.0074833147735478,0.0529150262212918,-0.0439826795198632,0.3491624477025816,0.3252434207601702,1.2749542093798674,0.3465545250414973,,,,,,41.50350110340629,,,11.32071271026507,0.0028044278882443,0.568840063401498,0.7749999999999999,0.85
base_q0.9_s1,LO,28,0.7,1000,50,0.938,0.0077670155537532,0.0549210936764031,-0.0416867408673298,0.3954661680572673,0.3435705816996764,1.3467966802627316,0.3934596754814766,,,,,,43.54226365687372,,,11.390100593771786,0.0028214252162724,0.5723264549048618,0.7999999999999999,0.7
base_q0.9_s1,LO,29,0.7,1000,50,0.949,0.006774803257931,0.0479050932488777,-0.0524125506152941,0.3739328964722107,0.3390303609800184,1.3289990150416722,0.3704267154966687,,,,,,42.71116762865476,,,11.323432474583388,0.0027813174650073,0.5689529411941767,0.7999999999999999,0.725
base_q0.9_s1,LO,30,0.7,1000,50,0.952,0.006540298938434,0.0462468973035389,-0.0307052801552563,0.3422421588964029,0.3327809841494654,1.3045014578659042,0.34103252671987,,,,,,41.67110828157921,,,11.399855799209329,0.0028007041616365,0.5727934941221029,0.7999999999999999,0.75
base_q0.9_s1,LO,31,0.7,1000,50,0.946,0.0069751746375621,0.0493219328618059,-0.0363415527847619,0.3480869053447026,0.3370891258395251,1.3213893732909383,0.3463578336960302,,,,,,41.95317575709923,,,11.32237576553598,0.0028040405940264,0.5689228288708255,0.7999999999999999,0.7749999999999999
base_q0.9_s1,LO,32,0.7,1000,50,0.937,0.0075335982133915,0.0532705838342402,-0.0218805683854729,0.3562277523230852,0.3375365296144874,1.3231431960887905,0.3557330435179398,,,,,,41.80387661852662,,,11.385795081909746,0.0028212424758821,0.5721109965713695,0.7999999999999999,0.7999999999999999
base_q0.9_s1,LO,33,0.7,1000,50,0.931,0.008192829119394,0.0579320502742617,-0.0027545554139086,0.3465656953101028,0.3232259503894247,1.2670457255265448,0.3467281557708445,,,,,,40.022478268177785,,,11.318800578024238,0.0027833512397482,0.5687233801409601,0.7999999999999999,0.825
base_q0.9_s1,LO,34,0.7,1000,50,0.938,0.0074996598562323,0.0530306034093445,-0.0061397596107488,0.3550119868272266,0.3208647337079046,1.257789756134986,0.3551365034448249,,,,,,39.596091895322274,,,11.396337149236352,0.0028014419786632,0.5726182994404808,0.7999999999999999,0.85
base_q0.9_s1,LO,35,0.7,1000,50,0.93,0.0069985421222376,0.0494871659305393,-0.0320039919461437,0.3627182237661591,0.3431084254771527,1.344985027870439,0.3614843361431661,,,,,,41.68949021963985,,,11.32422521976754,0.0028048333153128,0.5690160943036899,0.825,0.7
base_q0.9_s1,LO,36,0.7,1000,50,0.925,0.0075929612948104,0.0536903442084746,-0.036876942406538,0.3651051921563324,0.3391513971229973,1.3294734767221497,0.3634198211774943,,,,,,41.195809041824745,,,11.389627513587476,0.0028306936826556,0.5723120693620294,0.825,0.725
base_q0.9_s1,LO,37,0.7,1000,50,0.932,0.008422515984562,0.0595561816733595,-0.0353538892109007,0.3825561996741073,0.3432246847693538,1.3454407642958672,0.3811096863368585,,,,,,41.94820265160241,,,11.323608822822573,0.0027900590188801,0.5689705001600086,0.825,0.75
base_q0.9_s1,LO,38,0.7,1000,50,0.943,0.0072857142857142,0.0515177797721627,-0.0373946828452979,0.3758289249371463,0.3394195842160294,1.3305247701268357,0.3741510490722064,,,,,,41.351455164594846,,,11.402746400199833,0.0028130039060488,0.5729503239160404,0.825,0.7749999999999999
base_q0.9_s1,LO,39,0.7,1000,50,0.943,0.0067021166318513,0.0473911211868524,-0.012209032325629,0.3385770006125318,0.3277164537324383,1.2846484986311584,0.3385261065239258,,,,,,40.74664466493147,,,11.324476903639734,0.0028176122158765,0.5690414573978634,0.825,0.7999999999999999
base_q0.9_s1,LO,40,0.7,1000,50,0.936,0.0078298226320255,0.0553652067859317,-0.0015212757435333,0.329061081813978,0.3176857357994085,1.2453280843336816,0.3292222175875299,,,,,,40.21448258604578,,,11.351155987065283,0.002851863939315,0.5704096632925794,0.825,0.825
base_q0.9_s1,LO,41,0.7,1000,50,0.93,0.0080812203564176,0.0571428571428571,-0.0026738104918022,0.3412993925172914,0.3196246286112469,1.2529285441560878,0.3414596913120449,,,,,,39.03848784597084,,,11.329320238586517,0.002822614182718,0.5692886261120439,0.825,0.85
base_q0.9_s1,LO,42,0.7,1000,50,0.932,0.0076611929587382,0.0541728149310243,-0.0105578561999752,0.3499424885057035,0.3256271521266712,1.2764584363365516,0.3499582084788222,,,,,,40.72847167247736,,,11.40589140173048,0.0028441380960866,0.5731387081826106,0.85,0.7
base_q0.9_s1,LO,43,0.7,1000,50,0.922,0.0091651513899116,0.0648074069840786,-0.0060157529251153,0.3511781322797404,0.3277971199349131,1.2849647101448591,0.3513022980466305,,,,,,39.53666114323659,,,11.331802552379669,0.0028415828989818,0.5694317105179652,0.85,0.725
base_q0.9_s1,LO,44,0.7,1000,50,0.935,0.0074573617920789,0.052731510929405,-0.0288950054064176,0.3564196385480869,0.3376769015713879,1.3236934541598406,0.3554242025651616,,,,,,39.50769380423312,,,11.364353681448849,0.0028239482818171,0.5710416323542594,0.85,0.75
base_q0.9_s1,LO,45,0.7,1000,50,0.941,0.0063390593520953,0.0448239185421063,-0.0232367430499182,0.3460011426374333,0.3269508614103147,1.2816473767284335,0.3453927338834172,,,,,,38.85749821302272,,,11.321989606544376,0.0027875030180439,0.5688869833452628,0.85,0.7749999999999999
base_q0.9_s1,LO,46,0.7,1000,50,0.93,0.0069985421222376,0.0494871659305393,-0.0062659608605695,0.3441256530496075,0.320174399177762,1.2550836447768274,0.3442407653457656,,,,,,38.6329741956081,,,11.399235685225577,0.0028016022108495,0.5727633864721284,0.85,0.7999999999999999
base_q0.9_s1,LO,47,0.7,1000,50,0.941,0.0070984332850313,0.0501935031164596,0.0167784686348501,0.3461243345159958,0.3201629784461009,1.2550388755087156,0.345890413444089,,,,,,39.154684959790536,,,11.323211425207557,0.0028095721174031,0.568970143377781,0.85,0.825
base_q0.9_s1,LO,48,0.7,1000,50,0.935,0.0081127262082861,0.0573656371578893,0.0311671638819224,0.3356655474982115,0.3166393888118023,1.241226404142265,0.334382684139421,,,,,,38.45978159237325,,,11.3852432301268,0.0028199774483218,0.5720821389546618,0.85,0.85
base_q0.9_s1,LO,49,0.725,1000,50,0.945,0.006738557951469,0.0476488002290226,-0.0399404779232346,0.4074743471464364,0.3607236484434926,1.4140367018984912,0.4057150558115762,,,,,,43.60062451940951,,,11.331251285225154,0.002788778392598,0.5693513426538558,0.7,0.7
base_q0.9_s1,LO,50,0.725,1000,50,0.936,0.0084563706211135,0.0597955701041609,-0.036490785361255,0.3979967597117784,0.3580058688130271,1.4033830057470669,0.3965186885825044,,,,,,43.76786211419273,,,11.405900536552071,0.0027974882787093,0.573092515106313,0.7,0.725
base_q0.9_s1,LO,51,0.725,1000,50,0.941,0.0080419816828786,0.0568653978214146,-0.0383210665317347,0.3525740037466141,0.3473141165920785,1.361471337040948,0.3506606434498352,,,,,,42.70700359485061,,,11.329615317694843,0.0028043534522876,0.5692851193370297,0.7,0.75
base_q0.9_s1,LO,52,0.725,1000,50,0.951,0.0073526338471187,0.0519909725287938,-0.0490000550715894,0.3407701788196366,0.34678169264496,1.3593842351682432,0.3373976089456927,,,,,,41.77603078844282,,,11.392480253633112,0.0028204568643122,0.572444469545968,0.7,0.7749999999999999
base_q0.9_s1,LO,53,0.725,1000,50,0.96,0.0058901508937395,0.0416496563917521,-0.0504033137957851,0.3472540527018885,0.3478526570311894,1.3635824155622625,0.3437485216294202,,,,,,41.24801289728713,,,11.324915141873062,0.0027879687305539,0.5690337258242071,0.7,0.7999999999999999
base_q0.9_s1,LO,54,0.725,1000,50,0.942,0.0083739147941444,0.0592125193601791,-0.0541892620480286,0.372561270694608,0.343304452487523,1.3457534537510905,0.3687837113078573,,,,,,40.72809050949831,,,11.400955056603998,0.0027991461027413,0.5728468989329413,0.7,0.825
base_q0.9_s1,LO,55,0.725,1000,50,0.944,0.0072337079435269,0.051150039399909,-0.0316202059126478,0.3626478745594216,0.3357209860285845,1.3160262652320514,0.3614474896693793,,,,,,40.003399260892174,,,11.324422673881054,0.0028045704765245,0.5690257041705772,0.7,0.85
base_q0.9_s1,LO,56,0.725,1000,50,0.926,0.007455993343257,0.0527218345349883,-0.0437025035895558,0.4765531736262751,0.3771905008240801,1.478586763230394,0.4747825153796101,,,,,,44.8511721267689,,,11.394814978390931,0.0028204620275646,0.5725612109471113,0.725,0.7
base_q0.9_s1,LO,57,0.725,1000,50,0.922,0.0078454458387119,0.0554756795398502,-0.0392200773323047,0.4616836639667268,0.3661943593921522,1.4354818888172367,0.4602449527418131,,,,,,43.6940329060736,,,11.328325469549746,0.0027880651447921,0.5692043386222796,0.725,0.725
base_q0.9_s1,LO,58,0.725,1000,50,0.929,0.0075714285714285,0.0535380848612671,-0.0526069688478416,0.4431410007637214,0.3590479545270644,1.4074679817460924,0.4402275021396947,,,,,,43.03081209633793,,,11.404998137764633,0.0028074787650257,0.5730573856532574,0.725,0.75
base_q0.9_s1,LO,59,0.725,1000,50,0.938,0.0076345081233642,0.0539841246505462,-0.0392519547818286,0.3786693919784239,0.3388323470174264,1.3282228003083116,0.37681797230409,,,,,,41.34693334237446,,,11.326483660191297,0.0028051553536206,0.5691293383631856,0.725,0.7749999999999999
base_q0.9_s1,LO,60,0.725,1000,50,0.924,0.008111468323759,0.0573567425710992,-0.0246119136801598,0.3772879649217826,0.3313841827303376,1.2990259963029236,0.3766727286708516,,,,,,40.46903123524302,,,11.389209218136966,0.0028199717579409,0.5722804326647892,0.725,0.7999999999999999
base_q0.9_s1,LO,61,0.725,1000,50,0.931,0.0083164454730445,0.0588061498935793,-0.0309229139026625,0.3725720256898481,0.3336616122369137,1.307953519968702,0.3714723131026149,,,,,,40.27813717132896,,,11.32294640744105,0.0027856062036007,0.5689329265756533,0.725,0.825
base_q0.9_s1,LO,62,0.725,1000,50,0.939,0.0082424981352866,0.0582832632537867,-0.0098208630472246,1.1375324890347225,0.72468212517989,2.8407539307051684,1.1380592660980753,,,,,,58.158163024175096,,,11.4008699410595,0.0028129847338423,0.5728564817868174,0.725,0.85
base_q0.9_s1,LO,63,0.725,1000,50,0.938,0.0070797209676364,0.0500611870512435,-0.0493537591813014,0.3802188277005866,0.3480623894481965,1.3644045666369302,0.3771907159898178,,,,,,42.48552622251466,,,11.32872217124328,0.0028053140640258,0.5692414226261898,0.75,0.7
base_q0.9_s1,LO,64,0.725,1000,50,0.944,0.0066455447712074,0.0469910977239957,-0.0463549984960686,0.376196070757012,0.3432260284836419,1.3454460316558765,0.3735160130160736,,,,,,40.94547053784302,,,11.392077721245586,0.0028200287604704,0.5724239148227498,0.75,0.725
base_q0.9_s1,LO,65,0.725,1000,50,0.949,0.0059744353332361,0.0422456373789178,-0.0434827564522563,0.363807720763652,0.3432056464386332,1.345366134039442,0.3613805521635595,,,,,,41.518638665051895,,,11.325851340610534,0.0027840289659798,0.5690765959965065,0.75,0.75
base_q0.9_s1,LO,66,0.725,1000,50,0.953,0.0062938259348316,0.044504069981272,-0.0353613310005056,0.3585050523665777,0.3382265815343678,1.3258481996147216,0.3569353606662265,,,,,,42.22887217417001,,,11.402652467209846,0.0028105667605996,0.572943190121092,0.75,0.7749999999999999
base_q0.9_s1,LO,67,0.725,1000,50,0.953,0.0062938259348316,0.044504069981272,-0.0461268769310358,0.367944121161978,0.3351979573546257,1.313975992830133,0.3652240081078293,,,,,,42.22054175002223,,,11.323892327733338,0.0028046261901035,0.5689992425767705,0.75,0.7999999999999999
base_q0.9_s1,LO,68,0.725,1000,50,0.947,0.0076144331264208,0.0538421729858364,-0.0359388688044285,0.3690564343435783,0.3338031848049941,1.3085084844355768,0.3674861841416477,,,,,,41.453922222062026,,,11.38823001395911,0.0028218689328059,0.5722333696307614,0.75,0.825
base_q0.9_s1,LO,69,0.725,1000,50,0.948,0.0060541771715477,0.0428094973250619,-0.0155918255069352,0.3374182219187034,0.3288959915938906,1.289272287048051,0.33722644192482,,,,,,38.36928939017502,,,11.322912989947945,0.0027888103872537,0.568934459884651,0.75,0.85
base_q0.9_s1,LO,70,0.725,1000,50,0.947,0.0066101344578624,0.0467407089970939,-0.0026494627999553,0.3582491025769737,0.3396735245409941,1.3315202162006967,0.3584185593796539,,,,,,40.96344105716115,,,11.405202168039978,0.0028099716827273,0.5730700800847263,0.7749999999999999,0.7
base_q0.9_s1,LO,71,0.725,1000,50,0.948,0.0068452277432633,0.0484030695602783,-0.0245771906290331,0.3632988789718724,0.3450710666797557,1.3526785813846425,0.3626479707839506,,,,,,41.64842840456159,,,11.326520234402269,0.0028056253166869,0.5691316370368004,0.7749999999999999,0.725
base_q0.9_s1,LO,72,0.725,1000,50,0.942,0.008,0.0565685424949238,-0.0362893511381232,0.3639689676415522,0.3444301942817459,1.350166361584444,0.3623365565054283,,,,,,41.34135382995471,,,11.389229203537106,0.0028213319228962,0.5722827920997515,0.7749999999999999,0.75
base_q0.9_s1,LO,73,0.725,1000,50,0.95,0.0079539490897571,0.0562429133857986,-0.0618539311947465,0.3586645842469496,0.3404773114560642,1.3346710609077714,0.3534675579219343,,,,,,41.25056851118914,,,11.32170447697863,0.0027846123790368,0.5688698362279683,0.7749999999999999,0.7749999999999999
base_q0.9_s1,LO,74,0.725,1000,50,0.951,0.0085104977192037,0.0601783064852158,-0.0326382994905523,0.339440118491338,0.3381414686224119,1.3255145569998543,0.3380363945669614,,,,,,41.28082421756965,,,11.398524166494608,0.002812906933017,0.5727391152577475,0.7749999999999999,0.7999999999999999
base_q0.9_s1,LO,75,0.725,1000,50,0.934,0.0083836575720692,0.0592814112035612,-0.0194948046145605,0.3545002771430509,0.3321145641275758,1.3018890913800971,0.354140953438659,,,,,,39.64572202916987,,,11.31981656488031,0.0028051611976698,0.5687959894416854,0.7749999999999999,0.825
base_q0.9_s1,LO,76,0.725,1000,50,0.941,0.0075173269239559,0.0531555284432544,-0.0071292206211229,0.3499415052586874,0.323592632109309,1.2684831178684917,0.3500439430673375,,,,,,38.40522349166763,,,11.383971631117165,0.0028223936958238,0.572020975251682,0.7749999999999999,0.85
base_q0.9_s1,LO,77,0.725,1000,50,0.937,0.0073969105519997,0.0523040561114937,-0.0230242653997579,0.3517905677974649,0.3316602976230332,1.30010836668229,0.351211953997433,,,,,,39.88749194125814,,,11.322810856420547,0.0027830251390114,0.5689235679600387,0.7999999999999999,0.7
base_q0.9_s1,LO,78,0.725,1000,50,0.936,0.0088109393972052,0.0623027499638757,-0.0304701692074903,0.3561052739091824,0.3321753934217856,1.3021275422133998,0.354976820986721,,,,,,40.67309728664754,,,11.401475406475363,0.002812675660476,0.5728864459842443,0.7999999999999999,0.725
base_q0.9_s1,LO,79,0.725,1000,50,0.936,0.0078298226320255,0.0553652067859317,-0.041514617941548,0.4058582971367156,0.3464281279996718,1.3579982617587134,0.4039314972942667,,,,,,41.50601490969952,,,11.324448433592917,0.0028063640911132,0.569028785770759,0.7999999999999999,0.75
base_q0.9_s1,LO,80,0.725,1000,50,0.932,0.0087784522832784,0.0620730313782869,-0.0441367336354458,0.3889854909084664,0.3425525968768834,1.3428061797573827,0.3866667454712748,,,,,,40.751781155919296,,,11.378278838377446,0.0028086477397009,0.5717225896585733,0.7999999999999999,0.7749999999999999
base_q0.9_s1,LO,81,0.725,1000,50,0.945,0.0079859570624992,0.0564692439315782,-0.0276838298484408,0.3339166098833172,0.3298085000893982,1.2928493203504408,0.3329335559440706,,,,,,40.06643788841723,,,11.32120876999572,0.0027989202560856,0.5688593587558717,0.7999999999999999,0.7999999999999999
base_q0.9_s1,LO,82,0.725,1000,50,0.943,0.0068526771172636,0.0484557445889903,-0.0144338606962284,0.3329112878810821,0.3217460886081941,1.2612446673441209,0.3327646639678381,,,,,,38.61167446543873,,,11.397487645503134,0.002812246733345,0.5726866290085018,0.7999999999999999,0.825
base_q0.9_s1,LO,83,0.725,1000,50,0.943,0.0068526771172636,0.0484557445889903,-0.0155916570143899,0.3309664498963245,0.3175743947598457,1.2448916274585955,0.330764412059107,,,,,,37.33613381506467,,,11.318547419253736,0.002803521762602,0.5687308927252889,0.7999999999999999,0.85
base_q0.9_s1,LO,84,0.725,1000,50,0.943,0.0078259119570299,0.0553375541378473,-0.0316812801411973,0.3665193663757148,0.3405230850446759,1.3348504933751295,0.3653302733496037,,,,,,41.36366738335372,,,11.386789449490609,0.002807866259478,0.5721473387340084,0.825,0.7
base_q0.9_s1,LO,85,0.725,1000,50,0.944,0.0077775186221806,0.0549953615854861,-0.0339373373684258,0.3653096183965268,0.3441498788889001,1.3490675252444886,0.3639118110635999,,,,,,40.567988140498514,,,11.321433586664496,0.0027997040608897,0.5688713833941147,0.825,0.725
base_q0.9_s1,LO,86,0.725,1000,50,0.943,0.0062286369590261,0.0440431143127657,-0.0072684034836993,0.3483131027938073,0.3343040450063134,1.3104718564247484,0.3484115073689654,,,,,,39.45107322485266,,,11.397228908035904,0.0028138403734192,0.5726752857752144,0.825,0.75
base_q0.9_s1,LO,87,0.725,1000,50,0.946,0.0063631592718057,0.0449943307086389,0.0143296827457113,0.344865443746998,0.3285569960372094,1.287943424465861,0.3447400182215354,,,,,,39.77892719862139,,,11.318619180992243,0.0028042434668168,0.5687352025164291,0.825,0.7749999999999999
base_q0.9_s1,LO,88,0.725,1000,50,0.938,0.0061544740652965,0.0435187034620794,0.019338260950281,0.3338888236072098,0.3224922736098432,1.2641697125505855,0.3334951231883544,,,,,,39.20371351989047,,,11.383998098168522,0.0028076647687703,0.5720075696771965,0.825,0.7999999999999999
base_q0.9_s1,LO,89,0.725,1000,50,0.928,0.0074450366975973,0.0526443593505379,0.0114252249452981,0.3462683711673639,0.3218692233640617,1.261727355587122,0.3462530003423721,,,,,,38.186171993831536,,,11.318264531865715,0.0028005403392016,0.5687137669324875,0.825,0.825
base_q0.9_s1,LO,90,0.725,1000,50,0.925,0.0095029533540357,0.0671960275793813,0.0099555501493568,0.33890830961942,0.313505702858814,1.2289423552065506,0.3389315623459559,,,,,,36.43504283661819,,,11.395150431655347,0.0028104320103302,0.5725679535930976,0.825,0.85
base_q0.9_s1,LO,91,0.725,1000,50,0.931,0.0084382511003556,0.0596674457441631,-0.0069011253919621,0.3689104261132287,0.3371840610669968,1.3217615193826275,0.369030432923617,,,,,,41.04985973774265,,,11.321607288960369,0.0028053499544039,0.5688857144024223,0.85,0.7
base_q0.9_s1,LO,92,0.725,1000,50,0.943,0.0067021166318513,0.0473911211868524,-0.0144532131517083,0.3763891941215063,0.3367388244274796,1.32001619175572,0.3762997895463681,,,,,,39.877682502820825,,,11.386385516505689,0.0028095935471355,0.57212886937242,0.85,0.725
base_q0.9_s1,LO,93,0.725,1000,50,0.948,0.0063823736867681,0.0451301971398037,-0.0164433749790028,0.3481227077670107,0.3326651928762782,1.304047556075011,0.3479081418384642,,,,,,39.83783247694749,,,11.319370386283843,0.0028006734382361,0.5687691927524283,0.85,0.75
base_q0.9_s1,LO,94,0.725,1000,50,0.955,0.0057587555344989,0.0407205508963977,0.0003708194143222,0.3385481058615393,0.3278360114745301,1.285117164980158,0.3387173037907648,,,,,,39.37736111650302,,,11.395655468609185,0.0028096034042537,0.572592376834713,0.85,0.7749999999999999
base_q0.9_s1,LO,95,0.725,1000,50,0.931,0.007268888133262,0.05139880090716,0.0170187109318776,0.3277134570839826,0.3121837826320705,1.2237604279177163,0.3274350120547157,,,,,,38.833410141727065,,,11.316768072526902,0.0028059341516345,0.5686443377779796,0.85,0.7999999999999999
base_q0.9_s1,LO,96,0.725,1000,50,0.922,0.0083495081121156,0.0590399380564909,0.0186847183414304,0.3393637908056356,0.3088587355219939,1.2107262432462162,0.339018579738457,,,,,,37.72668722442933,,,11.380647590849549,0.0028089470965787,0.5718413266390562,0.85,0.825
base_q0.9_s1,LO,97,0.725,1000,50,0.935,0.0075929612948104,0.0536903442084746,0.0273713512033001,0.3260421168930278,0.3047146684844322,1.1944815004589746,0.3250537356383477,,,,,,36.82824972949727,,,11.315369501449169,0.0028003971856087,0.5685688722580671,0.85,0.85
base_q0.9_s1,LO,98,0.75,1000,50,0.923,0.0082325883052708,0.0582131901737405,-0.0201506576036916,0.3679166129730217,0.3358649859136492,1.3165907447815048,0.3675481965354414,,,,,,43.78980264463759,,,11.403749549165369,0.0028120312392711,0.5729995086975397,0.7,0.7
base_q0.9_s1,LO,99,0.75,1000,50,0.927,0.0083556164662227,0.0590831306426006,-0.0375831942227671,0.3608430704279574,0.3422826176875618,1.3417478613352425,0.3590600912619316,,,,,,43.35987812718776,,,11.324405328519642,0.0028058215733617,0.5690260879993438,0.7,0.725
base_q0.9_s1,LO,100,0.75,1000,50,0.934,0.0080101975822149,0.0566406502902828,-0.0457047699488713,0.365093321733322,0.3441448175218433,1.3490476846856254,0.3624024601479865,,,,,,41.82295527473168,,,11.38912212787196,0.0028087059697136,0.5722648123633116,0.7,0.75
base_q0.9_s1,LO,101,0.75,1000,50,0.936,0.0076983963344614,0.0544358825235932,-0.0578616842953342,0.3785562158440786,0.3478353772131642,1.363514678675604,0.3742952457294527,,,,,,40.742356315926095,,,11.323619055543094,0.0028003882020711,0.5689813409792259,0.7,0.7749999999999999
base_q0.9_s1,LO,102,0.75,1000,50,0.935,0.0075929612948104,0.0536903442084746,-0.0469815642420835,0.3862838693098743,0.3536491921119215,1.3863048330787322,0.3836080231509775,,,,,,40.95962654552984,,,11.399408562462776,0.0028119870787486,0.5727824152018874,0.7,0.7999999999999999
base_q0.9_s1,LO,103,0.75,1000,50,0.932,0.007923099785064,0.0560247758603644,-0.0303485363619285,0.3747193640647134,0.3411881169074789,1.3374574182773171,0.373675261888045,,,,,,40.560046565651575,,,11.320304664373396,0.00280675372947,0.5688219869481399,0.7,0.825
base_q0.9_s1,LO,104,0.75,1000,50,0.942,0.0078714156079748,0.0556593135393661,-0.0405689028257224,0.3672836956640131,0.3372110185098156,1.3218671925584773,0.3652189235050927,,,,,,40.18689997121559,,,11.38381911598146,0.0028098148042336,0.5720007706033066,0.7,0.85
base_q0.9_s1,LO,105,0.75,1000,50,0.94,0.0067005939426048,0.0473803541479342,-0.0284946291843135,0.386639207948467,0.3436258014554917,1.347013141705527,0.3857807149024651,,,,,,42.698332814939945,,,11.326254463959485,0.0028014994859695,0.5691142226839437,0.725,0.7
base_q0.9_s1,LO,106,0.75,1000,50,0.94,0.0062269984907723,0.0440315285926355,-0.0250997975230994,0.3733217595577549,0.3342395591011763,1.3102190716766111,0.3726634062232774,,,,,,41.36031106305413,,,11.4014903659001,0.0028085377514362,0.5728830560464411,0.725,0.725
base_q0.9_s1,LO,107,0.75,1000,50,0.936,0.0065527685378169,0.0463350706863624,-0.0294230733079511,0.3782171017119029,0.331793323149891,1.3006298267475729,0.3772595705453142,,,,,,42.29915092492232,,,11.322929643802343,0.0028068187506869,0.5689533009408041,0.725,0.75
base_q0.9_s1,LO,108,0.75,1000,50,0.941,0.0066532177269685,0.0470453537145003,-0.0413690720500122,0.358090774846114,0.3397891267244601,1.3319733767598836,0.3558711103120988,,,,,,41.92610251020736,,,11.388318971972913,0.0028109121592715,0.5722268607579172,0.725,0.7749999999999999
base_q0.9_s1,LO,109,0.75,1000,50,0.946,0.006521549834579,0.0461143211187684,-0.0406073235736282,0.3531079109029905,0.3398651015777478,1.3322711981847717,0.3509407377547908,,,,,,41.58341499391969,,,11.32452221268788,0.0028005911745131,0.5690267018089071,0.725,0.7999999999999999
base_q0.9_s1,LO,110,0.75,1000,50,0.941,0.006804860207894,0.0481176279802836,-0.0360913973486201,0.3503870460146561,0.3358070853070349,1.3163637744035772,0.3486976959135752,,,,,,40.8445584103209,,,11.39901459535584,0.0028091982370242,0.5727599280048162,0.725,0.825
base_q0.9_s1,LO,111,0.75,1000,50,0.932,0.0076611929587382,0.0541728149310243,-0.0394991834626769,0.3554576471070526,0.3268599350518236,1.2812909454031485,0.3534329756275221,,,,,,40.16260559024109,,,11.32026947548613,0.0028058754028752,0.5688193491771818,0.725,0.85
base_q0.9_s1,LO,112,0.75,1000,50,0.93,0.0076930925816207,0.0543983793275993,-0.0084425414933299,1.1623397394753452,1.0404130952417645,4.078419333347716,1.1628906690505827,,,,,,49.120605581913146,,,11.391617137864232,0.0028109813677147,0.5723918382609263,0.75,0.7
base_q0.9_s1,LO,113,0.75,1000,50,0.939,0.0070406980173437,0.0497852531235046,-0.0518186139882361,0.4815076485039433,0.3890579109605388,1.5251070109653124,0.4789507705942103,,,,,,42.06383130566268,,,11.32677172999829,0.002800990874879,0.5691395773747936,0.75,0.725
base_q0.9_s1,LO,114,0.75,1000,50,0.935,0.0078571428571428,0.0555583899503715,-0.044086872821634,0.5035347809250506,0.4282313416352543,1.678666859210197,0.5018520486406054,,,,,,43.3300968369055,,,11.401478544063869,0.0028095200173556,0.5728834472205491,0.75,0.75
base_q0.9_s1,LO,115,0.75,1000,50,0.945,0.0068883219721378,0.0487077917749494,-0.0338845031483834,0.3481480074479163,0.3342243994415002,1.3101596458106806,0.3466685082192101,,,,,,40.92952912573598,,,11.321156008150428,0.0028068766854703,0.5688646770929917,0.75,0.7749999999999999
base_q0.9_s1,LO,116,0.75,1000,50,0.934,0.0064586597459756,0.0456696210375593,-0.0581337631911069,0.3472799052784154,0.3305785444805458,1.2958678943637396,0.3425509295371305,,,,,,40.58540098668104,,,11.386144532114267,0.0028111864579841,0.5721184130636975,0.75,0.7999999999999999
base_q0.9_s1,LO,117,0.75,1000,50,0.944,0.0064901809666288,0.0458925097263114,-0.0452968456663736,0.3505340123428578,0.3305312838487742,1.295682632687195,0.3477689359541392,,,,,,40.788862989876,,,11.322386032789945,0.0028031648546457,0.5689224664941429,0.75,0.825
base_q0.9_s1,LO,118,0.75,1000,50,0.935,0.0077261813045656,0.0546323519313512,-0.0352942810652,0.3590741036430886,0.3276238005776815,1.284285298264512,0.3575141143691411,,,,,,40.29911260368117,,,11.39736316530034,0.0028161919303238,0.5726843501953407,0.75,0.85
base_q0.9_s1,LO,119,0.75,1000,50,0.935,0.0086011389848516,0.0608192370211657,-0.033106028398321,0.3686942389181564,0.3393633597935755,1.3303043703908162,0.3673886322441542,,,,,,43.15230959615421,,,11.325476273428649,0.0028080373946577,0.5690818510660902,0.7749999999999999,0.7
base_q0.9_s1,LO,120,0.75,1000,50,0.94,0.0075592894601845,0.0534522483824848,-0.0312403068020188,0.3586889869410813,0.3318123725233985,1.3007045002917224,0.3575047443404925,,,,,,41.20301220341089,,,11.390182032939046,0.0028111290354281,0.5723202306823805,0.7749999999999999,0.725
base_q0.9_s1,LO,121,0.75,1000,50,0.936,0.0079590790155337,0.0562791874388348,-0.0052580336909167,0.3504612157171394,0.3234655597917099,1.267984994383503,0.3505971122795784,,,,,,40.11276707686241,,,11.324806361552328,0.0028043713383376,0.5690446894159541,0.7749999999999999,0.75
base_q0.9_s1,LO,122,0.75,1000,50,0.921,0.0080925765932963,0.0572231578639135,0.0047461768269264,0.3465864405623955,0.318776356280917,1.249603316621195,0.3467273488516303,,,,,,39.98444156721281,,,11.399108343105762,0.0028082702178508,0.5727636873731389,0.7749999999999999,0.7749999999999999
base_q0.9_s1,LO,123,0.75,1000,50,0.933,0.0087609989179782,0.0619496174487043,-0.0151840196909895,0.3421852394201853,0.318478728053184,1.2484366139684813,0.3420192403708555,,,,,,38.89981182085554,,,11.320098004136234,0.0028045030748471,0.5688094032816589,0.7749999999999999,0.7999999999999999
base_q0.9_s1,LO,124,0.75,1000,50,0.947,0.006762743073454,0.0478198148666172,-0.0274759565658047,0.3347497388665664,0.3208642456581775,1.257787842980056,0.3337871677512241,,,,,,38.23659112603868,,,11.384938348010182,0.0028117590276524,0.5720586764281615,0.7749999999999999,0.825
base_q0.9_s1,LO,125,0.75,1000,50,0.953,0.0059607560128643,0.0421489099769483,0.0022907832249638,0.3215539317551036,0.3163891332893166,1.2402454024941212,0.3217066653302353,,,,,,37.63373288951485,,,11.321412940509616,0.0028041393505409,0.5688747863760217,0.7749999999999999,0.85
base_q0.9_s1,LO,126,0.75,1000,50,0.941,0.0072407576556995,0.0511998883927354,-0.0235930117860465,0.3590029275744349,0.3327741651763132,1.304474727491148,0.3584060919245194,,,,,,40.80863255168607,,,11.402310638222843,0.0028111322810873,0.5729266641922295,0.7999999999999999,0.7
base_q0.9_s1,LO,127,0.75,1000,50,0.944,0.0067973584304973,0.048064582403602,-0.0284057848894264,0.3606430931369145,0.3391139650254735,1.329326742899856,0.3597025687288415,,,,,,39.94300613832672,,,11.322322258818897,0.0028056956231594,0.5689218085641041,0.7999999999999999,0.725
base_q0.9_s1,LO,128,0.75,1000,50,0.942,0.007050835816716,0.0498569381903289,-0.0260961582614695,0.3496260283689548,0.3362045320767084,1.3179217657406963,0.3488252130599333,,,,,,39.070744758527226,,,11.388804696798324,0.0028123182347044,0.5722525530746206,0.7999999999999999,0.75
base_q0.9_s1,LO,129,0.75,1000,50,0.934,0.0073456915041042,0.0519418827505652,-0.0193978503766704,0.4133444948658241,0.3597770332873424,1.4103259704863822,0.4130956824750497,,,,,,39.71337059841103,,,11.32360427921638,0.0028047580141574,0.5689849719749763,0.7999999999999999,0.7749999999999999
base_q0.9_s1,LO,130,0.75,1000,50,0.943,0.0068526771172636,0.0484557445889903,-0.0285510349299637,0.3637958392951182,0.3387000740737853,1.3277042903692382,0.362855225961919,,,,,,39.2320069376586,,,11.398121158778668,0.0028174710543826,0.572723528993316,0.7999999999999999,0.7999999999999999
base_q0.9_s1,LO,131,0.75,1000,50,0.938,0.0070797209676364,0.0500611870512435,-0.0075737021773224,0.3415452956919065,0.3237428571163708,1.2690719998961737,0.3416321714727497,,,,,,38.24574932282274,,,11.318750905171036,0.0028058424871414,0.5687433877456932,0.7999999999999999,0.825
base_q0.9_s1,LO,132,0.75,1000,50,0.935,0.0073192505471139,0.0517549169506765,0.0036385458294322,0.3423968497034794,0.3157250654021104,1.2376422563762728,0.3425488335617108,,,,,,37.82222639323864,,,11.3856877441518,0.0028102586409077,0.5720946458484977,0.7999999999999999,0.85
base_q0.9_s1,LO,133,0.75,1000,50,0.958,0.0062857142857142,0.0444467119602972,-0.0203519391343856,0.3468640590315398,0.3274428006981452,1.283575778736729,0.3464397415364201,,,,,,40.14744307052101,,,11.324511323217305,0.0028046596730127,0.569030225833878,0.825,0.7
base_q0.9_s1,LO,134,0.75,1000,50,0.961,0.0065915839971767,0.0466095374316441,-0.0508087658268887,0.3438897957097342,0.3327436616452104,1.3043551536492248,0.340285843613564,,,,,,40.27756197489051,,,11.399413918685168,0.0028154937056824,0.5727861896399409,0.825,0.725
base_q0.9_s1,LO,135,0.75,1000,50,0.954,0.0069751746375621,0.0493219328618059,-0.0309455467039433,0.3393530750286279,0.3223030241725045,1.2634278547562177,0.3381082664923324,,,,,,39.68841659977529,,,11.321486337594688,0.0028059326894581,0.5688802495691926,0.825,0.75
base_q0.9_s1,LO,136,0.75,1000,50,0.948,0.0076877851697564,0.0543608502584012,-0.0225143455715042,0.3367189206194936,0.3191890358303221,1.2512210204548624,0.336133487573184,,,,,,38.966471265689336,,,11.3854680130817,0.0028106143279001,0.572084014981985,0.825,0.7749999999999999
base_q0.9_s1,LO,137,0.75,1000,50,0.938,0.0082758562045487,0.0585191404236115,0.0020819223053744,0.3308234561732299,0.3127349760674014,1.2259211061842137,0.3309824377939763,,,,,,38.541320761465286,,,11.319955321326852,0.0028051504632458,0.5688029165295884,0.825,0.7999999999999999
base_q0.9_s1,LO,138,0.75,1000,50,0.934,0.0088571428571428,0.062629457762237,0.0054370856276884,0.3533346560950486,0.3169391818983179,1.242401593041406,0.3534695999032155,,,,,,37.42789225167943,,,11.39639687437564,0.0028140418492257,0.5726338855680078,0.825,0.825
base_q0.9_s1,LO,139,0.75,1000,50,0.923,0.0078519463335207,0.0555216449794536,0.0188345743482031,0.3569911513179478,0.3096839867886578,1.2139612282115384,0.3566723371450616,,,,,,36.37700169001912,,,11.317640501130372,0.0028058536536991,0.5686878787102178,0.825,0.85
base_q0.9_s1,LO,140,0.75,1000,50,0.948,0.0058832172234211,0.0416006279387458,-0.0182058806839111,0.3654473255270615,0.3323090956622339,1.3026516549959566,0.3651761866424151,,,,,,40.13082503451472,,,11.386990612167866,0.0028114954456686,0.572161026054062,0.85,0.7
base_q0.9_s1,LO,141,0.75,1000,50,0.939,0.0079910664405411,0.0565053726901888,0.0006718869834276,0.3555297962863185,0.3266109635109926,1.2803149769630913,0.3557070594286821,,,,,,39.602396394830585,,,11.321698861680924,0.0028054555971175,0.5688903986811638,0.85,0.725
base_q0.9_s1,LO,142,0.75,1000,50,0.928,0.0078454458387119,0.0554756795398502,0.0134313732273046,0.3351059214771242,0.3231903335811404,1.2669061076380703,0.335004185984128,,,,,,39.12761264971719,,,11.397917150408029,0.0028130124788731,0.5727088699992745,0.85,0.75
base_q0.9_s1,LO,143,0.75,1000,50,0.931,0.0065293685040151,0.0461696074605494,0.024534538605763,0.3465899170319516,0.3258365463429402,1.2772792616643256,0.3458934362963402,,,,,,39.12647948248197,,,11.31931322619319,0.0028061745725572,0.5687718358822167,0.85,0.7749999999999999
base_q0.9_s1,LO,144,0.75,1000,50,0.939,0.0073248249961681,0.0517943342579522,0.0248033909902307,0.3374791940292578,0.3176168219230192,1.2450579419382353,0.3367348936279247,,,,,,38.358125623139244,,,11.383890071362258,0.0028116315491497,0.5720061351172626,0.85,0.7999999999999999
base_q0.9_s1,LO,145,0.75,1000,50,0.933,0.0082820188803632,0.0585627171221989,0.0251002784388499,0.332151651694655,0.3086388711364919,1.2098643748550482,0.3313676209982286,,,,,,36.19449004069055,,,11.3193944892101,0.0028055326966568,0.5687752571571618,0.85,0.825
base_q0.9_s1,LO,146,0.75,1000,50,0.923,0.0073136718492401,0.0517154695997084,0.0349731946478619,0.3223246590103747,0.3030668331542431,1.188021985964633,0.3205820242879718,,,,,,34.84060556951209,,,11.394908307678998,0.0028206482287496,0.5725660636126995,0.85,0.85
base_q0.9_s1,LO,147,0.7749999999999999,1000,50,0.935,0.0079859570624992,0.0564692439315781,-0.0349872529213538,0.4056596357184336,0.3494230557728492,1.369738378629569,0.4043502582113001,,,,,,42.18186146854788,,,11.326054607853294,0.0028063571909442,0.5691090875836089,0.7,0.7
base_q0.9_s1,LO,148,0.7749999999999999,1000,50,0.942,0.0069045976991968,0.0488228785446716,-0.0332431576233641,0.3606387793135857,0.3359463807324901,1.3169098124713614,0.3592830443006506,,,,,,41.24806289318687,,,11.391160017643124,0.0028117383038625,0.5723697391860186,0.7,0.725
base_q0.9_s1,LO,149,0.7749999999999999,1000,50,0.943,0.0072857142857142,0.0515177797721627,-0.0342375604735195,0.3754376018858417,0.3380677983315273,1.3252257694595868,0.3740602938913457,,,,,,40.63571746730187,,,11.326585552748291,0.0028060417640954,0.5691353194015101,0.7,0.75
base_q0.9_s1,LO,150,0.7749999999999999,1000,50,0.943,0.0065480952207804,0.0463020253446909,-0.0346817615151524,0.3719113435442105,0.3327396391577526,1.3043393854983902,0.3704760118420844,,,,,,40.03951419268165,,,11.402756190169605,0.0028160785334184,0.5729538880418986,0.7,0.7749999999999999
base_q0.9_s1,LO,151,0.7749999999999999,1000,50,0.948,0.0063823736867681,0.0451301971398037,-0.0171450098224877,0.36507834961199,0.3317372373846926,1.3004099705479948,0.3648580153497607,,,,,,40.57087854824548,,,11.322863757424056,0.0028059492465108,0.5689491371177137,0.7,0.7999999999999999
base_q0.9_s1,LO,152,0.7749999999999999,1000,50,0.941,0.0064980373803109,0.0459480629602153,-0.0312465693507009,0.3839942569391038,0.3340377390039606,1.3094279368955255,0.3829123439237177,,,,,,39.8183891315136,,,11.38734000088647,0.0028117732610553,0.5721787733053788,0.7,0.825
base_q0.9_s1,LO,153,0.7749999999999999,1000,50,0.94,0.0063887656499993,0.0451753951452625,-0.013877129145456,0.346400666147613,0.3204592083280759,1.2562000966460574,0.3462957804561761,,,,,,38.52283852142128,,,11.322783961612732,0.0028051585014909,0.5689443565821276,0.7,0.85
base_q0.9_s1,LO,154,0.7749999999999999,1000,50,0.941,0.0069531962992216,0.0491665225410086,-0.0165328362981051,0.3561758630975173,0.3411608628392236,1.3373505823297565,0.3559699782321595,,,,,,40.71566811338349,,,11.404129996914415,0.0028095300840213,0.5730160299297422,0.725,0.7
base_q0.9_s1,LO,155,0.7749999999999999,1000,50,0.948,0.006540298938434,0.0462468973035389,-0.0205535199776984,0.332304187771625,0.3304737972709194,1.2954572853020043,0.331833903883935,,,,,,40.40072911734669,,,11.324530326351525,0.0028061683094128,0.5690326846269891,0.725,0.725
base_q0.9_s1,LO,156,0.7749999999999999,1000,50,0.94,0.0076930925816207,0.0543983793275993,-0.0276056712965885,0.3420606133555211,0.3291529222547856,1.29027945523876,0.341115449476114,,,,,,39.66185118185236,,,11.390551335774362,0.0028116032080724,0.5723391699967906,0.725,0.75
base_q0.9_s1,LO,157,0.7749999999999999,1000,50,0.937,0.0072576490262174,0.051319328419103,-0.0346244848356145,0.3600642460541252,0.3271623717323217,1.2824764971907012,0.3585749326412997,,,,,,40.49291200980303,,,11.323932672869416,0.0028057194519788,0.5690023530954496,0.725,0.7749999999999999
base_q0.9_s1,LO,158,0.7749999999999999,1000,50,0.926,0.0077248604769118,0.0546230122694433,-0.0144664262668135,0.3671637947387391,0.3266473747745073,1.2804577091160687,0.3670622690871472,,,,,,39.83405492293819,,,11.398584631569683,0.002810060955584,0.5727392925340682,0.725,0.7999999999999999
base_q0.9_s1,LO,159,0.7749999999999999,1000,50,0.93,0.0084515425472851,0.0597614304667196,-0.0094545167221618,0.3422735151180071,0.3186995201342029,1.2493021189260751,0.3423141104526689,,,,,,39.02289579018926,,,11.321238182131202,0.0028077536905184,0.5688696627970785,0.725,0.825
base_q0.9_s1,LO,160,0.7749999999999999,1000,50,0.94,0.0076930925816207,0.0543983793275993,0.0006590443991704,0.3346259783831709,0.3151159694581389,1.235254600275905,0.3347927676438679,,,,,,38.69928256886416,,,11.373645957820118,0.0028133055875077,0.5714956034785137,0.725,0.85
base_q0.9_s1,LO,161,0.7749999999999999,1000,50,0.95,0.0063887656499993,0.0451753951452625,-0.0148744460684701,0.3377911607678089,0.3320139247940606,1.3014945851927178,0.3376323662828872,,,,,,40.83726029206479,,,11.328212935477495,0.0027975735589861,0.5692082203328609,0.75,0.7
base_q0.9_s1,LO,162,0.7749999999999999,1000,50,0.932,0.0066639450226803,0.0471212071499161,-0.0273543280653199,0.3526887798486249,0.3291831005301693,1.2903977540782636,0.3518023323519259,,,,,,39.738935666177085,,,11.387153692338616,0.0027985530430451,0.5721562376599759,0.75,0.725
base_q0.9_s1,LO,163,0.7749999999999999,1000,50,0.928,0.007021831844254,0.0496518491342364,-0.0311386057028969,0.358366605986851,0.3280639802187007,1.286010802457307,0.3571898600429917,,,,,,39.61839841542504,,,11.32387014593929,0.00281027782429,0.5690037851212546,0.75,0.75
base_q0.9_s1,LO,164,0.7749999999999999,1000,50,0.94,0.0068511878904467,0.0484452141651804,-0.0310233828575316,0.3537325193402411,0.3277801115308701,1.2848980372010113,0.3525457892080933,,,,,,38.75931837284961,,,11.384837539810688,0.0028140734666958,0.5720559504572302,0.75,0.7749999999999999
base_q0.9_s1,LO,165,0.7749999999999999,1000,50,0.942,0.0069045976991968,0.0488228785446716,-0.0200629443846671,0.3410090643355903,0.3239673025348309,1.2699518259365372,0.3405886975261145,,,,,,37.96088991496609,,,11.321338627170771,0.0027991226054728,0.5688660539640114,0.75,0.7999999999999999
base_q0.9_s1,LO,166,0.7749999999999999,1000,50,0.946,0.0068273160830562,0.0482764149963308,-0.0123068944942842,0.3306367407429448,0.3216832040584944,1.2609981599092983,0.3305729467911342,,,,,,38.78204009833544,,,11.380183795243502,0.0027976460149511,0.5718068357771262,0.75,0.825
base_q0.9_s1,LO,167,0.7749999999999999,1000,50,0.943,0.0084527498242782,0.0597699672042058,0.0026763427697597,0.3264301272201048,0.3128872278835439,1.2265179333034926,0.3265824876927422,,,,,,37.576531305623575,,,11.317475615497678,0.0028095232946798,0.5686833040695638,0.75,0.85
base_q0.9_s1,LO,168,0.7749999999999999,1000,50,0.936,0.0075646870256421,0.0534904149338544,-0.0219646327551272,0.3348660086623384,0.3264569926788033,1.279711411300909,0.3343120746078524,,,,,,41.79697765436288,,,11.386893249042332,0.0028174431314691,0.5721621055835857,0.7749999999999999,0.7
base_q0.9_s1,LO,169,0.7749999999999999,1000,50,0.934,0.0074833147735478,0.0529150262212918,-0.012305494227076,0.3299851965273122,0.320020956416282,1.2544821491518254,0.329920675907691,,,,,,40.12109338854399,,,11.322548337057231,0.0027997147589921,0.5689271316118538,0.7749999999999999,0.725
base_q0.9_s1,LO,170,0.7749999999999999,1000,50,0.935,0.0074573617920789,0.0527315109294049,-0.0131952717823781,0.3382490120102073,0.3246825992841443,1.2727557891938457,0.3381606593914061,,,,,,39.94779831694538,,,11.382655944097786,0.0027983766924589,0.5719311738973483,0.7749999999999999,0.75
base_q0.9_s1,LO,171,0.7749999999999999,1000,50,0.939,0.0082424981352866,0.0582832632537867,-0.0275936918044914,0.3450624754265714,0.3286543360416102,1.2883249972831117,0.3441295181255995,,,,,,39.56345934370963,,,11.319691339880228,0.0028099288260564,0.5687944958200678,0.7749999999999999,0.7749999999999999
base_q0.9_s1,LO,172,0.7749999999999999,1000,50,0.942,0.0084948964270391,0.0600679886903675,-0.0344427980468466,0.3487956726837655,0.3261678913937652,1.2785781342635596,0.3472646075448489,,,,,,39.23418130317783,,,11.383374796956778,0.0028191515374928,0.5719878913853318,0.7749999999999999,0.7999999999999999
base_q0.9_s1,LO,173,0.7749999999999999,1000,50,0.95,0.0062269984907723,0.0440315285926355,-0.0259131589244079,0.3323064508089357,0.3262568944627054,1.2789270262938055,0.3314603315559573,,,,,,39.167044852550376,,,11.318712318409236,0.0028000628324225,0.5687356787528842,0.7749999999999999,0.825
base_q0.9_s1,LO,174,0.7749999999999999,1000,50,0.94,0.0068511878904467,0.0484452141651804,0.0034349276776512,0.3215669547950484,0.3121007654739804,1.2234350006580037,0.3217095035784655,,,,,,38.18026715754873,,,11.37919562621042,0.0028012045910581,0.5717609859015792,0.7749999999999999,0.85
base_q0.9_s1,LO,175,0.7749999999999999,1000,50,0.948,0.0060541771715477,0.0428094973250619,-0.0224554662711585,0.3949201479953589,0.3618064595072196,1.4182813212683012,0.3944785020959151,,,,,,39.49001851774308,,,11.321094523686916,0.0028095753658562,0.5688643015502021,0.7999999999999999,0.7
base_q0.9_s1,LO,176,0.7749999999999999,1000,50,0.934,0.0082610470256005,0.058414423715031,8.956809599418403e-05,0.3571215033298222,0.333033715546125,1.30549216494081,0.3573001868760356,,,,,,39.38688712154604,,,11.384882070869208,0.0028177961949259,0.5720618997383863,0.7999999999999999,0.725
base_q0.9_s1,LO,177,0.7749999999999999,1000,50,0.943,0.0082077613841275,0.0580376373307767,0.0051792935750317,0.338233848031066,0.324900558456932,1.2736101891511735,0.3383634150918779,,,,,,40.00925411380174,,,11.321775164548308,0.0028007713891565,0.568889529616572,0.7999999999999999,0.75
base_q0.9_s1,LO,178,0.7749999999999999,1000,50,0.945,0.0074573617920789,0.0527315109294049,0.0023825401539155,0.3332491139092489,0.3223146574838035,1.2634734573365098,0.3334073422700738,,,,,,39.17997721371515,,,11.380716997180134,0.002799655017443,0.5718355048764496,0.7999999999999999,0.7749999999999999
base_q0.9_s1,LO,179,0.7749999999999999,1000,50,0.952,0.0071371405695981,0.0504672049504448,-0.0075476025146132,0.328610073329677,0.3145712096825588,1.2331191419556302,0.3286877692273577,,,,,,38.4294512313162,,,11.318002130389214,0.0028105047009885,0.5687106112204492,0.7999999999999999,0.7999999999999999
base_q0.9_s1,LO,180,0.7749999999999999,1000,50,0.948,0.0075538880379441,0.0534140545595426,-0.0089619030603595,0.3235789070720186,0.3131800824991612,1.227665923396712,0.3236166267616287,,,,,,36.957027408071255,,,11.381205270029604,0.0028186791809275,0.5718789426824078,0.7999999999999999,0.825
base_q0.9_s1,LO,181,0.7749999999999999,1000,50,0.935,0.0073192505471139,0.0517549169506765,0.0104078285845091,0.3131576647074361,0.3039550082137374,1.1915036321978507,0.3131412740708212,,,,,,35.60316018967117,,,11.317522899247706,0.0028011804670095,0.5686773254293948,0.7999999999999999,0.85
base_q0.9_s1,LO,182,0.7749999999999999,1000,50,0.932,0.0080508587449173,0.0569281681290607,-0.0080113757213578,0.3517793391714522,0.3261043606249204,1.2783290936496878,0.351864078383417,,,,,,38.581073886849296,,,11.381690284572542,0.002801620312035,0.5718861345406623,0.825,0.7
base_q0.9_s1,LO,183,0.7749999999999999,1000,50,0.935,0.0070348984298543,0.0497442438470861,-0.0027630192477715,0.33559478568593,0.3201803647000763,1.2551070296242992,0.3357513289014368,,,,,,38.41641005019833,,,11.319968893676997,0.0028107138648629,0.5688091585487127,0.825,0.725
base_q0.9_s1,LO,184,0.7749999999999999,1000,50,0.932,0.0071084887454998,0.0502646059593119,0.0105284106306476,0.3316914023988751,0.315038880894175,1.234952413105166,0.331690152630851,,,,,,37.802006257665525,,,11.383213457483798,0.0028183249803259,0.5719789978545159,0.825,0.75
base_q0.9_s1,LO,185,0.7749999999999999,1000,50,0.936,0.0078298226320255,0.0553652067859317,-0.0055732275422544,0.3295975122401792,0.3135607890866695,1.2291582932197442,0.3297152883641557,,,,,,37.085866824915165,,,11.320140713080765,0.0028011683830991,0.5688082040371374,0.825,0.7749999999999999
base_q0.9_s1,LO,186,0.7749999999999999,1000,50,0.933,0.0079037578249274,0.0558880075486244,0.0239761663313035,0.3333920450592838,0.3076272384871797,1.2058987748697445,0.3326951836773525,,,,,,36.40396983975592,,,11.379617323484272,0.0028038470391184,0.571784713213332,0.825,0.7999999999999999
base_q0.9_s1,LO,187,0.7749999999999999,1000,50,0.932,0.0081766217264309,0.0578174466995658,0.0249512210521126,0.3222092406431437,0.3058175463731431,1.198804781782721,0.3214024437596806,,,,,,36.18979153542845,,,11.316216860618445,0.0028110971329733,0.5686219401638954,0.825,0.825
base_q0.9_s1,LO,188,0.7749999999999999,1000,50,0.94,0.0074230748895809,0.0524890659167823,0.0067941728520649,0.320355082159392,0.3035709531681866,1.1899981364192915,0.3204432894950204,,,,,,35.32074383958305,,,11.381986599341037,0.002818694804795,0.5719180247718468,0.825,0.85
base_q0.9_s1,LO,189,0.7749999999999999,1000,50,0.945,0.0061028598180839,0.0431537356199806,-0.0155853181275102,0.3380933091133709,0.3250676817148685,1.274265312322285,0.3379028882504286,,,,,,37.2329917934484,,,11.321418939661235,0.0028011199049651,0.5688720668880269,0.85,0.7
base_q0.9_s1,LO,190,0.7749999999999999,1000,50,0.932,0.0071084887454998,0.0502646059593119,-0.0038187670117552,0.3318390217398916,0.3179922886075682,1.2465297713416676,0.3319830810959078,,,,,,37.91336669735474,,,11.381596463676544,0.0028039949387311,0.5718838181225583,0.85,0.725
base_q0.9_s1,LO,191,0.7749999999999999,1000,50,0.937,0.0080571935155448,0.0569729617217407,0.0136956811232683,0.3294958076434092,0.3125665293211697,1.225260794938985,0.329375779281248,,,,,,37.56606510153515,,,11.321200938355178,0.0028108872976154,0.5688709342153743,0.85,0.75
base_q0.9_s1,LO,192,0.7749999999999999,1000,50,0.944,0.007645193234434,0.0540596797954985,0.0168478832881838,0.3270907497117288,0.3131399260728096,1.227508510205414,0.3268200096297393,,,,,,37.19759601402332,,,11.38467730557546,0.0028178287195041,0.5720516939982772,0.85,0.7749999999999999
base_q0.9_s1,LO,193,0.7749999999999999,1000,50,0.935,0.0077261813045656,0.0546323519313512,0.0282367357906984,0.3193815547094503,0.3097000579370989,1.2140242271134278,0.3182900765234839,,,,,,36.70973307057376,,,11.32095330523327,0.0028005589628592,0.5688482242245227,0.85,0.7999999999999999
base_q0.9_s1,LO,194,0.7749999999999999,1000,50,0.939,0.0074628330780622,0.052770198763611,0.0161496692651047,0.3155310547801243,0.2999011155617371,1.1756123730020094,0.3152751705200268,,,,,,35.411742280159,,,11.381437674425545,0.0028047864316031,0.5718766701528802,0.85,0.825
base_q0.9_s1,LO,195,0.7749999999999999,1000,50,0.938,0.0069340920568637,0.0490314351478014,0.0180752881005634,0.3069207278431954,0.2987679157345416,1.171170229679403,0.3065413262915836,,,,,,35.13054671543365,,,11.318446298073978,0.0028111743191257,0.5687334892228246,0.85,0.85
base_q0.9_s1,LO,196,0.7999999999999999,1000,50,0.934,0.0077512342664288,0.0548095031235739,-0.0323147192191341,0.3609096167256602,0.3376426116382446,1.3235590376219188,0.3596398910272184,,,,,,41.40464540593912,,,11.39124166570604,0.0028183550853282,0.5723804383706301,0.7,0.7
base_q0.9_s1,LO,197,0.7999999999999999,1000,50,0.945,0.0068883219721378,0.0487077917749494,-0.0600528131940746,0.4147763383950579,0.3548290173899577,1.390929748168634,0.4106113395804861,,,,,,42.01279530545118,,,11.32641528069973,0.0028013236764818,0.5691220877114683,0.7,0.725
base_q0.9_s1,LO,198,0.7999999999999999,1000,50,0.942,0.007050835816716,0.0498569381903289,-0.056512637386549,0.4043936608718144,0.3455707720819305,1.3546374265611678,0.4006258302016349,,,,,,41.38754156876143,,,11.385916353147476,0.0028041495019569,0.5720999671593309,0.7,0.75
base_q0.9_s1,LO,199,0.7999999999999999,1000,50,0.941,0.0077840758433287,0.0550417281408813,-0.0453540892929516,0.3922445460578128,0.3347971238289844,1.312404725409619,0.3898085956437394,,,,,,40.00870007717312,,,11.323454416058958,0.0028104590130969,0.5689831798160448,0.7,0.7749999999999999
base_q0.9_s1,LO,200,0.7999999999999999,1000,50,0.937,0.0069707845135747,0.0492908899973889,-0.0261069752256769,0.3560663825026347,0.3231615585440852,1.266793309492814,0.35528569140284,,,,,,39.1578655040181,,,11.3860354972817,0.002818360324949,0.5721201351890339,0.7,0.7999999999999999
base_q0.9_s1,LO,201,0.7999999999999999,1000,50,0.935,0.0077261813045656,0.0546323519313512,-0.0056704720261336,0.3476309804086699,0.3186991861491787,1.2493008097047804,0.3477586524692968,,,,,,38.05445884344493,,,11.321796601489186,0.002801652974449,0.5688914830489085,0.7,0.825
base_q0.9_s1,LO,202,0.7999999999999999,1000,50,0.931,0.008192829119394,0.0579320502742617,-0.0132001930126944,0.3548989954539295,0.3210870883407712,1.2586613862958236,0.3548308848387798,,,,,,38.69860204021435,,,11.38267984908074,0.0028048769971355,0.5719388694511727,0.7,0.85
base_q0.9_s1,LO,203,0.7999999999999999,1000,50,0.933,0.008990925130034,0.063575441285876,-0.027336918481621,0.3563689448450998,0.3288795469317251,1.2892078239723623,0.3554966886393916,,,,,,40.75846615071784,,,11.326180107556285,0.0028112271167337,0.5691202324945479,0.725,0.7
base_q0.9_s1,LO,204,0.7999999999999999,1000,50,0.937,0.0066715968164774,0.0471753135027381,-0.0214161433301883,0.3410402126087119,0.3209593353015005,1.2581605943818823,0.3405374298990031,,,,,,39.8739216347139,,,11.38875687133521,0.0028191195009276,0.572256963067688,0.725,0.725
base_q0.9_s1,LO,205,0.7999999999999999,1000,50,0.943,0.0065480952207804,0.0463020253446909,-0.0234759346832652,0.3416018880470164,0.323917324442092,1.2697559118130006,0.3409647890844872,,,,,,40.441933717653264,,,11.32495917249471,0.0028024407085031,0.5690503993332386,0.725,0.75
base_q0.9_s1,LO,206,0.7999999999999999,1000,50,0.95,0.0083299312783504,0.0589015089373951,-0.0136368991626839,0.338772151571186,0.3192186586258262,1.2513371418132389,0.3386669469587485,,,,,,41.048519845877536,,,11.38469549164176,0.0028059968817979,0.5720407714638859,0.725,0.7749999999999999
base_q0.9_s1,LO,207,0.7999999999999999,1000,50,0.942,0.0076077296889681,0.0537947725250363,-0.0049221605979889,0.3360669781921034,0.319122530705467,1.250960320365431,0.3361990719532127,,,,,,41.12118886521354,,,11.32237813299522,0.0028106982754543,0.5689296049252153,0.725,0.7999999999999999
base_q0.9_s1,LO,208,0.7999999999999999,1000,50,0.945,0.0075929612948104,0.0536903442084746,-0.0092932870013343,0.3291370321698859,0.3213894498632758,1.259846643464041,0.3291704329617828,,,,,,39.68747433343503,,,11.38540764791891,0.002818532907404,0.5720889153033495,0.725,0.825
base_q0.9_s1,LO,209,0.7999999999999999,1000,50,0.949,0.0064665544558607,0.045725445066512,-0.0075699875267213,0.3506443124439973,0.3186085337463932,1.2489454522858614,0.3507380023385737,,,,,,38.210629837737386,,,11.32164819335565,0.0028024909440428,0.5688849006118253,0.725,0.85
base_q0.9_s1,LO,210,0.7999999999999999,1000,50,0.948,0.0080761680143443,0.0571071316894476,-0.003550069241401,0.3469925048563411,0.3249006398547403,1.2736105082305822,0.34714796145448,,,,,,40.56184515564434,,,11.38731562251225,0.0028087436957284,0.572174524821341,0.75,0.7
base_q0.9_s1,LO,211,0.7999999999999999,1000,50,0.931,0.0084382511003556,0.0596674457441631,-0.0095770622629883,0.3485768583704625,0.3273743852140687,1.2833075900391495,0.3486196232450834,,,,,,39.38177464998479,,,11.324883637893944,0.0028111570244655,0.5690553389191628,0.75,0.725
base_q0.9_s1,LO,212,0.7999999999999999,1000,50,0.948,0.0075538880379441,0.0534140545595426,-0.0445190546061656,0.3509111225500674,0.3301847697082964,1.294324297256522,0.3482498351097609,,,,,,38.48642867783144,,,11.388440929483622,0.0028189533222466,0.5722409997964277,0.75,0.75
base_q0.9_s1,LO,213,0.7999999999999999,1000,50,0.94,0.0068511878904467,0.0484452141651804,-0.0248700817644836,0.3528736055250656,0.3263723326001291,1.2793795437925062,0.35217223881942,,,,,,38.09306432138752,,,11.324590606484565,0.0028025822266936,0.5690321125509218,0.75,0.7749999999999999
base_q0.9_s1,LO,214,0.7999999999999999,1000,50,0.938,0.0077670155537532,0.0549210936764031,-0.0153195924803572,0.3479781003238691,0.3248549140174979,1.273431262948592,0.3478146682281803,,,,,,38.15850027640916,,,11.384832915645092,0.0028079197537153,0.5720495655359701,0.75,0.7999999999999999
base_q0.9_s1,LO,215,0.7999999999999999,1000,50,0.929,0.0096985166128535,0.0685788686439911,-0.0156932502048574,0.3612159948628971,0.3198692883485401,1.2538876103262773,0.3610555053183942,,,,,,37.66267125394099,,,11.322956153731791,0.0028112925970926,0.5689591002836824,0.75,0.825
base_q0.9_s1,LO,216,0.7999999999999999,1000,50,0.935,0.0065853888980663,0.0465657314657331,-0.0261226468182114,0.3538149596247354,0.3161089880080835,1.2391472329916873,0.3530258634118778,,,,,,37.306451791276295,,,11.383553991280497,0.0028180676205083,0.5719957671845333,0.75,0.85
base_q0.9_s1,LO,217,0.7999999999999999,1000,50,0.941,0.0069531962992216,0.0491665225410086,-0.0124160677826305,0.343857004949029,0.324855084844828,1.2734319325917258,0.3438047160760448,,,,,,39.6413998214484,,,11.325383457560092,0.0028028132962062,0.5690719861742108,0.7749999999999999,0.7
base_q0.9_s1,LO,218,0.7999999999999999,1000,50,0.936,0.0075646870256421,0.0534904149338544,-0.0138478211188505,0.3336051229452678,0.3204981260063362,1.2563526539448375,0.3334843740467023,,,,,,39.01358501202496,,,11.38558278966695,0.0028064825776964,0.572085622061044,0.7749999999999999,0.725
base_q0.9_s1,LO,219,0.7999999999999999,1000,50,0.938,0.0080254696601075,0.0567486401886891,-0.0192774766635089,0.33416791727133,0.3171207010862199,1.2431131482579822,0.3337783453292874,,,,,,39.118882842797305,,,11.322006824072451,0.0028122384166345,0.568912579620257,0.7749999999999999,0.75
base_q0.9_s1,LO,220,0.7999999999999999,1000,50,0.944,0.0077775186221806,0.0549953615854861,-0.0105212696738197,0.3205054144539913,0.3107234249815513,1.2180358259276811,0.3204929629774943,,,,,,38.92965465216134,,,11.384218040928245,0.0028185753375291,0.5720294773839414,0.7749999999999999,0.7749999999999999
base_q0.9_s1,LO,221,0.7999999999999999,1000,50,0.95,0.0065465367070797,0.0462910049886275,-0.0219653600560421,0.3236980203198845,0.3145924164243281,1.2332022723833669,0.3231134996410256,,,,,,38.73840316665456,,,11.321610171515497,0.002802869843319,0.5688833784190938,0.7749999999999999,0.7999999999999999
base_q0.9_s1,LO,222,0.7999999999999999,1000,50,0.938,0.007222414091294,0.0510701798049127,-0.0363864757745776,0.3204071441421998,0.3133588691845206,1.228366767203321,0.3184936429485919,,,,,,37.06992287613176,,,11.3819484244287,0.0028071732642129,0.5719045944856479,0.7749999999999999,0.825
base_q0.9_s1,LO,223,0.7999999999999999,1000,50,0.933,0.0081578808772967,0.0576849288844856,-0.0235063959237259,0.3216448303686253,0.3075588131621779,1.2056305475957372,0.3209452478315335,,,,,,35.441632239886445,,,11.319898124281316,0.0028122129412367,0.5688071191553026,0.7749999999999999,0.85
base_q0.9_s1,LO,224,0.7999999999999999,1000,50,0.938,0.0082758562045487,0.0585191404236115,-0.0107187616447097,0.3473775337741612,0.323268977677176,1.2672143924945298,0.3473858604720092,,,,,,39.62588255717698,,,11.387306187413634,0.0028181413710117,0.5721834507416934,0.7999999999999999,0.7
base_q0.9_s1,LO,225,0.7999999999999999,1000,50,0.939,0.0077314623587056,0.0546696946232927,-0.0071292540852599,0.3606018448551301,0.3242490343368914,1.2710562146006144,0.360711764746227,,,,,,38.80866618453265,,,11.323796165641395,0.0028030181266367,0.5689928264087066,0.7999999999999999,0.725
base_q0.9_s1,LO,226,0.7999999999999999,1000,50,0.939,0.008117755797243,0.0574012017224698,-0.0151741941713042,0.3551605561208763,0.3239310571660238,1.2698097440908134,0.3550138014987534,,,,,,38.12179457423993,,,11.38336369657889,0.0028089385796338,0.5719771234085783,0.7999999999999999,0.75
base_q0.9_s1,LO,227,0.7999999999999999,1000,50,0.934,0.0085045006092212,0.0601359005138548,-0.0053408762000876,0.3452687238825291,0.322531319501863,1.2643227724473032,0.3454001563417225,,,,,,37.25997902507664,,,11.320971927791836,0.0028122982783243,0.568860894667916,0.7999999999999999,0.7749999999999999
base_q0.9_s1,LO,228,0.7999999999999999,1000,50,0.93,0.0092582009977255,0.0654653670707977,-0.0006757495249213,0.3364348413793855,0.3195458926475102,1.25261989917824,0.3366025060864157,,,,,,36.46686212689113,,,11.38395490128547,0.0028186099790036,0.5720163550432772,0.7999999999999999,0.7999999999999999
base_q0.9_s1,LO,229,0.7999999999999999,1000,50,0.952,0.006540298938434,0.0462468973035389,-0.0138194394323965,0.3120032227228703,0.3132705914997838,1.2280207186791527,0.3118529883929299,,,,,,34.839826647960976,,,11.320569350123405,0.0028032563012093,0.5688317238073796,0.7999999999999999,0.825
base_q0.9_s1,LO,230,0.7999999999999999,1000,50,0.953,0.0056079389789687,0.0396541168050914,-0.0140123780668075,0.3210752123438932,0.3102588410019737,1.2162146567277368,0.3209298072535063,,,,,,34.73483900567,,,11.381141695715488,0.0028076296662911,0.5718647144520655,0.7999999999999999,0.85
base_q0.9_s1,LO,231,0.7999999999999999,1000,50,0.932,0.0093415901281553,0.0660550172668393,0.001222699404485,0.3447846195399076,0.3243472475602418,1.271441210436148,0.3449549721489102,,,,,,38.59260485503562,,,11.322287522461265,0.0028116501569747,0.5689260262800381,0.825,0.7
base_q0.9_s1,LO,232,0.7999999999999999,1000,50,0.927,0.0075875838427939,0.0536523198806111,-0.0001703054978423,0.3516750621884101,0.3242459874942887,1.2710442709776115,0.3518509904501339,,,,,,38.80547686679204,,,11.384787959773094,0.0028178901793435,0.5720572881679983,0.825,0.725
base_q0.9_s1,LO,233,0.7999999999999999,1000,50,0.934,0.0066147639444515,0.0467734444106997,-0.0086788588173144,0.3472657443248877,0.3188666144904923,1.2499571288027298,0.3473309853792949,,,,,,38.07144600157347,,,11.321091214921326,0.0028032840043306,0.5688578447503969,0.825,0.75
base_q0.9_s1,LO,234,0.7999999999999999,1000,50,0.929,0.0085821361690717,0.0606848668221698,-0.010848330627218,0.3363331933338147,0.3126493485853148,1.225585446454434,0.3363263981712267,,,,,,37.33982591747934,,,11.381428635939956,0.0028087071888148,0.5718801389858127,0.825,0.7749999999999999
base_q0.9_s1,LO,235,0.7999999999999999,1000,50,0.927,0.0088306054060146,0.0624418096457552,-0.0005003022792788,0.320477300598255,0.303355993813247,1.189155495747929,0.3206372688171607,,,,,,35.74482294488559,,,11.3200718052499,0.0028135601524263,0.5688171504149213,0.825,0.7999999999999999
base_q0.9_s1,LO,236,0.7999999999999999,1000,50,0.929,0.0088167280709768,0.0623436820686551,0.0027340163775382,0.3165313706074065,0.2989593056616264,1.171920478193575,0.3166779415300383,,,,,,34.55491216551378,,,11.383192647267132,0.0028187178140506,0.5719783501774073,0.825,0.825
base_q0.9_s1,LO,237,0.7999999999999999,1000,50,0.934,0.0080101975822149,0.0566406502902828,-0.0018043067998456,0.3045689150041468,0.294031839793154,1.1526048119891636,0.3047159665722478,,,,,,33.810536377014174,,,11.320169588811696,0.002803332238458,0.5688118116790429,0.825,0.85
base_q0.9_s1,LO,238,0.7999999999999999,1000,50,0.92,0.0086896607575688,0.0614451804788759,0.0079332034507531,0.3973454601726065,0.3348743644793044,1.312707508758873,0.39746503929308,,,,,,36.75718513458906,,,11.381998422108593,0.0028047135574743,0.5719046346629039,0.85,0.7
base_q0.9_s1,LO,239,0.7999999999999999,1000,50,0.918,0.0072506157373997,0.0512695955569324,0.0212870996960899,0.3438989988213173,0.308454805409572,1.2091428372055224,0.3434112870726908,,,,,,35.924466845662806,,,11.320902370773256,0.0028127975454553,0.5688579160841182,0.85,0.725
base_q0.9_s1,LO,240,0.7999999999999999,1000,50,0.924,0.0087177978870813,0.0616441400296897,0.0188234779932378,0.3239430010072048,0.3031851018389848,1.1884855992088208,0.3235574663205962,,,,,,35.569532755659345,,,11.376433219406756,0.0028079365948215,0.5716295975651592,0.85,0.75
base_q0.9_s1,LO,241,0.7999999999999999,1000,50,0.926,0.0085999525390242,0.060810847582265,0.0216847144063568,0.3126681365610789,0.2991232744435145,1.1725632358185771,0.3120713465010833,,,,,,34.676073865625604,,,11.31828111577779,0.0027913783406838,0.5687054341295734,0.85,0.7749999999999999
base_q0.9_s1,LO,242,0.7999999999999999,1000,50,0.924,0.007455993343257,0.0527218345349883,0.0278780294716763,0.3080994141846909,0.2995872483793099,1.1743820136468943,0.3069890988301157,,,,,,34.77962886466084,,,11.382933165263385,0.0028177277706563,0.5719643860338256,0.85,0.7999999999999999
base_q0.9_s1,LO,243,0.7999999999999999,1000,50,0.936,0.0065527685378169,0.0463350706863624,0.0258248153275486,0.3049742690125165,0.2965506991800303,1.162478740785719,0.3040309498908102,,,,,,33.83576220813664,,,11.316901604942975,0.002796778245829,0.5686418584929779,0.85,0.825
base_q0.9_s1,LO,244,0.7999999999999999,1000,50,0.93,0.0062269984907723,0.0440315285926355,0.0173596224802836,0.3057050330635552,0.2938724451227587,1.151979984881214,0.3053644678182733,,,,,,33.78839449460253,,,11.378212538082153,0.0028085329793393,0.571719159883447,0.85,0.85
base_q0.9_s1,LO,245,0.825,1000,50,0.942,0.0086141791038179,0.0609114445866509,-0.0636297083054333,0.7654783416159135,0.5432640471785322,2.1295950649398456,0.7632108768528928,,,,,,44.97117631365618,,,11.321969972383233,0.0027914839377626,0.5688899825569241,0.7,0.7
base_q0.9_s1,LO,246,0.825,1000,50,0.947,0.0088536859613406,0.0626050138176012,-0.021446254075005,0.349557288482186,0.3357203142554327,1.3160236318812966,0.3490733566537183,,,,,,40.86693951864487,,,11.38726291919127,0.0028194584148004,0.572182604374364,0.7,0.725
base_q0.9_s1,LO,247,0.825,1000,50,0.955,0.0075929612948104,0.0536903442084746,-0.0084875571260176,0.3332695906223182,0.3233728415773127,1.2676215389830658,0.3333282002721895,,,,,,39.54247861166803,,,11.321426915861666,0.0027967579327523,0.5688681037258356,0.7,0.75
base_q0.9_s1,LO,248,0.825,1000,50,0.959,0.0061759903774906,0.043670846764665,-0.0143810235389673,0.334671098571719,0.3206519150338391,1.2569555069326492,0.334529281560515,,,,,,39.020324562475054,,,11.384451623037457,0.0028094960749149,0.5720320772267878,0.7,0.7749999999999999
base_q0.9_s1,LO,249,0.825,1000,50,0.948,0.007948815853282,0.0562066159225885,-0.0044632017008374,0.3412482645264951,0.3155472456167953,1.2369452028178376,0.3413898136702385,,,,,,38.7330158559829,,,11.32075849160552,0.0027955265240743,0.5688334511043504,0.7,0.7999999999999999
base_q0.9_s1,LO,250,0.825,1000,50,0.936,0.0074285714285714,0.0525279323167149,0.0014578500846756,0.3371612569731826,0.3139207253218031,1.230569243261468,0.3373268107549727,,,,,,37.73615761234441,,,11.384738043751568,0.0028211593376472,0.5720580615252256,0.7,0.825
base_q0.9_s1,LO,251,0.825,1000,50,0.93,0.0075592894601845,0.0534522483824848,0.0089362660274272,0.3362854577204181,0.3140562190424485,1.2311003786463983,0.3363349125456875,,,,,,38.06319333609403,,,11.318339028693735,0.0027974420292302,0.5687143934639171,0.7,0.85
base_q0.9_s1,LO,252,0.825,1000,50,0.935,0.0082375447104791,0.0582482372510717,-0.0074612125439495,0.3451211255091445,0.3296169046471879,1.2920982662169762,0.3452131134150996,,,,,,39.38515686906705,,,11.387291737683118,0.0028100025672465,0.5721745894514024,0.725,0.7
base_q0.9_s1,LO,253,0.825,1000,50,0.935,0.0078571428571428,0.0555583899503715,-0.0165691745214752,0.3533748847199526,0.33023642240392,1.2945267758233665,0.3531628457271784,,,,,,40.15065000394879,,,11.321761094219983,0.002796593086794,0.5688846477977932,0.725,0.725
base_q0.9_s1,LO,254,0.825,1000,50,0.946,0.0076718409040557,0.0542481072744215,-0.0245442054497171,0.338425187035564,0.3217895112052908,1.2614148839247403,0.3377028759595185,,,,,,40.3008431630262,,,11.38579272730276,0.0028210466979071,0.5721106830630452,0.725,0.75
base_q0.9_s1,LO,255,0.825,1000,50,0.942,0.0073345700874248,0.0518632424590609,-0.0188510018662328,0.3326678680799498,0.3171637754501527,1.2432819997645983,0.3322995232537248,,,,,,39.33368347862022,,,11.319842667039484,0.0027996052168309,0.5687917385688052,0.725,0.7749999999999999
base_q0.9_s1,LO,256,0.825,1000,50,0.947,0.0069119830876588,0.0488751011273028,-0.0168317938331198,0.3234816191265967,0.3198407990910935,1.2537759324370863,0.3232050589629797,,,,,,38.67480179177138,,,11.382014993224294,0.0028098889421671,0.5719106386033819,0.725,0.7999999999999999
base_q0.9_s1,LO,257,0.825,1000,50,0.949,0.0066224725637138,0.0468279525802393,-0.0088350337640409,0.3172365955019345,0.313516661439524,1.228985312842934,0.3172722196559474,,,,,,37.65360401463488,,,11.317831683140248,0.002796332668513,0.5686879168255256,0.725,0.825
base_q0.9_s1,LO,258,0.825,1000,50,0.945,0.0065853888980663,0.0465657314657332,-0.0077750926484389,0.3188013716137353,0.3059535585023321,1.199337949329142,0.3188660189093882,,,,,,37.27569099697645,,,11.382860206086187,0.0028209652369841,0.5719639755412936,0.725,0.85
base_q0.9_s1,LO,259,0.825,1000,50,0.939,0.0082424981352866,0.0582832632537867,-0.0046788449511633,0.343178901599553,0.3201088055030912,1.2548265175721176,0.3433187071041226,,,,,,39.960041295634525,,,11.321760173421351,0.0027989826127886,0.5688869912838563,0.75,0.7
base_q0.9_s1,LO,260,0.825,1000,50,0.938,0.0093197179601714,0.0659003576838331,-0.0159627209578219,0.3415658352327988,0.3208845218876221,1.2578673257994786,0.3413633552069999,,,,,,39.201817013364725,,,11.38396445782855,0.0028100127354264,0.572008235626854,0.75,0.725
base_q0.9_s1,LO,261,0.825,1000,50,0.938,0.0086378379759034,0.0610787380755198,-0.0151992105845743,0.3521281518988443,0.3224542548978712,1.264020679199655,0.3519760026816673,,,,,,38.35723811181841,,,11.320513372253629,0.0027968960525467,0.5688225646652282,0.75,0.75
base_q0.9_s1,LO,262,0.825,1000,50,0.931,0.0074079383785509,0.0523820346208545,-0.0038169174452868,0.345726305478841,0.3172115704449984,1.2434693561443937,0.3458782172708295,,,,,,38.093043085618405,,,11.384353069197386,0.002820967907086,0.5720386213669553,0.75,0.7749999999999999
base_q0.9_s1,LO,263,0.825,1000,50,0.942,0.0069045976991968,0.0488228785446716,-0.016697618184162,0.3424433261131804,0.3118624645189362,1.22250086091423,0.3422071403014661,,,,,,37.28014191057661,,,11.319409425705672,0.0027983588231727,0.5687688301084562,0.75,0.7999999999999999
base_q0.9_s1,LO,264,0.825,1000,50,0.942,0.0069045976991968,0.0488228785446716,-0.0144323839995062,0.3257121836276205,0.3095084278852484,1.213273037310174,0.325555093608652,,,,,,36.06017066116334,,,11.383800917826592,0.0028101998101919,0.5720002457015216,0.75,0.825
base_q0.9_s1,LO,265,0.825,1000,50,0.932,0.0076611929587382,0.0541728149310243,-0.0121195352067274,0.3303682166760973,0.3101102604173201,1.2156322208358952,0.3303110365049201,,,,,,35.56723509925035,,,11.317916004601866,0.0027976433066651,0.5686934435367584,0.75,0.85
base_q0.9_s1,LO,266,0.825,1000,50,0.932,0.0077932466839919,0.0551065757771025,-0.0133874971285348,0.3362827867418649,0.3245039012055232,1.272055292725651,0.3361843355764736,,,,,,39.83277324095105,,,11.386849926132708,0.0028187268367037,0.5721612231433391,0.7749999999999999,0.7
base_q0.9_s1,LO,267,0.825,1000,50,0.936,0.0079590790155337,0.0562791874388348,-0.0018221119242366,0.3208105437424536,0.3184240529776666,1.2482222876724531,0.3209658922509567,,,,,,39.43228346186878,,,11.320224112384022,0.0027986638871952,0.5688098695063963,0.7749999999999999,0.725
base_q0.9_s1,LO,268,0.825,1000,50,0.944,0.0073734216574651,0.0521379645454133,-0.0065768553419374,0.3183259948295875,0.3169134411684998,1.2423006893805193,0.3184172946490021,,,,,,38.61521194984781,,,11.384475325457752,0.0028093690415844,0.5720331353144721,0.7749999999999999,0.75
base_q0.9_s1,LO,269,0.825,1000,50,0.943,0.0074244494058207,0.0524987852143227,0.0012749214968538,0.3137603319021143,0.3109720260124694,1.21901034196888,0.3139147382863939,,,,,,37.12874388900407,,,11.31960606271401,0.0027968376306816,0.5687771407663822,0.7749999999999999,0.7749999999999999
base_q0.9_s1,LO,270,0.825,1000,50,0.924,0.0084804697598033,0.0599659767480438,0.0103172613388929,0.316319495487851,0.3024877828645938,1.1857521088292078,0.3163093880572101,,,,,,36.0516227003596,,,11.383421494048088,0.0028143826862797,0.5719854573886841,0.7749999999999999,0.7999999999999999
base_q0.9_s1,LO,271,0.825,1000,50,0.92,0.0072843135908468,0.0515078753637712,0.0018122882366199,0.3353627877668306,0.3031448054496,1.188327637362432,0.3355256957709951,,,,,,35.84717547092923,,,11.31897614698857,0.0027982203653082,0.5687470277147367,0.7749999999999999,0.825
base_q0.9_s1,LO,272,0.825,1000,50,0.911,0.0083653805554041,0.0591521731793239,-0.0050753493453254,0.3446618191001768,0.2995591846143294,1.1742720036881715,0.3447968898782813,,,,,,34.79053421466244,,,11.38278553796932,0.0028097852375358,0.5719490621360018,0.7749999999999999,0.85
base_q0.9_s1,LO,273,0.825,1000,50,0.932,0.0092317110979448,0.0652780551931192,0.0043731824896287,0.3412446050881965,0.3166246214947663,1.241168516259484,0.3413873182732325,,,,,,37.93766884377081,,,11.320903531704095,0.0027973955143243,0.5688425720995292,0.7999999999999999,0.7
base_q0.9_s1,LO,274,0.825,1000,50,0.933,0.009647882288516,0.0682208299029926,-0.0039902923719108,0.3365175655604966,0.3146583030604345,1.2334605479969032,0.3366622803174398,,,,,,36.569050990043934,,,11.385726931523532,0.002821670926176,0.5721080175023526,0.7999999999999999,0.725
base_q0.9_s1,LO,275,0.825,1000,50,0.95,0.0068511878904467,0.0484452141651804,-0.0226197019643074,0.3408974250860699,0.3163887192015222,1.2402437792699672,0.3403163509619992,,,,,,36.70054050296794,,,11.31949836520478,0.0027976195244118,0.5687725377846509,0.7999999999999999,0.75
base_q0.9_s1,LO,276,0.825,1000,50,0.945,0.0083604999362283,0.0591176619901673,-0.0111624292608477,0.3372376352829137,0.3105139199456653,1.2172145661870082,0.3372215016356066,,,,,,36.16113852287722,,,11.383462955914435,0.0028098695194348,0.5719830173151567,0.7999999999999999,0.7749999999999999
base_q0.9_s1,LO,277,0.825,1000,50,0.938,0.0077670155537532,0.0549210936764031,-0.0136297729955138,0.3247349116763696,0.3054369026996913,1.19731265858279,0.3246110973365889,,,,,,35.67392199427478,,,11.319553629476577,0.0027975723855197,0.5687752538593486,0.7999999999999999,0.7999999999999999
base_q0.9_s1,LO,278,0.825,1000,50,0.939,0.0062743403588564,0.0443662861521986,-0.0118449678301802,0.3139524849454508,0.3026931677131406,1.186557217435511,0.3138859409474244,,,,,,35.736771514700926,,,11.38556000173092,0.0028215203071013,0.5720995203936472,0.7999999999999999,0.825
base_q0.9_s1,LO,279,0.825,1000,50,0.944,0.0067973584304973,0.048064582403602,-0.003465594093004,0.3069672011901843,0.3009803372456558,1.1798429220029711,0.3071012266786722,,,,,,34.92276862572712,,,11.320191345755012,0.002799662426114,0.5688092297138646,0.7999999999999999,0.85
base_q0.9_s1,LO,280,0.825,1000,50,0.942,0.0083739147941444,0.0592125193601791,-0.0096696542901978,0.341474758905619,0.3170621531638393,1.2428836404022503,0.3415086190602678,,,,,,37.46478555573054,,,11.38634565256536,0.0028100766148418,0.5721273592431098,0.825,0.7
base_q0.9_s1,LO,281,0.825,1000,50,0.941,0.0066532177269685,0.0470453537145003,-0.0238774351812415,0.32654434511184,0.3150734067161172,1.2350877543271794,0.3258331546333866,,,,,,36.49963373971477,,,11.320448366850616,0.0027975889369845,0.5688200072795153,0.825,0.725
base_q0.9_s1,LO,282,0.825,1000,50,0.933,0.0076411880687521,0.0540313589973641,-0.0110172489330236,0.3190170176178653,0.3073718350694235,1.2048975934721402,0.3189862535999488,,,,,,36.35811511704967,,,11.384962880685926,0.0028219370534643,0.5720700810877606,0.825,0.75
base_q0.9_s1,LO,283,0.825,1000,50,0.931,0.0087935505122927,0.0621797919794867,0.0004002933063832,0.33288779291777,0.3089739519750719,1.2111778917422815,0.333054120956969,,,,,,35.867239084575615,,,11.31962520454079,0.0028004047870635,0.5687816650141031,0.825,0.7749999999999999
base_q0.9_s1,LO,284,0.825,1000,50,0.921,0.008931713732766,0.0631567534805588,-0.0056300995525653,0.3340591804390601,0.304152028092927,1.1922759501242737,0.3341788645743068,,,,,,35.469269397307215,,,11.38228383693844,0.002810046499595,0.5719242383465171,0.825,0.7999999999999999
base_q0.9_s1,LO,285,0.825,1000,50,0.928,0.0089397073412354,0.0632132768281073,-0.0076945545715174,0.3256759081745312,0.3010094768774652,1.1799571493596634,0.3257479128067433,,,,,,34.23715504561572,,,11.318403199724854,0.0027981678871437,0.5687183278733865,0.825,0.825
base_q0.9_s1,LO,286,0.825,1000,50,0.925,0.0081127262082861,0.0573656371578893,-0.0083234175990651,0.3320833355070172,0.2989726869253253,1.1719729327472752,0.3321451231371032,,,,,,34.65220049096985,,,11.384179286342114,0.002821787232533,0.5720307515496388,0.825,0.85
base_q0.9_s1,LO,287,0.825,1000,50,0.929,0.0083409489011399,0.0589794152952657,-0.0151505789480315,0.3608226855171095,0.3178935853445141,1.2461428545504951,0.3606848540003082,,,,,,36.95412159731401,,,11.32119962286204,0.0027998544480651,0.5688598355911673,0.85,0.7
base_q0.9_s1,LO,288,0.825,1000,50,0.932,0.0081766217264309,0.0578174466995658,-0.0079120626218997,0.6078332200006424,0.4202913437045666,1.6475420673219012,0.6080858417957196,,,,,,39.9563573801592,,,11.383570217452943,0.0028106565559282,0.5719891674285754,0.85,0.725
base_q0.9_s1,LO,289,0.825,1000,50,0.936,0.0080862695417628,0.0571785602748271,0.0121932125984776,0.3192417478704508,0.3050555917003272,1.1958179194652825,0.3191684314551588,,,,,,35.96121994962916,,,11.319417971093207,0.0027975568892434,0.5687684554439038,0.85,0.75
base_q0.9_s1,LO,290,0.825,1000,50,0.934,0.0082610470256005,0.058414423715031,0.0171183195529174,0.3108916466475127,0.298448978460595,1.1699199955655322,0.3105753308410265,,,,,,35.69831778146341,,,11.38481580602005,0.002822018764913,0.5720628090659156,0.85,0.7749999999999999
base_q0.9_s1,LO,291,0.825,1000,50,0.925,0.0077261813045656,0.0546323519313512,0.0007826660191812,0.3153867932972343,0.293479666051166,1.1504402909205704,0.3155436334404794,,,,,,34.628634657298505,,,11.319875607881697,0.0028002758156508,0.5687940562097356,0.85,0.7999999999999999
base_q0.9_s1,LO,292,0.825,1000,50,0.927,0.0074518864889971,0.0526927946900228,-0.0014089365137504,0.3178467803286899,0.288301092339755,1.1301402819718396,0.3180026986986027,,,,,,32.931912352511134,,,11.3836677400209,0.0028105664271861,0.5719939534282311,0.85,0.825
base_q0.9_s1,LO,293,0.825,1000,50,0.919,0.0079398247037658,0.056143038894653,-0.0015997935890929,0.3246304563110129,0.2919797047589559,1.1445604426551073,0.3247889494531112,,,,,,33.28421921409284,,,11.319757104627788,0.002797120720148,0.5687849759515374,0.85,0.85
base_q0.9_s1,LO,294,0.85,1000,50,0.933,0.0085248735701918,0.0602799591024061,-0.0219861854376199,0.3599610376807489,0.3288158771471385,1.2889582384167833,0.3594687386577257,,,,,,39.74317368415303,,,11.392157785687596,0.0028175241686403,0.5724254134530201,0.7,0.7
base_q0.9_s1,LO,295,0.85,1000,50,0.94,0.0065465367070797,0.0462910049886275,-0.0113100942340743,0.3478149104633283,0.3236224439372105,1.2685999802338652,0.347804919417481,,,,,,38.43628228245722,,,11.32591050285846,0.0028015477163717,0.5690970728592947,0.7,0.725
base_q0.9_s1,LO,296,0.85,1000,50,0.941,0.0070984332850313,0.0501935031164596,0.0047063142979443,0.3260258201455987,0.3154770207240063,1.236669921238105,0.3261549678763297,,,,,,38.135398003021095,,,11.38661269834265,0.002810191983357,0.5721408269004896,0.7,0.75
base_q0.9_s1,LO,297,0.85,1000,50,0.94,0.0076930925816207,0.0543983793275993,0.0052328459702771,0.473581415488484,0.3483118502245789,1.365382452880349,0.4737894583778722,,,,,,38.833202493371004,,,11.321935774181036,0.0027971097342669,0.5688938984433188,0.7,0.7749999999999999
base_q0.9_s1,LO,298,0.85,1000,50,0.923,0.0093906162454541,0.0664016842668119,0.0019804291786684,0.3668092178981804,0.3187376088392311,1.2494514266497865,0.3669874112218815,,,,,,37.85296806177424,,,11.387374905049802,0.0028171814773231,0.5721859267298132,0.7,0.7999999999999999
base_q0.9_s1,LO,299,0.85,1000,50,0.921,0.0083409489011399,0.0589794152952657,0.0061953455558735,0.3396677078313973,0.3113499713148431,1.2204918875541853,0.3397811364062701,,,,,,36.6252576006787,,,11.322520016115158,0.0028013895107433,0.5689273903165012,0.7,0.825
base_q0.9_s1,LO,300,0.85,1000,50,0.937,0.0077997906826963,0.0551528488357027,0.004887726007916,0.3284716992191679,0.3061951250704262,1.200284890276071,0.3285996729570292,,,,,,35.27087050011108,,,11.384598190877586,0.0028089668033644,0.5720388763472438,0.7,0.85
base_q0.9_s1,LO,301,0.85,1000,50,0.952,0.0053375833406484,0.0377424137532083,0.0104871329793301,0.3184869663803418,0.3175634783044436,1.2448488349534186,0.3184735360892896,,,,,,38.84663038117072,,,11.325448301807048,0.0027980777099728,0.5690704928003252,0.725,0.7
base_q0.9_s1,LO,302,0.85,1000,50,0.946,0.0072618657297936,0.0513491450160326,0.0015225878046403,0.3312024108195487,0.3150914286106217,1.235158400153637,0.33136463477601,,,,,,38.98226100667917,,,11.388338872902096,0.002817289667204,0.5722342333123088,0.725,0.725
base_q0.9_s1,LO,303,0.85,1000,50,0.935,0.0079859570624992,0.0564692439315782,-0.0008895068273604,0.3333283874794907,0.3142701634983249,1.2319390409134332,0.3334939893284432,,,,,,38.51067245282633,,,11.322947452720255,0.0028021846367046,0.5689495572727175,0.725,0.75
base_q0.9_s1,LO,304,0.85,1000,50,0.925,0.0095029533540357,0.0671960275793813,-0.001803281324946,0.3496337327082782,0.3152708466090354,1.2358617187074188,0.3498040281101246,,,,,,38.18869113540224,,,11.385656399410218,0.0028093403168022,0.5720921602873131,0.725,0.7749999999999999
base_q0.9_s1,LO,305,0.85,1000,50,0.936,0.0075646870256421,0.0534904149338544,-0.0077972148688218,0.3328606864883855,0.3119820034814356,1.222969453647228,0.3329358591923448,,,,,,37.67147762604049,,,11.320178733877835,0.0027973545994609,0.5688062912933528,0.725,0.7999999999999999
base_q0.9_s1,LO,306,0.85,1000,50,0.933,0.0076411880687521,0.0540313589973641,-0.0150740096095565,0.3237545876869696,0.3052655324130818,1.1966408870592808,0.3235652975589859,,,,,,36.18394843029223,,,11.385194734446705,0.0028168071629479,0.5720765438852832,0.725,0.825
base_q0.9_s1,LO,307,0.85,1000,50,0.933,0.0070869238598928,0.0501121191908296,-0.0171870511103529,0.3472680485889842,0.3067490710621385,1.2024563585635828,0.3470160269611464,,,,,,36.348883091262095,,,11.32136729652062,0.0028028126051649,0.5688711774311959,0.725,0.85
base_q0.9_s1,LO,308,0.85,1000,50,0.936,0.0078298226320255,0.0553652067859317,-0.0136464524353722,0.3403342103102105,0.3187592256354199,1.249536164490846,0.340230665798004,,,,,,38.54962063158714,,,11.387046578787269,0.0028091536099091,0.5721614825492725,0.75,0.7
base_q0.9_s1,LO,309,0.85,1000,50,0.939,0.0077314623587056,0.0546696946232927,-0.0261472586291272,0.3295822026281109,0.3162172737891051,1.2395717132532915,0.3287077698402215,,,,,,37.49024314383363,,,11.321356634814292,0.0027981769694015,0.5688660087101162,0.75,0.725
base_q0.9_s1,LO,310,0.85,1000,50,0.94,0.0076930925816207,0.0543983793275993,-0.0306755807534865,0.3330771558333908,0.3159115514396267,1.2383732816433366,0.3318275304936147,,,,,,38.255009619622896,,,11.385508436784148,0.0028173282574862,0.5720927500966937,0.75,0.75
base_q0.9_s1,LO,311,0.85,1000,50,0.935,0.0074573617920789,0.0527315109294049,-0.0046295260413889,0.3192174607954468,0.30803536688088,1.20749863817305,0.3193436003749333,,,,,,37.68161120330439,,,11.321352778803558,0.0028036258686333,0.5688712648088112,0.75,0.7749999999999999
base_q0.9_s1,LO,312,0.85,1000,50,0.92,0.0084515425472851,0.0597614304667196,-0.0045292241164661,0.3271347234207412,0.3054813013896396,1.1974867014473871,0.327267042510518,,,,,,36.896384418226496,,,11.383689373154192,0.0028099015429615,0.5719943702006712,0.75,0.7999999999999999
base_q0.9_s1,LO,313,0.85,1000,50,0.929,0.0083409489011399,0.0589794152952657,-0.0078143612440218,0.327802774876181,0.3022918394674062,1.1849840107122322,0.3278735977033574,,,,,,35.62890398678278,,,11.31962541555986,0.0027982532046735,0.5687795239826665,0.75,0.825
base_q0.9_s1,LO,314,0.85,1000,50,0.937,0.0072576490262174,0.051319328419103,-0.0074562578909424,0.3222062531276103,0.2993090800003137,1.1732915936012298,0.3222811488618426,,,,,,35.362032446023,,,11.384175250735131,0.0028175705829635,0.5720263331197202,0.75,0.85
base_q0.9_s1,LO,315,0.85,1000,50,0.938,0.0067853383354502,0.047979587496419,0.000538936640801,0.3237998429293364,0.3126824320488098,1.2257151336313346,0.3239614156457329,,,,,,37.556184342318375,,,11.323351323660464,0.0028031224012374,0.5689706885842606,0.7749999999999999,0.7
base_q0.9_s1,LO,316,0.85,1000,50,0.935,0.0073192505471139,0.0517549169506765,-0.0087176263214058,0.3304068632661227,0.3123878094521827,1.224560213052556,0.3304571079351502,,,,,,36.68801510674009,,,11.38562835983932,0.0028107425756752,0.5720921605676412,0.7749999999999999,0.725
base_q0.9_s1,LO,317,0.85,1000,50,0.938,0.0067853383354502,0.047979587496419,-0.0281237082273066,0.3424609429217249,0.3120528862338531,1.2232473140367042,0.3414749765678361,,,,,,37.23637032232332,,,11.320620660707355,0.0027979589188471,0.5688289919542149,0.7749999999999999,0.75
base_q0.9_s1,LO,318,0.85,1000,50,0.939,0.0067446123623502,0.0476916113789245,-0.0143979264285233,0.3292507641806995,0.3099178621114788,1.2148780194769973,0.3291003988156715,,,,,,37.60467748533864,,,11.38521162070334,0.0028169151358306,0.5720774961709976,0.7749999999999999,0.7749999999999999
base_q0.9_s1,LO,319,0.85,1000,50,0.939,0.0078623359461811,0.0555951106351144,-0.0014791309210617,0.3148957906634765,0.3078074544943715,1.2066052216179364,0.3150498810932505,,,,,,36.224555240822895,,,11.320182579774407,0.0028024969827383,0.5688116259714588,0.7749999999999999,0.7999999999999999
base_q0.9_s1,LO,320,0.85,1000,50,0.93,0.0094760708295868,0.0670059394260489,-0.0115602951661292,0.3227594760978126,0.3015982371429469,1.182265089600352,0.3227137790206303,,,,,,34.6651311283366,,,11.375995786841958,0.0028141975682228,0.5716139869103208,0.7749999999999999,0.825
base_q0.9_s1,LO,321,0.85,1000,50,0.919,0.0090226472426503,0.0637997504953217,-0.0067629722978923,0.3283664442157603,0.3014835755619681,1.181815616202915,0.3284610639987077,,,,,,34.55727117407128,,,11.31768311424181,0.0027928873011842,0.5686770430132747,0.7749999999999999,0.85
base_q0.9_s1,LO,322,0.85,1000,50,0.932,0.008893932809299,0.0628896020087289,-0.0064716822905961,0.3319065666198914,0.3116370088257889,1.2216170745970925,0.3320095128311,,,,,,37.42787531328099,,,11.385849471203985,0.0028143788641318,0.572106852424331,0.7999999999999999,0.7
base_q0.9_s1,LO,323,0.85,1000,50,0.938,0.008151624352964,0.0576406885766629,-0.020371558369709,0.3269911508667624,0.3129482189537575,1.2267570182987295,0.3265192600474607,,,,,,36.81394791508914,,,11.318318256679923,0.0028003864018246,0.5687162992358208,0.7999999999999999,0.725
base_q0.9_s1,LO,324,0.85,1000,50,0.932,0.0081766217264309,0.0578174466995658,-0.0292017086663731,0.3280611955370026,0.3092253300069345,1.2121632936271831,0.3269224472480382,,,,,,36.27756262214687,,,11.381745122838764,0.0028131767706945,0.5719004329126328,0.7999999999999999,0.75
base_q0.9_s1,LO,325,0.85,1000,50,0.929,0.0088167280709768,0.0623436820686551,-0.0194372570159167,0.3305383682454074,0.3067790773870672,1.2025739833573037,0.3301314779216737,,,,,,36.31304250467695,,,11.315667937677354,0.0027928830562159,0.5685762799400836,0.7999999999999999,0.7749999999999999
base_q0.9_s1,LO,326,0.85,1000,50,0.935,0.0086011389848516,0.0608192370211657,-0.0221673479546613,0.338330552254026,0.3086546779936478,1.2099263377350993,0.3377724996720512,,,,,,36.00856601207427,,,11.380692453719677,0.0028136064019054,0.5718482290878891,0.7999999999999999,0.7999999999999999
base_q0.9_s1,LO,327,0.85,1000,50,0.933,0.0070869238598928,0.0501121191908296,-0.0104898341225682,0.3056323104650116,0.2981972265951466,1.1689331282529745,0.3056050834775324,,,,,,34.94653058636302,,,11.313957735802978,0.0028000555876642,0.5684979423778131,0.7999999999999999,0.825
base_q0.9_s1,LO,328,0.85,1000,50,0.927,0.0082325883052708,0.0582131901737405,-0.011327698661546,0.3098989716557809,0.291972779899269,1.1445332972051347,0.3098468346413773,,,,,,34.50631268620292,,,11.379167197365314,0.002814323766157,0.5717726836344227,0.7999999999999999,0.85
base_q0.9_s1,LO,329,0.85,1000,50,0.938,0.007897299977763,0.0558423436734058,-0.0222893032454384,0.3260878571613861,0.3114195227409594,1.2207645291445608,0.3254879720802389,,,,,,36.76726989537725,,,11.31591460134834,0.0027931942967697,0.5685889243641868,0.825,0.7
base_q0.9_s1,LO,330,0.85,1000,50,0.929,0.0096985166128535,0.0685788686439911,-0.0234574763001033,0.3419381440005917,0.3134758721446031,1.2288254188068444,0.3413032801735968,,,,,,36.00401396482223,,,11.381542424447836,0.0028137631714344,0.5718908843938262,0.825,0.725
base_q0.9_s1,LO,331,0.85,1000,50,0.932,0.0081766217264309,0.0578174466995658,-0.0126437356547007,0.3376452468423502,0.306015008093179,1.1995788317252618,0.3375772608914834,,,,,,34.85848373884032,,,11.315221134591848,0.0028009686451405,0.568562025374733,0.825,0.75
base_q0.9_s1,LO,332,0.85,1000,50,0.923,0.0071727944060761,0.0507193156459335,-0.0069773213628277,0.3290620414891158,0.3009748258082966,1.1798213171685228,0.3291526782835066,,,,,,34.18825786309328,,,11.380827347096057,0.0028149163462221,0.5718562837010248,0.825,0.7749999999999999
base_q0.9_s1,LO,333,0.85,1000,50,0.937,0.0079295366207873,0.0560702911622581,-0.0285040060073701,0.325215609460124,0.2997561684394762,1.1750441802827467,0.3241261668704053,,,,,,33.09844112110532,,,11.314849225711075,0.002794044512324,0.5685365057978778,0.825,0.7999999999999999
base_q0.9_s1,LO,334,0.85,1000,50,0.939,0.0087236483661554,0.0616855091639546,-0.0129345331448158,0.3066202684328289,0.2976045925130176,1.1666100026510289,0.3065006190787245,,,,,,33.26676229630888,,,11.380504797939212,0.0028138167746365,0.5718390566715972,0.825,0.825
base_q0.9_s1,LO,335,0.85,1000,50,0.939,0.0067446123623502,0.0476916113789245,-0.0089366859345899,0.3164872492326726,0.2938009012850154,1.1516995330372606,0.3165193502306624,,,,,,33.760211385674005,,,11.31387732712552,0.0028010772326961,0.568494943588972,0.825,0.85
base_q0.9_s1,LO,336,0.85,1000,50,0.942,0.008,0.0565685424949238,-0.0181461037397352,0.3515588540165697,0.3114866549117452,1.221027687254041,0.3512659028300378,,,,,,36.77921146903774,,,11.382329287193716,0.0028164783008396,0.5719329426605254,0.85,0.7
base_q0.9_s1,LO,337,0.85,1000,50,0.929,0.0091573545774499,0.064752275194445,-0.0247154666475344,0.3386343615811251,0.3062148075231125,1.2003620454906012,0.3379002117563049,,,,,,36.07048019993459,,,11.31478942397982,0.0027939568506553,0.5685334280496463,0.85,0.725
base_q0.9_s1,LO,338,0.85,1000,50,0.941,0.0080419816828786,0.0568653978214146,-0.0270346019209658,0.3269929801603642,0.3035770625961932,1.1900220853770775,0.3260365611589345,,,,,,36.18536100812398,,,11.38052194295451,0.002814119324088,0.5718402164718137,0.85,0.75
base_q0.9_s1,LO,339,0.85,1000,50,0.925,0.0073192505471139,0.0517549169506765,-0.0183156043904818,0.3175501606160964,0.2949960001467666,1.156384320575325,0.317180148164272,,,,,,35.10870191648665,,,11.313964426256716,0.0028029821999371,0.5685012035127729,0.85,0.7749999999999999
base_q0.9_s1,LO,340,0.85,1000,50,0.933,0.0070869238598928,0.0501121191908296,-0.0129399661187226,0.3100538967490177,0.2911592740934799,1.1413443544464412,0.3099387652493652,,,,,,34.35175491158333,,,11.379467208180577,0.0028165327934548,0.5717898932024836,0.85,0.7999999999999999
base_q0.9_s1,LO,341,0.85,1000,50,0.924,0.0077248604769118,0.0546230122694433,-0.0189834120360393,0.3193296068025932,0.2957378836803295,1.159292504026892,0.3189243493193293,,,,,,34.08362105232969,,,11.31338386533782,0.002794386784546,0.568463580051437,0.85,0.825
base_q0.9_s1,LO,342,0.85,1000,50,0.926,0.0084804697598033,0.0599659767480438,-0.0134937615070129,0.3290757981674266,0.2945389490751589,1.154592680374623,0.3289635486741306,,,,,,34.96080123116539,,,11.380662041679024,0.0028118279026821,0.5718449299866333,0.85,0.85
base_q0.9_s1,PPCI,0,0.7,1000,50,0.949,0.0073526338471187,0.0519909725287938,0.0087157823515169,0.3198078424699179,0.3019669320123075,1.1837103734882453,0.3198490185038914,1.0,,,,,42.67682314656357,39.11577495735595,11.43144061790608,11.313084970954806,0.0028834192054346,0.5685376677531749,0.7,0.7
base_q0.9_s1,PPCI,1,0.7,1000,50,0.944,0.007645193234434,0.0540596797954985,0.0026137349765417,0.3086285784618209,0.3014277794032385,1.181596895260695,0.3087719351572898,1.0,,,,,42.55326768269291,38.80218154773109,11.282276696651564,11.310623371824622,0.002856205753982,0.5683873743452131,0.7,0.725
base_q0.9_s1,PPCI,2,0.7,1000,50,0.952,0.0072787081159182,0.0514682386704337,-0.0089205230552696,0.3154491594873217,0.3079506840685467,1.207166681548703,0.3154807832725987,1.0,,,,,44.21209930337826,40.3853840651616,11.881246399891245,11.379896659068764,0.0028746478436514,0.5718694807970895,0.7,0.75
base_q0.9_s1,PPCI,3,0.7,1000,50,0.959,0.0056586578058109,0.0400127530690311,-0.0131624919310996,0.3110365434082533,0.3023865217646156,1.1853551653172931,0.3109134080235312,1.0,,,,,43.0008243790085,38.94523368139649,11.91836920375025,11.302948545329272,0.0028778516938909,0.5680252789603546,0.7,0.7749999999999999
base_q0.9_s1,PPCI,4,0.7,1000,50,0.952,0.0055254513159467,0.0390708409462209,-0.0225336126958016,0.3099684425800518,0.2968661605101188,1.1637153491996657,0.3093029906651613,1.0,,,,,42.13810617665235,37.56186837772224,12.094890829035885,11.3296175455302,0.0028850753046572,0.5693659525811672,0.7,0.7999999999999999
base_q0.9_s1,PPCI,5,0.7,1000,50,0.959,0.0058361994902329,0.0412681623590122,-0.0223247924463315,0.2900973066339188,0.2912126560348934,1.141553611656782,0.2893817422561994,1.0,,,,,41.734922005009125,36.18387825831768,11.531709395819323,11.322505639921872,0.0028526284452527,0.5689779104413465,0.7,0.825
base_q0.9_s1,PPCI,6,0.7,1000,50,0.96,0.0060609152673132,0.0428571428571428,-0.0211176304383109,0.2922621572200621,0.2903697785980385,1.1382495321043111,0.2916440818842263,1.0,,,,,41.77233902302105,36.0942409241716,11.393959531556176,11.398826155532152,0.0028741977196186,0.5728155054962263,0.7,0.85
base_q0.9_s1,PPCI,7,0.7,1000,50,0.949,0.0073526338471187,0.0519909725287938,-0.0083672983988528,0.3121009947836535,0.3084315638062007,1.2090517301203072,0.3121449242197714,1.0,,,,,45.1283953366531,40.9727248728906,11.65991095802974,11.329686096403748,0.0028778489474207,0.5693621537676081,0.725,0.7
base_q0.9_s1,PPCI,8,0.7,1000,50,0.946,0.0084322026076421,0.0596246764420263,-0.0067086085102438,0.3156582483058149,0.3048175646837744,1.1948848535603962,0.3157448639557994,1.0,,,,,44.13639374825094,39.980794492637024,11.800802088025916,11.353816805463284,0.0028885903432965,0.5705794306164608,0.725,0.725
base_q0.9_s1,PPCI,9,0.7,1000,50,0.962,0.0066332495807108,0.0469041575982343,-0.0194204143761641,0.3142493402296966,0.300344974257981,1.1773522990912852,0.3138056234511536,1.0,,,,,43.24760835981319,38.740729786452825,12.19067695757634,11.325404402539132,0.0028516489285975,0.5691218690555543,0.725,0.75
base_q0.9_s1,PPCI,10,0.7,1000,50,0.961,0.0059401779675119,0.0420034012228261,-0.0220328623919401,0.2922630245822413,0.2946665958304107,1.15509305565521,0.2915771694741139,1.0,,,,,42.26012340713498,37.21831980006359,11.780304048750962,11.403492721989752,0.0028748350692912,0.5730494711687789,0.725,0.7749999999999999
base_q0.9_s1,PPCI,11,0.7,1000,50,0.96,0.0063887656499993,0.0451753951452625,-0.0248901316638345,0.2958172527508892,0.2907362677384481,1.1396861695347162,0.2949157569112152,1.0,,,,,41.30530993681712,36.07132569647504,11.861156895647383,11.32543332450092,0.0028765196604654,0.5691481858855114,0.725,0.7999999999999999
base_q0.9_s1,PPCI,12,0.7,1000,50,0.956,0.0063310056589029,0.0447669703314068,-0.0101448221228664,0.2925288634533962,0.2865764151991951,1.1233795475808448,0.2924991868565498,1.0,,,,,40.383356683975656,35.23751438258744,11.31155492612741,11.388528907243163,0.0028939040871337,0.5723203494492919,0.725,0.825
base_q0.9_s1,PPCI,13,0.7,1000,50,0.962,0.0054510811509539,0.0385449644663772,-0.0115269970914581,0.2929940314750489,0.2851248303064078,1.1176893348011183,0.2929136890746193,1.0,,,,,40.23868204025548,34.807164462645844,11.146076019499338,11.320612188875677,0.0028526673195883,0.568883276763372,0.725,0.85
base_q0.9_s1,PPCI,14,0.7,1000,50,0.946,0.0074010479125649,0.052333311668612,-0.0070861453986881,0.3095394736010295,0.2938859276297034,1.1520328363084378,0.3096131983510785,1.0,,,,,40.61171852581544,36.890243012047605,11.17700989539878,11.406500699464232,0.0028743935404345,0.5731994285136461,0.75,0.7
base_q0.9_s1,PPCI,15,0.7,1000,50,0.964,0.0055402055513329,0.0391751691451488,-0.0153390446494601,0.2921638223007373,0.2903851088053191,1.1383096265168509,0.2919068728087978,1.0,,,,,40.48862465672818,36.03125188395581,11.12298072561757,11.329570569768547,0.0028780121402814,0.5693565406287089,0.75,0.725
base_q0.9_s1,PPCI,16,0.7,1000,50,0.96,0.0057142857142857,0.0404061017820884,-0.0259473679107377,0.2905321117395683,0.2884487244877449,1.13071899999196,0.2895159089098035,1.0,,,,,40.131695442348295,35.45645237096636,11.432109940607177,11.391891571823509,0.0028941081315279,0.5724886867227033,0.75,0.75
base_q0.9_s1,PPCI,17,0.7,1000,50,0.956,0.0064901809666288,0.0458925097263114,-0.0257982696660879,0.2909724637014437,0.2888643460408333,1.1323482364800666,0.2899715631267072,1.0,,,,,40.70148413441759,35.546142972177925,11.600282227126913,11.323543269000949,0.0028546880166977,0.5690318514667451,0.75,0.7749999999999999
base_q0.9_s1,PPCI,18,0.7,1000,50,0.953,0.0077472839216892,0.05478156996804,-0.0071526640524963,0.295984025144348,0.2836192041811824,1.111787280390235,0.2960456477693353,1.0,,,,,39.632713250875966,34.3256383542564,11.159266428174872,11.40097208281979,0.0028769395500421,0.5729255436910317,0.75,0.7999999999999999
base_q0.9_s1,PPCI,19,0.7,1000,50,0.952,0.0071371405695981,0.0504672049504448,0.0088764443782973,0.2900778427296123,0.2817181173715526,1.1043350200964868,0.2900870801879267,1.0,,,,,39.29550362470637,33.98759443118372,10.584651152263891,11.321849638037383,0.002878602201119,0.5689710841029881,0.75,0.825
base_q0.9_s1,PPCI,20,0.7,1000,50,0.948,0.0076877851697564,0.0543608502584012,0.003278030926727,0.2886020205314388,0.2810993131450165,1.1019093075284647,0.2887278034976628,1.0,,,,,39.18888168909096,33.84530973866793,10.52323312356019,11.384494766872375,0.0028936391221359,0.5721183774657547,0.75,0.85
base_q0.9_s1,PPCI,21,0.7,1000,50,0.95,0.0062269984907723,0.0440315285926355,-0.0167425381804126,0.3094045831299488,0.2951374390793946,1.1569387611912263,0.3091058555042298,1.0,,,,,41.79437776298266,37.29780301807784,11.727548058989978,11.325388521719724,0.0028525532400235,0.5691219793260097,0.7749999999999999,0.7
base_q0.9_s1,PPCI,22,0.7,1000,50,0.955,0.0064285714285714,0.0454568645048494,-0.0264454511674417,0.3030054998435267,0.2926278037881109,1.1471009908493948,0.302000290104495,1.0,,,,,41.990851153772375,36.7232112017896,11.792105388943906,11.403386851921676,0.002870636162348,0.5730399787584319,0.7749999999999999,0.725
base_q0.9_s1,PPCI,23,0.7,1000,50,0.963,0.0056802558148774,0.0401654740557415,-0.01321612777405,0.2926996630653686,0.2884408764410276,1.1306882356488284,0.2925474504007448,1.0,,,,,41.61373761940165,35.73364290014478,11.430740979164762,11.325569983161984,0.0028782368944957,0.569156736052595,0.7749999999999999,0.75
base_q0.9_s1,PPCI,24,0.7,1000,50,0.952,0.0060541771715477,0.0428094973250619,-0.0239011829219298,0.3000983309671325,0.2891006782086531,1.13327465857792,0.2992947026313935,1.0,,,,,41.87383439824085,35.80939218669704,11.941283517754798,11.38879695089534,0.002894205010496,0.572334052555263,0.7749999999999999,0.7749999999999999
base_q0.9_s1,PPCI,25,0.7,1000,50,0.954,0.0074010479125649,0.052333311668612,-0.0242574694152475,0.2947256457576548,0.291298457150719,1.1418899520308186,0.2938726638995576,1.0,,,,,42.06680837732511,36.17951347922833,11.624412131921613,11.321845876891166,0.0028537741266191,0.5689460679711774,0.7749999999999999,0.7999999999999999
base_q0.9_s1,PPCI,26,0.7,1000,50,0.956,0.0066455447712074,0.0469910977239957,-0.0179752977976207,0.291187378945115,0.2870753414583675,1.1253353385168012,0.2907774576129805,1.0,,,,,40.86829765560066,35.21108927369711,11.076438778367043,11.399210686925798,0.002872252148576,0.572832786494866,0.7749999999999999,0.825
base_q0.9_s1,PPCI,27,0.7,1000,50,0.955,0.0070348984298543,0.0497442438470861,-0.0223206785649878,0.2867845444957548,0.2868765241480253,1.1245559746602591,0.2860576712156087,1.0,,,,,40.98534837643456,35.289625991541484,10.921602619105192,11.32071271026507,0.0028781392527744,0.568913774766028,0.7749999999999999,0.85
base_q0.9_s1,PPCI,28,0.7,1000,50,0.957,0.0063903626418128,0.0451866875826706,-0.0215152730766343,0.3011005481334487,0.2984295364739079,1.169843782977719,0.3004811508776113,1.0,,,,,42.80282385802083,37.92857437476464,11.377056687887643,11.390100593771786,0.002893249137327,0.5723982788259163,0.7999999999999999,0.7
base_q0.9_s1,PPCI,29,0.7,1000,50,0.964,0.0053528554271986,0.0378504037128336,-0.0210847940865167,0.2945782950360734,0.294107713660779,1.1529022375502536,0.2939697630476226,1.0,,,,,41.89315031905105,36.66247865653341,11.362545945486476,11.323432474583388,0.0028526674434542,0.5690242911726237,0.7999999999999999,0.725
base_q0.9_s1,PPCI,30,0.7,1000,50,0.961,0.0062743403588564,0.0443662861521986,-0.002354797900329,0.2880737449441575,0.2883113873801177,1.1301806385300617,0.2882082605590176,1.0,,,,,41.05942643750629,35.26778112442994,10.87671116215658,11.399855799209329,0.0028722442118451,0.5728650341723114,0.7999999999999999,0.75
base_q0.9_s1,PPCI,31,0.7,1000,50,0.949,0.008267220740703,0.0584580784731717,-0.0112426209647994,0.2894755177476533,0.286817093352349,1.1243230059412082,0.2894018525880496,1.0,,,,,41.21278572676219,35.0394305274309,11.198905650062756,11.32237576553598,0.0028781001418828,0.568996888418682,0.7999999999999999,0.7749999999999999
base_q0.9_s1,PPCI,32,0.7,1000,50,0.951,0.0078882501098734,0.0557783514438703,-0.0012912683930768,0.2873205019876869,0.2861537606428407,1.1217227417199356,0.2874613670146292,1.0,,,,,41.09265032668516,35.014180907564715,10.818216809761088,11.385795081909746,0.0028930765520781,0.5721828306475655,0.7999999999999999,0.7999999999999999
base_q0.9_s1,PPCI,33,0.7,1000,50,0.948,0.006540298938434,0.0462468973035389,0.0120160107071187,0.2920371822326786,0.2806180932569094,1.1000229255670848,0.2919358796909693,1.0,,,,,39.54195049903463,33.689605927170305,10.207998331715288,11.318800578024238,0.0028552307020872,0.5687952596032991,0.7999999999999999,0.825
base_q0.9_s1,PPCI,34,0.7,1000,50,0.944,0.0072337079435269,0.051150039399909,0.0128984937620648,0.2974303091969447,0.2801774671772069,1.0982956713346512,0.2972991834703759,1.0,,,,,39.11784241836904,33.62586217825619,9.987955324190072,11.396337149236352,0.0028732956219464,0.5726901530837641,0.7999999999999999,0.85
base_q0.9_s1,PPCI,35,0.7,1000,50,0.942,0.0082511594732535,0.0583445081618918,-0.006070437626595,0.308585231738594,0.290436006543026,1.1385091456486618,0.3086798961910151,1.0,,,,,41.11713772266534,35.864712393738245,11.124050154025952,11.32422521976754,0.0028789909975603,0.5690902519859373,0.825,0.7
base_q0.9_s1,PPCI,36,0.7,1000,50,0.94,0.0083299312783504,0.0589015089373951,-0.0101358855497614,0.3027907988884393,0.2866979842475298,1.1238560982503167,0.3027725266904842,1.0,,,,,40.49922727444411,35.075212077558106,11.093925549762924,11.389627513587476,0.0029020651150494,0.5723834407944233,0.825,0.725
base_q0.9_s1,PPCI,37,0.7,1000,50,0.953,0.0069119830876588,0.0488751011273028,-0.0003491547326958,0.2966140120604503,0.2875314243033994,1.1271231832693256,0.2967622247854825,1.0,,,,,40.98979483388344,35.38436114880763,10.805123953742456,11.323608822822573,0.0028637108532711,0.5690441519943997,0.825,0.75
base_q0.9_s1,PPCI,38,0.7,1000,50,0.963,0.0058571428571428,0.0414162543266406,-0.0040062904755913,0.2829079708219322,0.2850418076701799,1.1173638860671051,0.2830211486122022,1.0,,,,,40.40805748097221,34.78663091948777,10.5547106869538,11.402746400199833,0.0028836110588163,0.5730209310688078,0.825,0.7749999999999999
base_q0.9_s1,PPCI,39,0.7,1000,50,0.963,0.005113008619478,0.0361544306709821,0.0087211154935665,0.2876026521629767,0.2837156356596515,1.1121652917858338,0.2876142375219825,1.0,,,,,40.20002739047073,34.48198597358623,10.255629852655588,11.324476903639734,0.0028915134202688,0.5691153586022557,0.825,0.7999999999999999
base_q0.9_s1,PPCI,40,0.7,1000,50,0.956,0.0067973584304973,0.048064582403602,0.0107027060311183,0.2832771311740346,0.2829962731191532,1.1093453906270807,0.2832165191625113,1.0,,,,,39.87621002828536,34.407387134922885,9.831327050670415,11.351155987065283,0.0029251766307279,0.5704829759839922,0.825,0.825
base_q0.9_s1,PPCI,41,0.7,1000,50,0.952,0.0058832172234211,0.0416006279387458,0.0120388635550686,0.2865886090762818,0.2793334231281628,1.094987018662398,0.2864789115857634,1.0,,,,,38.73058012734542,33.571991300723695,9.49743092594045,11.329320238586517,0.0028956818366423,0.5693616937659681,0.825,0.85
base_q0.9_s1,PPCI,42,0.7,1000,50,0.954,0.0063631592718057,0.0449943307086389,0.0025125783934469,0.2969804271781761,0.2859664786544337,1.1209885963253798,0.2971183946125953,1.0,,,,,40.379966263593545,35.253962678504806,10.505304253601636,11.40589140173048,0.0029183274349197,0.5732128975214438,0.85,0.7
base_q0.9_s1,PPCI,43,0.7,1000,50,0.948,0.0069927075717259,0.0494459094282193,0.0146217357258659,0.2987236429657565,0.2804159570656639,1.099230551697403,0.2985148754114904,1.0,,,,,38.94049740135905,33.70464026333278,10.227103168892477,11.331802552379669,0.0029192119371145,0.569509339556098,0.85,0.725
base_q0.9_s1,PPCI,44,0.7,1000,50,0.951,0.0064665544558607,0.045725445066512,0.00360021427674,0.287196044903453,0.2800356389071683,1.0977397045161,0.2873171728650602,1.0,,,,,38.65845625838956,33.47549802874627,10.261747565737696,11.364353681448849,0.0028958421610295,0.5711135262334719,0.85,0.75
base_q0.9_s1,PPCI,45,0.7,1000,50,0.956,0.0066455447712074,0.0469910977239957,-0.0001044404297096,0.281950399934082,0.2790469174599714,1.093863916443088,0.2820914616004769,1.0,,,,,38.27692503584614,33.20893716265881,10.126652976711048,11.321989606544376,0.0028593167131766,0.5689587970403954,0.85,0.7749999999999999
base_q0.9_s1,PPCI,46,0.7,1000,50,0.953,0.0073415229471597,0.0519124066017332,0.007399057431989,0.2859573991679559,0.278678887863059,1.0924212404231914,0.2860046971201602,1.0,,,,,38.22283220088037,33.1702585848061,9.748442475164186,11.399235685225577,0.0028729446558281,0.5728347289171071,0.85,0.7999999999999999
base_q0.9_s1,PPCI,47,0.7,1000,50,0.956,0.0075105368160542,0.0531075151298317,0.0284785637836103,0.2870534878999092,0.2795026186582554,1.0956502651403608,0.285780241911496,1.0,,,,,38.82317229533923,33.69869009519553,9.172337856442594,11.323211425207557,0.0028832846079021,0.56904385586828,0.85,0.825
base_q0.9_s1,PPCI,48,0.7,1000,50,0.947,0.0086200999094546,0.060953311004809,0.0449993823277517,0.2879718252539718,0.2785224945819768,1.091808178761349,0.2845765477718898,1.0,,,,,38.19293156358101,33.511419429796774,8.699270185693054,11.3852432301268,0.0028919336562976,0.5721540951626375,0.85,0.85
base_q0.9_s1,PPCI,49,0.725,1000,50,0.946,0.0069751746375621,0.0493219328618059,-0.0050967850618726,0.3151698339309138,0.3040014926444706,1.1916858511663244,0.3152863023579162,1.0,,,,,42.8416111697923,39.51221629098077,11.992904766473533,11.331251285225154,0.0028600123748183,0.5694225766360761,0.7,0.7
base_q0.9_s1,PPCI,50,0.725,1000,50,0.946,0.0072618657297936,0.0513491450160326,-0.0104511740506774,0.3157479069036403,0.3038122972924496,1.190944205386402,0.3157327998100105,1.0,,,,,43.25479865787892,39.4768940783564,12.110344951871612,11.405900536552071,0.0028682133024558,0.5731632401300594,0.7,0.725
base_q0.9_s1,PPCI,51,0.725,1000,50,0.947,0.006762743073454,0.0478198148666172,-0.0198625203948563,0.3085281741700382,0.2992636330209379,1.1731134414420767,0.3080422122774834,1.0,,,,,42.52459683223834,38.470563704435406,12.24398285694628,11.329615317694843,0.0028775029284879,0.5693582688132302,0.7,0.75
base_q0.9_s1,PPCI,52,0.725,1000,50,0.958,0.0066024114333093,0.0466860989667662,-0.0196537694871799,0.2994014829030535,0.2936117894681939,1.1509582147153206,0.2989052050920548,1.0,,,,,41.21882366316888,36.89898986910687,12.00901014432004,11.392480253633112,0.0028921958552673,0.572516208536923,0.7,0.7749999999999999
base_q0.9_s1,PPCI,53,0.725,1000,50,0.967,0.0058221953920899,0.0411691384313987,-0.0149006628571928,0.289540074763112,0.2904874641873172,1.1387108596142834,0.2893010892833024,1.0,,,,,40.512973759458966,35.97924184415443,11.625160468350291,11.324915141873062,0.002859399376437,0.5691051564700902,0.7,0.7999999999999999
base_q0.9_s1,PPCI,54,0.725,1000,50,0.965,0.0059333027592271,0.041954786158824,-0.0123416216932397,0.2964211650460074,0.2870532830661821,1.125248869619434,0.2963123224802962,1.0,,,,,39.73624620005775,35.33133597434328,11.580653698043228,11.400955056603998,0.0028694470571354,0.5729171998873354,0.7,0.825
base_q0.9_s1,PPCI,55,0.725,1000,50,0.965,0.0059333027592271,0.041954786158824,0.0020726189248191,0.286569269232766,0.2840391176507174,1.1134333411908122,0.2867051624396805,1.0,,,,,39.242517438029935,34.562315584293444,10.916539381510391,11.324422673881054,0.0028775078067556,0.5690986415008082,0.7,0.85
base_q0.9_s1,PPCI,56,0.725,1000,50,0.951,0.0061428571428571,0.043436559415745,0.0015611441132268,0.3033489236708823,0.3011605161538885,1.1805492233232435,0.303496692838496,1.0,,,,,42.08169187755292,38.84128346535926,11.360739136818554,11.394814978390931,0.0028923860220238,0.5726331349415705,0.725,0.7
base_q0.9_s1,PPCI,57,0.725,1000,50,0.943,0.0067021166318513,0.0473911211868524,0.003224343352228,0.3048933713878216,0.2981904344778869,1.1689065031533168,0.3050288742731077,1.0,,,,,41.49514031800822,37.89494238252004,11.449747492272683,11.328325469549746,0.0028597944267094,0.5692760679041967,0.725,0.725
base_q0.9_s1,PPCI,58,0.725,1000,50,0.95,0.0067005939426048,0.0473803541479342,-0.0097506958886325,0.3020554877712315,0.2946910380850804,1.1551888692935153,0.3020491272917399,1.0,,,,,41.12939579605796,37.13917246782186,11.902313248791147,11.404998137764633,0.0028781152777373,0.573128022165969,0.725,0.75
base_q0.9_s1,PPCI,59,0.725,1000,50,0.952,0.0069927075717259,0.0494459094282193,-0.0077597476068995,0.29908034840783,0.2903894055438358,1.138326469731836,0.2991292687790121,1.0,,,,,40.441004281348754,35.984803530773874,11.89884117824155,11.326483660191297,0.0028780429251492,0.569202225934714,0.725,0.7749999999999999
base_q0.9_s1,PPCI,60,0.725,1000,50,0.942,0.0067551945243067,0.0477664385637156,0.0017837010749689,0.3050172940712006,0.2876639086716202,1.127642521992751,0.305164699116033,1.0,,,,,39.81304775726068,35.313183154731014,11.551755391224331,11.389209218136966,0.0028913694564253,0.5723518303632736,0.725,0.7999999999999999
base_q0.9_s1,PPCI,61,0.725,1000,50,0.953,0.0066101344578624,0.0467407089970939,0.00389473745422,0.2962364717151021,0.2839402251176152,1.1130456824610515,0.2963590843913453,1.0,,,,,39.34490966862322,34.58798573986592,11.080201166115843,11.32294640744105,0.0028563436968252,0.5690036640688777,0.725,0.825
base_q0.9_s1,PPCI,62,0.725,1000,50,0.95,0.0065465367070797,0.0462910049886275,-0.0080790649551731,0.2863038282416394,0.2842718394233924,1.114345610539698,0.2863330183067277,1.0,,,,,39.50884224498297,34.638785048275615,10.98422929612085,11.4008699410595,0.0028833649745211,0.5729268620274962,0.725,0.85
base_q0.9_s1,PPCI,63,0.725,1000,50,0.947,0.0070580681868774,0.0499080787701812,-0.0141853388845371,0.3059579922099776,0.2976329374893897,1.1667211149584076,0.3057819022270958,1.0,,,,,41.67401741580764,37.683830626752986,11.70890096327911,11.32872217124328,0.0028772665075957,0.5693133750697598,0.75,0.7
base_q0.9_s1,PPCI,64,0.725,1000,50,0.958,0.0057782138331876,0.0408581418459288,-0.0066187911823231,0.2965095349017463,0.2907945564938912,1.1399146614560536,0.2965839812749226,1.0,,,,,40.042127779276925,35.866626726059884,11.360218438944448,11.392077721245586,0.0028917529471218,0.5724956390094011,0.75,0.725
base_q0.9_s1,PPCI,65,0.725,1000,50,0.965,0.0052000784923432,0.0367701076463821,-0.0043392932723566,0.2853294882927598,0.2894077902846594,1.1344785379158648,0.2854392457008862,1.0,,,,,40.47399304318932,35.6070936154228,11.282713834896258,11.325851340610534,0.0028550650924444,0.569147632122971,0.75,0.75
base_q0.9_s1,PPCI,66,0.725,1000,50,0.963,0.0056802558148774,0.0401654740557415,-0.0131142213150439,0.2892204294041839,0.2912056537532285,1.1415261627126556,0.2890675250145866,1.0,,,,,41.43441212503963,35.98615267312494,11.66074413228547,11.402652467209846,0.0028813081867992,0.5730139315472916,0.75,0.7749999999999999
base_q0.9_s1,PPCI,67,0.725,1000,50,0.965,0.0055787497685047,0.0394477179185259,-0.0225401681357102,0.291972623973814,0.2902395775150362,1.137739143858942,0.2912469377509701,1.0,,,,,41.37914316017648,35.94922647428785,11.831153304647051,11.323892327733338,0.0028772871661931,0.5690719035528601,0.75,0.7999999999999999
base_q0.9_s1,PPCI,68,0.725,1000,50,0.95,0.0071428571428571,0.0505076272276105,-0.0127907404681274,0.2990702002542603,0.2889817801818108,1.1328085783126984,0.2989460660199246,1.0,,,,,40.638416058363084,35.700690668270525,11.575920076655532,11.38823001395911,0.0028934918995946,0.5723049925975501,0.75,0.825
base_q0.9_s1,PPCI,69,0.725,1000,50,0.949,0.0059744353332361,0.0422456373789178,0.0106651971090413,0.2882903897358783,0.2790232953327727,1.0937713177044688,0.2882371993129229,1.0,,,,,37.82969226519718,33.28234562452805,10.388327754267246,11.322912989947945,0.0028603927260264,0.5690060422234237,0.75,0.85
base_q0.9_s1,PPCI,70,0.725,1000,50,0.951,0.0059744353332361,0.0422456373789178,0.0220078596660644,0.2952014726982567,0.2900223372363547,1.1368875619665104,0.2945272651318456,1.0,,,,,40.21921274448572,35.66762801747881,10.44858818923944,11.405202168039978,0.0028805820643901,0.5731406904663892,0.7749999999999999,0.7
base_q0.9_s1,PPCI,71,0.725,1000,50,0.957,0.0058918830363717,0.0416619044897648,0.0089755323938416,0.2895716655485144,0.289239217090726,1.133817730995646,0.2895773546932476,1.0,,,,,40.61568961676284,35.63664094880167,10.944732882922745,11.326520234402269,0.0028786436496302,0.5692046553697436,0.7749999999999999,0.725
base_q0.9_s1,PPCI,72,0.725,1000,50,0.962,0.0054510811509539,0.0385449644663772,0.0013405737741544,0.2932761267971341,0.287384324185771,1.1265465508082224,0.2934198094806832,1.0,,,,,40.18963737983562,35.15970819924161,11.312200051944249,11.389229203537106,0.0028928609406575,0.5723543211175128,0.7749999999999999,0.75
base_q0.9_s1,PPCI,73,0.725,1000,50,0.963,0.0056802558148774,0.0401654740557415,-0.0251546234080003,0.2905056780550692,0.2863296444713006,1.1224122063274982,0.28955938690013,1.0,,,,,40.19881689561476,34.968303484279375,11.896462128018715,11.32170447697863,0.0028561044111847,0.5689413282601162,0.7749999999999999,0.7749999999999999
base_q0.9_s1,PPCI,74,0.725,1000,50,0.964,0.0074285714285714,0.0525279323167149,-0.0085831925105023,0.2862048779111943,0.2859008277133125,1.1207312446361852,0.2862192908050019,1.0,,,,,40.49333950129009,34.85998116151762,11.24476275885533,11.398524166494608,0.0028831617869436,0.5728093701116741,0.7749999999999999,0.7999999999999999
base_q0.9_s1,PPCI,75,0.725,1000,50,0.954,0.0080609919883805,0.0569998209807428,-0.0012980089271592,0.2874833180613365,0.2816070489341449,1.103899631821848,0.2876242358310891,1.0,,,,,38.945802108749504,33.74991639950416,10.726316702506068,11.31981656488031,0.0028783623231574,0.5688691905671731,0.7749999999999999,0.825
base_q0.9_s1,PPCI,76,0.725,1000,50,0.948,0.0076877851697564,0.0543608502584012,0.0087203731383919,0.2853278034939596,0.2787009516383376,1.0925077304222832,0.2853372178088266,1.0,,,,,37.93580064815692,33.12591674239526,9.9432657571763,11.383971631117165,0.0028937872378155,0.5720923687936738,0.7749999999999999,0.85
base_q0.9_s1,PPCI,77,0.725,1000,50,0.948,0.0055254513159467,0.0390708409462209,0.0026005532960307,0.2942374202652836,0.2855363170932108,1.1193023630053862,0.2943731512198127,1.0,,,,,39.13423178239816,34.583905552864096,10.667450315199188,11.322810856420547,0.0028536217641085,0.5689941645851359,0.7999999999999999,0.7
base_q0.9_s1,PPCI,78,0.725,1000,50,0.944,0.0067973584304973,0.048064582403602,-0.0042650216394004,0.2959525067408968,0.2864217443648328,1.122773237910145,0.2960698451207516,1.0,,,,,39.89027597016467,34.91603390247485,11.085040958488571,11.401475406475363,0.0028826593793928,0.5729564297031612,0.7999999999999999,0.725
base_q0.9_s1,PPCI,79,0.725,1000,50,0.949,0.0074901295593819,0.0529632140340474,-0.0099299034590344,0.2981080322937751,0.2879158486116382,1.1286301265576222,0.2980916882268787,1.0,,,,,40.22012384450949,35.21335631956818,11.34139159779617,11.324448433592917,0.0028791559003293,0.5691015775799751,0.7999999999999999,0.75
base_q0.9_s1,PPCI,80,0.725,1000,50,0.943,0.0083311561781847,0.0589101702871864,-0.0178518174455766,0.3010376314365591,0.2851392592117813,1.1177458961101827,0.300658217114287,1.0,,,,,39.7139447715312,34.57788739880907,11.545657089081256,11.378278838377446,0.0028820400042459,0.5717959819231182,0.7999999999999999,0.7749999999999999
base_q0.9_s1,PPCI,81,0.725,1000,50,0.951,0.0077578137042202,0.0548560267743607,-0.0064897261379402,0.2889581147310126,0.2838310883915629,1.1126178664949269,0.2890297800180681,1.0,,,,,39.56209052346618,34.51060104826053,10.921303884713693,11.32120876999572,0.0028710022512823,0.5689314407510683,0.7999999999999999,0.7999999999999999
base_q0.9_s1,PPCI,82,0.725,1000,50,0.95,0.0072843135908468,0.0515078753637712,0.0061065577047241,0.2858342535686727,0.2787859066481722,1.092840754060835,0.2859120076917048,1.0,,,,,37.9533080679708,33.17296375565459,10.195969238862588,11.397487645503134,0.0028854961013421,0.5727598783764988,0.7999999999999999,0.825
base_q0.9_s1,PPCI,83,0.725,1000,50,0.95,0.0060609152673132,0.0428571428571428,0.0020354213763607,0.2760652460083697,0.2749760345903234,1.0779060555940678,0.2761958748329834,1.0,,,,,36.87004770638123,32.43813014293998,9.676818845160124,11.318547419253736,0.0028756512422114,0.5688030222048983,0.7999999999999999,0.85
base_q0.9_s1,PPCI,84,0.725,1000,50,0.952,0.009030560359588,0.0638557046817914,-0.005125140534162,0.2914544583233217,0.2895121739003659,1.1348877216894349,0.2915552068643186,1.0,,,,,40.45268596005661,35.81574915179151,10.77162930756729,11.386789449490609,0.0028804826531559,0.5722199551276862,0.825,0.7
base_q0.9_s1,PPCI,85,0.725,1000,50,0.955,0.0077261813045656,0.0546323519313512,-0.0021478757952828,0.2881784724233924,0.2856965039004225,1.119930295289656,0.2883146613368627,1.0,,,,,39.62805780966294,34.9066330902642,10.751675970132888,11.321433586664496,0.0028715447187423,0.5689432240519673,0.825,0.725
base_q0.9_s1,PPCI,86,0.725,1000,50,0.956,0.0064901809666288,0.0458925097263114,0.0155390764309771,0.2773312156593792,0.2821814613018991,1.1061513283034443,0.2770340920734346,1.0,,,,,38.7024526704489,33.98920266021772,10.129930382881405,11.397228908035904,0.0028868324719369,0.5727482778737322,0.825,0.75
base_q0.9_s1,PPCI,87,0.725,1000,50,0.961,0.0059401779675119,0.0420034012228261,0.0327910888627425,0.2785817579280311,0.2820979327332347,1.1058238963142804,0.276783578795706,1.0,,,,,39.07784983269047,34.17779047808376,9.782175333834203,11.318619180992243,0.002875397122465,0.5688063561720773,0.825,0.7749999999999999
base_q0.9_s1,PPCI,88,0.725,1000,50,0.955,0.0057587555344989,0.0407205508963977,0.031328127534092,0.2803580094923346,0.2800642216796692,1.0978517489843032,0.2787415626893164,1.0,,,,,38.722839242807325,33.845044909968976,9.583596185976074,11.383998098168522,0.0028809962803497,0.5720809011887759,0.825,0.7999999999999999
base_q0.9_s1,PPCI,89,0.725,1000,50,0.951,0.0063067828727554,0.0445956893679656,0.0241757603055195,0.2882190080805451,0.2778205302855906,1.089056478719515,0.2873469984706879,1.0,,,,,37.70705719426858,33.46811080972411,9.46158572401438,11.318264531865715,0.0028726103398948,0.5687858369331807,0.825,0.825
base_q0.9_s1,PPCI,90,0.725,1000,50,0.945,0.0068883219721378,0.0487077917749494,0.0272755001646024,0.2834566903136549,0.2718926122562756,1.0658190400446002,0.2822825283295836,1.0,,,,,36.05589217423434,32.14615047918364,8.917339835051498,11.395150431655347,0.0028843105034902,0.5726418320862576,0.825,0.85
base_q0.9_s1,PPCI,91,0.725,1000,50,0.952,0.0075538880379441,0.0534140545595426,0.0214273068033708,0.3016428381462912,0.2899854288525351,1.1367428811019376,0.3010313807899837,1.0,,,,,40.32633411626001,35.89975613978844,10.189461051704544,11.321607288960369,0.0028777089221403,0.5689580733701587,0.85,0.7
base_q0.9_s1,PPCI,92,0.725,1000,50,0.948,0.007948815853282,0.0562066159225885,0.014424215697109,0.2843538892482705,0.2845865392948657,1.1155792340358734,0.284129910671649,1.0,,,,,38.960661827043495,34.50632164205512,9.941887383561005,11.386385516505689,0.0028831469267606,0.5722024227520451,0.85,0.725
base_q0.9_s1,PPCI,93,0.725,1000,50,0.958,0.0062857142857142,0.0444467119602972,0.0130950553367571,0.2809565546729262,0.2840840920393812,1.113609640794374,0.2807916471131161,1.0,,,,,39.06525541788978,34.490654309513445,9.812213365679794,11.319370386283843,0.0028735205912962,0.5688420399054885,0.85,0.75
base_q0.9_s1,PPCI,94,0.725,1000,50,0.957,0.0060625986211208,0.0428690459660675,0.0269873541916467,0.2860375246674585,0.2818453989025368,1.1048339636979445,0.2849040514807954,1.0,,,,,38.755395945327,34.10958198423559,9.555235350532932,11.395655468609185,0.0028839981164783,0.5726667715469376,0.85,0.7749999999999999
base_q0.9_s1,PPCI,95,0.725,1000,50,0.947,0.0070580681868774,0.0499080787701812,0.0299268066179534,0.2965739059132947,0.2819763279032722,1.1053472053808275,0.2952077497794548,1.0,,,,,38.550926011030434,34.06704540035444,9.518471474616655,11.316768072526902,0.0028783177910372,0.5687167214173824,0.85,0.7999999999999999
base_q0.9_s1,PPCI,96,0.725,1000,50,0.934,0.0082610470256005,0.058414423715031,0.0351550718334358,0.2964614761457235,0.2784073187260489,1.0913566894061115,0.2945170080503302,1.0,,,,,37.37115196657446,33.28276617821588,9.02914234658491,11.380647590849549,0.0028828521305695,0.5719152316730469,0.85,0.825
base_q0.9_s1,PPCI,97,0.725,1000,50,0.943,0.0076944188625687,0.0544077575501201,0.0445585263382893,0.2838910537344662,0.2756112327301539,1.080396032302203,0.2805126654475731,1.0,,,,,36.61675401595202,32.62190966841497,8.238266257470812,11.315369501449169,0.0028732174215838,0.5686416924940422,0.85,0.85
base_q0.9_s1,PPCI,98,0.75,1000,50,0.936,0.0070043718126464,0.049528388066742,-0.0132050686105508,0.3194201281729334,0.3074667834605812,1.2052697911654784,0.3193067510189068,1.0,,,,,43.70547053711044,40.3899297372237,12.596280401928398,11.403749549165369,0.0028863020874559,0.5730737795457245,0.7,0.7
base_q0.9_s1,PPCI,99,0.75,1000,50,0.944,0.0066455447712074,0.0469910977239957,-0.0176842528520478,0.3186271658512137,0.30622523563073,1.2004029236724618,0.3182952243897338,1.0,,,,,43.075827584952506,40.08764847507052,12.72389078737602,11.324405328519642,0.0028774898964911,0.5690977563224733,0.7,0.725
base_q0.9_s1,PPCI,100,0.75,1000,50,0.958,0.0062857142857142,0.0444467119602972,-0.0186962433944845,0.3145925521759569,0.2976624383102138,1.1668367581760382,0.3141936377610563,1.0,,,,,41.17319563823243,37.80182892049171,12.694144928972952,11.38912212787196,0.0028822041004896,0.5723383104940877,0.7,0.75
base_q0.9_s1,PPCI,101,0.75,1000,50,0.956,0.0058274508726774,0.041206300291017,-0.0096971205728135,0.3045565007679029,0.2889751005454352,1.132782394138106,0.3045543980867456,1.0,,,,,39.54804806012181,35.61101078686036,12.11574152317286,11.323619055543094,0.0028726809220388,0.5690536336991936,0.7,0.7749999999999999
base_q0.9_s1,PPCI,102,0.75,1000,50,0.949,0.008267220740703,0.0584580784731717,0.0106230506291732,0.3003952621488528,0.2874159118830525,1.1266703745815665,0.3003575852143638,1.0,,,,,39.42657810780424,35.11960686023187,11.330287017976016,11.399408562462776,0.0028863543700426,0.5728567824931815,0.7,0.7999999999999999
base_q0.9_s1,PPCI,103,0.75,1000,50,0.944,0.0073734216574651,0.0521379645454133,0.0097596795609663,0.2949263638827002,0.2870231986541673,1.1251309387243362,0.29491232943027,1.0,,,,,39.39829008888571,35.06969929302158,11.1492103761531,11.320304664373396,0.0028781223809346,0.5688933555996045,0.7,0.825
base_q0.9_s1,PPCI,104,0.75,1000,50,0.944,0.0069458547320818,0.0491146098219173,-0.0011077386128861,0.2876145514475998,0.2855099722025271,1.1191990910339065,0.2877563323827922,1.0,,,,,39.23744935897984,34.780401450291905,11.081535080347406,11.38381911598146,0.0028841033456847,0.5720750591447576,0.7,0.85
base_q0.9_s1,PPCI,105,0.75,1000,50,0.948,0.0068452277432633,0.0484030695602783,-0.0047303629282659,0.3153978435477473,0.300579737021676,1.1782725691249698,0.3155201679092695,1.0,,,,,41.961670197414016,38.51192344229277,11.987584949056338,11.326254463959485,0.0028737060129642,0.5691864292109384,0.725,0.7
base_q0.9_s1,PPCI,106,0.75,1000,50,0.948,0.006220440302022,0.043985155195259,-0.0029024183404461,0.3076985937558638,0.2947010075478183,1.1552279495874482,0.3078388626090696,1.0,,,,,40.63052274381383,36.92116197156679,11.947948860294762,11.4014903659001,0.0028825535941869,0.5729570718891918,0.725,0.725
base_q0.9_s1,PPCI,107,0.75,1000,50,0.937,0.0073969105519997,0.0523040561114937,-0.013354478465441,0.3078453076630954,0.296820040113107,1.1635345572433793,0.307709402572514,1.0,,,,,41.6326540114023,37.58141783114037,12.440509040313277,11.322929643802343,0.0028783162785694,0.5690247984686866,0.725,0.75
base_q0.9_s1,PPCI,108,0.75,1000,50,0.945,0.0059333027592271,0.041954786158824,-0.0156824854270893,0.2956097011661558,0.2932782176677966,1.1496506132577629,0.2953411272678238,1.0,,,,,41.03382962306014,36.63486602717923,12.12589298562972,11.388318971972913,0.0028838917231187,0.5722998403217644,0.725,0.7749999999999999
base_q0.9_s1,PPCI,109,0.75,1000,50,0.95,0.0057142857142857,0.0404061017820884,-0.011432091712296,0.2920148196597391,0.2908925499939152,1.1402987959761473,0.2919369612936343,1.0,,,,,40.6924604377214,35.952536480133624,11.8045524045085,11.32452221268788,0.0028731139283627,0.5690992245627567,0.725,0.7999999999999999
base_q0.9_s1,PPCI,110,0.75,1000,50,0.947,0.0073415229471597,0.0519124066017332,-0.0036261922254999,0.2941354032524469,0.2864105397579217,1.122729315851053,0.2942602169027865,1.0,,,,,39.85506859408368,34.95248387262595,11.46496204900498,11.39901459535584,0.0028831464713439,0.5728338762391358,0.725,0.825
base_q0.9_s1,PPCI,111,0.75,1000,50,0.945,0.0075929612948104,0.0536903442084746,-0.0115970780329323,0.3016222573999453,0.2850178971903511,1.1172701569861765,0.3015500395730424,1.0,,,,,39.36345363902791,34.59393772708356,11.462342847980304,11.32026947548613,0.002877700404264,0.5688911741785706,0.725,0.85
base_q0.9_s1,PPCI,112,0.75,1000,50,0.944,0.0073734216574651,0.0521379645454133,-0.0243929375494307,0.3204374524789431,0.2987888107145082,1.1712521380008722,0.3196675349199325,1.0,,,,,41.6060335629026,37.89102659935567,12.604684645312462,11.391617137864232,0.0028839372359216,0.5724647941291332,0.75,0.7
base_q0.9_s1,PPCI,113,0.75,1000,50,0.942,0.0076077296889681,0.0537947725250363,-0.0174296942063576,0.3145132863439355,0.2919385164534278,1.1443989844974372,0.3141870884891811,1.0,,,,,40.322791202261485,36.18101502922463,12.354622014530085,11.32677172999829,0.002873168583028,0.5692117550829425,0.75,0.725
base_q0.9_s1,PPCI,114,0.75,1000,50,0.945,0.006738557951469,0.0476488002290226,-0.0029641557427266,0.3013377018618644,0.2907570063143527,1.1397674647522629,0.3014738974687157,1.0,,,,,40.61414028998222,35.99274452446002,11.901383906814406,11.401478544063869,0.0028831905396655,0.572957117742859,0.75,0.75
base_q0.9_s1,PPCI,115,0.75,1000,50,0.95,0.0063887656499993,0.0451753951452625,-0.0076755129262761,0.2945283895255545,0.2880935794611199,1.12932683148759,0.2945756839445624,1.0,,,,,40.125230066246274,35.32746287068113,11.87665403489423,11.321156008150428,0.0028777615474537,0.5689355619549751,0.75,0.7749999999999999
base_q0.9_s1,PPCI,116,0.75,1000,50,0.952,0.005707138387268,0.0403555625480729,-0.0255761331744916,0.2943382520309117,0.285729327831978,1.1200589651013535,0.2933716669267988,1.0,,,,,39.78317631093037,34.8886782130483,12.098227488777948,11.386144532114267,0.0028833098569884,0.5721905364627018,0.75,0.7999999999999999
base_q0.9_s1,PPCI,117,0.75,1000,50,0.949,0.0063067828727554,0.0445956893679656,-0.0175870796154337,0.2880939481950982,0.2865963900843243,1.1234578491305516,0.2877005199968307,1.0,,,,,40.06112822091341,35.28522855440895,11.533926558222916,11.322386032789945,0.0028758901832625,0.5689951918227597,0.75,0.825
base_q0.9_s1,PPCI,118,0.75,1000,50,0.944,0.0070912420834233,0.0501426536422406,-0.0027075817841994,0.2903262160078228,0.285126858499403,1.1176972853176597,0.2904588560353294,1.0,,,,,39.5965083860988,34.94763066262375,10.943475553444753,11.39736316530034,0.0028894470566883,0.5727576053217053,0.75,0.85
base_q0.9_s1,PPCI,119,0.75,1000,50,0.949,0.0064665544558607,0.045725445066512,-0.0115505651171013,0.3125046107368467,0.3000710227566113,1.1762784092059164,0.3124473387897239,1.0,,,,,42.520309006437046,38.31141965275653,12.028107768370871,11.325476273428649,0.0028781204307451,0.5691519341021777,0.7749999999999999,0.7
base_q0.9_s1,PPCI,120,0.75,1000,50,0.956,0.0064901809666288,0.0458925097263114,-0.010064944624843,0.2997900241563707,0.2909168853892388,1.140394190725816,0.2997709427070402,1.0,,,,,40.45512219167741,35.85228647384755,11.65465587999759,11.390182032939046,0.002882986520417,0.5723920881673694,0.7749999999999999,0.725
base_q0.9_s1,PPCI,121,0.75,1000,50,0.955,0.0064285714285714,0.0454568645048494,0.0132679855812307,0.3011440024154198,0.2874878743344234,1.1269524673909397,0.3010021146477496,1.0,,,,,39.47167831084436,34.88916534264163,11.21131734565544,11.324806361552328,0.0028775495588779,0.5691178676364944,0.7749999999999999,0.75
base_q0.9_s1,PPCI,122,0.75,1000,50,0.945,0.0071784825865149,0.0507595371555424,0.0172150896910979,0.3059588969029309,0.2872308063141347,1.1259447607514084,0.3056270524285471,1.0,,,,,39.4074910433982,34.9097184310875,11.24405711357735,11.399108343105762,0.0028813365865498,0.572836753741838,0.7749999999999999,0.7749999999999999
base_q0.9_s1,PPCI,123,0.75,1000,50,0.955,0.0078571428571428,0.0555583899503715,0.0059544750248493,0.2883900921495971,0.2815634998401575,1.1037289193734177,0.2884728862186442,1.0,,,,,38.2285470090968,33.68289205032042,10.962956362077836,11.320098004136234,0.0028743660831823,0.5688792662899941,0.7749999999999999,0.7999999999999999
base_q0.9_s1,PPCI,124,0.75,1000,50,0.962,0.0064775908850026,0.0458034844053754,0.0028520204099363,0.2736353923403222,0.2779481550998189,1.08955676799129,0.2737574420136943,1.0,,,,,37.53013296111354,33.0048228828399,10.48483321089794,11.384938348010182,0.002883877380751,0.5721307947812602,0.7749999999999999,0.825
base_q0.9_s1,PPCI,125,0.75,1000,50,0.965,0.0053927388823362,0.0381324223286832,0.0263167448424848,0.2697860086502893,0.277087371089878,1.0861824946723218,0.268633734828367,1.0,,,,,37.15228475205312,32.94462541836926,9.364599573746265,11.321412940509616,0.002877005781047,0.5689476528065278,0.7749999999999999,0.85
base_q0.9_s1,PPCI,126,0.75,1000,50,0.951,0.0063067828727554,0.0445956893679656,0.0110214479847244,0.2975215621889845,0.2889994382596619,1.1328777979778748,0.2974661220129768,1.0,,,,,39.87494108236657,35.70897683707584,10.711984909565698,11.402310638222843,0.0028839442450553,0.5729994761561975,0.7999999999999999,0.7
base_q0.9_s1,PPCI,127,0.75,1000,50,0.94,0.0058901508937395,0.0416496563917521,0.0142010353349189,0.2876241720059709,0.2837390678392261,1.1122571459297663,0.2874171246134402,1.0,,,,,38.69589436402198,34.233321309639365,10.482119209969456,11.322322258818897,0.0028754250761121,0.5689915380170569,0.7999999999999999,0.725
base_q0.9_s1,PPCI,128,0.75,1000,50,0.947,0.0056079389789687,0.0396541168050914,0.0119902195227569,0.2831844151070742,0.2805520534922973,1.0997640496898051,0.2830720356600146,1.0,,,,,37.96992075226799,33.6116533747244,10.535808521683816,11.388804696798324,0.0028846759423613,0.5723249107822775,0.7999999999999999,0.75
base_q0.9_s1,PPCI,129,0.75,1000,50,0.952,0.0058832172234211,0.0416006279387458,0.0043073589147862,0.2839417662216189,0.2806396525125018,1.100107437849007,0.2840511544115852,1.0,,,,,38.29343321239416,33.74946576140146,10.652291789667178,11.32360427921638,0.0028775936253368,0.5690578075861559,0.7999999999999999,0.7749999999999999
base_q0.9_s1,PPCI,130,0.75,1000,50,0.953,0.0059607560128643,0.0421489099769483,0.0019433405468468,0.2904213634091324,0.2808181138928403,1.1008070064599342,0.2905601778787093,1.0,,,,,38.1681932216471,33.64273276139195,10.664543102584856,11.398121158778668,0.0028898048074916,0.572795862746425,0.7999999999999999,0.7999999999999999
base_q0.9_s1,PPCI,131,0.75,1000,50,0.959,0.0060084973842323,0.042486492451323,0.0120232686862635,0.2837707923223614,0.2797448239458361,1.096599709867678,0.2836578314637362,1.0,,,,,37.62112606245187,33.451684132850666,9.853311422785126,11.318750905171036,0.0028757075220346,0.5688132527805865,0.7999999999999999,0.825
base_q0.9_s1,PPCI,132,0.75,1000,50,0.949,0.0063067828727554,0.0445956893679656,0.0248092819213555,0.2872394677622432,0.2792265890126643,1.0945682289296443,0.2863092460177259,1.0,,,,,37.26261577327491,33.48614851426438,9.21988259327776,11.3856877441518,0.0028829958857968,0.5721673830933869,0.7999999999999999,0.85
base_q0.9_s1,PPCI,133,0.75,1000,50,0.962,0.0056351665495188,0.0398466448028038,0.004222516501027,0.2918525048890736,0.2874236196962128,1.126700589209154,0.291967978149471,1.0,,,,,39.47574656318038,35.27159693396845,10.440467868597958,11.324511323217305,0.0028774586813524,0.5691030248422176,0.825,0.7
base_q0.9_s1,PPCI,134,0.75,1000,50,0.969,0.005694608979427,0.0402669662555868,-0.0169340681989384,0.281663056091847,0.2861970127971757,1.1218922901649289,0.2812942248645977,1.0,,,,,39.33649632150888,34.8054422681508,10.839872222509014,11.399413918685168,0.0028878856897354,0.5728585816239938,0.825,0.725
base_q0.9_s1,PPCI,135,0.75,1000,50,0.964,0.0055402055513329,0.0391751691451488,-0.0114148571496099,0.2805420999813425,0.2848763217246444,1.116715181160606,0.2804500367646916,1.0,,,,,39.02654682838797,34.42187221708718,10.66813760502469,11.321486337594688,0.0028755558161064,0.568949872695841,0.825,0.75
base_q0.9_s1,PPCI,136,0.75,1000,50,0.963,0.0060288422417169,0.0426303523182193,-0.0068143040730394,0.286700584801903,0.2830567954173661,1.1095826380360752,0.2867630094858168,1.0,,,,,38.355334546924375,34.17309387919246,10.59562735806418,11.3854680130817,0.0028832872649654,0.5721566879190504,0.825,0.7749999999999999
base_q0.9_s1,PPCI,137,0.75,1000,50,0.953,0.0070580681868774,0.0499080787701812,0.0141237312463413,0.2981686243564801,0.2831524264320983,1.1099575116138254,0.2979829569101659,1.0,,,,,38.13878845843506,34.34488888590386,9.995223255703976,11.319955321326852,0.0028780282540246,0.5688757943203673,0.825,0.7999999999999999
base_q0.9_s1,PPCI,138,0.75,1000,50,0.945,0.0071784825865149,0.0507595371555424,0.0299605854814263,0.2992177482329894,0.279216634912925,1.094529208858666,0.2978629660124812,1.0,,,,,36.80407055351306,33.400447002061206,9.190395403381428,11.39639687437564,0.0028866106336936,0.5727064543524757,0.825,0.825
base_q0.9_s1,PPCI,139,0.75,1000,50,0.936,0.0079590790155337,0.0562791874388348,0.0458207901251471,0.3009923883362416,0.2758204903661919,1.0812163222354725,0.2976330937364816,1.0,,,,,35.94806336228851,32.71683163906749,8.453092069329927,11.317640501130372,0.00287535300944,0.5687573780659586,0.825,0.85
base_q0.9_s1,PPCI,140,0.75,1000,50,0.957,0.0060625986211208,0.0428690459660676,0.0162248501844983,0.2903024283645685,0.2848961517649205,1.1167929149184888,0.289993707692697,1.0,,,,,39.068734186778194,35.03883047161332,9.964113824712618,11.386990612167866,0.0028842518394812,0.5722337824478746,0.85,0.7
base_q0.9_s1,PPCI,141,0.75,1000,50,0.952,0.0072787081159182,0.0514682386704337,0.0254786210450792,0.291788057925066,0.2853749724714355,1.1186698920880271,0.2908189923365161,1.0,,,,,38.907113231360825,35.032932056636895,9.818317245694937,11.321698861680924,0.0028779950905591,0.5689629381746053,0.85,0.725
base_q0.9_s1,PPCI,142,0.75,1000,50,0.946,0.0068273160830562,0.0482764149963308,0.030964026347398,0.2922096646972402,0.2844437081171039,1.1150193358190472,0.2907098715975697,1.0,,,,,38.65686458460702,34.73085255849879,9.653924149879767,11.397917150408029,0.0028854258889332,0.5727812834093347,0.85,0.75
base_q0.9_s1,PPCI,143,0.75,1000,50,0.938,0.0061544740652965,0.0435187034620794,0.0462436589808761,0.2979876354633817,0.2831059207031925,1.109775209156515,0.2945248712637195,1.0,,,,,38.52494778623822,34.68596697691881,9.29798122180306,11.31931322619319,0.0028754538847133,0.5688411151943729,0.85,0.7749999999999999
base_q0.9_s1,PPCI,144,0.75,1000,50,0.947,0.0070580681868774,0.0499080787701812,0.044815376230997,0.2910444462231202,0.2813305484702446,1.1028157500033584,0.2877172795706932,1.0,,,,,37.89371723785834,34.17054973014997,8.861916605818726,11.383890071362258,0.0028841902660205,0.5720786938341335,0.85,0.7999999999999999
base_q0.9_s1,PPCI,145,0.75,1000,50,0.942,0.0073345700874248,0.0518632424590609,0.0443527907394641,0.2880974367747143,0.2738821727956957,1.0736181173591277,0.2848053319495418,1.0,,,,,35.860043151646224,32.4897277418098,8.211593701478861,11.3193944892101,0.0028780021835118,0.5688477266440168,0.85,0.825
base_q0.9_s1,PPCI,146,0.75,1000,50,0.941,0.0082918696348179,0.058632372474946,0.0508672799215092,0.2876419755808936,0.2699331194189346,1.058137828122224,0.283250166118349,1.0,,,,,34.6233945275711,31.61176977060169,7.7200722341935455,11.394908307678998,0.0028922819625586,0.5726376973465085,0.85,0.85
base_q0.9_s1,PPCI,147,0.7749999999999999,1000,50,0.943,0.0071442855714571,0.0505177277431054,-0.0038740736346003,0.3150816935775229,0.3004849363577195,1.1779009505222604,0.3152155231062723,1.0,,,,,41.27819006643168,38.53786956633196,11.969063537864503,11.326054607853294,0.0028762513073161,0.5691789816999808,0.7,0.7
base_q0.9_s1,PPCI,148,0.7749999999999999,1000,50,0.952,0.0072787081159182,0.0514682386704337,-0.0144344097939293,0.3041556178835931,0.297214900015128,1.165082408059302,0.3039649361134235,1.0,,,,,40.80479029830658,37.61921746111305,12.139695829270629,11.391160017643124,0.0028846084093675,0.5724426092915237,0.7,0.725
base_q0.9_s1,PPCI,149,0.7749999999999999,1000,50,0.948,0.0074175742775698,0.0524501707162452,-0.0088709991719323,0.3000223186572705,0.2926182508699415,1.1470635434101706,0.3000412001508531,1.0,,,,,39.99993447236272,36.39310158668218,11.981011838229875,11.326585552748291,0.0028782810540869,0.5692075586915016,0.7,0.75
base_q0.9_s1,PPCI,150,0.7749999999999999,1000,50,0.95,0.0069985421222376,0.0494871659305393,-0.0098703418861231,0.2923404802692903,0.2890037587110433,1.1328947341472897,0.2923200022900746,1.0,,,,,39.27908199226219,35.52712109991783,11.87001874099643,11.402756190169605,0.002888678278774,0.5730264877872542,0.7,0.7749999999999999
base_q0.9_s1,PPCI,151,0.7749999999999999,1000,50,0.963,0.0054976804013982,0.0388744709262508,0.0079060777324208,0.2864622317337658,0.289817267413566,1.1360836882611791,0.2864963949670358,1.0,,,,,39.57087691866483,35.98921988147895,11.22787515168431,11.322863757424056,0.0028754112506285,0.5690185991218313,0.7,0.7999999999999999
base_q0.9_s1,PPCI,152,0.7749999999999999,1000,50,0.961,0.0054003023346959,0.0381859040132104,0.0086059120499617,0.2901426174087687,0.2851146654046963,1.1176494883864092,0.2901600757929727,1.0,,,,,38.586682035886085,35.0088593895638,11.066631907170628,11.38734000088647,0.002884509069845,0.5722515091141686,0.7,0.825
base_q0.9_s1,PPCI,153,0.7749999999999999,1000,50,0.945,0.006738557951469,0.0476488002290226,0.0119351347032843,0.2816606086710108,0.2818270367801653,1.104761984178248,0.2815484337677903,1.0,,,,,37.76820135775882,34.17430270925938,10.332760962163698,11.322783961612732,0.0028775496268644,0.5690167477075011,0.7,0.85
base_q0.9_s1,PPCI,154,0.7749999999999999,1000,50,0.954,0.0063631592718057,0.0449943307086389,0.0197024063953833,0.2947445868523747,0.2915642575741966,1.142931889690851,0.2942324921221799,1.0,,,,,39.744264628942496,36.002591568057305,10.884544420410665,11.404129996914415,0.0028823399869725,0.5730888398326933,0.725,0.7
base_q0.9_s1,PPCI,155,0.7749999999999999,1000,50,0.944,0.007645193234434,0.0540596797954985,0.002090225844498,0.2972169916963711,0.2903593340109069,1.1382085893227551,0.2973583580497811,1.0,,,,,39.83471422841495,35.81024098756509,11.509938259540714,11.324530326351525,0.0028756584767252,0.5691021747943014,0.725,0.725
base_q0.9_s1,PPCI,156,0.7749999999999999,1000,50,0.94,0.0074230748895809,0.0524890659167823,-0.0046635180788573,0.2907694719849367,0.287231990922057,1.1259494044144631,0.2908775467180506,1.0,,,,,39.0201928823692,34.960670987687934,11.60607236965398,11.390551335774362,0.0028846354773268,0.5724122022660448,0.725,0.75
base_q0.9_s1,PPCI,157,0.7749999999999999,1000,50,0.945,0.006738557951469,0.0476488002290226,-0.012449575074,0.2998425631021307,0.2899674674560288,1.1366724724276331,0.2997339005505906,1.0,,,,,39.90109142645969,35.68868758306856,11.988728327533924,11.323932672869416,0.0028779075574129,0.5690745412008837,0.725,0.7749999999999999
base_q0.9_s1,PPCI,158,0.7749999999999999,1000,50,0.941,0.0069531962992216,0.0491665225410086,0.0038159850240844,0.2970432778556304,0.2867481203036477,1.124052631590299,0.2971673865570486,1.0,,,,,39.151602032267576,35.208588498665435,11.377436702037404,11.398584631569683,0.0028833606680855,0.5728125922465697,0.725,0.7999999999999999
base_q0.9_s1,PPCI,159,0.7749999999999999,1000,50,0.952,0.0074175742775698,0.0524501707162452,0.0026785006311365,0.2980290408158496,0.2843168585297351,1.1145220854365616,0.2981661245712298,1.0,,,,,38.66461326099436,34.52234305397689,11.147599088454015,11.321238182131202,0.0028775817677378,0.568939490874298,0.725,0.825
base_q0.9_s1,PPCI,160,0.7749999999999999,1000,50,0.953,0.0078778946736927,0.0557051274524149,0.0062896586686094,0.2986153951614219,0.284571351035783,1.1155196960602696,0.2986985357119801,1.0,,,,,38.61706276074442,34.70412764654906,10.679618013816658,11.373645957820118,0.0028858726937323,0.5715681705847383,0.725,0.85
base_q0.9_s1,PPCI,161,0.7749999999999999,1000,50,0.958,0.0061212243673224,0.0432835925929803,0.0020236310540764,0.2895177349790291,0.2913715049250213,1.142176299306083,0.2896555266326766,1.0,,,,,40.400947008263024,36.37810996745985,11.011524958290035,11.328212935477495,0.0028710582079365,0.5692817049818113,0.75,0.7
base_q0.9_s1,PPCI,162,0.7749999999999999,1000,50,0.944,0.0069458547320818,0.0491146098219173,-0.0042299706326062,0.3016870759283227,0.2887885468381918,1.132051103605712,0.3018083620744245,1.0,,,,,39.14857412793949,35.39307968539061,11.441319513158492,11.387153692338616,0.0028705217540264,0.5722282063709573,0.75,0.725
base_q0.9_s1,PPCI,163,0.7749999999999999,1000,50,0.941,0.0072407576556995,0.0511998883927354,-0.007489127367014,0.3022277090703984,0.2868454415213077,1.1244341307635264,0.3022860863142748,1.0,,,,,38.8852997178359,34.922283235678144,11.609797720671592,11.32387014593929,0.00288257692568,0.5690760842226446,0.75,0.75
base_q0.9_s1,PPCI,164,0.7749999999999999,1000,50,0.951,0.0066224725637138,0.0468279525802393,-0.0075652445498412,0.3004051888509973,0.2842024180035917,1.1140734785740796,0.3004601818617383,1.0,,,,,38.02769092263316,34.28501717324913,11.637002476448822,11.384837539810688,0.0028866656105965,0.572128542601131,0.75,0.7749999999999999
base_q0.9_s1,PPCI,165,0.7749999999999999,1000,50,0.953,0.0064539182846151,0.0456360938427522,0.0003552491144836,0.2831667497001682,0.2810206251322355,1.1016008505183634,0.2833082163992137,1.0,,,,,37.31409892352295,33.39187113012817,10.92813498634589,11.321338627170771,0.0028717774450778,0.5689387088036165,0.75,0.7999999999999999
base_q0.9_s1,PPCI,166,0.7749999999999999,1000,50,0.955,0.0055787497685047,0.0394477179185259,0.0064076045133493,0.2855431758552939,0.2825146130739669,1.1074572832499503,0.285614116081879,1.0,,,,,38.203151346615066,34.07488965512904,10.576306475638642,11.380183795243502,0.002869091656059,0.571878281418234,0.75,0.825
base_q0.9_s1,PPCI,167,0.7749999999999999,1000,50,0.958,0.0059521904731427,0.0420883424647321,0.0188608551451951,0.2798363576804571,0.2785810402323638,1.0920376777108662,0.2793397320628872,1.0,,,,,37.06324408565416,33.25482432398373,9.63544523364663,11.317475615497678,0.0028827472310513,0.5687565280059352,0.75,0.85
base_q0.9_s1,PPCI,168,0.7749999999999999,1000,50,0.961,0.0064349175026029,0.0455017380246656,-0.0129918707421318,0.2934486137069825,0.2962044910499034,1.1611216049156212,0.293307568110133,1.0,,,,,41.56101651682985,37.32653826583376,11.452786643818316,11.386893249042332,0.0028898389199748,0.5722345013720914,0.7749999999999999,0.7
base_q0.9_s1,PPCI,169,0.7749999999999999,1000,50,0.949,0.0069237833234586,0.0489585413948394,-0.0036204954627592,0.2990956438701738,0.2898382810026035,1.1361660615302058,0.2992233794768443,1.0,,,,,39.68652954015469,35.85973027186231,11.385675993310448,11.322548337057231,0.0028729660585522,0.5690003829114139,0.7749999999999999,0.725
base_q0.9_s1,PPCI,170,0.7749999999999999,1000,50,0.952,0.0069927075717259,0.0494459094282193,0.0076806270917648,0.3016351783694849,0.2881160523888834,1.1294149253644228,0.3016882573155115,1.0,,,,,39.32957378226283,35.55604496578544,11.181394325969933,11.382655944097786,0.0028707394981756,0.572003536703065,0.7749999999999999,0.75
base_q0.9_s1,PPCI,171,0.7749999999999999,1000,50,0.963,0.0066715968164774,0.0471753135027381,-0.0034130479637954,0.2953916822575447,0.2861839006585969,1.1218408905817,0.295519760725943,1.0,,,,,38.91979343611013,35.08598484752358,11.143775158700567,11.319691339880228,0.0028826972451061,0.5688672642391175,0.7749999999999999,0.7749999999999999
base_q0.9_s1,PPCI,172,0.7749999999999999,1000,50,0.96,0.0071428571428571,0.0505076272276105,-0.0103534954957488,0.2925061365805565,0.2847790540709911,1.1163338919582857,0.292469115038758,1.0,,,,,38.5337278983048,34.646647459262546,11.008061291831858,11.383374796956778,0.0028928676387295,0.5720616074865684,0.7749999999999999,0.7999999999999999
base_q0.9_s1,PPCI,173,0.7749999999999999,1000,50,0.963,0.0069707845135747,0.0492908899973889,-0.0014791274196663,0.2737545032096913,0.2836277725684998,1.111820868468519,0.2738874852274662,1.0,,,,,38.37908000399691,34.54063468480659,10.147177319789243,11.318712318409236,0.0028731999127194,0.5688088158331811,0.7749999999999999,0.825
base_q0.9_s1,PPCI,174,0.7749999999999999,1000,50,0.955,0.006738557951469,0.0476488002290226,0.0145434283192185,0.2793220988611338,0.2812562390932689,1.1025244572456143,0.2790828027946698,1.0,,,,,37.92284256772355,34.25648044413603,9.478705352169216,11.37919562621042,0.0028731724927201,0.5718329538032413,0.7749999999999999,0.85
base_q0.9_s1,PPCI,175,0.7749999999999999,1000,50,0.961,0.0057658388773173,0.0407706376938009,0.0127093451534941,0.279425502889801,0.2841880941678193,1.1140173291378517,0.2792759912528785,1.0,,,,,38.40339874820551,34.608684351391915,10.014410231038598,11.321094523686916,0.002883262050338,0.5689379882346839,0.7999999999999999,0.7
base_q0.9_s1,PPCI,176,0.7749999999999999,1000,50,0.946,0.0072618657297936,0.0513491450160326,0.028846995452568,0.2876066161604645,0.284745044895529,1.1162005759904734,0.2862994654143259,1.0,,,,,38.61696502708669,34.61859992627562,9.905096453908408,11.384882070869208,0.0028902579434216,0.5721343614868819,0.7999999999999999,0.725
base_q0.9_s1,PPCI,177,0.7749999999999999,1000,50,0.951,0.0072125174636367,0.0510002000796395,0.0239402523388544,0.2953739924336195,0.2872290421169381,1.1259378450983977,0.2945495190002373,1.0,,,,,39.38797983884179,35.17720157225678,10.361397037037,11.321775164548308,0.0028740537529811,0.5689628119803966,0.7999999999999999,0.75
base_q0.9_s1,PPCI,178,0.7749999999999999,1000,50,0.955,0.0065853888980663,0.0465657314657332,0.0208832568689516,0.294409374741712,0.2846043140375833,1.1156489110273269,0.2938147317868289,1.0,,,,,38.4960729416197,34.58204439797088,10.19514842469468,11.380716997180134,0.0028721279986202,0.5719079778576269,0.7999999999999999,0.7749999999999999
base_q0.9_s1,PPCI,179,0.7749999999999999,1000,50,0.956,0.0063310056589029,0.0447669703314068,0.0064679321350968,0.286303536048977,0.2823617331557682,1.1068579939706111,0.2863736903043682,1.0,,,,,37.87057470971884,34.00722967803236,10.057379929059232,11.318002130389214,0.0028842804599553,0.568784386979416,0.7999999999999999,0.7999999999999999
base_q0.9_s1,PPCI,180,0.7749999999999999,1000,50,0.957,0.0071442855714571,0.0505177277431054,0.0108802472989909,0.2823670811645582,0.2772846529896902,1.0869558397195855,0.2822985675226326,1.0,,,,,36.39966586101568,32.8473093664527,9.416733641785784,11.381205270029604,0.0028909831931814,0.5719512466946617,0.7999999999999999,0.825
base_q0.9_s1,PPCI,181,0.7749999999999999,1000,50,0.955,0.0073192505471139,0.0517549169506765,0.0255877802632766,0.2762411739517991,0.2734783425802286,1.072035102914496,0.2751911733129094,1.0,,,,,35.29891159152926,32.27013545880499,8.484478269952282,11.317522899247706,0.0028744039647281,0.5687505489271134,0.7999999999999999,0.85
base_q0.9_s1,PPCI,182,0.7749999999999999,1000,50,0.943,0.0067021166318513,0.0473911211868524,0.0234416206391242,0.2954550805791206,0.282000054451698,1.1054402134506565,0.2946710472508522,1.0,,,,,37.7377382034822,34.04978299122112,9.722149270603476,11.381690284572542,0.0028739644568413,0.5719584786854686,0.825,0.7
base_q0.9_s1,PPCI,183,0.7749999999999999,1000,50,0.953,0.0061295537008356,0.0433424898750801,0.0211823719331041,0.2946669774733896,0.2822945902872379,1.1065947939259728,0.2940516980629843,1.0,,,,,37.72531604214827,33.98903744588076,9.819824656992855,11.319968893676997,0.002883843130432,0.568882287814282,0.825,0.725
base_q0.9_s1,PPCI,184,0.7749999999999999,1000,50,0.949,0.0056224767583298,0.0397569144287878,0.0267685499540904,0.2935078746377999,0.2810289346461452,1.1016334238128895,0.2924309030194904,1.0,,,,,37.359551057154974,33.73093677377304,9.59122137858998,11.383213457483798,0.0028912783470004,0.5720519512211903,0.825,0.75
base_q0.9_s1,PPCI,185,0.7749999999999999,1000,50,0.959,0.0058361994902329,0.0412681623590122,0.0135242688058334,0.2861529523416631,0.277758618367146,1.0888137839992125,0.2859762029886289,1.0,,,,,36.65556160533781,32.95857387479597,9.538216319181616,11.320140713080765,0.0028739885352551,0.5688810241892934,0.825,0.7749999999999999
base_q0.9_s1,PPCI,186,0.7749999999999999,1000,50,0.946,0.0079333962153798,0.0560975826173481,0.0400759178341853,0.2888062308561224,0.2748145444997681,1.0772730144390907,0.2861552806357122,1.0,,,,,36.06659681925786,32.46222430141792,8.724752513187294,11.379617323484272,0.0028762536151334,0.5718571197893471,0.825,0.7999999999999999
base_q0.9_s1,PPCI,187,0.7749999999999999,1000,50,0.954,0.0069751746375621,0.0493219328618059,0.0386615104212267,0.2844367830063724,0.2761388788332697,1.0824644050264174,0.2819380431924054,1.0,,,,,35.96732828467822,32.74245402362741,8.314058042518875,11.316216860618445,0.0028843036340549,0.5686951466649771,0.825,0.825
base_q0.9_s1,PPCI,188,0.7749999999999999,1000,50,0.955,0.0065853888980663,0.0465657314657332,0.0231022969254288,0.27138452663139,0.2732229766345628,1.0710340684074864,0.2705347190397544,1.0,,,,,35.09227091719827,32.24553565626228,7.993490021546655,11.381986599341037,0.0028908115234225,0.5719901414904743,0.825,0.85
base_q0.9_s1,PPCI,189,0.7749999999999999,1000,50,0.95,0.0065465367070797,0.0462910049886275,0.0183160345079729,0.2834416618117226,0.2792550934060305,1.0946799661516398,0.282990781321241,1.0,,,,,36.61659040140229,33.638572137473936,9.284386991008908,11.321418939661235,0.0028739571394398,0.5689449041225016,0.85,0.7
base_q0.9_s1,PPCI,190,0.7749999999999999,1000,50,0.952,0.0068452277432633,0.0484030695602783,0.0210309380296328,0.2815246771456428,0.280924875555785,1.1012255121786771,0.2808785079420921,1.0,,,,,37.372293084240326,33.94912207866181,9.22244473388654,11.381596463676544,0.0028758624847978,0.571955685668625,0.85,0.725
base_q0.9_s1,PPCI,191,0.7749999999999999,1000,50,0.95,0.0067005939426048,0.0473803541479342,0.0301588766373553,0.2808655144798366,0.2807887804162819,1.1006920192318252,0.2793813403169821,1.0,,,,,37.18969311474218,33.714157009695455,8.943513652426928,11.321200938355178,0.0028842620020732,0.5689443089198322,0.85,0.75
base_q0.9_s1,PPCI,192,0.7749999999999999,1000,50,0.946,0.0081865993039396,0.057887998826728,0.0360807061692517,0.2867766529271295,0.279089856199816,1.0940322363032788,0.2846402138802127,1.0,,,,,36.76164675055711,33.606245838298136,8.737904399863568,11.38467730557546,0.0028898626454174,0.5721237279241904,0.85,0.7749999999999999
base_q0.9_s1,PPCI,193,0.7749999999999999,1000,50,0.942,0.0081265500876159,0.0574633867460536,0.0401572337431718,0.2891349275521103,0.2786403438579798,1.092270147923281,0.2864759525336121,1.0,,,,,36.40161114494547,33.48822336333804,8.488628002579011,11.32095330523327,0.0028733467934653,0.5689210120551288,0.85,0.7999999999999999
base_q0.9_s1,PPCI,194,0.7749999999999999,1000,50,0.945,0.0081127262082861,0.0573656371578893,0.0232728836059332,0.2838369204492957,0.2744369361634415,1.0757927897606905,0.2830227414378137,1.0,,,,,35.22579716254787,32.48748107513152,8.331698731506942,11.381437674425545,0.0028769519729539,0.5719488356942312,0.85,0.825
base_q0.9_s1,PPCI,195,0.7749999999999999,1000,50,0.954,0.0063631592718057,0.0449943307086389,0.0257782232632218,0.2786213829376185,0.2752306578390628,1.0789041787291265,0.2775651286384849,1.0,,,,,35.046951440952526,32.70860260954231,7.866526693725756,11.318446298073978,0.0028833695380017,0.5688056844417007,0.85,0.85
base_q0.9_s1,PPCI,196,0.7999999999999999,1000,50,0.952,0.0074175742775698,0.0524501707162452,-0.0055286859688512,0.3073854297859614,0.2982777811809517,1.1692489022293306,0.3074894890268934,1.0,,,,,40.71061061140368,37.75246190957824,11.541387106323697,11.39124166570604,0.0028900881549343,0.5724521714402362,0.7,0.7
base_q0.9_s1,PPCI,197,0.7999999999999999,1000,50,0.952,0.006540298938434,0.0462468973035389,-0.009068216058166,0.3006518122288437,0.2956959969472675,1.1591283080332888,0.300665394306268,1.0,,,,,40.23244813999075,37.16747238803371,11.606578669254253,11.32641528069973,0.0028740924634039,0.5691948564983904,0.7,0.725
base_q0.9_s1,PPCI,198,0.7999999999999999,1000,50,0.954,0.0056856424977521,0.0402035636556294,-0.0101390444112264,0.2994559329672486,0.2921857220321466,1.1453680303660148,0.299433993200499,1.0,,,,,39.76933974883848,36.397363854172205,11.646675237104134,11.385916353147476,0.0028762957910075,0.5721721134483815,0.7,0.75
base_q0.9_s1,PPCI,199,0.7999999999999999,1000,50,0.948,0.0058832172234211,0.0416006279387458,-0.0058420475674812,0.2990371661214848,0.2870037277907436,1.1250546129397148,0.2991296972518205,1.0,,,,,38.662652766008,35.14092826908534,11.48543892632445,11.323454416058958,0.0028829610301181,0.5690556818330661,0.7,0.7749999999999999
base_q0.9_s1,PPCI,200,0.7999999999999999,1000,50,0.962,0.0058134256998216,0.0411071273426804,0.0016026701253658,0.2988941634934959,0.2860522495368489,1.121324818184448,0.2990394238155596,1.0,,,,,38.42691517873261,34.75505600121367,11.082629482686546,11.3860354972817,0.0028899165308102,0.5721916913948952,0.7,0.7999999999999999
base_q0.9_s1,PPCI,201,0.7999999999999999,1000,50,0.943,0.0074244494058207,0.0524987852143227,0.0163260578192374,0.298721044997935,0.2829958854616333,1.1093438710096024,0.2984238250208607,1.0,,,,,37.48680844974053,34.24583975108196,10.40305790420846,11.321796601489186,0.0028740586005151,0.5689638886749745,0.7,0.825
base_q0.9_s1,PPCI,202,0.7999999999999999,1000,50,0.945,0.0074573617920789,0.052731510929405,0.0075424944205879,0.2951009721967535,0.2860072649446162,1.1211484785828956,0.2951521800338991,1.0,,,,,38.0151675113317,34.976156048052914,10.23577984476932,11.38267984908074,0.0028772021699696,0.5720111946240067,0.7,0.85
base_q0.9_s1,PPCI,203,0.7999999999999999,1000,50,0.95,0.0079539490897571,0.0562429133857986,0.0004752020680211,0.3101024092674958,0.2944734596075194,1.154335961661476,0.3102572125744291,1.0,,,,,40.07698661561235,37.14387928461517,11.338981231494303,11.326180107556285,0.0028833351898938,0.569192340567708,0.725,0.7
base_q0.9_s1,PPCI,204,0.7999999999999999,1000,50,0.959,0.0052857142857142,0.0373756441484317,-0.0040650707388467,0.2925651500041454,0.2885940714325647,1.1312887600156536,0.2926832856562513,1.0,,,,,39.33356123559689,35.733794433504166,11.22823576536005,11.38875687133521,0.0028905908958986,0.572328434462659,0.725,0.725
base_q0.9_s1,PPCI,205,0.7999999999999999,1000,50,0.966,0.0061345458724525,0.0433777898591113,-0.0031221808745795,0.2837867732236968,0.2892128561967026,1.133714396291074,0.2839115891148828,1.0,,,,,39.75004996969885,35.99439645046508,11.12704092790381,11.32495917249471,0.0028745077904313,0.569122466415167,0.725,0.75
base_q0.9_s1,PPCI,206,0.7999999999999999,1000,50,0.965,0.0059333027592271,0.041954786158824,-0.0010805425062126,0.288228110741806,0.2913754587365926,1.1421917982474428,0.2883703065216085,1.0,,,,,40.5224649001532,36.59628803567041,11.161812459375046,11.38469549164176,0.0028782054102048,0.5721129799922927,0.725,0.7749999999999999
base_q0.9_s1,PPCI,207,0.7999999999999999,1000,50,0.958,0.0054135129489989,0.0382793171627836,0.0064937011365618,0.2859152710965734,0.2908860628409184,1.1402733663364002,0.285984547227694,1.0,,,,,40.56884961679467,36.45583111934702,10.745266572012191,11.32237813299522,0.0028830418568104,0.5690019485065714,0.725,0.7999999999999999
base_q0.9_s1,PPCI,208,0.7999999999999999,1000,50,0.953,0.0062938259348316,0.044504069981272,0.0096797064788882,0.2821571361787076,0.2857852765123645,1.120278283928469,0.2821321522449767,1.0,,,,,39.04593474586019,35.077465515767706,10.21089093383018,11.38540764791891,0.0028899762202054,0.572160358616151,0.725,0.825
base_q0.9_s1,PPCI,209,0.7999999999999999,1000,50,0.956,0.0063310056589029,0.0447669703314068,0.0164118856892058,0.2843994915174616,0.2825391275768735,1.1075533801013442,0.2840676243409548,1.0,,,,,37.55521454215969,34.20726781388023,9.564043706695172,11.32164819335565,0.0028747975360602,0.5689572072038427,0.725,0.85
base_q0.9_s1,PPCI,210,0.7999999999999999,1000,50,0.952,0.006220440302022,0.043985155195259,0.0092259542393714,0.2981230429473418,0.2927422988848857,1.147549811628752,0.2981293538318088,1.0,,,,,40.28492059565691,36.603256748832486,10.606812400310057,11.38731562251225,0.0028806183189153,0.5722463994445279,0.75,0.7
base_q0.9_s1,PPCI,211,0.7999999999999999,1000,50,0.952,0.0075538880379441,0.0534140545595426,0.0141422550260949,0.2955052587214906,0.2872845777094226,1.1261555446209366,0.2953143496682001,1.0,,,,,38.79466404768537,35.171482949400264,10.44064346302085,11.324883637893944,0.0028835049401968,0.5691276868348941,0.75,0.725
base_q0.9_s1,PPCI,212,0.7999999999999999,1000,50,0.952,0.0068452277432633,0.0484030695602783,-0.0090153478206358,0.2833902433589092,0.2800513115417432,1.097801141243633,0.2833885364606198,1.0,,,,,37.593161155455,33.44515871979191,10.861783850938885,11.388440929483622,0.0028904697354882,0.5723125162096694,0.75,0.75
base_q0.9_s1,PPCI,213,0.7999999999999999,1000,50,0.941,0.0072407576556995,0.0511998883927354,0.0059862655913681,0.2882285757121101,0.2786005265864735,1.0921140642189764,0.2883105955055796,1.0,,,,,37.2463007223907,33.17491512941997,10.430845795426253,11.324590606484565,0.0028752766707912,0.5691048069950194,0.75,0.7749999999999999
base_q0.9_s1,PPCI,214,0.7999999999999999,1000,50,0.941,0.0082918696348179,0.058632372474946,0.0092993514364452,0.2894499953618202,0.2801672694601034,1.0982556962836056,0.2894453324520842,1.0,,,,,37.44930585956298,33.59300580445303,10.18036354045947,11.384832915645092,0.002879758731462,0.5721214045137167,0.75,0.7999999999999999
base_q0.9_s1,PPCI,215,0.7999999999999999,1000,50,0.951,0.0070696245895192,0.0499897948769219,0.0129526272088092,0.2876869645718829,0.2785132333898962,1.0917718748883931,0.2875390368814365,1.0,,,,,36.82873003789326,33.252975931746114,9.788082008780096,11.322956153731791,0.002883662527427,0.5690314702140168,0.75,0.825
base_q0.9_s1,PPCI,216,0.7999999999999999,1000,50,0.947,0.0073415229471597,0.0519124066017332,0.0040049331138108,0.2826983496210989,0.2774075322637315,1.0874375264738274,0.2828114207187113,1.0,,,,,36.53627428232541,33.18027903061318,9.499177919091697,11.383553991280497,0.0028891753228381,0.572066874886863,0.75,0.85
base_q0.9_s1,PPCI,217,0.7999999999999999,1000,50,0.957,0.0062286369590261,0.0440431143127657,0.0083629055761526,0.2953549612235447,0.287387985601908,1.1265609035594797,0.2953842697174013,1.0,,,,,38.95087090776236,35.323208489406255,10.312515936625203,11.325383457560092,0.0028759095929563,0.5691450824709609,0.7749999999999999,0.7
base_q0.9_s1,PPCI,218,0.7999999999999999,1000,50,0.958,0.0064460080986734,0.0455801603815537,0.0029413155127605,0.2974539322473961,0.2861522612955717,1.1217168642786413,0.2975882209055235,1.0,,,,,38.47603454265933,34.9469950479747,10.608311427700372,11.38558278966695,0.002878599030897,0.5721577385142446,0.7749999999999999,0.725
base_q0.9_s1,PPCI,219,0.7999999999999999,1000,50,0.955,0.0065853888980663,0.0465657314657332,-0.0044400349319271,0.2989230277887601,0.2861659729598815,1.1217706140027353,0.299039608278774,1.0,,,,,38.74554146538328,35.032219458097124,10.834300338318627,11.322006824072451,0.0028851664932444,0.568985507696867,0.7749999999999999,0.75
base_q0.9_s1,PPCI,220,0.7999999999999999,1000,50,0.953,0.0061295537008356,0.0433424898750801,-0.004905726302808,0.2900986193842706,0.2857158429728713,1.1200061044536551,0.2902022745918441,1.0,,,,,38.68662525927838,34.868591956593065,10.520956259490688,11.384218040928245,0.0028895148178562,0.5721004168642685,0.7749999999999999,0.7749999999999999
base_q0.9_s1,PPCI,221,0.7999999999999999,1000,50,0.953,0.006762743073454,0.0478198148666172,-0.006729726951229,0.2835369156256758,0.2839915711905765,1.1132469590670602,0.2835988745028844,1.0,,,,,38.207965716108426,34.508948808093976,10.23409450159159,11.321610171515497,0.0028753050342202,0.5689558136099949,0.7749999999999999,0.7999999999999999
base_q0.9_s1,PPCI,222,0.7999999999999999,1000,50,0.948,0.0069927075717259,0.0494459094282193,-0.009168965193552,0.2732932479143017,0.2772591513637353,1.0868558733458429,0.2732760678180024,1.0,,,,,36.39674588589138,33.07476787073445,9.65077102716086,11.3819484244287,0.0028785635596141,0.5719759847810492,0.7749999999999999,0.825
base_q0.9_s1,PPCI,223,0.7999999999999999,1000,50,0.949,0.0077578137042202,0.0548560267743607,-0.0005040168402892,0.2711799034446437,0.2722108090087814,1.067066371314423,0.2713151265542858,1.0,,,,,34.958635301718466,31.99635121643257,8.911501990848459,11.319898124281316,0.0028844877872616,0.5688793940013274,0.7749999999999999,0.85
base_q0.9_s1,PPCI,224,0.7999999999999999,1000,50,0.955,0.0068883219721378,0.0487077917749494,0.0092968888696719,0.2909695120372179,0.2865470095026513,1.1232642772503936,0.2909664693376205,1.0,,,,,38.99022308176981,35.26595593259786,9.945909669676965,11.387306187413634,0.0028899439740926,0.5722552533447742,0.7999999999999999,0.7
base_q0.9_s1,PPCI,225,0.7999999999999999,1000,50,0.952,0.0066944997222057,0.0473372615022311,0.016033988826221,0.2813379403386581,0.2822584261627752,1.1064530305580789,0.2810212105822549,1.0,,,,,37.85435979644125,34.20781867430123,9.621630846415725,11.323796165641395,0.0028754567885771,0.569065265070647,0.7999999999999999,0.725
base_q0.9_s1,PPCI,226,0.7999999999999999,1000,50,0.95,0.0078246079643595,0.0553283335172488,0.0120663711933498,0.2874509940215045,0.2800758725679434,1.097897420466338,0.2873413330724753,1.0,,,,,37.335584679629534,33.77853075385971,9.78676299149861,11.38336369657889,0.002880295574665,0.5720484804036096,0.7999999999999999,0.75
base_q0.9_s1,PPCI,227,0.7999999999999999,1000,50,0.941,0.0086531815548044,0.0611872335624058,0.0224111873384673,0.2894655697883058,0.2773762748526547,1.0873149974224066,0.2887411058390367,1.0,,,,,36.517801057220254,33.12836037691942,9.336900887514506,11.320971927791836,0.0028844045326113,0.5689330009222031,0.7999999999999999,0.7749999999999999
base_q0.9_s1,PPCI,228,0.7999999999999999,1000,50,0.94,0.0083299312783504,0.0589015089373951,0.0290669262732891,0.2841599867113331,0.2756689071837924,1.0806221161604663,0.2828108799863379,1.0,,,,,35.72249052019652,32.67123970172761,8.837642177732704,11.38395490128547,0.0028903810642659,0.5720881261285395,0.7999999999999999,0.7999999999999999
base_q0.9_s1,PPCI,229,0.7999999999999999,1000,50,0.972,0.0049815987926179,0.0352252228741084,0.0124538229713391,0.2607381052772209,0.2705302341765989,1.060478517972268,0.260570832972437,1.0,,,,,34.318043619300404,31.40257323690194,8.301620109789843,11.320569350123405,0.0028759102374315,0.5689043777436017,0.7999999999999999,0.825
base_q0.9_s1,PPCI,230,0.7999999999999999,1000,50,0.973,0.004783048297938,0.0338212588621477,0.0128069410077128,0.2657833666477178,0.270406676502612,1.0599941718902393,0.2656074689766769,1.0,,,,,34.33661496633651,31.43931531191192,8.061706188584905,11.381141695715488,0.0028793360712006,0.571936420856975,0.7999999999999999,0.85
base_q0.9_s1,PPCI,231,0.7999999999999999,1000,50,0.96,0.0063887656499993,0.0451753951452625,0.0236002195816692,0.2918471336387821,0.2839095718019547,1.1129255214636629,0.2910369075055611,1.0,,,,,38.09191283174339,34.524703133817994,9.181756531819635,11.322287522461265,0.0028836899623274,0.5689980660853907,0.825,0.7
base_q0.9_s1,PPCI,232,0.7999999999999999,1000,50,0.952,0.0063823736867681,0.0451301971398037,0.0282457273249083,0.294122156481167,0.2839540369962554,1.1130998250253212,0.2929092310574346,1.0,,,,,38.14155426972671,34.501970850436486,9.167590971782309,11.384787959773094,0.0028897143183276,0.5721291123069824,0.825,0.725
base_q0.9_s1,PPCI,233,0.7999999999999999,1000,50,0.956,0.0058274508726774,0.041206300291017,0.0103783402688829,0.2937794352757806,0.2829742309208872,1.1092589852098782,0.2937429685554968,1.0,,,,,37.51051583707474,34.32614099303108,9.479003349571828,11.321091214921326,0.0028758362503722,0.5689303969964385,0.825,0.75
base_q0.9_s1,PPCI,234,0.7999999999999999,1000,50,0.949,0.0080165644837703,0.0566856710829328,0.0040704344545717,0.2902405835636542,0.2802595883386242,1.098617586287407,0.2903572545089369,1.0,,,,,36.96571633528527,33.70887804209722,9.314761375039266,11.381428635939956,0.0028805092042312,0.571951941001229,0.825,0.7749999999999999
base_q0.9_s1,PPCI,235,0.7999999999999999,1000,50,0.949,0.0074901295593819,0.0529632140340474,0.0121854493660941,0.2817266106940292,0.274417402767177,1.075716218847334,0.2816037973742312,1.0,,,,,35.48468620815802,32.48315980787821,8.570063802820272,11.3200718052499,0.002885455799289,0.5688890460617839,0.825,0.7999999999999999
base_q0.9_s1,PPCI,236,0.7999999999999999,1000,50,0.95,0.0074230748895809,0.0524890659167823,0.0152185149056159,0.2803775548067951,0.2706049176081526,1.060771277023958,0.2801043171248471,1.0,,,,,34.34927226517062,31.685986741885408,8.13779639985012,11.383192647267132,0.0028899751454591,0.5720496075088158,0.825,0.825
base_q0.9_s1,PPCI,237,0.7999999999999999,1000,50,0.95,0.0065465367070797,0.0462910049886275,0.0091195156885493,0.271821275621274,0.2684050129543933,1.0521476507812215,0.2718041902396185,1.0,,,,,33.71388231936432,31.328605903879897,7.778707466747394,11.320169588811696,0.0028754682177677,0.5688839476583526,0.825,0.85
base_q0.9_s1,PPCI,238,0.7999999999999999,1000,50,0.937,0.0071156625173784,0.0503153321867323,0.0293756502959058,0.3011790123027315,0.2777286691777075,1.0886963831766134,0.2998929882904355,1.0,,,,,36.08164378507996,33.33179596775924,8.743213793052071,11.381998422108593,0.002876449374482,0.5719763704799116,0.85,0.7
base_q0.9_s1,PPCI,239,0.7999999999999999,1000,50,0.93,0.0083299312783504,0.0589015089373951,0.0304774150731692,0.3031555755361644,0.2754047547868409,1.0795866387644164,0.3017706010279424,1.0,,,,,35.63947741837615,32.68942764117319,8.750125647648211,11.320902370773256,0.0028849725341424,0.5689300910728052,0.85,0.725
base_q0.9_s1,PPCI,240,0.7999999999999999,1000,50,0.941,0.0077840758433287,0.0550417281408813,0.0252147642057934,0.2984413904086266,0.2751744009768381,1.0786836518292051,0.2975231069585265,1.0,,,,,35.461876853049134,32.75570605759306,8.710773605260844,11.376433219406756,0.0028799222698435,0.5717015832401813,0.85,0.75
base_q0.9_s1,PPCI,241,0.7999999999999999,1000,50,0.949,0.0073526338471187,0.0519909725287938,0.0292692878374571,0.2871247426273631,0.2721544130876499,1.0668452993035875,0.2857719234118847,1.0,,,,,34.531263055660965,31.967923867513196,8.238684128972698,11.31828111577779,0.002861593093723,0.5687756488826126,0.85,0.7749999999999999
base_q0.9_s1,PPCI,242,0.7999999999999999,1000,50,0.946,0.0060339177376979,0.0426662414944802,0.0430654651148949,0.2775828353831839,0.2715671472102752,1.064543217064279,0.2743590149473649,1.0,,,,,34.573327103447376,31.84200840309589,7.558575834359085,11.382933165263385,0.0028907284848392,0.5720373867480084,0.85,0.7999999999999999
base_q0.9_s1,PPCI,243,0.7999999999999999,1000,50,0.947,0.0066101344578624,0.0467407089970939,0.0390445203382816,0.2655334579725729,0.2668681038396323,1.046122967051359,0.2627786051598482,1.0,,,,,33.65665251930199,30.917797150396087,7.115254191415017,11.316901604942975,0.0028676708713173,0.5687127511184662,0.85,0.825
base_q0.9_s1,PPCI,244,0.7999999999999999,1000,50,0.949,0.0066224725637138,0.0468279525802393,0.0353638810245971,0.2734396247642585,0.2667188692416617,1.045537967427314,0.2712788538139736,1.0,,,,,33.66463048681167,30.836926447686885,7.177129087680663,11.378212538082153,0.0028808989152312,0.5717915258193389,0.85,0.85
base_q0.9_s1,PPCI,245,0.825,1000,50,0.968,0.0052992105688546,0.0374710772817257,-0.0047185112474099,0.2799346967193566,0.2894176214090869,1.1345170759236205,0.2800349793662121,1.0,,,,,38.89798947110164,35.68801541692841,10.35599794595888,11.321969972383233,0.0028618721440434,0.5689603707632049,0.7,0.7
base_q0.9_s1,PPCI,246,0.825,1000,50,0.964,0.0065527685378169,0.0463350706863624,0.0101060535446288,0.283067229656579,0.2920066610607528,1.1446661113581509,0.2830283187534773,1.0,,,,,39.89728565531007,36.21282075980176,10.228217880746584,11.38726291919127,0.0028920611934736,0.5722552071530371,0.7,0.725
base_q0.9_s1,PPCI,247,0.825,1000,50,0.968,0.0056712666403654,0.0401019109931948,0.0093846438509219,0.2845239198563805,0.2887179727478997,1.1317744531717668,0.2845113990095964,1.0,,,,,39.01586529188091,35.36057666166172,10.16244390754218,11.321426915861666,0.0028685167310759,0.5689398625241592,0.7,0.75
base_q0.9_s1,PPCI,248,0.825,1000,50,0.968,0.0054883922035138,0.0388087934491603,0.0106550919541496,0.2820927896538758,0.2855354029354102,1.119298779506808,0.2820325395118407,1.0,,,,,38.413557433399504,34.79668396021579,10.005142831522914,11.384451623037457,0.0028821623353287,0.5721047434872016,0.7,0.7749999999999999
base_q0.9_s1,PPCI,249,0.825,1000,50,0.961,0.0054003023346959,0.0381859040132104,0.0132067348975441,0.2904724164641051,0.2843437878252171,1.1146276482748507,0.2903172247229111,1.0,,,,,38.253701916800914,34.695474210933384,9.911407541674649,11.32075849160552,0.0028671533633023,0.5689050779435784,0.7,0.7999999999999999
base_q0.9_s1,PPCI,250,0.825,1000,50,0.952,0.0063823736867681,0.0451301971398037,0.0187883026606541,0.2986803069271059,0.2818660673357591,1.1049149839561756,0.2982379440991746,1.0,,,,,37.342006451115,34.04413820961434,9.628208808415003,11.384738043751568,0.0028939959295094,0.5721308981170878,0.7,0.825
base_q0.9_s1,PPCI,251,0.825,1000,50,0.953,0.0062938259348316,0.044504069981272,0.020364998945741,0.3014238352408092,0.2851629121640852,1.117838615683214,0.300885571931615,1.0,,,,,37.87569265040887,35.01346884226903,9.421464168857913,11.318339028693735,0.0028685755347833,0.56878552696947,0.7,0.85
base_q0.9_s1,PPCI,252,0.825,1000,50,0.941,0.0064980373803109,0.0459480629602153,0.0200742511877932,0.2888926117020273,0.2871431588862532,1.125601182834113,0.2883385243770031,1.0,,,,,38.66728822461016,35.34672496705315,9.749746197699723,11.387291737683118,0.0028829293446615,0.5722475162288174,0.725,0.7
base_q0.9_s1,PPCI,253,0.825,1000,50,0.949,0.0063067828727554,0.0445956893679656,0.0081262697704599,0.2949423199856698,0.2899231811503875,1.136498870109519,0.2949778768076564,1.0,,,,,39.38657230266368,35.90884079728651,10.341506934212704,11.321761094219983,0.0028684348100796,0.5689564895210788,0.725,0.725
base_q0.9_s1,PPCI,254,0.825,1000,50,0.961,0.0061095442229551,0.0432010015001069,-0.0052904905353168,0.2984469732116716,0.2916905089979886,1.143426795272115,0.2985493899966492,1.0,,,,,39.80008872000317,36.20823595341495,10.830227690477612,11.38579272730276,0.0028937979182228,0.5721834342833609,0.725,0.75
base_q0.9_s1,PPCI,255,0.825,1000,50,0.958,0.0059521904731427,0.0420883424647321,-0.0010050949442216,0.2941784426222654,0.2883123377160872,1.1301843638470617,0.2943239243763152,1.0,,,,,38.97619695415391,35.29314495008711,10.595859394884064,11.319842667039484,0.0028708905512467,0.5688630239032209,0.725,0.7749999999999999
base_q0.9_s1,PPCI,256,0.825,1000,50,0.965,0.0053927388823362,0.0381324223286832,0.0068344275835407,0.2837659277700334,0.2844412229935002,1.1150095941345208,0.2838255614142342,1.0,,,,,38.230569889382025,34.4805563339691,9.86841496312952,11.382014993224294,0.0028818787774071,0.5719826284386218,0.725,0.7999999999999999
base_q0.9_s1,PPCI,257,0.825,1000,50,0.966,0.0052372293656638,0.037032803990902,0.0095208336149691,0.2753836757181752,0.2813309641400499,1.1028173794289955,0.275356757540563,1.0,,,,,37.25085382837099,33.85706958629592,9.234092040791518,11.317831683140248,0.0028684884607791,0.5687600726177916,0.725,0.825
base_q0.9_s1,PPCI,258,0.825,1000,50,0.955,0.0057587555344989,0.0407205508963977,0.0071350751396728,0.2839203877021266,0.281773205407184,1.1045509651961616,0.2839727412507238,1.0,,,,,37.02708044483064,34.16789586595247,9.131545576011764,11.382860206086187,0.0028939650142565,0.572036975318566,0.725,0.85
base_q0.9_s1,PPCI,259,0.825,1000,50,0.954,0.006521549834579,0.0461143211187684,0.0053139204404607,0.2986206659827226,0.2911257621587655,1.141212987662361,0.2987227806867404,1.0,,,,,39.56601506604068,36.080466119121056,10.15497748291628,11.321760173421351,0.0028707902897149,0.5689587989607826,0.75,0.7
base_q0.9_s1,PPCI,260,0.825,1000,50,0.959,0.0061759903774906,0.043670846764665,0.0026490502002213,0.2988282216430937,0.2867632093289786,1.1241117805695957,0.2989660001616627,1.0,,,,,38.70459902509637,35.02321938460098,10.24494769259169,11.38396445782855,0.0028822104567661,0.5720804333481937,0.75,0.725
base_q0.9_s1,PPCI,261,0.825,1000,50,0.958,0.007050835816716,0.049856938190329,0.0114595942077824,0.2934457704323725,0.2819216041666864,1.1051326883334107,0.2933686470096794,1.0,,,,,37.67022560087213,33.92378041718072,9.904143946134573,11.320513372253629,0.0028688407372683,0.5688945093499497,0.75,0.75
base_q0.9_s1,PPCI,262,0.825,1000,50,0.943,0.0076944188625687,0.0544077575501201,0.0148005161993323,0.2953384963010699,0.2814810357888987,1.103405660292483,0.2951150029778103,1.0,,,,,37.60087702422436,33.99261222982118,9.675808631200685,11.384353069197386,0.0028942200941964,0.5721118735540658,0.75,0.7749999999999999
base_q0.9_s1,PPCI,263,0.825,1000,50,0.957,0.0069999999999999,0.0494974746830583,-0.0002886056533265,0.2844102636517099,0.2786701229594271,1.0923868820009546,0.2845524290215672,1.0,,,,,36.86571257440824,33.25164718986438,9.502224437637818,11.319409425705672,0.0028700392534956,0.5688405105387792,0.75,0.7999999999999999
base_q0.9_s1,PPCI,264,0.825,1000,50,0.954,0.0060339177376979,0.0426662414944802,0.0024735106744356,0.2819315366427061,0.2745666646098172,1.0763013252704836,0.2820617519810008,1.0,,,,,35.74436615927388,32.388807314729576,8.951927731776633,11.383800917826592,0.0028828257508575,0.5720728716421872,0.75,0.825
base_q0.9_s1,PPCI,265,0.825,1000,50,0.948,0.0058832172234211,0.0416006279387458,0.0155007273199556,0.2797919856534741,0.2735349664642967,1.0722570685400434,0.2795020645586697,1.0,,,,,35.1505720983508,32.19507264180744,8.310262388165112,11.317916004601866,0.0028695632414892,0.5687653634715826,0.75,0.85
base_q0.9_s1,PPCI,266,0.825,1000,50,0.935,0.0071784825865149,0.0507595371555424,0.0096162120024456,0.2973429820456043,0.2896057669555394,1.135254606465715,0.2973361502150744,1.0,,,,,39.32985309190641,35.94431660463617,9.66778558508199,11.386849926132708,0.002891708323732,0.5722342046303673,0.7749999999999999,0.7
base_q0.9_s1,PPCI,267,0.825,1000,50,0.946,0.0068273160830562,0.0482764149963308,0.016379552439758,0.2849963092342522,0.2881594580152097,1.1295850754196215,0.2846675994580345,1.0,,,,,39.00861794494301,35.54384989339058,9.364515769840157,11.320224112384022,0.0028700721636414,0.5688812777828425,0.7749999999999999,0.725
base_q0.9_s1,PPCI,268,0.825,1000,50,0.954,0.0062007241183459,0.0438457407234937,0.0117839176087841,0.2824079541797882,0.2848596468554421,1.116649815673333,0.2823031826897449,1.0,,,,,38.24206535259021,34.86965046003567,9.292506723881935,11.384475325457752,0.0028813605597242,0.5721051268326119,0.7749999999999999,0.75
base_q0.9_s1,PPCI,269,0.825,1000,50,0.957,0.0071442855714571,0.0505177277431055,0.0135088637232029,0.2753216974020787,0.2790140591155056,1.0937351117327818,0.2751276847286981,1.0,,,,,36.867692757837446,33.47421552602891,8.9813865564752,11.31960606271401,0.0028684869511052,0.5688487900868058,0.7749999999999999,0.7749999999999999
base_q0.9_s1,PPCI,270,0.825,1000,50,0.944,0.0073734216574651,0.0521379645454133,0.0201453267458311,0.2842407444918958,0.2750694453745956,1.0782722258684148,0.2836678234726043,1.0,,,,,35.85106528667119,32.6278251924915,8.729858817531793,11.383421494048088,0.0028868366070091,0.5720579113094135,0.7749999999999999,0.7999999999999999
base_q0.9_s1,PPCI,271,0.825,1000,50,0.935,0.0074573617920789,0.052731510929405,0.014749895105915,0.2971372869399452,0.2762709422657501,1.0829820936817407,0.2969194656021213,1.0,,,,,35.672749647486604,32.78056572644912,8.672843133636494,11.31897614698857,0.0028693386279046,0.5688181459773332,0.7749999999999999,0.825
base_q0.9_s1,PPCI,272,0.825,1000,50,0.926,0.0085999525390242,0.060810847582265,0.0165230050626541,0.2951248346014566,0.2728174355978432,1.0694443475435451,0.2948093805717683,1.0,,,,,34.51236295021905,32.064754317397416,8.220914641067692,11.38278553796932,0.0028817744096741,0.5720210513081401,0.7749999999999999,0.85
base_q0.9_s1,PPCI,273,0.825,1000,50,0.951,0.0073526338471187,0.0519909725287938,0.0237827154150194,0.2938787988923727,0.2817929187902851,1.1046282416579176,0.2930614541385708,1.0,,,,,37.53629878808221,34.12768079976385,8.972037503478798,11.320903531704095,0.0028687430629506,0.5689139196481555,0.7999999999999999,0.7
base_q0.9_s1,PPCI,274,0.825,1000,50,0.947,0.006762743073454,0.0478198148666172,0.0241313675151762,0.2890685845532076,0.2763095690219062,1.083133510565872,0.2882037214584588,1.0,,,,,36.02897901417528,32.705428649526745,8.828439941418342,11.385726931523532,0.0028942386992275,0.5721805852754042,0.7999999999999999,0.725
base_q0.9_s1,PPCI,275,0.825,1000,50,0.96,0.0053452248382484,0.0377964473009227,0.0148903934797485,0.2697166625880949,0.275154668192982,1.0786062993164895,0.2694400716521029,1.0,,,,,35.75592206536566,32.52272238240591,8.537374526829206,11.31949836520478,0.0028689367137849,0.568843854974024,0.7999999999999999,0.75
base_q0.9_s1,PPCI,276,0.825,1000,50,0.955,0.00626783170528,0.0443202630213959,0.0149911593599627,0.2732529500952249,0.2735052029998173,1.072140395759284,0.2729779420275955,1.0,,,,,35.486160424668455,32.16088151405057,8.347330878062648,11.383462955914435,0.0028820761274546,0.5720552239231764,0.7999999999999999,0.7749999999999999
base_q0.9_s1,PPCI,277,0.825,1000,50,0.956,0.0067973584304973,0.048064582403602,0.0078042219190397,0.2765290587062926,0.2733211144317872,1.071418768572606,0.27655722432718,1.0,,,,,35.223415653334044,32.26032934945377,8.296406642162667,11.319553629476577,0.0028687004875391,0.568846381961368,0.7999999999999999,0.7999999999999999
base_q0.9_s1,PPCI,278,0.825,1000,50,0.961,0.0061095442229551,0.0432010015001069,0.0079566034251723,0.2752951515029831,0.2749186742074257,1.077681202893109,0.2753178396250428,1.0,,,,,35.35419692243648,32.54944921820635,8.032692869434404,11.38556000173092,0.0028936115428805,0.5721716116294264,0.7999999999999999,0.825
base_q0.9_s1,PPCI,279,0.825,1000,50,0.967,0.0052702476416276,0.037266278459273,0.0197851360508704,0.265095805038261,0.2709309056392953,1.0620491501060376,0.264488730438295,1.0,,,,,34.61942083495111,31.78275499734364,7.442947511006248,11.320191345755012,0.0028706034850329,0.5688801707727834,0.7999999999999999,0.85
base_q0.9_s1,PPCI,280,0.825,1000,50,0.954,0.0074010479125649,0.052333311668612,0.0121231865940539,0.2899339345114269,0.2790325824913823,1.093807723366219,0.2898253153910535,1.0,,,,,36.9127149920772,33.50021620215874,8.67758503133936,11.38634565256536,0.0028821012172847,0.5721993838455528,0.825,0.7
base_q0.9_s1,PPCI,281,0.825,1000,50,0.958,0.0066024114333093,0.0466860989667662,-0.0019689923732851,0.2887288120252541,0.2760086353266565,1.0819538504804935,0.2888665675643426,1.0,,,,,35.99455801290019,32.89051805420366,8.899799546690975,11.320448366850616,0.0028686711136251,0.568891089456156,0.825,0.725
base_q0.9_s1,PPCI,282,0.825,1000,50,0.958,0.0062857142857142,0.0444467119602972,0.0029906168620672,0.2904347673935913,0.2760923294234531,1.082281931339936,0.2905646884256821,1.0,,,,,35.99563758919465,32.87404160846837,8.674272850869718,11.384962880685926,0.0028946998873725,0.5721428439216688,0.825,0.75
base_q0.9_s1,PPCI,283,0.825,1000,50,0.949,0.0074901295593819,0.0529632140340475,0.0170763486656971,0.2815858155847881,0.2738085254684106,1.0733294198361694,0.2812081931642471,1.0,,,,,35.50521381006192,32.340127138011994,7.996547699079452,11.31962520454079,0.0028712697876617,0.5688525300147013,0.825,0.7749999999999999
base_q0.9_s1,PPCI,284,0.825,1000,50,0.946,0.0078037144478558,0.0551805940452227,0.0074312820426424,0.2883649936020847,0.2738887182038965,1.073643775359274,0.2884134669363469,1.0,,,,,35.22049478392828,32.407369556207286,8.014578431090378,11.38228383693844,0.0028823470501229,0.5719965388970449,0.825,0.7999999999999999
base_q0.9_s1,PPCI,285,0.825,1000,50,0.951,0.0073526338471187,0.0519909725287938,0.0125122622008792,0.2841321576232776,0.2690016087688308,1.054486306373817,0.2839985589254764,1.0,,,,,33.987959319204464,31.45552015807796,7.596958929588761,11.318403199724854,0.0028692706348374,0.5687894306210801,0.825,0.825
base_q0.9_s1,PPCI,286,0.825,1000,50,0.948,0.0066944997222057,0.0473372615022311,0.0168244079550269,0.2757663167826552,0.2695550093976828,1.0566556368389168,0.2753903422588453,1.0,,,,,34.363218650213426,31.75719542442217,7.381748195993723,11.384179286342114,0.0028943203408271,0.5721032846579328,0.825,0.85
base_q0.9_s1,PPCI,287,0.825,1000,50,0.956,0.0064901809666288,0.0458925097263114,0.0074028421727754,0.286216986529453,0.2777226627756854,1.0886728380806867,0.2862644033308725,1.0,,,,,36.293313226203175,33.28998144213182,8.313733834793162,11.32119962286204,0.0028700059102848,0.5689299870533869,0.85,0.7
base_q0.9_s1,PPCI,288,0.825,1000,50,0.958,0.0059521904731427,0.0420883424647321,0.0241345394511189,0.2787912145544358,0.2753501198299629,1.0793724697334546,0.2778835810241811,1.0,,,,,35.69108143820545,32.74659355336772,7.81739417227033,11.383570217452943,0.0028828405207023,0.5720613513933495,0.85,0.725
base_q0.9_s1,PPCI,289,0.825,1000,50,0.953,0.0059607560128643,0.0421489099769483,0.0271329379779307,0.2857025799188453,0.2761623839507217,1.0825565450868289,0.2845535777099939,1.0,,,,,35.76585345400417,33.00147192141682,7.81258896585903,11.319417971093207,0.0028686401788145,0.5688395387334748,0.85,0.75
base_q0.9_s1,PPCI,290,0.825,1000,50,0.948,0.0060541771715477,0.0428094973250619,0.023195916032112,0.2800868256238224,0.2759885249272888,1.0818750177149723,0.2792643334466399,1.0,,,,,35.66217485571414,32.846539772401115,7.598618180472602,11.38481580602005,0.0028947013644501,0.5721354916654526,0.85,0.7749999999999999
base_q0.9_s1,PPCI,291,0.825,1000,50,0.945,0.0061028598180839,0.0431537356199806,0.0126947325192587,0.2782727231746757,0.2707753452676287,1.061439353449105,0.2781221029214464,1.0,,,,,34.50983135761592,31.854355105157783,7.467745689675309,11.319875607881697,0.0028709689807146,0.5688647493747995,0.85,0.7999999999999999
base_q0.9_s1,PPCI,292,0.825,1000,50,0.949,0.0064665544558607,0.045725445066512,0.0135475894247847,0.2728238331960136,0.2643969983402919,1.036436233493944,0.2726236057478418,1.0,,,,,32.815736777404894,30.187827373116896,7.169755438971205,11.3836677400209,0.0028825715249404,0.5720659585259854,0.85,0.825
base_q0.9_s1,PPCI,293,0.825,1000,50,0.951,0.0064665544558607,0.045725445066512,0.0128657671145548,0.2744497410630541,0.2648938500199188,1.0383838920780812,0.2742851887559778,1.0,,,,,33.250471887597094,30.470676415387903,7.304149184416178,11.319757104627788,0.0028686138167977,0.5688564690481871,0.85,0.85
base_q0.9_s1,PPCI,294,0.85,1000,50,0.957,0.0065480952207804,0.046302025344691,0.007511078972269,0.2898700792162695,0.2888933677291212,1.1324620014981552,0.2899177449145448,1.0,,,,,38.84625932810791,35.66707509115901,9.580156175724314,11.392157785687596,0.0028901201654225,0.5724980094498023,0.7,0.7
base_q0.9_s1,PPCI,295,0.85,1000,50,0.965,0.0059333027592271,0.041954786158824,0.0152828248878959,0.2834657524762223,0.2845725251685936,1.1155242986608869,0.2831951051093835,1.0,,,,,37.68413389400345,34.40967222774097,9.179269299059252,11.32591050285846,0.0028719802452251,0.5691675053881481,0.7,0.725
base_q0.9_s1,PPCI,296,0.85,1000,50,0.955,0.0071784825865149,0.0507595371555424,0.0180976417919458,0.2830415171284567,0.2841384092080084,1.113822564095393,0.2826036811872228,1.0,,,,,37.70715339440512,34.38345900914588,8.994627742164248,11.38661269834265,0.0028823462221771,0.5722129811393097,0.7,0.75
base_q0.9_s1,PPCI,297,0.85,1000,50,0.954,0.0076718409040557,0.0542481072744215,0.029589392790397,0.2839043605633607,0.2835578829574081,1.1115469011930394,0.2824994862666607,1.0,,,,,37.43271752373218,34.3302712923694,8.627590311184813,11.321935774181036,0.0028676826851442,0.5689644713941961,0.7,0.7749999999999999
base_q0.9_s1,PPCI,298,0.85,1000,50,0.951,0.0074901295593819,0.0529632140340475,0.0224015723487658,0.2938687452599053,0.2831278460910114,1.1098611566767644,0.2931602837167461,1.0,,,,,37.34679858426598,34.40149717083384,8.834605944054065,11.387374905049802,0.0028897046064957,0.5722584498589859,0.7,0.7999999999999999
base_q0.9_s1,PPCI,299,0.85,1000,50,0.94,0.0079539490897571,0.0562429133857986,0.0258777284987075,0.2900686235229087,0.277532750133956,1.0879283805251077,0.2890565744338736,1.0,,,,,36.29728923689881,33.248621764328455,8.43844595600343,11.322520016115158,0.0028722114423289,0.5689982122480869,0.7,0.825
base_q0.9_s1,PPCI,300,0.85,1000,50,0.95,0.0076930925816207,0.0543983793275993,0.0246434931022763,0.2801060602272424,0.2719894078649121,1.066198478830455,0.2791595122094223,1.0,,,,,35.005924868519415,31.93442082625268,8.017587820827913,11.384598190877586,0.0028811479406431,0.5721110574845224,0.7,0.85
base_q0.9_s1,PPCI,301,0.85,1000,50,0.959,0.0056586578058109,0.0400127530690311,0.0205348737670255,0.2784379624424494,0.2842746962854356,1.1143568094389076,0.2778186478434533,1.0,,,,,38.5813279384036,34.70886185691602,8.850674447284858,11.325448301807048,0.0028686777735129,0.5691410928638652,0.725,0.7
base_q0.9_s1,PPCI,302,0.85,1000,50,0.958,0.0066024114333093,0.0466860989667662,0.0170159231775748,0.2729754408472377,0.2835055856463043,1.111341895733513,0.272580905446755,1.0,,,,,38.52505175691394,34.471960290836314,8.826051066484013,11.388338872902096,0.0028902536416426,0.5723071972867474,0.725,0.725
base_q0.9_s1,PPCI,303,0.85,1000,50,0.943,0.0083311561781847,0.0589101702871864,0.0132961960952193,0.2803708575755175,0.2822335240772855,1.1063554143829593,0.2801955361627199,1.0,,,,,38.054706523584464,34.13600880510197,9.031430112338512,11.322947452720255,0.0028726607747375,0.5690200334107504,0.725,0.75
base_q0.9_s1,PPCI,304,0.85,1000,50,0.94,0.0088063057185271,0.0622699849077239,0.0183433760986619,0.2861146717458451,0.281189161306092,1.1022615123198805,0.2856689214356541,1.0,,,,,37.66589364837064,33.986633737304274,8.814506753022306,11.385656399410218,0.0028817388601601,0.572164558830671,0.725,0.7749999999999999
base_q0.9_s1,PPCI,305,0.85,1000,50,0.951,0.0076251463686185,0.0539179270479017,0.0107924056887725,0.2869260669640567,0.280501105077539,1.0995643319039528,0.2868664920606422,1.0,,,,,37.31133172081857,33.97856011013624,8.776232256138464,11.320178733877835,0.002868195622228,0.5688771323161199,0.725,0.7999999999999999
base_q0.9_s1,PPCI,306,0.85,1000,50,0.958,0.0057782138331876,0.0408581418459288,0.0067669862154406,0.2785709582538647,0.2766361647352574,1.0844137657622086,0.278628103931274,1.0,,,,,35.88602784910236,32.93225248384938,8.286212485165104,11.385194734446705,0.002889218641445,0.5721489553637803,0.725,0.825
base_q0.9_s1,PPCI,307,0.85,1000,50,0.954,0.0062007241183459,0.0438457407234937,0.0037599857567885,0.2877101757318172,0.2768280902173348,1.0851661136519526,0.2878295564745258,1.0,,,,,36.100442291747775,33.13785175063296,8.32983091887175,11.32136729652062,0.0028733377652242,0.5689417025912552,0.725,0.85
base_q0.9_s1,PPCI,308,0.85,1000,50,0.96,0.0053452248382484,0.0377964473009227,0.0092104913982714,0.2887454036518388,0.2838913717781967,1.112854177370531,0.2887428742422769,1.0,,,,,37.96156013163997,34.5482274351821,9.06724913496982,11.387046578787269,0.0028812995953485,0.5722336285347119,0.75,0.7
base_q0.9_s1,PPCI,309,0.85,1000,50,0.968,0.0054883922035138,0.0388087934491603,-0.0052941595381259,0.2834439413517606,0.2803841408373992,1.099105832082605,0.283536298551705,1.0,,,,,37.03317273018512,33.5681503921736,9.226665514117112,11.321356634814292,0.0028689430169761,0.5689367747576908,0.75,0.725
base_q0.9_s1,PPCI,310,0.85,1000,50,0.964,0.0060676458804557,0.0429047354790891,-0.0111315665973428,0.2819821614943305,0.2823477830657321,1.1068033096176704,0.2819033471302298,1.0,,,,,37.82130957933351,34.145020296191,9.274485379067915,11.385508436784148,0.0028899825317785,0.572165404370986,0.75,0.75
base_q0.9_s1,PPCI,311,0.85,1000,50,0.962,0.0061544740652965,0.0435187034620794,0.0057412788974364,0.2791457637071783,0.2818404957549702,1.104814743359483,0.2792263642186397,1.0,,,,,37.46289973902974,33.99627672431952,8.686177259570504,11.321352778803558,0.0028739575576037,0.5689415964977815,0.75,0.7749999999999999
base_q0.9_s1,PPCI,312,0.85,1000,50,0.955,0.0057587555344989,0.0407205508963977,0.009373312846116,0.2823651042472417,0.2786353248908767,1.0922504735722371,0.2823506950900996,1.0,,,,,36.61683175654511,33.482575024505174,8.330071726416794,11.383689373154192,0.0028818413522094,0.5720663100099191,0.75,0.7999999999999999
base_q0.9_s1,PPCI,313,0.85,1000,50,0.947,0.0069119830876588,0.0488751011273028,0.0061525435808033,0.2851167574433222,0.2737246602788094,1.0730006682929327,0.2851929989132091,1.0,,,,,35.43048419410088,32.36778104353085,8.198154256589257,11.31962541555986,0.0028688885401934,0.5688501593181864,0.75,0.825
base_q0.9_s1,PPCI,314,0.85,1000,50,0.944,0.0067973584304973,0.048064582403602,0.0063946719048038,0.2843304646790526,0.2733521023719595,1.0715402412980812,0.2844007825603805,1.0,,,,,35.31017494683841,32.29531020943065,7.965889961937533,11.384175250735131,0.0028898345232009,0.5720985970599577,0.75,0.85
base_q0.9_s1,PPCI,315,0.85,1000,50,0.956,0.0061677237556922,0.0436123929213535,0.0186037611174236,0.2842722664031121,0.2805107923442198,1.0996023059893418,0.2838048038440025,1.0,,,,,37.29561487458898,33.81003197240051,8.430317910613077,11.323351323660464,0.0028738507525995,0.5690414169356226,0.7749999999999999,0.7
base_q0.9_s1,PPCI,316,0.85,1000,50,0.966,0.0062986879100138,0.0445384493374854,0.0121943820166246,0.2801917231775724,0.2765827665006162,1.0842044446824155,0.280066306292582,1.0,,,,,36.37306216500673,33.09178538966211,8.461710507661275,11.38562835983932,0.0028832285646349,0.5721646465566009,0.7749999999999999,0.725
base_q0.9_s1,PPCI,317,0.85,1000,50,0.963,0.0061957852692004,0.0438108177862733,-0.0034591639424413,0.2843093037747624,0.2791383747432362,1.094222428993486,0.2844305101651759,1.0,,,,,36.86721405292195,33.66684127640383,8.85639122528917,11.320620660707355,0.0028687193356454,0.5688997523710132,0.7749999999999999,0.75
base_q0.9_s1,PPCI,318,0.85,1000,50,0.958,0.0057782138331876,0.0408581418459288,0.0017328410864595,0.27878862897029,0.280942588144378,1.1012949455259622,0.278922739839732,1.0,,,,,37.36360514087727,34.14388131921678,8.516728704723214,11.38521162070334,0.0028897083159536,0.5721502893511206,0.7749999999999999,0.7749999999999999
base_q0.9_s1,PPCI,319,0.85,1000,50,0.959,0.0061759903774906,0.043670846764665,0.0162335870232804,0.2763883193562313,0.2766943398485014,1.0846418122061254,0.2760492291346338,1.0,,,,,36.04689266869912,33.14445240748214,7.961573813770327,11.320182579774407,0.0028735185274854,0.5688826475162059,0.7749999999999999,0.7999999999999999
base_q0.9_s1,PPCI,320,0.85,1000,50,0.95,0.0069985421222376,0.0494871659305393,0.0156418078469799,0.2783671545424612,0.2694474337842362,1.0562339404342058,0.2780664084402277,1.0,,,,,34.4033426797506,31.60276861551055,7.797514333785644,11.375995786841958,0.0028875515712425,0.5716873409133405,0.7749999999999999,0.825
base_q0.9_s1,PPCI,321,0.85,1000,50,0.946,0.0083103083269994,0.0587627537177232,0.0208186288284278,0.2785501336628284,0.2681725960534597,1.051236576529562,0.2779100495716854,1.0,,,,,34.32831911994581,31.31360806051045,7.502866701456231,11.31768311424181,0.0028638046002015,0.568747960312292,0.7749999999999999,0.85
base_q0.9_s1,PPCI,322,0.85,1000,50,0.949,0.0069237833234586,0.0489585413948394,0.0084418494829986,0.2828728091763575,0.2806269568446845,1.1000576708311631,0.2828882944481199,1.0,,,,,37.14457965028711,33.71153510621864,8.230810642462535,11.385849471203985,0.0028891606358811,0.5721816341960803,0.7999999999999999,0.7
base_q0.9_s1,PPCI,323,0.85,1000,50,0.948,0.006220440302022,0.043985155195259,-0.0032797474366878,0.2766896161989975,0.2774729714913892,1.0876940482462456,0.2768086161575884,1.0,,,,,36.4437320516256,32.91663943982324,8.212127652208228,11.318318256679923,0.0028720060084015,0.5687879188423977,0.7999999999999999,0.725
base_q0.9_s1,PPCI,324,0.85,1000,50,0.956,0.0067973584304973,0.048064582403602,-0.0059649455892709,0.2763295412113487,0.276225038503554,1.0828021509339318,0.2764033892769684,1.0,,,,,35.95388921893312,32.67775999811276,8.178000979572348,11.381745122838764,0.0028855098802596,0.5719727660221978,0.7999999999999999,0.75
base_q0.9_s1,PPCI,325,0.85,1000,50,0.953,0.0069119830876588,0.0488751011273028,0.0001376411925236,0.2778409764880463,0.2760749872976011,1.0822139502065966,0.2779799671430769,1.0,,,,,36.076743778281845,32.80308855602174,7.914452459931721,11.315667937677354,0.0028637978769838,0.5686471947608516,0.7999999999999999,0.7749999999999999
base_q0.9_s1,PPCI,326,0.85,1000,50,0.953,0.0073415229471597,0.0519124066017332,-1.6968477778457115e-05,0.2769646685665692,0.2740140964639815,1.0741352581388073,0.2771032543291762,1.0,,,,,35.70794834135858,32.435554939701234,7.705355547770392,11.380692453719677,0.0028877037111669,0.5719223263971507,0.7999999999999999,0.7999999999999999
base_q0.9_s1,PPCI,327,0.85,1000,50,0.96,0.0063887656499993,0.0451753951452625,0.002201128941331,0.2711400868035767,0.2704759581417719,1.060265755915746,0.2712668195534156,1.0,,,,,34.87071102183494,31.688018480952135,7.3634145946600915,11.313957735802978,0.0028720463356003,0.5685699331257492,0.7999999999999999,0.825
base_q0.9_s1,PPCI,328,0.85,1000,50,0.949,0.0066224725637138,0.0468279525802393,-0.0043152327649216,0.2769107891656568,0.2691808294616812,1.05518885148979,0.2770157064575139,1.0,,,,,34.59693041906376,31.542129515761506,7.591472881955046,11.379167197365314,0.0028875346668064,0.5718458945350722,0.7999999999999999,0.85
base_q0.9_s1,PPCI,329,0.85,1000,50,0.952,0.0069927075717259,0.0494459094282193,-0.0055750369210183,0.2770083740523077,0.277394396879199,1.0873860357664602,0.2770908471892,1.0,,,,,36.538005680666565,33.14729709077865,8.048603259324992,11.31591460134834,0.0028644324177876,0.5686601624852047,0.825,0.7
base_q0.9_s1,PPCI,330,0.85,1000,50,0.949,0.0074901295593819,0.0529632140340475,0.003687024094072,0.272980069073756,0.2718890209752849,1.0658049622231165,0.2730917484434677,1.0,,,,,35.61623529879168,31.976638233887613,7.786704643088698,11.381542424447836,0.0028874235926195,0.5719645448150114,0.825,0.725
base_q0.9_s1,PPCI,331,0.85,1000,50,0.948,0.006540298938434,0.0462468973035389,0.0130729516278297,0.2767414810991065,0.2684840423559884,1.0524574460354748,0.2765708530076822,1.0,,,,,34.61577309621284,31.23601609137158,7.533975999756639,11.315221134591848,0.002873125991784,0.5686341827213764,0.825,0.75
base_q0.9_s1,PPCI,332,0.85,1000,50,0.945,0.006738557951469,0.0476488002290226,0.0166193638603603,0.2759453896127471,0.266217118947786,1.0435711062753212,0.2755822933241568,1.0,,,,,34.033310799753835,30.843171242663963,7.350350002139523,11.380827347096057,0.0028879534564912,0.5719293208112939,0.825,0.7749999999999999
base_q0.9_s1,PPCI,333,0.85,1000,50,0.948,0.0075538880379441,0.0534140545595426,0.0004250526193187,0.2700770787375105,0.2625271468084857,1.0291064154892642,0.2702118839945981,1.0,,,,,32.88253052097211,29.81224270266269,7.260449048324784,11.314849225711075,0.0028652675412595,0.5686077288268133,0.825,0.7999999999999999
base_q0.9_s1,PPCI,334,0.85,1000,50,0.955,0.0071784825865149,0.0507595371555424,0.0041962670063951,0.2620698703509477,0.2624472287203101,1.0287931365836156,0.2621673893317065,1.0,,,,,33.13776486649566,29.866665880293255,7.037558924381969,11.380504797939212,0.0028881749548017,0.5719134148517624,0.825,0.825
base_q0.9_s1,PPCI,335,0.85,1000,50,0.958,0.0062857142857142,0.0444467119602972,0.0031644987101311,0.2703216381184617,0.2648173676064704,1.038084081017364,0.2704383680135939,1.0,,,,,33.7568645664013,30.364771691152622,7.346072720771395,11.31387732712552,0.0028728907313197,0.5685667570875957,0.825,0.85
base_q0.9_s1,PPCI,336,0.85,1000,50,0.959,0.0070984332850313,0.0501935031164596,0.0033803623258734,0.275436581863223,0.2760592050315797,1.0821520837237923,0.2755536492094315,1.0,,,,,36.47412530031354,33.173643197602175,7.879880400166882,11.382329287193716,0.002889006554149,0.5720054709138349,0.85,0.7
base_q0.9_s1,PPCI,337,0.85,1000,50,0.959,0.006804860207894,0.0481176279802837,0.0006011175494747,0.2763466351295505,0.2741571264628003,1.0746959357341772,0.276484258051099,1.0,,,,,35.82810611922674,32.53106987399146,7.8068371914436465,11.31478942397982,0.00286470690649,0.5686041781054809,0.85,0.725
base_q0.9_s1,PPCI,338,0.85,1000,50,0.952,0.0060541771715477,0.0428094973250619,-0.0064111712838995,0.2863303192135931,0.2746056382558567,1.0764541019629588,0.2864017712205791,1.0,,,,,36.09187636552361,32.78879464334435,8.03422205114074,11.38052194295451,0.0028885930143296,0.5719146901620552,0.85,0.75
base_q0.9_s1,PPCI,339,0.85,1000,50,0.95,0.0067005939426048,0.0473803541479342,-0.0065684671987098,0.2811449002842898,0.2710788337622244,1.0626290283479198,0.2812087989076904,1.0,,,,,35.11351691224981,31.937215536678764,7.770769011089636,11.313964426256716,0.0028748441468924,0.5685730654597282,0.85,0.7749999999999999
base_q0.9_s1,PPCI,340,0.85,1000,50,0.957,0.0053471335063465,0.0378099436224744,-0.0009492112358579,0.2732211030726542,0.2678133957652092,1.0498285113996204,0.2733561664861865,1.0,,,,,34.36488277568984,31.060672570032175,7.420305036430992,11.379467208180577,0.0028893772959709,0.5718627377049997,0.85,0.7999999999999999
base_q0.9_s1,PPCI,341,0.85,1000,50,0.945,0.0068883219721378,0.0487077917749494,0.0011805854698696,0.2763292639942571,0.2667917104520281,1.0458235049719506,0.2764650091038918,1.0,,,,,34.060731899784805,30.708705355351704,7.440835363444643,11.31338386533782,0.0028660450950264,0.5685352383619174,0.85,0.825
base_q0.9_s1,PPCI,342,0.85,1000,50,0.959,0.0061759903774906,0.043670846764665,0.0030451872072375,0.281128839043666,0.2694514563136779,1.0562497087496172,0.2812530075059527,1.0,,,,,35.125801455584586,31.562131916382352,7.809609257873542,11.380662041679024,0.0028861878374591,0.5719192899214104,0.85,0.85
base_q0.9_s1,PPI,0,0.7,1000,50,0.0,0.0,0.0,1.3718171470387466,1.3727088915124186,0.0510763195572931,0.2002191726645891,0.0494961189743288,,,,,,,,,0.0,8.2631541416049e-05,8.2631541416049e-05,0.7,0.7
base_q0.9_s1,PPI,1,0.7,1000,50,0.0,0.0,0.0,1.3882581286256408,1.3891430925549744,0.0511388306104284,0.2004642159928795,0.0496020186916779,,,,,,,,,0.0,8.209467865526677e-05,8.209467865526677e-05,0.7,0.725
base_q0.9_s1,PPI,2,0.7,1000,50,0.0,0.0,0.0,1.3934062739343145,1.3943343787361628,0.0511118387584801,0.2003584079332424,0.0508911130890509,,,,,,,,,0.0,8.146641310304404e-05,8.146641310304404e-05,0.7,0.75
base_q0.9_s1,PPI,3,0.7,1000,50,0.0,0.0,0.0,1.3861967366105723,1.3871440519562832,0.0510074570152703,0.1999492314998598,0.0512821425648502,,,,,,,,,0.0,8.451917022466659e-05,8.451917022466659e-05,0.7,0.7749999999999999
base_q0.9_s1,PPI,4,0.7,1000,50,0.0,0.0,0.0,1.3703836333768522,1.3713749473959578,0.0509638433875077,0.1997782660790303,0.0521599883292272,,,,,,,,,0.0,8.259798865765333e-05,8.259798865765333e-05,0.7,0.7999999999999999
base_q0.9_s1,PPI,5,0.7,1000,50,0.0,0.0,0.0,1.3447996163269034,1.3458530586798003,0.0509378192826151,0.1996762515878513,0.0532661690903077,,,,,,,,,0.0,8.117569331079721e-05,8.117569331079721e-05,0.7,0.825
base_q0.9_s1,PPI,6,0.7,1000,50,0.0,0.0,0.0,1.310512927854778,1.3115734684144302,0.050937769206575,0.1996760552897742,0.0527599524899557,,,,,,,,,0.0,8.114091213792563e-05,8.114091213792563e-05,0.7,0.85
base_q0.9_s1,PPI,7,0.7,1000,50,0.0,0.0,0.0,1.31132706665986,1.312370600502334,0.050966519470337,0.1997887563237212,0.0523512938337679,,,,,,,,,0.0,8.442999050021172e-05,8.442999050021172e-05,0.725,0.7
base_q0.9_s1,PPI,8,0.7,1000,50,0.0,0.0,0.0,1.3264494363298354,1.327447468651255,0.05101111167866,0.1999635577803475,0.051491030433477,,,,,,,,,0.0,8.231815602630377e-05,8.231815602630377e-05,0.725,0.725
base_q0.9_s1,PPI,9,0.7,1000,50,0.0,0.0,0.0,1.3326034785400052,1.3335781820093209,0.0510708560721065,0.2001977558026575,0.0510033121690704,,,,,,,,,0.0,8.090170659124851e-05,8.090170659124851e-05,0.725,0.75
base_q0.9_s1,PPI,10,0.7,1000,50,0.0,0.0,0.0,1.3268621222923402,1.3279078947059555,0.0510232003878537,0.2000109455203869,0.0527168313974041,,,,,,,,,0.0,8.091384824365377e-05,8.091384824365377e-05,0.725,0.7749999999999999
base_q0.9_s1,PPI,11,0.7,1000,50,0.0,0.0,0.0,1.308308867775872,1.3094168787732754,0.0509941483554756,0.1998970615534644,0.0538829498788821,,,,,,,,,0.0,8.414544258266687e-05,8.414544258266687e-05,0.725,0.7999999999999999
base_q0.9_s1,PPI,12,0.7,1000,50,0.0,0.0,0.0,1.2825103243663392,1.2836592161596558,0.0509762216466132,0.1998267888547239,0.054324969652061,,,,,,,,,0.0,8.220879826694726e-05,8.220879826694726e-05,0.725,0.825
base_q0.9_s1,PPI,13,0.7,1000,50,0.0,0.0,0.0,1.2527672811949164,1.2538688636617097,0.0509585902645426,0.1997576738370072,0.0525740473833021,,,,,,,,,0.0,8.081132266670466e-05,8.081132266670466e-05,0.725,0.85
base_q0.9_s1,PPI,14,0.7,1000,50,0.0,0.0,0.0,1.2544446428679183,1.2554638195646592,0.0510391600511786,0.2000735074006203,0.0506023795555203,,,,,,,,,0.0,8.078963775187731e-05,8.078963775187731e-05,0.75,0.7
base_q0.9_s1,PPI,15,0.7,1000,50,0.0,0.0,0.0,1.2697801815264236,1.2708029740097682,0.0509697148025296,0.1998012820259162,0.0510008867103234,,,,,,,,,0.0,8.430588990449905e-05,8.430588990449905e-05,0.75,0.725
base_q0.9_s1,PPI,16,0.7,1000,50,0.0,0.0,0.0,1.272683258817714,1.2736876254602658,0.0510063427503253,0.1999448635812753,0.0505969369207287,,,,,,,,,0.0,8.219501655548811e-05,8.219501655548811e-05,0.75,0.75
base_q0.9_s1,PPI,17,0.7,1000,50,0.0,0.0,0.0,1.2663783761435952,1.2674145994828898,0.0509957036635762,0.1999031583612187,0.0512660084452324,,,,,,,,,0.0,8.124086540192365e-05,8.124086540192365e-05,0.75,0.7749999999999999
base_q0.9_s1,PPI,18,0.7,1000,50,0.0,0.0,0.0,1.2513008778001196,1.252353725793966,0.0510712630322846,0.2001993510865559,0.0513673664208217,,,,,,,,,0.0,8.113878127187491e-05,8.113878127187491e-05,0.75,0.7999999999999999
base_q0.9_s1,PPI,19,0.7,1000,50,0.0,0.0,0.0,1.2278057257909347,1.2289190515619024,0.0511045163629186,0.2003297041426411,0.0523246870958768,,,,,,,,,0.0,8.438478130847215e-05,8.438478130847215e-05,0.75,0.825
base_q0.9_s1,PPI,20,0.7,1000,50,0.0,0.0,0.0,1.194505124494106,1.1955869530274028,0.0510748840667826,0.2002135455417879,0.0508749256975854,,,,,,,,,0.0,8.226965088397265e-05,8.226965088397265e-05,0.75,0.85
base_q0.9_s1,PPI,21,0.7,1000,50,0.0,0.0,0.0,1.1944020049662585,1.195483661244335,0.0510085875246267,0.1999536630965369,0.0508686785477926,,,,,,,,,0.0,8.09978973120451e-05,8.09978973120451e-05,0.7749999999999999,0.7
base_q0.9_s1,PPI,22,0.7,1000,50,0.0,0.0,0.0,1.2074674845079676,1.208529368189805,0.0509755379124114,0.199824108616653,0.0506761848303508,,,,,,,,,0.0,8.096485491842031e-05,8.096485491842031e-05,0.7749999999999999,0.725
base_q0.9_s1,PPI,23,0.7,1000,50,0.0,0.0,0.0,1.2148568042825516,1.2158790708979426,0.0509233426366095,0.1996195031355093,0.0498733143425789,,,,,,,,,0.0,8.424231316894292e-05,8.424231316894292e-05,0.7749999999999999,0.75
base_q0.9_s1,PPI,24,0.7,1000,50,0.0,0.0,0.0,1.211208850350986,1.212278974124623,0.0509923432860589,0.1998899856813512,0.0509512312319852,,,,,,,,,0.0,8.207848481833935e-05,8.207848481833935e-05,0.7749999999999999,0.7749999999999999
base_q0.9_s1,PPI,25,0.7,1000,50,0.0,0.0,0.0,1.2004352873192108,1.2014811248535928,0.0510583331617261,0.2001486659939664,0.0501450781948285,,,,,,,,,0.0,8.08175764977932e-05,8.08175764977932e-05,0.7749999999999999,0.7999999999999999
base_q0.9_s1,PPI,26,0.7,1000,50,0.0,0.0,0.0,1.176232164393299,1.1773134113887267,0.0510239609039747,0.2000139267435811,0.0504708965029375,,,,,,,,,0.0,8.116882108151912e-05,8.116882108151912e-05,0.7749999999999999,0.825
base_q0.9_s1,PPI,27,0.7,1000,50,0.0,0.0,0.0,1.1427192545060134,1.1437815146455643,0.0509294943998162,0.1996436180472796,0.0493081120713249,,,,,,,,,0.0,8.406308386474848e-05,8.406308386474848e-05,0.7749999999999999,0.85
base_q0.9_s1,PPI,28,0.7,1000,50,0.0,0.0,0.0,1.1474289027930733,1.1485229184939367,0.0509007727560976,0.1995310292039027,0.0501430121011502,,,,,,,,,0.0,8.187102433294057e-05,8.187102433294057e-05,0.7999999999999999,0.7
base_q0.9_s1,PPI,29,0.7,1000,50,0.0,0.0,0.0,1.162226913636372,1.1633135823764436,0.0510016532224201,0.1999264806318869,0.0502953455358497,,,,,,,,,0.0,8.079144451767207e-05,8.079144451767207e-05,0.7999999999999999,0.725
base_q0.9_s1,PPI,30,0.7,1000,50,0.0,0.0,0.0,1.1698939797741008,1.1710620515977406,0.0510589495508749,0.2001510822394296,0.0523177018087327,,,,,,,,,0.0,8.110908046364784e-05,8.110908046364784e-05,0.7999999999999999,0.75
base_q0.9_s1,PPI,31,0.7,1000,50,0.0,0.0,0.0,1.1643757447353011,1.1655345101123238,0.050972320636498,0.1998114968950722,0.0519857851411713,,,,,,,,,0.0,8.406853675842285e-05,8.406853675842285e-05,0.7999999999999999,0.7749999999999999
base_q0.9_s1,PPI,32,0.7,1000,50,0.0,0.0,0.0,1.1499702027486811,1.1511092333682664,0.0509714083088782,0.1998079205708028,0.0512213193835858,,,,,,,,,0.0,8.2132657058537e-05,8.2132657058537e-05,0.7999999999999999,0.7999999999999999
base_q0.9_s1,PPI,33,0.7,1000,50,0.0,0.0,0.0,1.1249340483176498,1.1260345132590512,0.050976677972649,0.1998285776527843,0.0497954975654397,,,,,,,,,0.0,8.106112573295832e-05,8.106112573295832e-05,0.7999999999999999,0.825
base_q0.9_s1,PPI,34,0.7,1000,50,0.0,0.0,0.0,1.0919638944070762,1.0931037948289486,0.0509426720275058,0.1996952743478229,0.0499324827503458,,,,,,,,,0.0,8.126739226281643e-05,8.126739226281643e-05,0.7999999999999999,0.85
base_q0.9_s1,PPI,35,0.7,1000,50,0.0,0.0,0.0,1.0988006962623602,1.0999332681976253,0.0509513321511727,0.1997292220325972,0.0499271178655447,,,,,,,,,0.0,8.413142245262861e-05,8.413142245262861e-05,0.825,0.7
base_q0.9_s1,PPI,36,0.7,1000,50,0.0,0.0,0.0,1.1102295803811693,1.1113868409015315,0.0511040818437122,0.2003280008273521,0.0507302921170183,,,,,,,,,0.0,8.278474304825068e-05,8.278474304825068e-05,0.825,0.725
base_q0.9_s1,PPI,37,0.7,1000,50,0.0,0.0,0.0,1.1159279665164612,1.1170071192983306,0.0511001994339511,0.2003127817810883,0.0491130349275092,,,,,,,,,0.0,8.176924381405115e-05,8.176924381405115e-05,0.825,0.75
base_q0.9_s1,PPI,38,0.7,1000,50,0.0,0.0,0.0,1.1115619522354367,1.112651218549963,0.0510447951639773,0.2000955970427911,0.0492461741552713,,,,,,,,,0.0,8.180615026503801e-05,8.180615026503801e-05,0.825,0.7749999999999999
base_q0.9_s1,PPI,39,0.7,1000,50,0.0,0.0,0.0,1.0985363239710384,1.0997633636864388,0.0510103086201701,0.1999604097910668,0.0519624972863332,,,,,,,,,0.0,8.524938579648734e-05,8.524938579648734e-05,0.825,0.7999999999999999
base_q0.9_s1,PPI,40,0.7,1000,50,0.0,0.0,0.0,1.0745141054244345,1.0757965207617632,0.0510264932971577,0.2000238537248585,0.0525390490846672,,,,,,,,,0.0,8.616845402866601e-05,8.616845402866601e-05,0.825,0.825
base_q0.9_s1,PPI,41,0.7,1000,50,0.0,0.0,0.0,1.0415952139208302,1.0428851667546049,0.0510623129474202,0.2001642667538874,0.0518803714996978,,,,,,,,,0.0,8.535267319530249e-05,8.535267319530249e-05,0.825,0.85
base_q0.9_s1,PPI,42,0.7,1000,50,0.0,0.0,0.0,1.0559593507338525,1.0571511304803116,0.0510289970837529,0.2000336685683113,0.0502083972727543,,,,,,,,,0.0,8.592852391302586e-05,8.592852391302586e-05,0.85,0.7
base_q0.9_s1,PPI,43,0.7,1000,50,0.0,0.0,0.0,1.0699875266791194,1.0711670868697083,0.0510637084116493,0.2001697369736655,0.0502807009988003,,,,,,,,,0.0,8.840017206966877e-05,8.840017206966877e-05,0.85,0.725
base_q0.9_s1,PPI,44,0.7,1000,50,0.0,0.0,0.0,1.0746602315670712,1.075823808340092,0.0510657320265018,0.2001776695438871,0.0500475577588522,,,,,,,,,0.0,8.236355148255825e-05,8.236355148255825e-05,0.85,0.75
base_q0.9_s1,PPI,45,0.7,1000,50,0.0,0.0,0.0,1.0705072555444413,1.07171122146678,0.051064242030263,0.200171828758631,0.0508108234956877,,,,,,,,,0.0,8.150458801537752e-05,8.150458801537752e-05,0.85,0.7749999999999999
base_q0.9_s1,PPI,46,0.7,1000,50,0.0,0.0,0.0,1.056521809498292,1.0577294443924667,0.051012329734488,0.1999683325591929,0.0505549145844381,,,,,,,,,0.0,8.065738901495933e-05,8.065738901495933e-05,0.85,0.7999999999999999
base_q0.9_s1,PPI,47,0.7,1000,50,0.0,0.0,0.0,1.033292553060773,1.0345179661928163,0.0510343767475395,0.2000547568503549,0.0503632666086502,,,,,,,,,0.0,8.408094290643931e-05,8.408094290643931e-05,0.85,0.825
base_q0.9_s1,PPI,48,0.7,1000,50,0.0,0.0,0.0,1.0008763883328522,1.002118753504592,0.0509542498639349,0.199740659466625,0.0499093412672282,,,,,,,,,0.0,8.21285592392087e-05,8.21285592392087e-05,0.85,0.85
base_q0.9_s1,PPI,49,0.725,1000,50,0.0,0.0,0.0,1.440629459343027,1.4415260907136327,0.050980264962302,0.1998426386522241,0.0508607697449076,,,,,,,,,0.0,8.137397561222315e-05,8.137397561222315e-05,0.7,0.7
base_q0.9_s1,PPI,50,0.725,1000,50,0.0,0.0,0.0,1.4558996506838553,1.456796943210142,0.0510397823389248,0.2000759467685855,0.0511483825950025,,,,,,,,,0.0,8.045030571520328e-05,8.045030571520328e-05,0.7,0.725
base_q0.9_s1,PPI,51,0.725,1000,50,0.0,0.0,0.0,1.462371128367847,1.4632130726131505,0.0511140323019863,0.2003670066237864,0.0496552557801508,,,,,,,,,0.0,8.376656658947468e-05,8.376656658947468e-05,0.7,0.75
base_q0.9_s1,PPI,52,0.725,1000,50,0.0,0.0,0.0,1.454950267058171,1.455829182954336,0.0511147501448514,0.2003698205678175,0.0506052489378935,,,,,,,,,0.0,8.21299497038126e-05,8.21299497038126e-05,0.7,0.7749999999999999
base_q0.9_s1,PPI,53,0.725,1000,50,0.0,0.0,0.0,1.4397520642964663,1.4406605189862125,0.0510605425000693,0.2001573266002718,0.0511795238679556,,,,,,,,,0.0,8.14665574580431e-05,8.14665574580431e-05,0.7,0.7999999999999999
base_q0.9_s1,PPI,54,0.725,1000,50,0.0,0.0,0.0,1.4156914478551894,1.4166438291340553,0.0510607316484453,0.2001580680619058,0.0519630951400345,,,,,,,,,0.0,8.062081132084132e-05,8.062081132084132e-05,0.7,0.825
base_q0.9_s1,PPI,55,0.725,1000,50,0.0,0.0,0.0,1.384987058179981,1.385975214802733,0.0510536262741471,0.2001302149946567,0.0523534679562849,,,,,,,,,0.0,8.395954500883818e-05,8.395954500883818e-05,0.7,0.85
base_q0.9_s1,PPI,56,0.725,1000,50,0.0,0.0,0.0,1.3862705662429964,1.3872297685954085,0.0510028031174966,0.1999309882205869,0.0516043705188681,,,,,,,,,0.0,8.21610139682889e-05,8.21610139682889e-05,0.725,0.7
base_q0.9_s1,PPI,57,0.725,1000,50,0.0,0.0,0.0,1.400448343299788,1.4014397379575776,0.0510125804238143,0.1999693152613524,0.0527309911998248,,,,,,,,,0.0,8.151859138160944e-05,8.151859138160944e-05,0.725,0.725
base_q0.9_s1,PPI,58,0.725,1000,50,0.0,0.0,0.0,1.403263675662105,1.4042553615699127,0.051046748021366,0.2001032522437547,0.0527917041698224,,,,,,,,,0.0,8.126406371593475e-05,8.126406371593475e-05,0.725,0.75
base_q0.9_s1,PPI,59,0.725,1000,50,0.0,0.0,0.0,1.3992828633610737,1.400312332202769,0.0510987546848575,0.2003071183646415,0.0537120191781811,,,,,,,,,0.0,8.408018946647644e-05,8.408018946647644e-05,0.725,0.7749999999999999
base_q0.9_s1,PPI,60,0.725,1000,50,0.0,0.0,0.0,1.3828737843431236,1.3839191023989654,0.0511272389189371,0.2004187765622338,0.0538058884781363,,,,,,,,,0.0,8.208235446363687e-05,8.208235446363687e-05,0.725,0.7999999999999999
base_q0.9_s1,PPI,61,0.725,1000,50,0.0,0.0,0.0,1.3607975255017246,1.361797743815386,0.0510769375268399,0.2002215951052126,0.0522103013266892,,,,,,,,,0.0,8.100888598710299e-05,8.100888598710299e-05,0.725,0.825
base_q0.9_s1,PPI,62,0.725,1000,50,0.0,0.0,0.0,1.327455935914308,1.3284790274127964,0.0509949043115443,0.1999000249012538,0.0521534703158249,,,,,,,,,0.0,8.160704001784325e-05,8.160704001784325e-05,0.725,0.85
base_q0.9_s1,PPI,63,0.725,1000,50,0.0,0.0,0.0,1.3290027950960388,1.3300058551674587,0.050877426402163,0.1994395114964793,0.0516702547106297,,,,,,,,,0.0,8.401212096214294e-05,8.401212096214294e-05,0.75,0.7
base_q0.9_s1,PPI,64,0.725,1000,50,0.0,0.0,0.0,1.3439871342300234,1.3448902173226742,0.0508182326854828,0.1992074721270928,0.0493022350891276,,,,,,,,,0.0,8.208256028592587e-05,8.208256028592587e-05,0.75,0.725
base_q0.9_s1,PPI,65,0.725,1000,50,0.0,0.0,0.0,1.3499232295542003,1.3508512855617647,0.0508518550553459,0.1993392718169563,0.0500897094503774,,,,,,,,,0.0,8.11497364193201e-05,8.11497364193201e-05,0.75,0.75
base_q0.9_s1,PPI,66,0.725,1000,50,0.0,0.0,0.0,1.3445987029612287,1.3455295025325371,0.0509067491718828,0.1995544567537809,0.0500647246781124,,,,,,,,,0.0,8.134068269282579e-05,8.134068269282579e-05,0.75,0.7749999999999999
base_q0.9_s1,PPI,67,0.725,1000,50,0.0,0.0,0.0,1.3307051712389963,1.331678823436061,0.0509863237422312,0.1998663890695463,0.0509394822971492,,,,,,,,,0.0,8.418667130172253e-05,8.418667130172253e-05,0.75,0.7999999999999999
base_q0.9_s1,PPI,68,0.725,1000,50,0.0,0.0,0.0,1.3048910065218562,1.3058793462819178,0.0510514910988545,0.2001218451075098,0.0508223479890561,,,,,,,,,0.0,8.208645228296519e-05,8.208645228296519e-05,0.75,0.825
base_q0.9_s1,PPI,69,0.725,1000,50,0.0,0.0,0.0,1.2726780242813212,1.2736582703020147,0.051062589939072,0.2001653525611623,0.0499853433985154,,,,,,,,,0.0,8.153562340885401e-05,8.153562340885401e-05,0.75,0.85
base_q0.9_s1,PPI,70,0.725,1000,50,0.0,0.0,0.0,1.2747973497894876,1.275776442756806,0.0510541730896733,0.2001323585115194,0.0499974860520032,,,,,,,,,0.0,8.140316046774388e-05,8.140316046774388e-05,0.7749999999999999,0.7
base_q0.9_s1,PPI,71,0.725,1000,50,0.0,0.0,0.0,1.289396865367582,1.290360675683821,0.0509396062985509,0.1996832566903198,0.0498887343723807,,,,,,,,,0.0,8.410131651908159e-05,8.410131651908159e-05,0.7749999999999999,0.725
base_q0.9_s1,PPI,72,0.725,1000,50,0.0,0.0,0.0,1.2944244028613092,1.2954378136444131,0.0508725769763762,0.199420501747395,0.051256429045331,,,,,,,,,0.0,8.200461231172085e-05,8.200461231172085e-05,0.7749999999999999,0.75
base_q0.9_s1,PPI,73,0.725,1000,50,0.0,0.0,0.0,1.2883492384084274,1.289379987257757,0.051046652796806,0.2001028789634797,0.0515718051295663,,,,,,,,,0.0,8.103014808148146e-05,8.103014808148146e-05,0.7749999999999999,0.7749999999999999
base_q0.9_s1,PPI,74,0.725,1000,50,0.0,0.0,0.0,1.2747575933287707,1.2758280895090688,0.0511017676390017,0.2003189291448868,0.0522793014142047,,,,,,,,,0.0,8.129271399229765e-05,8.129271399229765e-05,0.7749999999999999,0.7999999999999999
base_q0.9_s1,PPI,75,0.725,1000,50,0.0,0.0,0.0,1.2527779476423562,1.253816408262913,0.0510452355432601,0.2000973233295799,0.0510451284203867,,,,,,,,,0.0,8.419319428503513e-05,8.419319428503513e-05,0.7749999999999999,0.825
base_q0.9_s1,PPI,76,0.725,1000,50,0.0,0.0,0.0,1.2200626741144014,1.2211345574317345,0.0509941888366411,0.1998972202396334,0.0511790766299889,,,,,,,,,0.0,8.189863245934247e-05,8.189863245934247e-05,0.7749999999999999,0.85
base_q0.9_s1,PPI,77,0.725,1000,50,0.0,0.0,0.0,1.224425220921484,1.2254962707020725,0.0509842904467448,0.1998584185512398,0.0512505072223988,,,,,,,,,0.0,8.074301481246948e-05,8.074301481246948e-05,0.7999999999999999,0.7
base_q0.9_s1,PPI,78,0.725,1000,50,0.0,0.0,0.0,1.2373315571417425,1.2384096014566537,0.0510214838518447,0.2000042166992315,0.0516878158905069,,,,,,,,,0.0,8.131795935332776e-05,8.131795935332776e-05,0.7999999999999999,0.725
base_q0.9_s1,PPI,79,0.725,1000,50,0.0,0.0,0.0,1.2410848709283546,1.2421251472738748,0.0511199552236853,0.2003902244768465,0.0508508648239893,,,,,,,,,0.0,8.429060410708188e-05,8.429060410708188e-05,0.7999999999999999,0.75
base_q0.9_s1,PPI,80,0.725,1000,50,0.0,0.0,0.0,1.2359330056874125,1.236945378870107,0.0509895940669755,0.1998792087425443,0.0500597816848342,,,,,,,,,0.0,8.328881394118071e-05,8.328881394118071e-05,0.7999999999999999,0.7749999999999999
base_q0.9_s1,PPI,81,0.725,1000,50,0.0,0.0,0.0,1.2216974900480295,1.2227714912494376,0.0509303577338119,0.1996470023165429,0.0512639309196166,,,,,,,,,0.0,8.166829496622086e-05,8.166829496622086e-05,0.7999999999999999,0.7999999999999999
base_q0.9_s1,PPI,82,0.725,1000,50,0.0,0.0,0.0,1.1969910795515593,1.1980689631060908,0.0510129731201021,0.1999708546308005,0.0508348306981403,,,,,,,,,0.0,8.270091284066439e-05,8.270091284066439e-05,0.7999999999999999,0.825
base_q0.9_s1,PPI,83,0.725,1000,50,0.0,0.0,0.0,1.1650544876206916,1.1661994389495878,0.0510207981873278,0.2000015288943253,0.0516898841684363,,,,,,,,,0.0,8.299554884433746e-05,8.299554884433746e-05,0.7999999999999999,0.85
base_q0.9_s1,PPI,84,0.725,1000,50,0.0,0.0,0.0,1.1736247630712546,1.1747941493920542,0.0510354015684924,0.2000587741484902,0.0524305055254191,,,,,,,,,0.0,8.333938475698232e-05,8.333938475698232e-05,0.825,0.7
base_q0.9_s1,PPI,85,0.725,1000,50,0.0,0.0,0.0,1.1877857710632571,1.188970533542733,0.0509722504912892,0.1998112219258539,0.0530915285423008,,,,,,,,,0.0,8.16371776163578e-05,8.16371776163578e-05,0.825,0.725
base_q0.9_s1,PPI,86,0.725,1000,50,0.0,0.0,0.0,1.1907408472026677,1.1918378639931195,0.0508826955944459,0.1994601667302282,0.0511502218563203,,,,,,,,,0.0,8.264270052313805e-05,8.264270052313805e-05,0.825,0.75
base_q0.9_s1,PPI,87,0.725,1000,50,0.0,0.0,0.0,1.185789790547767,1.1868305544411528,0.0509524556706944,0.199733626229122,0.0497172947491449,,,,,,,,,0.0,8.276429027318954e-05,8.276429027318954e-05,0.825,0.7749999999999999
base_q0.9_s1,PPI,88,0.725,1000,50,0.0,0.0,0.0,1.1724950651184134,1.1736029136475985,0.0509721562035786,0.1998108523180282,0.0510070869391543,,,,,,,,,0.0,8.325469307601452e-05,8.325469307601452e-05,0.825,0.7999999999999999
base_q0.9_s1,PPI,89,0.725,1000,50,0.0,0.0,0.0,1.1479865808433392,1.1491311454170032,0.0510094806074718,0.1999571639812896,0.051301378172675,,,,,,,,,0.0,8.146851602941752e-05,8.146851602941752e-05,0.825,0.825
base_q0.9_s1,PPI,90,0.725,1000,50,0.0,0.0,0.0,1.1141879020524534,1.1153800464664771,0.0509901523632456,0.199881397263923,0.051581271825308,,,,,,,,,0.0,8.243172522634268e-05,8.243172522634268e-05,0.825,0.85
base_q0.9_s1,PPI,91,0.725,1000,50,0.0,0.0,0.0,1.1287007607339494,1.1299004736504203,0.0510051376756492,0.1999401396885449,0.0520805670044745,,,,,,,,,0.0,8.260590583086014e-05,8.260590583086014e-05,0.85,0.7
base_q0.9_s1,PPI,92,0.725,1000,50,0.0,0.0,0.0,1.1438797219799457,1.145053901985536,0.0510394180569152,0.2000745187831076,0.0518682022610125,,,,,,,,,0.0,8.336353022605181e-05,8.336353022605181e-05,0.85,0.725
base_q0.9_s1,PPI,93,0.725,1000,50,0.0,0.0,0.0,1.1478736790737245,1.149063854394503,0.0510445938955556,0.2000948080705781,0.0523115174752661,,,,,,,,,0.0,8.148774690926075e-05,8.148774690926075e-05,0.85,0.75
base_q0.9_s1,PPI,94,0.725,1000,50,0.0,0.0,0.0,1.1434095437094411,1.1445766071663872,0.0509474948440815,0.1997141797887998,0.0517000766402782,,,,,,,,,0.0,8.236913103610277e-05,8.236913103610277e-05,0.85,0.7749999999999999
base_q0.9_s1,PPI,95,0.725,1000,50,0.0,0.0,0.0,1.130650587181946,1.1317738453875958,0.0509978656594217,0.1999116333849334,0.0504364019254533,,,,,,,,,0.0,8.263356797397137e-05,8.263356797397137e-05,0.85,0.7999999999999999
base_q0.9_s1,PPI,96,0.725,1000,50,0.0,0.0,0.0,1.1054781301881575,1.1066619183662203,0.0509916650203056,0.199887326879598,0.0511988922171434,,,,,,,,,0.0,8.31169756129384e-05,8.31169756129384e-05,0.85,0.825
base_q0.9_s1,PPI,97,0.725,1000,50,0.0,0.0,0.0,1.0732517199188265,1.074448262136084,0.0510553292629445,0.2001368907107426,0.0507186956123333,,,,,,,,,0.0,8.112601190805436e-05,8.112601190805436e-05,0.85,0.85
base_q0.9_s1,PPI,98,0.75,1000,50,0.0,0.0,0.0,1.4905407638531485,1.4914034500258608,0.0510686898906649,0.2001892643714067,0.0507450204277301,,,,,,,,,0.0,8.269342593848705e-05,8.269342593848705e-05,0.7,0.7
base_q0.9_s1,PPI,99,0.75,1000,50,0.0,0.0,0.0,1.5060401893458426,1.5068567570044409,0.0510120603717797,0.1999672766573766,0.0496255670192339,,,,,,,,,0.0,8.256678283214569e-05,8.256678283214569e-05,0.7,0.725
base_q0.9_s1,PPI,100,0.75,1000,50,0.0,0.0,0.0,1.510634932672061,1.511484636677975,0.0510141672354782,0.1999755355630746,0.0506998775344694,,,,,,,,,0.0,8.309648651629686e-05,8.309648651629686e-05,0.7,0.75
base_q0.9_s1,PPI,101,0.75,1000,50,0.0,0.0,0.0,1.505445897154818,1.5063141510016218,0.0510179981115217,0.1999905525971654,0.0511623869390373,,,,,,,,,0.0,8.110403269529343e-05,8.110403269529343e-05,0.7,0.7749999999999999
base_q0.9_s1,PPI,102,0.75,1000,50,0.0,0.0,0.0,1.4894183608664,1.490291517007862,0.0509865017760286,0.1998670869620321,0.0510328946462709,,,,,,,,,0.0,8.262937422841788e-05,8.262937422841788e-05,0.7,0.7999999999999999
base_q0.9_s1,PPI,103,0.75,1000,50,0.0,0.0,0.0,1.4649698952203845,1.4658355905168918,0.0510033089496518,0.1999329710826353,0.0503956768803553,,,,,,,,,0.0,8.267333824187517e-05,8.267333824187517e-05,0.7,0.825
base_q0.9_s1,PPI,104,0.75,1000,50,0.0,0.0,0.0,1.4317942183300014,1.4327029493290009,0.0510878299083464,0.2002642932407181,0.0510456955661572,,,,,,,,,0.0,8.331878297030925e-05,8.331878297030925e-05,0.7,0.85
base_q0.9_s1,PPI,105,0.75,1000,50,0.0,0.0,0.0,1.4365971573639562,1.4375482305626492,0.0510606773168184,0.2001578550819282,0.0523092621484058,,,,,,,,,0.0,8.114301785826683e-05,8.114301785826683e-05,0.725,0.7
base_q0.9_s1,PPI,106,0.75,1000,50,0.0,0.0,0.0,1.4502160664678831,1.4511931166683354,0.051025090298426,0.2000183539698299,0.0532696919839144,,,,,,,,,0.0,8.218554686754941e-05,8.218554686754941e-05,0.725,0.725
base_q0.9_s1,PPI,107,0.75,1000,50,0.0,0.0,0.0,1.4564530444490336,1.4573782746212052,0.051086453374626,0.2002588972285341,0.0519486603902237,,,,,,,,,0.0,8.258801139891148e-05,8.258801139891148e-05,0.725,0.75
base_q0.9_s1,PPI,108,0.75,1000,50,0.0,0.0,0.0,1.451452912716812,1.4523635773734165,0.0510967276630615,0.2002991724392011,0.0514494907349578,,,,,,,,,0.0,8.302925899624824e-05,8.302925899624824e-05,0.725,0.7749999999999999
base_q0.9_s1,PPI,109,0.75,1000,50,0.0,0.0,0.0,1.436387740203782,1.437296446019248,0.0510781514190499,0.2002263535626756,0.0511267784953546,,,,,,,,,0.0,8.107161708176136e-05,8.107161708176136e-05,0.725,0.7999999999999999
base_q0.9_s1,PPI,110,0.75,1000,50,0.0,0.0,0.0,1.41463168278832,1.4155101799747034,0.0510693272044278,0.200191762641357,0.0498874776264167,,,,,,,,,0.0,8.228328078985214e-05,8.228328078985214e-05,0.725,0.825
base_q0.9_s1,PPI,111,0.75,1000,50,0.0,0.0,0.0,1.3814672021951668,1.3823986352280844,0.0510966928585879,0.2002990360056649,0.050763499410506,,,,,,,,,0.0,8.293685875833035e-05,8.293685875833035e-05,0.725,0.85
base_q0.9_s1,PPI,112,0.75,1000,50,0.0,0.0,0.0,1.3814735564298213,1.3824423769854113,0.0510382780064266,0.2000700497851926,0.0517727630053187,,,,,,,,,0.0,8.294990193098783e-05,8.294990193098783e-05,0.75,0.7
base_q0.9_s1,PPI,113,0.75,1000,50,0.0,0.0,0.0,1.3947004132551988,1.395662255069911,0.0510221991733251,0.2000070207594347,0.0518321721199643,,,,,,,,,0.0,8.102442882955074e-05,8.102442882955074e-05,0.75,0.725
base_q0.9_s1,PPI,114,0.75,1000,50,0.0,0.0,0.0,1.4022426448967888,1.4031945674717188,0.0510240302250746,0.2000141984822926,0.0517033098287668,,,,,,,,,0.0,8.218349236994982e-05,8.218349236994982e-05,0.75,0.75
base_q0.9_s1,PPI,115,0.75,1000,50,0.0,0.0,0.0,1.3970896445437146,1.3980744284725726,0.0510737118599237,0.2002089504909009,0.0524917902692643,,,,,,,,,0.0,8.277825172990561e-05,8.277825172990561e-05,0.75,0.7749999999999999
base_q0.9_s1,PPI,116,0.75,1000,50,0.0,0.0,0.0,1.3805808404708575,1.3816087194726625,0.0510544882488887,0.2001335939356437,0.0533107745803457,,,,,,,,,0.0,8.292646240442992e-05,8.292646240442992e-05,0.75,0.7999999999999999
base_q0.9_s1,PPI,117,0.75,1000,50,0.0,0.0,0.0,1.3559046545626938,1.3569165354385089,0.0510885314832987,0.2002670434145309,0.0524194589951946,,,,,,,,,0.0,8.156472537666559e-05,8.156472537666559e-05,0.75,0.825
base_q0.9_s1,PPI,118,0.75,1000,50,0.0,0.0,0.0,1.3246647040284474,1.3256012380534954,0.0510709340577594,0.2001980615064171,0.0498452483087899,,,,,,,,,0.0,8.278270717710257e-05,8.278270717710257e-05,0.75,0.85
base_q0.9_s1,PPI,119,0.75,1000,50,0.0,0.0,0.0,1.329052356957145,1.3300218043296517,0.0510340103719729,0.200053320658134,0.0507977644373379,,,,,,,,,0.0,8.272002264857293e-05,8.272002264857293e-05,0.7749999999999999,0.7
base_q0.9_s1,PPI,120,0.75,1000,50,0.0,0.0,0.0,1.341842719277181,1.3428208925017533,0.0510837157757044,0.2002481658407615,0.0512707982850126,,,,,,,,,0.0,8.278092462569475e-05,8.278092462569475e-05,0.7749999999999999,0.725
base_q0.9_s1,PPI,121,0.75,1000,50,0.0,0.0,0.0,1.3453675589888268,1.3464072860133691,0.0510214156932708,0.2000039495176216,0.0529293166675731,,,,,,,,,0.0,8.187737595289946e-05,8.187737595289946e-05,0.7749999999999999,0.75
base_q0.9_s1,PPI,122,0.75,1000,50,0.0,0.0,0.0,1.3419278416288205,1.3429665330908898,0.050952420304432,0.1997334875933738,0.0528352953243561,,,,,,,,,0.0,8.213047590106725e-05,8.213047590106725e-05,0.7749999999999999,0.7749999999999999
base_q0.9_s1,PPI,123,0.75,1000,50,0.0,0.0,0.0,1.329068234950589,1.3301061364202522,0.0509600307787383,0.1997633206526542,0.0525616182384835,,,,,,,,,0.0,8.16662535071373e-05,8.16662535071373e-05,0.7749999999999999,0.7999999999999999
base_q0.9_s1,PPI,124,0.75,1000,50,0.0,0.0,0.0,1.3036758960287134,1.3046986758273047,0.0509942938961206,0.1998976320727929,0.0516765254495331,,,,,,,,,0.0,8.274590410292148e-05,8.274590410292148e-05,0.7749999999999999,0.825
base_q0.9_s1,PPI,125,0.75,1000,50,0.0,0.0,0.0,1.2713120788573238,1.2723367799532077,0.0510562420655911,0.2001404688971171,0.0510792410087383,,,,,,,,,0.0,8.21120897307992e-05,8.21120897307992e-05,0.7749999999999999,0.85
base_q0.9_s1,PPI,126,0.75,1000,50,0.0,0.0,0.0,1.274983278734916,1.2760091726755305,0.0510696875351744,0.2001931751378837,0.0511826861919209,,,,,,,,,0.0,8.21523368358612e-05,8.21523368358612e-05,0.7999999999999999,0.7
base_q0.9_s1,PPI,127,0.75,1000,50,0.0,0.0,0.0,1.2879172088833208,1.288920172847203,0.0510360420500866,0.2000612848363396,0.0508631703372569,,,,,,,,,0.0,8.181672357022762e-05,8.181672357022762e-05,0.7999999999999999,0.725
base_q0.9_s1,PPI,128,0.75,1000,50,0.0,0.0,0.0,1.2921853934955998,1.2931635375967738,0.0509900019663868,0.1998808077082364,0.0503127735431683,,,,,,,,,0.0,8.284917287528515e-05,8.284917287528515e-05,0.7999999999999999,0.75
base_q0.9_s1,PPI,129,0.75,1000,50,0.0,0.0,0.0,1.2858721300361955,1.286872425097222,0.0510554880994764,0.2001375133499476,0.0507550958183774,,,,,,,,,0.0,8.199739176779985e-05,8.199739176779985e-05,0.7999999999999999,0.7749999999999999
base_q0.9_s1,PPI,130,0.75,1000,50,0.0,0.0,0.0,1.2722125158216997,1.273277272895568,0.0510677021472844,0.200185392417355,0.052086863029907,,,,,,,,,0.0,8.221465907990932e-05,8.221465907990932e-05,0.7999999999999999,0.7999999999999999
base_q0.9_s1,PPI,131,0.75,1000,50,0.0,0.0,0.0,1.247627258905122,1.2487105750095602,0.0510160956957993,0.1999830951275333,0.0520291265312551,,,,,,,,,0.0,8.177023753523826e-05,8.177023753523826e-05,0.7999999999999999,0.825
base_q0.9_s1,PPI,132,0.75,1000,50,0.0,0.0,0.0,1.216051570361106,1.2170913816427478,0.0510288256836271,0.2000329966798182,0.0503243681865426,,,,,,,,,0.0,8.284587133675814e-05,8.284587133675814e-05,0.7999999999999999,0.85
base_q0.9_s1,PPI,133,0.75,1000,50,0.0,0.0,0.0,1.2207676932814349,1.2217632243104433,0.0510263438690936,0.2000232679668469,0.0493360858514558,,,,,,,,,0.0,8.201002050191165e-05,8.201002050191165e-05,0.825,0.7
base_q0.9_s1,PPI,134,0.75,1000,50,0.0,0.0,0.0,1.2338941786409254,1.234959195078855,0.0510161153509137,0.1999831721755817,0.051303035263778,,,,,,,,,0.0,8.217741083353758e-05,8.217741083353758e-05,0.825,0.725
base_q0.9_s1,PPI,135,0.75,1000,50,0.0,0.0,0.0,1.2371652320605817,1.238171143136638,0.0509544570339402,0.1997414715730456,0.0499245504487917,,,,,,,,,0.0,8.169465884566307e-05,8.169465884566307e-05,0.825,0.75
base_q0.9_s1,PPI,136,0.75,1000,50,0.0,0.0,0.0,1.233412569707144,1.2343786339982927,0.0510917397393271,0.2002796197781624,0.0488511145348937,,,,,,,,,0.0,8.31049783155322e-05,8.31049783155322e-05,0.825,0.7749999999999999
base_q0.9_s1,PPI,137,0.75,1000,50,0.0,0.0,0.0,1.2211299610186737,1.222139134930439,0.0510775452378692,0.2002239773324474,0.0496804949918636,,,,,,,,,0.0,8.205306250602006e-05,8.205306250602006e-05,0.825,0.7999999999999999
base_q0.9_s1,PPI,138,0.75,1000,50,0.0,0.0,0.0,1.2004655335050607,1.201569034554992,0.0510751284136392,0.200214503381466,0.0515102025699235,,,,,,,,,0.0,8.19330969825387e-05,8.19330969825387e-05,0.825,0.825
base_q0.9_s1,PPI,139,0.75,1000,50,0.0,0.0,0.0,1.1670482566640816,1.1681855065082292,0.0510448654270613,0.2000958724740802,0.0515596997261603,,,,,,,,,0.0,8.192346524447202e-05,8.192346524447202e-05,0.825,0.85
base_q0.9_s1,PPI,140,0.75,1000,50,0.0,0.0,0.0,1.1754349533867912,1.1766178766446482,0.0509836997789911,0.1998561031336455,0.0527738863400464,,,,,,,,,0.0,8.306765835732221e-05,8.306765835732221e-05,0.85,0.7
base_q0.9_s1,PPI,141,0.75,1000,50,0.0,0.0,0.0,1.1915809707365443,1.1927717688466233,0.0509853296418766,0.1998624921961563,0.0533115828025964,,,,,,,,,0.0,8.211059868335724e-05,8.211059868335724e-05,0.85,0.725
base_q0.9_s1,PPI,142,0.75,1000,50,0.0,0.0,0.0,1.197737773141006,1.1988475159538967,0.0510148799514685,0.1999783294097565,0.0515970498731185,,,,,,,,,0.0,8.189970813691617e-05,8.189970813691617e-05,0.85,0.75
base_q0.9_s1,PPI,143,0.75,1000,50,0.0,0.0,0.0,1.1921363664967912,1.193208393288684,0.0510940403227592,0.2002886380652164,0.0505936083274804,,,,,,,,,0.0,8.193608932197094e-05,8.193608932197094e-05,0.85,0.7749999999999999
base_q0.9_s1,PPI,144,0.75,1000,50,0.0,0.0,0.0,1.179026008679347,1.180064897197617,0.0510842175547891,0.2002501328147734,0.0495306545627357,,,,,,,,,0.0,8.298423141241074e-05,8.298423141241074e-05,0.85,0.7999999999999999
base_q0.9_s1,PPI,145,0.75,1000,50,0.0,0.0,0.0,1.1523289404488264,1.153529914333398,0.0510406017003258,0.2000791586652772,0.0526502451505842,,,,,,,,,0.0,8.200292848050595e-05,8.200292848050595e-05,0.85,0.825
base_q0.9_s1,PPI,146,0.75,1000,50,0.0,0.0,0.0,1.1197968397193958,1.120999858209842,0.0510067068369738,0.1999462908009373,0.0519463018820213,,,,,,,,,0.0,8.245086576789617e-05,8.245086576789617e-05,0.85,0.85
base_q0.9_s1,PPI,147,0.7749999999999999,1000,50,0.0,0.0,0.0,1.513142299405594,1.513961168635088,0.0509699610590779,0.1998022473515854,0.0498124800390593,,,,,,,,,0.0,8.190730027854442e-05,8.190730027854442e-05,0.7,0.7
base_q0.9_s1,PPI,148,0.7749999999999999,1000,50,0.0,0.0,0.0,1.5280820689211965,1.528916308701379,0.0509564709912447,0.1997493662856793,0.0505254636499592,,,,,,,,,0.0,8.308630716055632e-05,8.308630716055632e-05,0.7,0.725
base_q0.9_s1,PPI,149,0.7749999999999999,1000,50,0.0,0.0,0.0,1.533779873951786,1.5346629479131957,0.0509294715107385,0.199643528322095,0.0520804601784025,,,,,,,,,0.0,8.179992157965899e-05,8.179992157965899e-05,0.7,0.75
base_q0.9_s1,PPI,150,0.7749999999999999,1000,50,0.0,0.0,0.0,1.5270076945803328,1.5278511812163107,0.0509565517720338,0.1997496829463725,0.050786926944649,,,,,,,,,0.0,8.222036622464656e-05,8.222036622464656e-05,0.7,0.7749999999999999
base_q0.9_s1,PPI,151,0.7749999999999999,1000,50,0.0,0.0,0.0,1.5120407326453824,1.5129054947729446,0.0509504594885664,0.1997258011951806,0.0511710603055628,,,,,,,,,0.0,8.195774722844362e-05,8.195774722844362e-05,0.7,0.7999999999999999
base_q0.9_s1,PPI,152,0.7749999999999999,1000,50,0.0,0.0,0.0,1.4888286971714633,1.489672371807179,0.0509921030122028,0.1998890438078353,0.0501537755862285,,,,,,,,,0.0,8.307463023811579e-05,8.307463023811579e-05,0.7,0.825
base_q0.9_s1,PPI,153,0.7749999999999999,1000,50,0.0,0.0,0.0,1.4561663400524936,1.4570135963342383,0.0509549251893018,0.1997433067420632,0.0497059421159985,,,,,,,,,0.0,8.176494762301445e-05,8.176494762301445e-05,0.7,0.85
base_q0.9_s1,PPI,154,0.7749999999999999,1000,50,0.0,0.0,0.0,1.4576187485939185,1.4584440126674765,0.0509844555139381,0.1998590656146375,0.0490808594451314,,,,,,,,,0.0,8.200361113995313e-05,8.200361113995313e-05,0.725,0.7
base_q0.9_s1,PPI,155,0.7749999999999999,1000,50,0.0,0.0,0.0,1.4710108768523964,1.4718743625297477,0.0510424577890645,0.2000864345331331,0.0504349376645984,,,,,,,,,0.0,8.200249634683132e-05,8.200249634683132e-05,0.725,0.725
base_q0.9_s1,PPI,156,0.7749999999999999,1000,50,0.0,0.0,0.0,1.4784161766486963,1.4793124035928622,0.0510396661337621,0.2000754912443477,0.0515116442820316,,,,,,,,,0.0,8.310603722929955e-05,8.310603722929955e-05,0.725,0.75
base_q0.9_s1,PPI,157,0.7749999999999999,1000,50,0.0,0.0,0.0,1.4724426570370064,1.4733644961002432,0.051001817248181,0.1999271236128696,0.0521371113978197,,,,,,,,,0.0,8.193459920585155e-05,8.193459920585155e-05,0.725,0.7749999999999999
base_q0.9_s1,PPI,158,0.7749999999999999,1000,50,0.0,0.0,0.0,1.4597861004526531,1.4607057655644322,0.050952038710851,0.1997319917465361,0.0518513552518363,,,,,,,,,0.0,8.211365900933742e-05,8.211365900933742e-05,0.725,0.7999999999999999
base_q0.9_s1,PPI,159,0.7749999999999999,1000,50,0.0,0.0,0.0,1.4366910873132333,1.4376050264781073,0.0510010736635372,0.1999242087610658,0.0512792487385536,,,,,,,,,0.0,8.252263348549604e-05,8.252263348549604e-05,0.725,0.825
base_q0.9_s1,PPI,160,0.7749999999999999,1000,50,0.0,0.0,0.0,1.403481931079089,1.4044246682669932,0.0509892803439223,0.1998779789481757,0.0514758947382609,,,,,,,,,0.0,8.357583545148372e-05,8.357583545148372e-05,0.725,0.85
base_q0.9_s1,PPI,161,0.7749999999999999,1000,50,0.0,0.0,0.0,1.403459758356088,1.4044509099056146,0.0509767646724758,0.1998289175161055,0.0527811600918403,,,,,,,,,0.0,8.287468273192645e-05,8.287468273192645e-05,0.75,0.7
base_q0.9_s1,PPI,162,0.7749999999999999,1000,50,0.0,0.0,0.0,1.4200919325268595,1.4211290689617226,0.0509970853402317,0.1999085745337084,0.054310988792746,,,,,,,,,0.0,8.159231301397085e-05,8.159231301397085e-05,0.75,0.725
base_q0.9_s1,PPI,163,0.7749999999999999,1000,50,0.0,0.0,0.0,1.4264024498246564,1.4273646816097996,0.0510284626235631,0.2000315734843676,0.0524283718556969,,,,,,,,,0.0,8.296683710068465e-05,8.296683710068465e-05,0.75,0.75
base_q0.9_s1,PPI,164,0.7749999999999999,1000,50,0.0,0.0,0.0,1.420771959686684,1.4216147454747363,0.0510219983887486,0.2000062336838948,0.0489685719650797,,,,,,,,,0.0,8.353150263428688e-05,8.353150263428688e-05,0.75,0.7749999999999999
base_q0.9_s1,PPI,165,0.7749999999999999,1000,50,0.0,0.0,0.0,1.404774079931133,1.4056253731722654,0.0510364582954472,0.2000629165181531,0.0489373980534075,,,,,,,,,0.0,8.28512478619814e-05,8.28512478619814e-05,0.75,0.7999999999999999
base_q0.9_s1,PPI,166,0.7749999999999999,1000,50,0.0,0.0,0.0,1.3810591937416326,1.3820076843463596,0.0509884005807528,0.1998745302765512,0.0512188084636843,,,,,,,,,0.0,8.145534805953502e-05,8.145534805953502e-05,0.75,0.825
base_q0.9_s1,PPI,167,0.7749999999999999,1000,50,0.0,0.0,0.0,1.3496817403885883,1.3506391134723017,0.0509655132680628,0.1997848120108062,0.0508704462844637,,,,,,,,,0.0,8.268267940729856e-05,8.268267940729856e-05,0.75,0.85
base_q0.9_s1,PPI,168,0.7749999999999999,1000,50,0.0,0.0,0.0,1.3481660521909518,1.3491347048945923,0.0509304738894225,0.1996474576465364,0.0511406201948765,,,,,,,,,0.0,8.350726589560509e-05,8.350726589560509e-05,0.7749999999999999,0.7
base_q0.9_s1,PPI,169,0.7749999999999999,1000,50,0.0,0.0,0.0,1.3632138299603769,1.3642093311459045,0.0509615875852795,0.1997694233342956,0.052133203058879,,,,,,,,,0.0,8.292348962277173e-05,8.292348962277173e-05,0.7749999999999999,0.725
base_q0.9_s1,PPI,170,0.7749999999999999,1000,50,0.0,0.0,0.0,1.3693532532168415,1.370327842665901,0.0509673493984512,0.1997920096419287,0.0516985205480928,,,,,,,,,0.0,8.144679479300976e-05,8.144679479300976e-05,0.7749999999999999,0.75
base_q0.9_s1,PPI,171,0.7749999999999999,1000,50,0.0,0.0,0.0,1.3660977474307752,1.3670173740922884,0.0510219943146591,0.200006217713464,0.0501593610030484,,,,,,,,,0.0,8.259215764701366e-05,8.259215764701366e-05,0.7749999999999999,0.7749999999999999
base_q0.9_s1,PPI,172,0.7749999999999999,1000,50,0.0,0.0,0.0,1.3521606245519724,1.3530915723943635,0.0510468049400545,0.2001034753650136,0.050209258763065,,,,,,,,,0.0,8.353316690772771e-05,8.353316690772771e-05,0.7749999999999999,0.7999999999999999
base_q0.9_s1,PPI,173,0.7749999999999999,1000,50,0.0,0.0,0.0,1.3298914352284792,1.3308636858101968,0.0511103068298487,0.2003524027730069,0.050887230465635,,,,,,,,,0.0,8.272426296025515e-05,8.272426296025515e-05,0.7749999999999999,0.825
base_q0.9_s1,PPI,174,0.7749999999999999,1000,50,0.0,0.0,0.0,1.29703601354166,1.2980391518944192,0.0510617957695508,0.2001622394166393,0.0510472844722879,,,,,,,,,0.0,8.15770300105214e-05,8.15770300105214e-05,0.7749999999999999,0.85
base_q0.9_s1,PPI,175,0.7749999999999999,1000,50,0.0,0.0,0.0,1.2993182645233183,1.3002653475651162,0.0510494659294795,0.2001139064435597,0.0496435901278884,,,,,,,,,0.0,8.225487452000379e-05,8.225487452000379e-05,0.7999999999999999,0.7
base_q0.9_s1,PPI,176,0.7749999999999999,1000,50,0.0,0.0,0.0,1.3139664926247738,1.3149503866746917,0.0509870165361594,0.199869104821745,0.0508838367275069,,,,,,,,,0.0,8.328502904623747e-05,8.328502904623747e-05,0.7999999999999999,0.725
base_q0.9_s1,PPI,177,0.7749999999999999,1000,50,0.0,0.0,0.0,1.3221696650182826,1.32316001150949,0.0509761837336467,0.1998266402358953,0.0512095242959217,,,,,,,,,0.0,8.25345702469349e-05,8.25345702469349e-05,0.7999999999999999,0.75
base_q0.9_s1,PPI,178,0.7749999999999999,1000,50,0.0,0.0,0.0,1.3166596456199815,1.3176453690224923,0.0509745796046668,0.1998203520502938,0.0509832854735948,,,,,,,,,0.0,8.136619441211223e-05,8.136619441211223e-05,0.7999999999999999,0.7749999999999999
base_q0.9_s1,PPI,179,0.7749999999999999,1000,50,0.0,0.0,0.0,1.300403119943747,1.3013972595233392,0.0509721008300863,0.1998106352539385,0.0508836110875033,,,,,,,,,0.0,8.241733442991972e-05,8.241733442991972e-05,0.7999999999999999,0.7999999999999999
base_q0.9_s1,PPI,180,0.7749999999999999,1000,50,0.0,0.0,0.0,1.2788973221727924,1.2799329600944578,0.0509531914320285,0.1997365104135517,0.0515041197359121,,,,,,,,,0.0,8.338890224695206e-05,8.338890224695206e-05,0.7999999999999999,0.825
base_q0.9_s1,PPI,181,0.7749999999999999,1000,50,0.0,0.0,0.0,1.2440512088294884,1.2450975832375268,0.0509922198725582,0.1998895019004284,0.0510606382901909,,,,,,,,,0.0,8.27478775754571e-05,8.27478775754571e-05,0.7999999999999999,0.85
base_q0.9_s1,PPI,182,0.7749999999999999,1000,50,0.0,0.0,0.0,1.2453724913241742,1.2464306212481815,0.0510758414426173,0.2002172984550598,0.0513740277657601,,,,,,,,,0.0,8.151871711015701e-05,8.151871711015701e-05,0.825,0.7
base_q0.9_s1,PPI,183,0.7749999999999999,1000,50,0.0,0.0,0.0,1.2589868228840448,1.259954743078095,0.0510131156230174,0.1999714132422284,0.049402175906649,,,,,,,,,0.0,8.22628615424037e-05,8.22628615424037e-05,0.825,0.725
base_q0.9_s1,PPI,184,0.7749999999999999,1000,50,0.0,0.0,0.0,1.2648040612662237,1.265724949349586,0.0510382104001916,0.2000697847687511,0.0482976881139965,,,,,,,,,0.0,8.339825645089149e-05,8.339825645089149e-05,0.825,0.75
base_q0.9_s1,PPI,185,0.7749999999999999,1000,50,0.0,0.0,0.0,1.258639346420671,1.2596551077687614,0.051016366537999,0.1999841568289561,0.0506018449900014,,,,,,,,,0.0,8.255889266729355e-05,8.255889266729355e-05,0.825,0.7749999999999999
base_q0.9_s1,PPI,186,0.7749999999999999,1000,50,0.0,0.0,0.0,1.246590991160638,1.2476185995133582,0.0510434324713597,0.2000902552877301,0.0506521099763566,,,,,,,,,0.0,8.185097575187684e-05,8.185097575187684e-05,0.825,0.7999999999999999
base_q0.9_s1,PPI,187,0.7749999999999999,1000,50,0.0,0.0,0.0,1.2200764061121003,1.2211683270998983,0.0510777786514173,0.200224892313556,0.0516557322590713,,,,,,,,,0.0,8.229123335331679e-05,8.229123335331679e-05,0.825,0.825
base_q0.9_s1,PPI,188,0.7749999999999999,1000,50,0.0,0.0,0.0,1.1863269319331502,1.1874372312501194,0.0510676578671997,0.200185218839423,0.0513636735055478,,,,,,,,,0.0,8.330384455621243e-05,8.330384455621243e-05,0.825,0.85
base_q0.9_s1,PPI,189,0.7749999999999999,1000,50,0.0,0.0,0.0,1.1928365721111054,1.193991066171149,0.0510628589288137,0.2001664070009499,0.052519869263083,,,,,,,,,0.0,8.267293125391007e-05,8.267293125391007e-05,0.85,0.7
base_q0.9_s1,PPI,190,0.7749999999999999,1000,50,0.0,0.0,0.0,1.2070846611695822,1.2081896792916471,0.050989965986492,0.1998806666670486,0.0516874598861053,,,,,,,,,0.0,8.173519000411033e-05,8.173519000411033e-05,0.85,0.725
base_q0.9_s1,PPI,191,0.7749999999999999,1000,50,0.0,0.0,0.0,1.2109049352592811,1.2119484730272725,0.0509894710741826,0.199878726610796,0.0503077519648884,,,,,,,,,0.0,8.232607878744602e-05,8.232607878744602e-05,0.85,0.75
base_q0.9_s1,PPI,192,0.7749999999999999,1000,50,0.0,0.0,0.0,1.205317771597589,1.2063429157014285,0.0510360001519762,0.2000611205957469,0.0497471055294122,,,,,,,,,0.0,8.326333016157151e-05,8.326333016157151e-05,0.85,0.7749999999999999
base_q0.9_s1,PPI,193,0.7749999999999999,1000,50,0.0,0.0,0.0,1.193144588141139,1.1942630499428262,0.0510034378503321,0.1999334763733021,0.0517000691043814,,,,,,,,,0.0,8.248756267130375e-05,8.248756267130375e-05,0.85,0.7999999999999999
base_q0.9_s1,PPI,194,0.7749999999999999,1000,50,0.0,0.0,0.0,1.1702137846248255,1.1712863364978048,0.0509382329918572,0.1996778733280802,0.0501387498320939,,,,,,,,,0.0,8.183426037430763e-05,8.183426037430763e-05,0.85,0.825
base_q0.9_s1,PPI,195,0.7749999999999999,1000,50,0.0,0.0,0.0,1.138514303738357,1.1396710845321476,0.0509977374245629,0.1999111307042866,0.0513614554013716,,,,,,,,,0.0,8.225279115140438e-05,8.225279115140438e-05,0.85,0.85
base_q0.9_s1,PPI,196,0.7999999999999999,1000,50,0.0,0.0,0.0,1.5208324737641643,1.5216839242361888,0.0510855342118108,0.2002552941102985,0.0509229336192343,,,,,,,,,0.0,8.333529345691204e-05,8.333529345691204e-05,0.7,0.7
base_q0.9_s1,PPI,197,0.7999999999999999,1000,50,0.0,0.0,0.0,1.5359782351876596,1.5368576968944585,0.0510676646281163,0.200185245342216,0.0520110246026827,,,,,,,,,0.0,8.259400352835655e-05,8.259400352835655e-05,0.7,0.725
base_q0.9_s1,PPI,198,0.7999999999999999,1000,50,0.0,0.0,0.0,1.5391979714721888,1.5400487231223734,0.0510758230500872,0.2002172263563419,0.051208363606497,,,,,,,,,0.0,8.164179138839245e-05,8.164179138839245e-05,0.7,0.75
base_q0.9_s1,PPI,199,0.7999999999999999,1000,50,0.0,0.0,0.0,1.5308106327705884,1.5316808717101762,0.0510659432219312,0.2001784974299705,0.0516504320067319,,,,,,,,,0.0,8.232141099870205e-05,8.232141099870205e-05,0.7,0.7749999999999999
base_q0.9_s1,PPI,200,0.7999999999999999,1000,50,0.0,0.0,0.0,1.514639069796737,1.515458131344697,0.051128911400028,0.2004253326881099,0.0498429576215479,,,,,,,,,0.0,8.31394074484706e-05,8.31394074484706e-05,0.7,0.7999999999999999
base_q0.9_s1,PPI,201,0.7999999999999999,1000,50,0.0,0.0,0.0,1.4927687696485654,1.4935922610482373,0.0510971868255418,0.2003009723561239,0.0496155653945688,,,,,,,,,0.0,8.248384576290845e-05,8.248384576290845e-05,0.7,0.825
base_q0.9_s1,PPI,202,0.7999999999999999,1000,50,0.0,0.0,0.0,1.4614242502229913,1.4622656485198675,0.051057683423408,0.2001461190197597,0.0496230808349115,,,,,,,,,0.0,8.164683263748885e-05,8.164683263748885e-05,0.7,0.85
base_q0.9_s1,PPI,203,0.7999999999999999,1000,50,0.0,0.0,0.0,1.4660608635853378,1.46690692517435,0.0509520134430815,0.1997318926968796,0.0498392951718221,,,,,,,,,0.0,8.234553039073944e-05,8.234553039073944e-05,0.725,0.7
base_q0.9_s1,PPI,204,0.7999999999999999,1000,50,0.0,0.0,0.0,1.478075191755394,1.478864582663949,0.0509817827013739,0.1998485881893859,0.0483375412383011,,,,,,,,,0.0,8.310940116643905e-05,8.310940116643905e-05,0.725,0.725
base_q0.9_s1,PPI,205,0.7999999999999999,1000,50,0.0,0.0,0.0,1.48306532006699,1.4838944208020206,0.0509660325321548,0.199786847526047,0.0496222820196068,,,,,,,,,0.0,8.244899660348892e-05,8.244899660348892e-05,0.725,0.75
base_q0.9_s1,PPI,206,0.7999999999999999,1000,50,0.0,0.0,0.0,1.4798759366406349,1.4807507417996468,0.0509364816625269,0.1996710081171054,0.0509172274997764,,,,,,,,,0.0,8.19053240120411e-05,8.19053240120411e-05,0.725,0.7749999999999999
base_q0.9_s1,PPI,207,0.7999999999999999,1000,50,0.0,0.0,0.0,1.4677495058518084,1.4686809639665537,0.0509967391723512,0.1999072175556167,0.0523249451923892,,,,,,,,,0.0,8.231073431670666e-05,8.231073431670666e-05,0.725,0.7999999999999999
base_q0.9_s1,PPI,208,0.7999999999999999,1000,50,0.0,0.0,0.0,1.441642904490234,1.4425773336057508,0.0510571978070413,0.200144215403602,0.0519403230949114,,,,,,,,,0.0,8.31864895299077e-05,8.31864895299077e-05,0.725,0.825
base_q0.9_s1,PPI,209,0.7999999999999999,1000,50,0.0,0.0,0.0,1.4074521330208332,1.408448563531478,0.0510848303327681,0.2002525349044509,0.0529967737415957,,,,,,,,,0.0,8.256160654127598e-05,8.256160654127598e-05,0.725,0.85
base_q0.9_s1,PPI,210,0.7999999999999999,1000,50,0.0,0.0,0.0,1.407616478532124,1.408576508180101,0.0509771137314481,0.1998302858272765,0.0520224480081926,,,,,,,,,0.0,8.208452537655831e-05,8.208452537655831e-05,0.75,0.7
base_q0.9_s1,PPI,211,0.7999999999999999,1000,50,0.0,0.0,0.0,1.420989340048506,1.4219154589467369,0.0509307583657228,0.1996485727936336,0.0513371538321306,,,,,,,,,0.0,8.233310282230377e-05,8.233310282230377e-05,0.75,0.725
base_q0.9_s1,PPI,212,0.7999999999999999,1000,50,0.0,0.0,0.0,1.423668906061467,1.424627996777637,0.0509875028564427,0.1998710111972554,0.0522925389136464,,,,,,,,,0.0,8.33219001069665e-05,8.33219001069665e-05,0.75,0.75
base_q0.9_s1,PPI,213,0.7999999999999999,1000,50,0.0,0.0,0.0,1.421630858815861,1.4225883809880795,0.0510758115638147,0.2002171813301536,0.0522123463739825,,,,,,,,,0.0,8.288067672401666e-05,8.288067672401666e-05,0.75,0.7749999999999999
base_q0.9_s1,PPI,214,0.7999999999999999,1000,50,0.0,0.0,0.0,1.405248642420445,1.4062797293238742,0.0510621195114992,0.2001635084850769,0.0538686542865176,,,,,,,,,0.0,8.192876260727645e-05,8.192876260727645e-05,0.75,0.7999999999999999
base_q0.9_s1,PPI,215,0.7999999999999999,1000,50,0.0,0.0,0.0,1.3836191391029746,1.3847080079373657,0.0510161838072637,0.1999834405244738,0.0549305244497767,,,,,,,,,0.0,8.244583941996098e-05,8.244583941996098e-05,0.75,0.825
base_q0.9_s1,PPI,216,0.7999999999999999,1000,50,0.0,0.0,0.0,1.3524415680866555,1.353448927469461,0.0509933948715297,0.1998941078963965,0.0522353588314909,,,,,,,,,0.0,8.319373615086078e-05,8.319373615086078e-05,0.75,0.85
base_q0.9_s1,PPI,217,0.7999999999999999,1000,50,0.0,0.0,0.0,1.3523463502185835,1.353284762021136,0.0510165301283059,0.1999847981029595,0.0504136658733122,,,,,,,,,0.0,8.289880957454442e-05,8.289880957454442e-05,0.7749999999999999,0.7
base_q0.9_s1,PPI,218,0.7999999999999999,1000,50,0.0,0.0,0.0,1.3645329237621908,1.3654194018043533,0.0510318724362643,0.2000449399501562,0.0492185458747345,,,,,,,,,0.0,8.192089386284351e-05,8.192089386284351e-05,0.7749999999999999,0.725
base_q0.9_s1,PPI,219,0.7999999999999999,1000,50,0.0,0.0,0.0,1.3712802827926998,1.3721764708577362,0.050983184131352,0.1998540817948999,0.0496096191668403,,,,,,,,,0.0,8.241512160748243e-05,8.241512160748243e-05,0.7749999999999999,0.75
base_q0.9_s1,PPI,220,0.7999999999999999,1000,50,0.0,0.0,0.0,1.3652963353978325,1.3662219589714848,0.050942174099723,0.1996933224709145,0.0503079378800614,,,,,,,,,0.0,8.319087605923414e-05,8.319087605923414e-05,0.7749999999999999,0.7749999999999999
base_q0.9_s1,PPI,221,0.7999999999999999,1000,50,0.0,0.0,0.0,1.3509965298630933,1.3519292671156031,0.051048402188429,0.200109736578642,0.0502358758740881,,,,,,,,,0.0,8.286878094077111e-05,8.286878094077111e-05,0.7749999999999999,0.7999999999999999
base_q0.9_s1,PPI,222,0.7999999999999999,1000,50,0.0,0.0,0.0,1.3255533278343228,1.3265629651515134,0.0510860672903814,0.2002573837782952,0.0517721540488911,,,,,,,,,0.0,8.17957241088152e-05,8.17957241088152e-05,0.7749999999999999,0.825
base_q0.9_s1,PPI,223,0.7999999999999999,1000,50,0.0,0.0,0.0,1.2927366147680768,1.293813675960282,0.0510734045841051,0.2002077459696922,0.0528077797434391,,,,,,,,,0.0,8.251974172890186e-05,8.251974172890186e-05,0.7749999999999999,0.85
base_q0.9_s1,PPI,224,0.7999999999999999,1000,50,0.0,0.0,0.0,1.293199838046616,1.294288903131808,0.0510772378122241,0.2002227722239185,0.0531108690453778,,,,,,,,,0.0,8.310296293348073e-05,8.310296293348073e-05,0.7999999999999999,0.7
base_q0.9_s1,PPI,225,0.7999999999999999,1000,50,0.0,0.0,0.0,1.3088113574674065,1.3098740772782755,0.0510754659807039,0.2002158266443596,0.0527798693115464,,,,,,,,,0.0,8.277298510074616e-05,8.277298510074616e-05,0.7999999999999999,0.725
base_q0.9_s1,PPI,226,0.7999999999999999,1000,50,0.0,0.0,0.0,1.313686479011788,1.314684375591625,0.0510342471634285,0.20005424888064,0.0512393184391363,,,,,,,,,0.0,8.18659756332636e-05,8.18659756332636e-05,0.7999999999999999,0.75
base_q0.9_s1,PPI,227,0.7999999999999999,1000,50,0.0,0.0,0.0,1.3065977784342548,1.3075649542048853,0.0510266851852095,0.2000246059260212,0.0503079093307805,,,,,,,,,0.0,8.252613991498947e-05,8.252613991498947e-05,0.7999999999999999,0.7749999999999999
base_q0.9_s1,PPI,228,0.7999999999999999,1000,50,0.0,0.0,0.0,1.2937532961041465,1.2947309540793637,0.0509966137280333,0.1999067258138907,0.0503307605383839,,,,,,,,,0.0,8.317730203270913e-05,8.317730203270913e-05,0.7999999999999999,0.7999999999999999
base_q0.9_s1,PPI,229,0.7999999999999999,1000,50,0.0,0.0,0.0,1.2692791412079651,1.2702783680383023,0.0510040605005944,0.19993591716233,0.0503997433977426,,,,,,,,,0.0,8.284033741801977e-05,8.284033741801977e-05,0.7999999999999999,0.825
base_q0.9_s1,PPI,230,0.7999999999999999,1000,50,0.0,0.0,0.0,1.2363384421195411,1.2374023917109531,0.0509981445887243,0.1999127267877994,0.0513280636643643,,,,,,,,,0.0,8.224266301840544e-05,8.224266301840544e-05,0.7999999999999999,0.85
base_q0.9_s1,PPI,231,0.7999999999999999,1000,50,0.0,0.0,0.0,1.2360518135132037,1.2370907958072486,0.0510356585607264,0.2000597815580475,0.0507161069605805,,,,,,,,,0.0,8.243049308657646e-05,8.243049308657646e-05,0.825,0.7
base_q0.9_s1,PPI,232,0.7999999999999999,1000,50,0.0,0.0,0.0,1.2507377782464542,1.2518218777061794,0.0510278649868893,0.200029230748606,0.0521127557346453,,,,,,,,,0.0,8.309753239154816e-05,8.309753239154816e-05,0.825,0.725
base_q0.9_s1,PPI,233,0.7999999999999999,1000,50,0.0,0.0,0.0,1.254965359535671,1.2560087775804492,0.0511245379414553,0.200408188730505,0.0512115059628404,,,,,,,,,0.0,8.297283947467804e-05,8.297283947467804e-05,0.825,0.75
base_q0.9_s1,PPI,234,0.7999999999999999,1000,50,0.0,0.0,0.0,1.2473951952379598,1.2484189364720657,0.0511023382998373,0.2003211661353623,0.0505729716821184,,,,,,,,,0.0,8.248076774179936e-05,8.248076774179936e-05,0.825,0.7749999999999999
base_q0.9_s1,PPI,235,0.7999999999999999,1000,50,0.0,0.0,0.0,1.2348080439334082,1.2358484624553223,0.0510057779219947,0.1999426494542194,0.0507256333663339,,,,,,,,,0.0,8.255227748304605e-05,8.255227748304605e-05,0.825,0.7999999999999999
base_q0.9_s1,PPI,236,0.7999999999999999,1000,50,0.0,0.0,0.0,1.2088197622229313,1.2098713965740833,0.0509756173006754,0.1998244198186478,0.0504591402250473,,,,,,,,,0.0,8.301048912107945e-05,8.301048912107945e-05,0.825,0.825
base_q0.9_s1,PPI,237,0.7999999999999999,1000,50,0.0,0.0,0.0,1.1775917820314608,1.1786618040444177,0.0510186869195821,0.1999932527247618,0.0502371075220475,,,,,,,,,0.0,8.277397602796555e-05,8.277397602796555e-05,0.825,0.85
base_q0.9_s1,PPI,238,0.7999999999999999,1000,50,0.0,0.0,0.0,1.180036435603264,1.1811173707747955,0.0509719450812752,0.199810024718599,0.0505451184953932,,,,,,,,,0.0,8.205420617014169e-05,8.205420617014169e-05,0.85,0.7
base_q0.9_s1,PPI,239,0.7999999999999999,1000,50,0.0,0.0,0.0,1.1996967796264564,1.2008277715499474,0.050892206808402,0.199497450688936,0.0521314834921582,,,,,,,,,0.0,8.24744664132595e-05,8.24744664132595e-05,0.85,0.725
base_q0.9_s1,PPI,240,0.7999999999999999,1000,50,0.0,0.0,0.0,1.2020846034894055,1.203192269087436,0.0509035531754523,0.1995419284477733,0.0516421277141679,,,,,,,,,0.0,8.096469845622778e-05,8.096469845622778e-05,0.85,0.75
base_q0.9_s1,PPI,241,0.7999999999999999,1000,50,0.0,0.0,0.0,1.194786694467342,1.195860354202582,0.0509690209143351,0.1997985619841936,0.0506883693574336,,,,,,,,,0.0,8.069006726145745e-05,8.069006726145745e-05,0.85,0.7749999999999999
base_q0.9_s1,PPI,242,0.7999999999999999,1000,50,0.0,0.0,0.0,1.1805785650526723,1.1816886329868843,0.0509492704073651,0.1997211399968714,0.0512337971514395,,,,,,,,,0.0,8.260332141071558e-05,8.260332141071558e-05,0.85,0.7999999999999999
base_q0.9_s1,PPI,243,0.7999999999999999,1000,50,0.0,0.0,0.0,1.155191975044128,1.1563378051213455,0.0509998900713479,0.199919569079684,0.0514905002705889,,,,,,,,,0.0,7.973961625248194e-05,7.973961625248194e-05,0.85,0.825
base_q0.9_s1,PPI,244,0.7999999999999999,1000,50,0.0,0.0,0.0,1.1236799073988155,1.1248997022334883,0.0510473713239948,0.2001056955900598,0.0523980089748216,,,,,,,,,0.0,8.11603832989931e-05,8.11603832989931e-05,0.85,0.85
base_q0.9_s1,PPI,245,0.825,1000,50,0.0,0.0,0.0,1.4959596948606604,1.4968580602174444,0.0511292343240069,0.2004265985501071,0.0518780794310598,,,,,,,,,0.0,8.064004965126514e-05,8.064004965126514e-05,0.7,0.7
base_q0.9_s1,PPI,246,0.825,1000,50,0.0,0.0,0.0,1.5109585444943645,1.511847272239908,0.0511042699230997,0.2003287380985508,0.051856923735029,,,,,,,,,0.0,8.243797905743122e-05,8.243797905743122e-05,0.7,0.725
base_q0.9_s1,PPI,247,0.825,1000,50,0.0,0.0,0.0,1.5152419008972182,1.5161108266894388,0.0510942181290517,0.2002893350658828,0.0513483907006326,,,,,,,,,0.0,7.984159886837005e-05,7.984159886837005e-05,0.7,0.75
base_q0.9_s1,PPI,248,0.825,1000,50,0.0,0.0,0.0,1.5103995599174764,1.5112202934881858,0.0510362631882523,0.2000621516979491,0.049823962898297,,,,,,,,,0.0,8.118735905736685e-05,8.118735905736685e-05,0.7,0.7749999999999999
base_q0.9_s1,PPI,249,0.825,1000,50,0.0,0.0,0.0,1.4962069284294226,1.4970502661181355,0.0509690546206183,0.199798694112824,0.0502678173151757,,,,,,,,,0.0,8.123694267123937e-05,8.123694267123937e-05,0.7,0.7999999999999999
base_q0.9_s1,PPI,250,0.825,1000,50,0.0,0.0,0.0,1.4756631994866822,1.4765966045569,0.0509079389407459,0.1995591206477242,0.0525205929362668,,,,,,,,,0.0,8.221780601888895e-05,8.221780601888895e-05,0.7,0.825
base_q0.9_s1,PPI,251,0.825,1000,50,0.0,0.0,0.0,1.442921536118518,1.4439024467525663,0.0509491455201879,0.1997206504391368,0.0532405005077769,,,,,,,,,0.0,7.986902259290219e-05,7.986902259290219e-05,0.7,0.85
base_q0.9_s1,PPI,252,0.825,1000,50,0.0,0.0,0.0,1.446574469692757,1.4475668384233882,0.0509334179280932,0.1996589982781255,0.0536183762013429,,,,,,,,,0.0,8.119864296168089e-05,8.119864296168089e-05,0.725,0.7
base_q0.9_s1,PPI,253,0.825,1000,50,0.0,0.0,0.0,1.4593051818561529,1.4602700480961617,0.0510032219801964,0.1999326301623702,0.0531019716577682,,,,,,,,,0.0,8.132166136056185e-05,8.132166136056185e-05,0.725,0.725
base_q0.9_s1,PPI,254,0.825,1000,50,0.0,0.0,0.0,1.4630170898421406,1.4639349750460535,0.051020079520497,0.1999987117203485,0.0518584157896493,,,,,,,,,0.0,8.230771776288748e-05,8.230771776288748e-05,0.725,0.75
base_q0.9_s1,PPI,255,0.825,1000,50,0.0,0.0,0.0,1.4577201119026044,1.4585706600942816,0.050987250081942,0.1998700203212127,0.0498289952868657,,,,,,,,,0.0,7.987887226045131e-05,7.987887226045131e-05,0.725,0.7749999999999999
base_q0.9_s1,PPI,256,0.825,1000,50,0.0,0.0,0.0,1.4440708732830954,1.4449287378400464,0.0510865045464232,0.2002590978219791,0.0498081441397901,,,,,,,,,0.0,8.07248493656516e-05,8.07248493656516e-05,0.725,0.7999999999999999
base_q0.9_s1,PPI,257,0.825,1000,50,0.0,0.0,0.0,1.4208660132452835,1.4217340303262405,0.0511072761047115,0.2003405223304691,0.0496980410824769,,,,,,,,,0.0,8.164923638105392e-05,8.164923638105392e-05,0.725,0.825
base_q0.9_s1,PPI,258,0.825,1000,50,0.0,0.0,0.0,1.3865776081963943,1.3874939364033212,0.0511192523333903,0.2003874691468903,0.050443081873123,,,,,,,,,0.0,8.229414001107216e-05,8.229414001107216e-05,0.725,0.85
base_q0.9_s1,PPI,259,0.825,1000,50,0.0,0.0,0.0,1.384871470444295,1.385800545557263,0.0510828870014088,0.2002449170455225,0.0507615913404948,,,,,,,,,0.0,8.00404604524374e-05,8.00404604524374e-05,0.75,0.7
base_q0.9_s1,PPI,260,0.825,1000,50,0.0,0.0,0.0,1.399207314276404,1.4001876390082824,0.0510160554098669,0.1999829372066785,0.0524124333547851,,,,,,,,,0.0,8.090574201196432e-05,8.090574201196432e-05,0.75,0.725
base_q0.9_s1,PPI,261,0.825,1000,50,0.0,0.0,0.0,1.4022577148489408,1.4031670212350718,0.0510539214981918,0.2001313722729119,0.050532605043706,,,,,,,,,0.0,8.154321741312742e-05,8.154321741312742e-05,0.75,0.75
base_q0.9_s1,PPI,262,0.825,1000,50,0.0,0.0,0.0,1.397536309560628,1.3985125422968778,0.0511360392169464,0.20045327373043,0.0522716629550381,,,,,,,,,0.0,8.236496523022652e-05,8.236496523022652e-05,0.75,0.7749999999999999
base_q0.9_s1,PPI,263,0.825,1000,50,0.0,0.0,0.0,1.3845239087886807,1.3854622137215165,0.0510481907397623,0.2001089076998685,0.0510067969585801,,,,,,,,,0.0,7.999038044363261e-05,7.999038044363261e-05,0.75,0.7999999999999999
base_q0.9_s1,PPI,264,0.825,1000,50,0.0,0.0,0.0,1.3628301186849152,1.363820420303328,0.0510062898467137,0.199944656199118,0.0519895119322748,,,,,,,,,0.0,8.074977528303861e-05,8.074977528303861e-05,0.75,0.825
base_q0.9_s1,PPI,265,0.825,1000,50,0.0,0.0,0.0,1.328555248686897,1.329511782201127,0.051052324692539,0.2001251127947532,0.0504487390663928,,,,,,,,,0.0,8.142806869000196e-05,8.142806869000196e-05,0.75,0.85
base_q0.9_s1,PPI,266,0.825,1000,50,0.0,0.0,0.0,1.3234468485282482,1.3244232759133072,0.0511442808656598,0.2004855809933865,0.0508727917705226,,,,,,,,,0.0,8.250412996858358e-05,8.250412996858358e-05,0.7749999999999999,0.7
base_q0.9_s1,PPI,267,0.825,1000,50,0.0,0.0,0.0,1.3364857609581304,1.337495613500039,0.0511296351474219,0.2004281697778938,0.0519906714510482,,,,,,,,,0.0,7.994247693568469e-05,7.994247693568469e-05,0.7749999999999999,0.725
base_q0.9_s1,PPI,268,0.825,1000,50,0.0,0.0,0.0,1.3404747451950143,1.3414941322504277,0.0511238291440325,0.2004054102446075,0.0523134882964909,,,,,,,,,0.0,8.046871144324541e-05,8.046871144324541e-05,0.7749999999999999,0.75
base_q0.9_s1,PPI,269,0.825,1000,50,0.0,0.0,0.0,1.336892576098588,1.337857273352832,0.0511148868523125,0.200370356461065,0.0508223055586672,,,,,,,,,0.0,8.141793590039014e-05,8.141793590039014e-05,0.7749999999999999,0.7749999999999999
base_q0.9_s1,PPI,270,0.825,1000,50,0.0,0.0,0.0,1.3239992790598805,1.3249385805061078,0.0511261278681183,0.2004144212430238,0.0499063303024914,,,,,,,,,0.0,8.1516127102077e-05,8.1516127102077e-05,0.7749999999999999,0.7999999999999999
base_q0.9_s1,PPI,271,0.825,1000,50,0.0,0.0,0.0,1.3017774059026714,1.302748831670412,0.0510068378923062,0.1999468045378403,0.0503253071175119,,,,,,,,,0.0,7.952830661088229e-05,7.952830661088229e-05,0.7749999999999999,0.825
base_q0.9_s1,PPI,272,0.825,1000,50,0.0,0.0,0.0,1.2698665378264629,1.2709158362424702,0.0509418554111924,0.1996920732118744,0.0516595356943673,,,,,,,,,0.0,8.053574804216623e-05,8.053574804216623e-05,0.7749999999999999,0.85
base_q0.9_s1,PPI,273,0.825,1000,50,0.0,0.0,0.0,1.2641675234403364,1.265226345503517,0.0509752133571588,0.1998228363600628,0.0517770112482889,,,,,,,,,0.0,8.131512068212032e-05,8.131512068212032e-05,0.7999999999999999,0.7
base_q0.9_s1,PPI,274,0.825,1000,50,0.0,0.0,0.0,1.2796019376794614,1.2805914395244669,0.0510158910488365,0.199982292911439,0.0503572429967762,,,,,,,,,0.0,8.22717109695077e-05,8.22717109695077e-05,0.7999999999999999,0.725
base_q0.9_s1,PPI,275,0.825,1000,50,0.0,0.0,0.0,1.2830002814302583,1.2839669630682145,0.0510092883475251,0.1999564103222987,0.0498389809738923,,,,,,,,,0.0,7.958613708615304e-05,7.958613708615304e-05,0.7999999999999999,0.75
base_q0.9_s1,PPI,276,0.825,1000,50,0.0,0.0,0.0,1.277581741364712,1.2785704998219891,0.0509094107768855,0.1995648902453911,0.0502985794397389,,,,,,,,,0.0,8.057584334164858e-05,8.057584334164858e-05,0.7999999999999999,0.7749999999999999
base_q0.9_s1,PPI,277,0.825,1000,50,0.0,0.0,0.0,1.261751332549312,1.2627709786632697,0.0508889756120693,0.1994847843993117,0.0507611668530907,,,,,,,,,0.0,8.102806843817234e-05,8.102806843817234e-05,0.7999999999999999,0.7999999999999999
base_q0.9_s1,PPI,278,0.825,1000,50,0.0,0.0,0.0,1.2381640883292022,1.2391876459841769,0.0510097622136273,0.199958267877419,0.0503810538030257,,,,,,,,,0.0,8.23886152356863e-05,8.23886152356863e-05,0.7999999999999999,0.825
base_q0.9_s1,PPI,279,0.825,1000,50,0.0,0.0,0.0,1.2062420230859174,1.2073566347907003,0.0510351518437338,0.2000577952274368,0.0518933351496209,,,,,,,,,0.0,7.969638984650373e-05,7.969638984650373e-05,0.7999999999999999,0.85
base_q0.9_s1,PPI,280,0.825,1000,50,0.0,0.0,0.0,1.204326782734276,1.205368983255001,0.0510160327048481,0.1999828482030046,0.0501388081448369,,,,,,,,,0.0,8.07425007224083e-05,8.07425007224083e-05,0.825,0.7
base_q0.9_s1,PPI,281,0.825,1000,50,0.0,0.0,0.0,1.218915483653714,1.2200024288561555,0.0509740989268114,0.1998184677931009,0.0515133356316563,,,,,,,,,0.0,8.117726631462575e-05,8.117726631462575e-05,0.825,0.725
base_q0.9_s1,PPI,282,0.825,1000,50,0.0,0.0,0.0,1.2227332035984773,1.2238735421207383,0.0510160154498455,0.1999827805633945,0.0528465010539106,,,,,,,,,0.0,8.217141591012478e-05,8.217141591012478e-05,0.825,0.75
base_q0.9_s1,PPI,283,0.825,1000,50,0.0,0.0,0.0,1.2176935809508884,1.2187729308476325,0.0510258890572779,0.2000214851045295,0.0513072344824757,,,,,,,,,0.0,7.959851156920195e-05,7.959851156920195e-05,0.825,0.7749999999999999
base_q0.9_s1,PPI,284,0.825,1000,50,0.0,0.0,0.0,1.2042084170957852,1.2052565967445763,0.051032719384858,0.2000482599886436,0.0502800186182776,,,,,,,,,0.0,8.077267743647098e-05,8.077267743647098e-05,0.825,0.7999999999999999
base_q0.9_s1,PPI,285,0.825,1000,50,0.0,0.0,0.0,1.1772728810866853,1.1784171840338564,0.0510255107437182,0.2000200021153754,0.0519453694331369,,,,,,,,,0.0,8.120380714535713e-05,8.120380714535713e-05,0.825,0.825
base_q0.9_s1,PPI,286,0.825,1000,50,0.0,0.0,0.0,1.1448853932794802,1.1460266961773098,0.0510196536827755,0.1999970424364799,0.0511589859967768,,,,,,,,,0.0,8.19667987525463e-05,8.19667987525463e-05,0.825,0.85
base_q0.9_s1,PPI,287,0.825,1000,50,0.0,0.0,0.0,1.1417672037685755,1.142843014734374,0.0510234404692934,0.2000118866396302,0.0496010987240699,,,,,,,,,0.0,7.968375645577908e-05,7.968375645577908e-05,0.85,0.7
base_q0.9_s1,PPI,288,0.825,1000,50,0.0,0.0,0.0,1.157720405263169,1.158783963672874,0.0509628800996368,0.1997744899905765,0.0496608891040696,,,,,,,,,0.0,8.067732863128186e-05,8.067732863128186e-05,0.85,0.725
base_q0.9_s1,PPI,289,0.825,1000,50,0.0,0.0,0.0,1.1625418579230151,1.163672761821409,0.0509602612542925,0.1997642241168268,0.0513162600011984,,,,,,,,,0.0,8.096908871084451e-05,8.096908871084451e-05,0.85,0.75
base_q0.9_s1,PPI,290,0.825,1000,50,0.0,0.0,0.0,1.1556743894617518,1.1567936176369118,0.0510290659487603,0.2000339385191403,0.0508996082285395,,,,,,,,,0.0,8.216890785843134e-05,8.216890785843134e-05,0.85,0.7749999999999999
base_q0.9_s1,PPI,291,0.825,1000,50,0.0,0.0,0.0,1.1400500700681786,1.1412511295570955,0.0510395826317092,0.2000751639163001,0.0523709955420187,,,,,,,,,0.0,7.959737814962864e-05,7.959737814962864e-05,0.85,0.7999999999999999
base_q0.9_s1,PPI,292,0.825,1000,50,0.0,0.0,0.0,1.1156761351616569,1.116869443732529,0.0509378415248243,0.1996763387773114,0.0516409000377991,,,,,,,,,0.0,8.067142125219106e-05,8.067142125219106e-05,0.85,0.825
base_q0.9_s1,PPI,293,0.825,1000,50,0.0,0.0,0.0,1.081913419284451,1.0831214795638135,0.0509612778512829,0.1997682091770292,0.051167477712974,,,,,,,,,0.0,8.096290379762649e-05,8.096290379762649e-05,0.85,0.85
base_q0.9_s1,PPI,294,0.85,1000,50,0.0,0.0,0.0,1.4512679309137075,1.452100666793282,0.0510023577304643,0.1999292423034202,0.0491951152280667,,,,,,,,,0.0,8.252353873103858e-05,8.252353873103858e-05,0.7,0.7
base_q0.9_s1,PPI,295,0.85,1000,50,0.0,0.0,0.0,1.4663676157380292,1.4672121866151293,0.0510610460372672,0.2001593004660877,0.0498005638811468,,,,,,,,,0.0,7.961667235940695e-05,7.961667235940695e-05,0.7,0.725
base_q0.9_s1,PPI,296,0.85,1000,50,0.0,0.0,0.0,1.4707918757051184,1.4717448699328108,0.0510664998032959,0.2001806792289199,0.0529813888165123,,,,,,,,,0.0,8.075379207730293e-05,8.075379207730293e-05,0.7,0.75
base_q0.9_s1,PPI,297,0.85,1000,50,0.0,0.0,0.0,1.464062646320182,1.465015297401243,0.0510199451466385,0.1999981849748229,0.0528505671875836,,,,,,,,,0.0,8.104519359767437e-05,8.104519359767437e-05,0.7,0.7749999999999999
base_q0.9_s1,PPI,298,0.85,1000,50,0.0,0.0,0.0,1.4495819298846715,1.450525060631698,0.0510057415018754,0.1999425066873515,0.0523251181595653,,,,,,,,,0.0,8.219309244304895e-05,8.219309244304895e-05,0.7,0.7999999999999999
base_q0.9_s1,PPI,299,0.85,1000,50,0.0,0.0,0.0,1.426307091761234,1.4272481286884675,0.051012671768037,0.1999696733307051,0.0518458178175259,,,,,,,,,0.0,7.945501152426004e-05,7.945501152426004e-05,0.7,0.825
base_q0.9_s1,PPI,300,0.85,1000,50,0.0,0.0,0.0,1.395191456558446,1.396128063621184,0.0509591307827573,0.1997597926684089,0.0511564909226818,,,,,,,,,0.0,8.077775314450264e-05,8.077775314450264e-05,0.7,0.85
base_q0.9_s1,PPI,301,0.85,1000,50,0.0,0.0,0.0,1.3988513607301778,1.399822992393863,0.0509895589928737,0.1998790712520652,0.0521728149562618,,,,,,,,,0.0,8.10198113322258e-05,8.10198113322258e-05,0.725,0.7
base_q0.9_s1,PPI,302,0.85,1000,50,0.0,0.0,0.0,1.4128290766222886,1.413776434426992,0.0509774800694031,0.1998317218720605,0.0517734225156973,,,,,,,,,0.0,8.224963489919902e-05,8.224963489919902e-05,0.725,0.725
base_q0.9_s1,PPI,303,0.85,1000,50,0.0,0.0,0.0,1.4189007059014056,1.4198327812320608,0.0510455893188084,0.2000987101297291,0.0514641818712512,,,,,,,,,0.0,7.941194251179695e-05,7.941194251179695e-05,0.725,0.75
base_q0.9_s1,PPI,304,0.85,1000,50,0.0,0.0,0.0,1.4151252210624432,1.4160587623658336,0.0510756263491831,0.2002164552887978,0.0514361046239593,,,,,,,,,0.0,8.093284908682108e-05,8.093284908682108e-05,0.725,0.7749999999999999
base_q0.9_s1,PPI,305,0.85,1000,50,0.0,0.0,0.0,1.3995672520120308,1.4005125960107117,0.051046265846184,0.2001013621170413,0.0514751237834783,,,,,,,,,0.0,8.114016335457563e-05,8.114016335457563e-05,0.725,0.7999999999999999
base_q0.9_s1,PPI,306,0.85,1000,50,0.0,0.0,0.0,1.3725662965228194,1.3735733777134047,0.0509510959542873,0.1997282961408063,0.052615149592206,,,,,,,,,0.0,8.229726366698742e-05,8.229726366698742e-05,0.725,0.825
base_q0.9_s1,PPI,307,0.85,1000,50,0.0,0.0,0.0,1.340083005255894,1.3411171143178258,0.050951840893206,0.1997312163013677,0.0526823383049145,,,,,,,,,0.0,7.947340607643127e-05,7.947340607643127e-05,0.725,0.85
base_q0.9_s1,PPI,308,0.85,1000,50,0.0,0.0,0.0,1.3369657269346291,1.3380279249672675,0.051054017014936,0.2001317466985493,0.0533312029826981,,,,,,,,,0.0,8.090678136795759e-05,8.090678136795759e-05,0.75,0.7
base_q0.9_s1,PPI,309,0.85,1000,50,0.0,0.0,0.0,1.349461969119407,1.3504506482430412,0.0510022595845516,0.1999288575714423,0.0516915782278094,,,,,,,,,0.0,8.118403889238835e-05,8.118403889238835e-05,0.75,0.725
base_q0.9_s1,PPI,310,0.85,1000,50,0.0,0.0,0.0,1.3531234225539064,1.3540559900301976,0.0510470232802773,0.200104331258687,0.0502708128767388,,,,,,,,,0.0,8.223219588398934e-05,8.223219588398934e-05,0.75,0.75
base_q0.9_s1,PPI,311,0.85,1000,50,0.0,0.0,0.0,1.348383235422305,1.3493482050244323,0.0510433140824403,0.200089791203166,0.0510473767142298,,,,,,,,,0.0,7.954505831003189e-05,7.954505831003189e-05,0.75,0.7749999999999999
base_q0.9_s1,PPI,312,0.85,1000,50,0.0,0.0,0.0,1.3352911506545098,1.3362987915203135,0.0510348618934813,0.2000566586224469,0.0519104796770919,,,,,,,,,0.0,8.078241534531116e-05,8.078241534531116e-05,0.75,0.7999999999999999
base_q0.9_s1,PPI,313,0.85,1000,50,0.0,0.0,0.0,1.3153515861760725,1.316401353295541,0.0509730782459446,0.199814466724103,0.0525879567545446,,,,,,,,,0.0,8.124135620892048e-05,8.124135620892048e-05,0.75,0.825
base_q0.9_s1,PPI,314,0.85,1000,50,0.0,0.0,0.0,1.282380328653974,1.2833936459862103,0.051024144121653,0.20001464495688,0.0510151525028518,,,,,,,,,0.0,8.229044359177352e-05,8.229044359177352e-05,0.75,0.85
base_q0.9_s1,PPI,315,0.85,1000,50,0.0,0.0,0.0,1.2742274018500686,1.2751850471795123,0.0510078358175313,0.1999507164047228,0.0494355823414676,,,,,,,,,0.0,7.962728012353182e-05,7.962728012353182e-05,0.7749999999999999,0.7
base_q0.9_s1,PPI,316,0.85,1000,50,0.0,0.0,0.0,1.2874469190951827,1.288370984159941,0.0509895692792082,0.1998791115744962,0.04881194468078,,,,,,,,,0.0,8.067723270505667e-05,8.067723270505667e-05,0.7749999999999999,0.725
base_q0.9_s1,PPI,317,0.85,1000,50,0.0,0.0,0.0,1.2900659400432983,1.2909923766663696,0.0509299875145411,0.1996455510570011,0.0489242325582557,,,,,,,,,0.0,8.092463109642267e-05,8.092463109642267e-05,0.7749999999999999,0.75
base_q0.9_s1,PPI,318,0.85,1000,50,0.0,0.0,0.0,1.2865256310340436,1.287504065412983,0.0510151285570928,0.1999793039438041,0.0502099610396461,,,,,,,,,0.0,8.245796151459218e-05,8.245796151459218e-05,0.7749999999999999,0.7749999999999999
base_q0.9_s1,PPI,319,0.85,1000,50,0.0,0.0,0.0,1.2725181886432475,1.2734968982505934,0.0510286178856503,0.2000321821117493,0.0499430048126873,,,,,,,,,0.0,7.974064629524946e-05,7.974064629524946e-05,0.7749999999999999,0.7999999999999999
base_q0.9_s1,PPI,320,0.85,1000,50,0.0,0.0,0.0,1.2459624949067147,1.2469983521352337,0.0510529463167314,0.2001275495615871,0.0508422703099868,,,,,,,,,0.0,8.25546607375145e-05,8.25546607375145e-05,0.7749999999999999,0.825
base_q0.9_s1,PPI,321,0.85,1000,50,0.0,0.0,0.0,1.2115517505080189,1.212607178317144,0.0510294644971658,0.2000355008288899,0.0506071717551445,,,,,,,,,0.0,8.126194775104523e-05,8.126194775104523e-05,0.7749999999999999,0.85
base_q0.9_s1,PPI,322,0.85,1000,50,0.0,0.0,0.0,1.2044423087198648,1.20552321980981,0.0510895822207321,0.20027116230527,0.0510643322898286,,,,,,,,,0.0,8.198850322514772e-05,8.198850322514772e-05,0.7999999999999999,0.7
base_q0.9_s1,PPI,323,0.85,1000,50,0.0,0.0,0.0,1.2205031897982286,1.2215045950809995,0.0510685251544577,0.2001886186054743,0.0494761294335994,,,,,,,,,0.0,8.138108532875776e-05,8.138108532875776e-05,0.7999999999999999,0.725
base_q0.9_s1,PPI,324,0.85,1000,50,0.0,0.0,0.0,1.2255631467366364,1.2265297790375749,0.0510251364680207,0.2000185349546412,0.0487098026256298,,,,,,,,,0.0,8.219168055802584e-05,8.219168055802584e-05,0.7999999999999999,0.75
base_q0.9_s1,PPI,325,0.85,1000,50,0.0,0.0,0.0,1.223346315999546,1.224300939041392,0.0510041093075045,0.1999361084854176,0.0483623757414851,,,,,,,,,0.0,8.1372139044106e-05,8.1372139044106e-05,0.7999999999999999,0.7749999999999999
base_q0.9_s1,PPI,326,0.85,1000,50,0.0,0.0,0.0,1.2076593200173729,1.208641867405338,0.0510178288174656,0.1999898889644653,0.0487494300188813,,,,,,,,,0.0,8.190027065575123e-05,8.190027065575123e-05,0.7999999999999999,0.7999999999999999
base_q0.9_s1,PPI,327,0.85,1000,50,0.0,0.0,0.0,1.1809716176611886,1.1820090407720396,0.0510655493800837,0.2001769535699281,0.0495364977583407,,,,,,,,,0.0,8.158827386796474e-05,8.158827386796474e-05,0.7999999999999999,0.825
base_q0.9_s1,PPI,328,0.85,1000,50,0.0,0.0,0.0,1.1474672062913114,1.1484770450562487,0.0510786719022798,0.200228393856937,0.048175246356484,,,,,,,,,0.0,8.208357449620962e-05,8.208357449620962e-05,0.7999999999999999,0.85
base_q0.9_s1,PPI,329,0.85,1000,50,0.0,0.0,0.0,1.1391458713479337,1.1402204369747753,0.0511244649288456,0.2004079025210748,0.0495154568429989,,,,,,,,,0.0,8.146452810615301e-05,8.146452810615301e-05,0.825,0.7
base_q0.9_s1,PPI,330,0.85,1000,50,0.0,0.0,0.0,1.153622497292171,1.154696415224047,0.0511111175498418,0.20035558079538,0.0498139187289941,,,,,,,,,0.0,8.187580667436123e-05,8.187580667436123e-05,0.825,0.725
base_q0.9_s1,PPI,331,0.85,1000,50,0.0,0.0,0.0,1.1606386389555068,1.1617703071227,0.051064937567475,0.2001745552645021,0.0512915890042833,,,,,,,,,0.0,8.165776543319225e-05,8.165776543319225e-05,0.825,0.75
base_q0.9_s1,PPI,332,0.85,1000,50,0.0,0.0,0.0,1.1567540767959072,1.157899876109486,0.0508900035932555,0.1994888140855617,0.0515245930998574,,,,,,,,,0.0,8.188441209495067e-05,8.188441209495067e-05,0.825,0.7749999999999999
base_q0.9_s1,PPI,333,0.85,1000,50,0.0,0.0,0.0,1.1423484743870045,1.143498174326974,0.0509026574716093,0.1995384172887087,0.051290042144935,,,,,,,,,0.0,8.140340447425843e-05,8.140340447425843e-05,0.825,0.7999999999999999
base_q0.9_s1,PPI,334,0.85,1000,50,0.0,0.0,0.0,1.1161513929551838,1.1173363374294034,0.0509968868651748,0.1999077965114853,0.051470459027571,,,,,,,,,0.0,8.188597764819861e-05,8.188597764819861e-05,0.825,0.825
base_q0.9_s1,PPI,335,0.85,1000,50,0.0,0.0,0.0,1.0828593793725674,1.084027471216673,0.0510390801783615,0.2000731942991772,0.0503354399383462,,,,,,,,,0.0,8.143076207488776e-05,8.143076207488776e-05,0.825,0.85
base_q0.9_s1,PPI,336,0.85,1000,50,0.0,0.0,0.0,1.0751159367690195,1.0763177603134633,0.0509958857437435,0.1999038721154745,0.0508746685823723,,,,,,,,,0.0,8.179091848433018e-05,8.179091848433018e-05,0.85,0.7
base_q0.9_s1,PPI,337,0.85,1000,50,0.0,0.0,0.0,1.088662225261446,1.0898822838368658,0.0509240234261962,0.1996221718306894,0.0515811256447734,,,,,,,,,0.0,8.104590978473425e-05,8.104590978473425e-05,0.85,0.725
base_q0.9_s1,PPI,338,0.85,1000,50,0.0,0.0,0.0,1.093847671829697,1.0950907462360302,0.0508504324788147,0.1993336953169538,0.052189434386649,,,,,,,,,0.0,8.178514894098043e-05,8.178514894098043e-05,0.85,0.75
base_q0.9_s1,PPI,339,0.85,1000,50,0.0,0.0,0.0,1.089162887508849,1.0902375455020212,0.050922851660592,0.1996175785095207,0.0484195678440915,,,,,,,,,0.0,8.151696808636188e-05,8.151696808636188e-05,0.85,0.7749999999999999
base_q0.9_s1,PPI,340,0.85,1000,50,0.0,0.0,0.0,1.0747365970494025,1.075882784033747,0.0509294658715745,0.199643506216572,0.0496737296999108,,,,,,,,,0.0,8.204492088407278e-05,8.204492088407278e-05,0.85,0.7999999999999999
base_q0.9_s1,PPI,341,0.85,1000,50,0.0,0.0,0.0,1.049068368454937,1.050296033026398,0.0509626585322681,0.1997736214464913,0.0507926686981421,,,,,,,,,0.0,8.118298649787903e-05,8.118298649787903e-05,0.85,0.825
base_q0.9_s1,PPI,342,0.85,1000,50,0.0,0.0,0.0,1.0192371718300668,1.0204789840193909,0.0510450888166426,0.200096748161239,0.0503535486828866,,,,,,,,,0.0,8.234864752739668e-05,8.234864752739668e-05,0.85,0.85
