x0_1,x0_2,x0_3,theta0,c_min,c_max,ell0_hat,ell_low,ell_high,ell_star,lambda_hat,lambda_1,lambda_2,den_u,B,n_label,n_pilot,N_unlab_total,N_t_full,N_use,N,PPCI_theta_mean,PPCI_theta_rmse,PPCI_coverage,PPCI_avg_ci_width,PPCI_sigma2_Y_minus_f_mean,PPCI_sigma2_f_mean,PPCI_sigma2_Y_minus_f_std,PPCI_sigma2_f_std,PPCI_sigma2_Y_minus_A_mean,PPCI_sigma2_A_mean,PPCI_sigma2_Y_minus_A_std,PPCI_sigma2_A_std,LO_theta_mean,LO_theta_rmse,LO_coverage,LO_avg_ci_width,LO_sigma2_Y_mean,LO_sigma2_Y_std,PPI_theta_mean,PPI_theta_rmse,PPI_coverage,PPI_avg_ci_width
0.7,0.7,0.7,-1.369943006365065,0.01,0.08,1.9694250361747068,0.01969425036174707,0.15755400289397656,0.15755400289397659,0.003547287105499493,0.0036313033862332283,0.0034632708247657575,0.000503799353167432,1000,200,200,10000,10000,10000,10000,-1.247196467709954,0.7018515997062139,0.946,2.2837916426408995,2.3299490797030555e-05,8.828058398597846e-05,4.124546184142737e-05,4.2892464691775235e-05,2.3299490797030555e-05,8.828058398597846e-05,4.124546184142737e-05,4.2892464691775235e-05,-1.197252240174211,1.010037017924018,0.738,2.4746123723673636,3.57913615741252e-05,9.046307357275466e-05,-0.00040012986024022415,1.3716244015965007,0.0,0.30465042422414323
0.7,0.7,0.7166666666666667,-1.380779440140526,0.01,0.08,1.990143706107855,0.01990143706107855,0.1592114964886284,0.15921149648862842,0.003596148256936632,0.0035945850999207483,0.0035977114139525155,0.0005497290529528027,1000,200,200,10000,10000,10000,10000,-1.2306118565895467,0.6947299530443164,0.926,2.1805407604990004,2.5330612680476035e-05,0.00010296534080402407,4.762314093385631e-05,4.5131669528560515e-05,2.5330612680476035e-05,0.00010296534080402407,4.762314093385631e-05,4.5131669528560515e-05,-1.216461637704367,0.9929469030877623,0.725,2.464390093689769,3.900450067090153e-05,8.002633061443887e-05,0.006473357669383078,1.3894311942529498,0.0,0.3052926765636425
0.7,0.7,0.7333333333333333,-1.387329157994313,0.01,0.08,2.0168685309134475,0.020168685309134477,0.16134948247307582,0.16134948247307582,0.0036297765792492978,0.0035945850999207483,0.0036649680585778472,0.0005753317560892467,1000,200,200,10000,10000,10000,10000,-1.205097487994354,0.6843315792669544,0.922,2.130009441358469,2.6139008408785168e-05,0.00011095921494873941,5.203770079459791e-05,5.9169422125412786e-05,2.6139008408785168e-05,0.00011095921494873941,5.203770079459791e-05,5.9169422125412786e-05,-1.2187993791196372,1.0067719329595672,0.764,2.4708136781068424,3.96356340167688e-05,7.038929199716497e-05,-0.009189616570422781,1.3805374563479964,0.0,0.30541790457315615
0.7,0.7,0.75,-1.3895203998470036,0.01,0.08,2.0327269226541294,0.020327269226541295,0.16261815381233036,0.16261815381233036,0.0036649317085458944,0.00369856003085856,0.0036313033862332283,0.0005754891546739531,1000,200,200,10000,10000,10000,10000,-1.277407348650502,0.6789707868854948,0.933,2.187888625322831,2.6706035591770726e-05,0.00010808712542561461,4.1329166688479836e-05,3.6562466743142243e-05,2.6706035591770726e-05,0.00010808712542561461,4.1329166688479836e-05,3.6562466743142243e-05,-1.2207815454875068,0.9611040097949973,0.769,2.453063884926978,4.292462584106011e-05,6.837198899433902e-05,-0.007371580177384184,1.3843075415357717,0.0,0.30625713829672363
0.7,0.7,0.7666666666666666,-1.387329157994313,0.01,0.08,2.061438593308667,0.02061438593308667,0.16491508746469336,0.16491508746469336,0.0036625687980060924,0.003696960523810724,0.003628177072201461,0.000610178734588601,1000,200,200,10000,10000,10000,10000,-1.2655621593073771,0.6815039417951413,0.928,2.1825406900269035,3.030924308193807e-05,0.00010856796398755523,4.6814374437902894e-05,4.2128056197340795e-05,3.030924308193807e-05,0.00010856796398755523,4.6814374437902894e-05,4.2128056197340795e-05,-1.1856866400126782,0.9100182782548316,0.788,2.4365573700657928,4.7512407957894275e-05,7.709852611978165e-05,0.0011491312021558175,1.3907442390333886,0.0,0.30477766392166583
0.7,0.7,0.7833333333333333,-1.380779440140526,0.01,0.08,2.0916170139758536,0.020916170139758536,0.1673293611180683,0.1673293611180683,0.00378333971508426,0.0038361269340770844,0.003730552496091436,0.0007773142114055286,1000,200,200,10000,10000,10000,10000,-1.2340710496405718,0.6327622639277676,0.933,2.0400715022270686,4.361722692567565e-05,0.00018868350439612272,7.220594292384789e-05,6.255566278685115e-05,4.361722692567565e-05,0.00018868350439612272,7.220594292384789e-05,6.255566278685115e-05,-1.2510005776229265,0.9466874819619765,0.752,2.4084087287706826,6.610620517841241e-05,0.00011333411656930679,-0.003029271627792206,1.380014721806884,0.0,0.30483758872329103
0.7,0.7,0.7999999999999999,-1.369943006365065,0.01,0.08,2.125404590009501,0.021254045900095008,0.17003236720076007,0.17003236720076007,0.0038025730426624587,0.0038378026028570954,0.003767343482467822,0.0007867316167174786,1000,200,200,10000,10000,10000,10000,-1.2320864561320355,0.6353912989458392,0.932,2.101814587201513,4.6554042505437065e-05,0.00019408910033419713,7.423241729315349e-05,8.235094951572658e-05,4.6554042505437065e-05,0.00019408910033419713,7.423241729315349e-05,8.235094951572658e-05,-1.2201662442789383,0.9567824575613582,0.77,2.49297286890242,7.155810469768038e-05,0.00011595065469636639,-0.0071188159774540636,1.365108348180031,0.0,0.3054568212610391
0.7,0.7,0.8166666666666667,-1.3549385829040441,0.01,0.08,2.173646730572698,0.02173646730572698,0.17389173844581585,0.17389173844581585,0.003732915406631238,0.0037657439754199854,0.0037000868378424903,0.000812669383004928,1000,200,200,10000,10000,10000,10000,-1.2224683633096365,0.619413575492489,0.931,2.040742233915732,4.313556898008979e-05,0.0001937207597496924,6.306528715077132e-05,8.022320738840668e-05,4.313556898008979e-05,0.0001937207597496924,6.306528715077132e-05,8.022320738840668e-05,-1.2198487357291217,0.9018586663637275,0.79,2.4768087031650308,7.767718238658006e-05,0.00012130241893708241,0.0008393391121729561,1.3579973765520095,0.0,0.305694356498113
0.7,0.7,0.8333333333333333,-1.3359305613607793,0.01,0.08,2.178886003580548,0.021788860035805484,0.17431088028644387,0.17431088028644387,0.0037153560169989166,0.003767343482467822,0.0036633685515300106,0.0007725300193054119,1000,200,200,10000,10000,10000,10000,-1.2190656075495407,0.6429108957388864,0.954,2.191881074809211,4.6085923056221265e-05,0.0001865267666709925,6.623947104959098e-05,7.401705379775402e-05,4.6085923056221265e-05,0.0001865267666709925,6.623947104959098e-05,7.401705379775402e-05,-1.2132569953338754,0.9822014577497411,0.769,2.527680900851715,8.202427705650666e-05,0.000124885012412916,-0.002422033613696951,1.3359159451462275,0.0,0.3054485471124126
0.7,0.7,0.85,-1.3131271975969827,0.01,0.08,2.1921290707393304,0.021921290707393303,0.17537032565914643,0.17537032565914643,0.003784139468608179,0.0038361269340770844,0.0037321520031392734,0.0008665115605447915,1000,200,200,10000,10000,10000,10000,-1.1808135085061402,0.6379171960881812,0.94,2.0584751791623903,5.318444708234788e-05,0.0002200179539198155,8.499720958511956e-05,7.616360482970205e-05,5.318444708234788e-05,0.0002200179539198155,8.499720958511956e-05,7.616360482970205e-05,-1.199850733389164,0.9274105324489417,0.779,2.4568307685472273,8.215894540164993e-05,0.00012089533138021804,-0.005560092057556693,1.3099501525966242,0.0,0.30501373318951286
0.7,0.7166666666666667,0.7,-1.3312261373038705,0.01,0.08,1.9879293446071271,0.019879293446071273,0.15903434756857018,0.1590343475685702,0.003562519934623966,0.003562519934623966,0.003562519934623966,0.000531641691430764,1000,200,200,10000,10000,10000,10000,-1.166196992985153,0.6507673867912801,0.929,2.1225147505657946,2.269284375431852e-05,0.0001023757348672672,4.338272359343589e-05,5.510220400287359e-05,2.269284375431852e-05,0.0001023757348672672,4.338272359343589e-05,5.510220400287359e-05,-1.1913533457137864,1.0032620874954714,0.743,2.468347776179663,3.516888477476014e-05,6.946383108746611e-05,-0.0027424309963632763,1.3306197603502241,0.0,0.305063662568863
0.7,0.7166666666666667,0.7166666666666667,-1.3420625710793312,0.01,0.08,1.9909484753856066,0.019909484753856066,0.15927587803084853,0.1592758780308485,0.003545723948483609,0.003596111906904678,0.00349533599006254,0.00046082792843328617,1000,200,200,10000,10000,10000,10000,-1.2212494244527883,0.6976358404036714,0.951,2.2956265945433763,1.96834688335237e-05,6.548583090441165e-05,3.33690683960776e-05,1.915538977812937e-05,1.96834688335237e-05,6.548583090441165e-05,3.33690683960776e-05,1.915538977812937e-05,-1.2450885074319928,0.9404678789912975,0.764,2.4783070674840957,3.3070499676722484e-05,5.521819194133369e-05,-0.0028699677717316688,1.3415698432372691,0.0,0.3049306100972658
0.7,0.7166666666666667,0.7333333333333333,-1.3486122889331185,0.01,0.08,2.0299935631547337,0.020299935631547337,0.1623994850523787,0.1623994850523787,0.0036449730583418176,0.0036953610167628865,0.0035945850999207483,0.0006215578451226782,1000,200,200,10000,10000,10000,10000,-1.2477210578887483,0.6905651696928079,0.949,2.126028936019266,3.0958583830725834e-05,0.00012765804253168022,5.714187504833998e-05,4.6067433056242584e-05,3.0958583830725834e-05,0.00012765804253168022,5.714187504833998e-05,4.6067433056242584e-05,-1.2159350766650998,1.0027654030790594,0.738,2.5189846558329076,5.1272643893018215e-05,0.00010366016829332835,-0.0005683208174819285,1.3501936761285567,0.0,0.3055888218723261
0.7,0.7166666666666667,0.75,-1.350803530785809,0.01,0.08,2.053301680575548,0.02053301680575548,0.16426413444604385,0.16426413444604385,0.0036457728118657355,0.003730552496091436,0.003560993127640035,0.0006556082618383875,1000,200,200,10000,10000,10000,10000,-1.176483607030831,0.6571547453020159,0.927,2.083168703566266,3.0316603901214123e-05,0.00013760342199538043,4.9102420133128616e-05,4.690684965197574e-05,3.0316603901214123e-05,0.00013760342199538043,4.9102420133128616e-05,4.690684965197574e-05,-1.161416868950878,0.98079498842204,0.743,2.467213105432397,5.095752242156885e-05,8.926639839435811e-05,-0.005558032920863646,1.3475034324340913,0.0,0.30519511761202145
0.7,0.7166666666666667,0.7666666666666666,-1.3486122889331185,0.01,0.08,2.070964392300021,0.02070964392300021,0.1656771513840017,0.1656771513840017,0.0036633322014980574,0.0036953610167628865,0.0036313033862332283,0.0006583351799811493,1000,200,200,10000,10000,10000,10000,-1.2173266243272411,0.6633743865596047,0.934,2.1485124673313964,3.346443561892288e-05,0.00013179517187555029,5.204813029402883e-05,3.4797811080808404e-05,3.346443561892288e-05,0.00013179517187555029,5.204813029402883e-05,3.4797811080808404e-05,-1.2173963353294424,0.9506170698084512,0.763,2.4882904687929743,5.82420986229362e-05,9.68741820467809e-05,-0.0025101620442151053,1.34843648911659,0.0,0.3055134659242612
0.7,0.7166666666666667,0.7833333333333333,-1.3420625710793312,0.01,0.08,2.100384313400241,0.02100384313400241,0.1680307450720193,0.1680307450720193,0.0036793647841464484,0.003730552496091436,0.003628177072201461,0.0006565070191605603,1000,200,200,10000,10000,10000,10000,-1.2340125652027958,0.6137156754597013,0.944,2.078126111842171,3.103920784431743e-05,0.00012783694394392407,4.83450531117213e-05,4.5562306218614324e-05,3.103920784431743e-05,0.00012783694394392407,4.83450531117213e-05,4.5562306218614324e-05,-1.1225201208048279,0.9357176083524916,0.765,2.434579510906501,5.761234440532015e-05,0.00010984198298176087,-0.009751500800073854,1.3345099792689323,0.0,0.3058838102772252
0.7,0.7166666666666667,0.7999999999999999,-1.3312261373038705,0.01,0.08,2.147063433751039,0.02147063433751039,0.17176507470008312,0.17176507470008315,0.0037657439754199854,0.003730552496091436,0.003800935454748535,0.0006849823590948279,1000,200,200,10000,10000,10000,10000,-1.2124581517619872,0.5899140888940468,0.93,2.0076716802133077,3.0500210746772446e-05,0.00011351049227557759,4.405305126136576e-05,3.244400276124343e-05,3.0500210746772446e-05,0.00011351049227557759,4.405305126136576e-05,3.244400276124343e-05,-1.2065666341415593,0.8927915964695972,0.795,2.445718894572969,5.493422687683681e-05,7.950922630664183e-05,-0.0027927981530426554,1.3307539579392464,0.0,0.30518485878881385
0.7,0.7166666666666667,0.8166666666666667,-1.3162217138428494,0.01,0.08,2.183234460297865,0.02183234460297865,0.1746587568238292,0.17465875682382917,0.00378333971508426,0.0037657439754199854,0.003800935454748535,0.0008165565153177203,1000,200,200,10000,10000,10000,10000,-1.1687434514987314,0.5820441348003599,0.934,2.004696972167924,4.381495701264365e-05,0.00018094999421785382,7.842821081511419e-05,8.704645146141595e-05,4.381495701264365e-05,0.00018094999421785382,7.842821081511419e-05,8.704645146141595e-05,-1.1277334235252865,0.9361258879597584,0.748,2.4673608022592393,7.823528793311847e-05,0.00013675629798480616,0.003313369072902263,1.3220326901748871,0.0,0.3058197300270565
0.7,0.7166666666666667,0.8333333333333333,-1.2972136922995845,0.01,0.08,2.2174284200302585,0.022174284200302586,0.1773942736024207,0.1773942736024207,0.003910699064684211,0.003874669750965656,0.003946728378402766,0.0008707520610637743,1000,200,200,10000,10000,10000,10000,-1.2184751630614268,0.6370289097559116,0.931,2.0673681473875964,5.3506964008042045e-05,0.00019701083540518954,8.421827109876476e-05,6.840484874193888e-05,5.3506964008042045e-05,0.00019701083540518954,8.421827109876476e-05,6.840484874193888e-05,-1.165392402110593,0.888971217040215,0.806,2.459497601524685,8.678509814740256e-05,0.00012325763639334011,0.008010055759584328,1.3074878097182727,0.0,0.3045914389112191
0.7,0.7166666666666667,0.85,-1.274410328535788,0.01,0.08,2.2168691561012297,0.022168691561012296,0.17734953248809837,0.17734953248809837,0.0038413154164662166,0.003916886857512448,0.0037657439754199854,0.0009692738454967938,1000,200,200,10000,10000,10000,10000,-1.1711417031745142,0.6156995376268681,0.944,2.0174237376223054,6.364806597591371e-05,0.00026829617519277,0.00010333629110095076,9.659617360538107e-05,6.364806597591371e-05,0.00026829617519277,0.00010333629110095076,9.659617360538107e-05,-1.1670708281103488,0.9291895497702598,0.786,2.509770514800878,0.00010723494827325859,0.0001626247004806537,-0.0007262812768423229,1.2760411621949315,0.0,0.3046299351957588
0.7,0.7333333333333333,0.7,-1.292512040004857,0.01,0.08,2.0059587188748393,0.020059587188748392,0.16047669750998714,0.16047669750998714,0.003545723948483609,0.0034968627970464704,0.0035945850999207483,0.0005161155559557932,1000,200,200,10000,10000,10000,10000,-1.1319672254755475,0.6896435738038275,0.954,2.2383282801102613,2.2899562777078976e-05,8.319088912419679e-05,3.661655759987562e-05,2.5710156735795146e-05,2.2899562777078976e-05,8.319088912419679e-05,3.661655759987562e-05,2.5710156735795146e-05,-1.1604157441069056,0.9533836144446312,0.779,2.489792928993948,3.737103037981485e-05,6.63686793275755e-05,0.0005157733271565943,1.2954948936895583,0.0,0.30561507588105696
0.7,0.7333333333333333,0.7166666666666667,-1.303348473780318,0.01,0.08,2.0259492727824444,0.020259492727824444,0.16207594182259555,0.16207594182259555,0.0037177570084048054,0.0038042106305763825,0.0036313033862332283,0.000667597756419502,1000,200,200,10000,10000,10000,10000,-1.20635615086259,0.647439686117307,0.943,2.087520152780141,3.292084679084666e-05,0.00014632726323287034,5.6115710064749295e-05,5.886445287735457e-05,3.292084679084666e-05,0.00014632726323287034,5.6115710064749295e-05,5.886445287735457e-05,-1.153964411481731,0.9693372461989004,0.753,2.5064014159608514,5.366985520657388e-05,8.890640965564368e-05,-0.004233610984373246,1.3015146042821977,0.0,0.3047644327467325
0.7,0.7333333333333333,0.7333333333333333,-1.309898191634105,0.01,0.08,2.0467971285240862,0.020467971285240864,0.1637437702819269,0.16374377028192694,0.0036449730583418176,0.0036617690444821745,0.003628177072201461,0.0005804842124086009,1000,200,200,10000,10000,10000,10000,-1.1611173636321361,0.6806229245220712,0.921,2.185178822986222,2.7501581353938022e-05,0.00010653012362954875,4.6447935228677797e-05,3.9297180804386294e-05,2.7501581353938022e-05,0.00010653012362954875,4.6447935228677797e-05,3.9297180804386294e-05,-1.1528451988775188,0.9982845521141898,0.754,2.5047597444960847,4.5080565418181414e-05,7.253334628940934e-05,0.0015459094544364692,1.313462747074811,0.0,0.30561671101985216
0.7,0.7333333333333333,0.75,-1.3120894334867956,0.01,0.08,2.060191036110227,0.02060191036110227,0.16481528288881817,0.1648152828888182,0.0037321900840053598,0.003802611123528546,0.0036617690444821736,0.0006586180042793244,1000,200,200,10000,10000,10000,10000,-1.192100642804331,0.6496900762667993,0.955,2.165317114540211,3.35699692992064e-05,0.00014218306245238248,5.3229860401255174e-05,4.8625059177895666e-05,3.35699692992064e-05,0.00014218306245238248,5.3229860401255174e-05,4.8625059177895666e-05,-1.1589761347358496,0.9816234111211434,0.756,2.5096141256077655,5.52167385641486e-05,8.574601503766884e-05,0.0020814398183922867,1.3165147364748855,0.0,0.3063561496973496
0.7,0.7333333333333333,0.7666666666666666,-1.309898191634105,0.01,0.08,2.079682527279327,0.02079682527279327,0.16637460218234615,0.16637460218234618,0.00371375650995108,0.0036617690444821745,0.0037657439754199854,0.0007008961755482462,1000,200,200,10000,10000,10000,10000,-1.1427142688346859,0.6904164742580723,0.929,2.134820277611257,3.9910119557493255e-05,0.00015192208652056402,7.507585896556995e-05,5.52588232343591e-05,3.9910119557493255e-05,0.00015192208652056402,7.507585896556995e-05,5.52588232343591e-05,-1.0824436588473358,1.0017654869512505,0.762,2.5803547869122303,6.511895279428667e-05,0.00011736513670854829,-0.0005469121135216793,1.3116228145441051,0.0,0.30558552064475364
0.7,0.7333333333333333,0.7833333333333333,-1.303348473780318,0.01,0.08,2.1296919827686307,0.021296919827686306,0.17037535862149045,0.17037535862149045,0.0036961607702868052,0.003730552496091436,0.0036617690444821745,0.0006918715155251805,1000,200,200,10000,10000,10000,10000,-1.1528827935563766,0.6617622422294006,0.928,2.1420225196229636,3.5738720901626544e-05,0.00014452934138295122,5.5970393435786745e-05,5.6207730110149434e-05,3.5738720901626544e-05,0.00014452934138295122,5.5970393435786745e-05,5.6207730110149434e-05,-1.1207291676074391,0.9535516664761204,0.767,2.4684065675688247,6.856778451703152e-05,0.00012351397421814686,0.005868353023678204,1.3116597590331565,0.0,0.305404933298837
0.7,0.7333333333333333,0.7999999999999999,-1.292512040004857,0.01,0.08,2.1651861663362584,0.021651861663362585,0.17321489330690068,0.1732148933069007,0.003766543728943904,0.003730552496091436,0.0038025349617963724,0.0007347237915597325,1000,200,200,10000,10000,10000,10000,-1.0983010648978677,0.6945828977974672,0.93,2.189560059502157,4.298588467572227e-05,0.0001572653157938827,6.613726308978992e-05,5.0329446290502044e-05,4.298588467572227e-05,0.0001572653157938827,6.613726308978992e-05,5.0329446290502044e-05,-1.0674754791736274,0.9218759200765267,0.77,2.476976104411751,7.246062850956176e-05,0.00010744352571262227,-0.005517748592483031,1.2892944627371399,0.0,0.30536727214607834
0.7,0.7333333333333333,0.8166666666666667,-1.2775076165438362,0.01,0.08,2.1801015929250536,0.021801015929250538,0.1744081274340043,0.1744081274340043,0.003787452725302113,0.003802611123528546,0.00377229432707568,0.0007988399072415888,1000,200,200,10000,10000,10000,10000,-1.138158583322706,0.6072812341278423,0.936,2.0079882013840136,4.188516451671334e-05,0.00015408366504593763,6.116465559836088e-05,4.186039760649151e-05,4.188516451671334e-05,0.00015408366504593763,6.116465559836088e-05,4.186039760649151e-05,-1.115748546168444,0.8933196705741429,0.786,2.395040559285691,7.414861731637343e-05,0.00011757098911032433,-0.00530370974281712,1.2746062566669025,0.0,0.3058612005634015
0.7,0.7333333333333333,0.8333333333333333,-1.2584995950005713,0.01,0.08,2.218046607365017,0.022180466073650172,0.17744372858920138,0.17744372858920138,0.0038378026028570954,0.003872994082185645,0.003802611123528546,0.0008649382948631082,1000,200,200,10000,10000,10000,10000,-1.1343381645545871,0.6188088996997257,0.951,2.070597037850117,5.27018008840487e-05,0.000208492980851332,7.499955236627565e-05,6.40391880045139e-05,5.27018008840487e-05,0.000208492980851332,7.499955236627565e-05,6.40391880045139e-05,-1.1356608996621451,0.9477077861381848,0.761,2.4794375292687767,8.967911946071852e-05,0.0001301131781438272,-0.0033751671636494986,1.257643746716228,0.0,0.3053131637132583
0.7,0.7333333333333333,0.85,-1.2356962312367747,0.01,0.08,2.241766331123082,0.02241766331123082,0.17934130648984656,0.17934130648984656,0.003872994082185645,0.003872994082185645,0.003872994082185645,0.0009217576670688706,1000,200,200,10000,10000,10000,10000,-1.0588863496589658,0.6183414401189289,0.941,2.045108035368488,5.749106582976122e-05,0.00022377246263184406,9.00658814726164e-05,0.00011031649264345657,5.749106582976122e-05,0.00022377246263184406,9.00658814726164e-05,0.00011031649264345657,-1.0728231557288013,0.9159846027045954,0.779,2.4490906982955813,9.474098317769225e-05,0.00013933875862275175,-0.0014720866957764077,1.2367672251068123,0.0,0.3053493218432692
0.7,0.75,0.7,-1.2542248742194781,0.01,0.08,2.020086423313292,0.02020086423313292,0.16160691386506337,0.16160691386506337,0.0035953485034127134,0.0035289279623432527,0.0036617690444821745,0.0005477943819020305,1000,200,200,10000,10000,10000,10000,-1.0976112024679792,0.7069980736474164,0.934,2.2786798158026462,2.7070873854258143e-05,9.425826726369195e-05,4.544235050911694e-05,2.9413016689395008e-05,2.7070873854258143e-05,9.425826726369195e-05,4.544235050911694e-05,2.9413016689395008e-05,-1.0663615492147471,0.9617785789783094,0.769,2.4988748874191837,4.600223518050114e-05,8.514862863059585e-05,0.004507873905047449,1.2611107974082132,0.0,0.3053096556163374
0.7,0.75,0.7166666666666667,-1.265061307994939,0.01,0.08,2.041613583337724,0.020416135833377237,0.1633290866670179,0.1633290866670179,0.003749785823669635,0.0037674196441999964,0.0037321520031392734,0.0006465737114420756,1000,200,200,10000,10000,10000,10000,-1.1523284443721202,0.6394472794729267,0.954,2.103107354653915,3.26317158166996e-05,0.00014467500874763506,6.670926538437066e-05,6.804377242375778e-05,3.26317158166996e-05,0.00014467500874763506,6.670926538437066e-05,6.804377242375778e-05,-1.033498070372006,0.9533776861760848,0.765,2.4610872368272187,5.1682591842725454e-05,8.813093871903443e-05,-0.0029355113319483117,1.2646584917298989,0.0,0.3052956193116004
0.7,0.75,0.7333333333333333,-1.271611025848726,0.01,0.08,2.0690816245607224,0.020690816245607226,0.1655265299648578,0.16552652996485784,0.003697760277334642,0.0036297765792492978,0.0037657439754199854,0.0006769619540945989,1000,200,200,10000,10000,10000,10000,-1.158039090701817,0.6978769006803477,0.943,2.141554541729526,3.749464108898393e-05,0.00014839108499625043,6.949544013158241e-05,6.663141356445942e-05,3.749464108898393e-05,0.00014839108499625043,6.949544013158241e-05,6.663141356445942e-05,-1.1169225155941336,0.9793306336201515,0.773,2.5123947858016615,6.283001468830729e-05,0.00010465607313230723,-0.0001363263078090253,1.2738782002933158,0.0,0.30558259492825796
0.7,0.75,0.75,-1.2738022677014167,0.01,0.08,2.0791199145088908,0.02079119914508891,0.16632959316071128,0.16632959316071128,0.003646572565389654,0.0035945850999207483,0.00369856003085856,0.0006570861486830625,1000,200,200,10000,10000,10000,10000,-1.1446445648832166,0.657577705690022,0.942,2.1391784731567505,3.2465709794840296e-05,0.00014315708084449832,5.431281099819873e-05,5.3930637220237046e-05,3.2465709794840296e-05,0.00014315708084449832,5.431281099819873e-05,5.3930637220237046e-05,-1.0966047100441014,0.9739962345151261,0.751,2.5102902089052668,5.55764670577664e-05,9.412308482654402e-05,0.00664483023904485,1.2828031098333863,0.0,0.3049982194896043
0.7,0.75,0.7666666666666666,-1.271611025848726,0.01,0.08,2.11638309555755,0.021163830955575502,0.16931064764460402,0.16931064764460402,0.0037137565099510795,0.0037321520031392726,0.0036953610167628865,0.0007418048010990338,1000,200,200,10000,10000,10000,10000,-1.1785464197331736,0.661520839446652,0.926,2.104625100811491,4.142314963876327e-05,0.000168309177485659,7.099812962063785e-05,7.490935955862595e-05,4.142314963876327e-05,0.000168309177485659,7.099812962063785e-05,7.490935955862595e-05,-1.0893688246204294,0.983996192474465,0.768,2.4371256834632495,6.281350975135167e-05,9.967776687928229e-05,-0.0044958042397306485,1.2696328442004507,0.0,0.304737535259483
0.7,0.75,0.7833333333333333,-1.265061307994939,0.01,0.08,2.146512319437171,0.02146512319437171,0.17172098555497367,0.17172098555497367,0.003696160770286805,0.003696960523810723,0.0036953610167628865,0.0007674214677251478,1000,200,200,10000,10000,10000,10000,-1.099022836775135,0.6588071833187026,0.937,2.073784449534153,4.343760430650743e-05,0.00016850044893273517,7.76357205658171e-05,7.079049900772042e-05,4.343760430650743e-05,0.00016850044893273517,7.76357205658171e-05,7.079049900772042e-05,-1.1338446681654508,0.9197209406244705,0.789,2.496189703429283,7.395284079669546e-05,0.00011693572878572893,0.0007097451954926721,1.2680334940362115,0.0,0.3061106096654603
0.7,0.75,0.7999999999999999,-1.2542248742194781,0.01,0.08,2.196431638589134,0.02196431638589134,0.17571453108713073,0.17571453108713073,0.003766543728943904,0.0037657439754199854,0.003767343482467823,0.0008547357090304766,1000,200,200,10000,10000,10000,10000,-1.092273180603698,0.6100969209214862,0.946,2.0335776900779012,4.9575173847785084e-05,0.00019505197742526845,7.573798690498935e-05,5.448459289831796e-05,4.9575173847785084e-05,0.00019505197742526845,7.573798690498935e-05,5.448459289831796e-05,-1.113091689223515,0.9060224250102186,0.792,2.438228236206924,8.588366238981462e-05,0.00013084174451307896,0.011651982271683365,1.2683608035818095,0.0,0.30573373231717377
0.7,0.75,0.8166666666666667,-1.2392204507584572,0.01,0.08,2.2158659042500806,0.022158659042500806,0.17726927234000645,0.17726927234000645,0.003945052709622755,0.003908185561514194,0.003981919857731315,0.0009509991485410465,1000,200,200,10000,10000,10000,10000,-1.0967440045498895,0.5718502311861231,0.925,1.8680054962205106,4.8849349486539405e-05,0.00021985836422409383,6.333553381825176e-05,5.093664715554758e-05,4.8849349486539405e-05,0.00021985836422409383,6.333553381825176e-05,5.093664715554758e-05,-1.0914805424004859,0.9059666330240489,0.78,2.4546330670977254,9.363362711701929e-05,0.00013862492295798183,-8.081635376570047e-05,1.2414540871985351,0.0,0.30543411887963834
0.7,0.75,0.8333333333333333,-1.2202124292151924,0.01,0.08,2.2347445745510788,0.02234744574551079,0.1787795659640863,0.17877956596408634,0.003983635420626519,0.003945052709622755,0.004022218131630283,0.0010464738377528363,1000,200,200,10000,10000,10000,10000,-1.0479417134119697,0.6317938033365631,0.93,1.9341081150431552,6.823005079638755e-05,0.0002996222719897728,0.00012223610671040466,9.957632473837722e-05,6.823005079638755e-05,0.0002996222719897728,0.00012223610671040466,9.957632473837722e-05,-1.0237788912522139,0.9518137443700952,0.769,2.461492177062662,0.00010860094190023261,0.0001712136241828297,-0.00177399319485732,1.2209402167155001,0.0,0.3058024942603671
0.7,0.75,0.85,-1.1974090654513958,0.01,0.08,2.249971801330502,0.02249971801330502,0.17999774410644015,0.17999774410644015,0.003945930438127953,0.003871318413405634,0.004020542462850272,0.0009235050903720114,1000,200,200,10000,10000,10000,10000,-1.0525769278531512,0.6058795889479272,0.938,1.9846475026931432,5.3571051081507235e-05,0.00022043924893709412,7.317798418019578e-05,6.46320964228062e-05,5.3571051081507235e-05,0.00022043924893709412,7.317798418019578e-05,6.46320964228062e-05,-1.025558546209663,0.9457961944342987,0.766,2.539886458097495,0.0001037906569615327,0.00015302846680626623,0.005366312567137645,1.2053728426737906,0.0,0.30512820965878745
0.7,0.7666666666666666,0.7,-1.216784122148183,0.01,0.08,2.020883642021233,0.02020883642021233,0.16167069136169865,0.16167069136169865,0.0036449730583418176,0.0036953610167628865,0.0035945850999207483,0.0006342127938463777,1000,200,200,10000,10000,10000,10000,-1.0655524808120902,0.6672351572312007,0.952,2.1730390424704424,3.279811242986271e-05,0.0001370496437016065,6.137936973455448e-05,3.867105838870796e-05,3.279811242986271e-05,0.0001370496437016065,6.137936973455448e-05,3.867105838870796e-05,-1.0725315188004418,0.9887728916468305,0.749,2.5094764729056878,4.982438615899228e-05,8.359270888493645e-05,0.005060338563267201,1.224486462587127,0.0,0.30599043468122916
0.7,0.7666666666666666,0.7166666666666667,-1.227620555923644,0.01,0.08,2.0665381770050675,0.020665381770050676,0.1653230541604054,0.16532305416040544,0.003630539982741263,0.00369856003085856,0.003562519934623966,0.0006542405682786645,1000,200,200,10000,10000,10000,10000,-1.0934600487654351,0.6356315106596317,0.945,2.061391243545357,2.8928141225653054e-05,0.00013061623667542677,4.0494480637664565e-05,3.947252088737931e-05,2.8928141225653054e-05,0.00013061623667542677,4.0494480637664565e-05,3.947252088737931e-05,-1.0746729355867675,0.9767906164045905,0.758,2.492121372235502,5.639315576884554e-05,0.00010241765304079563,0.0028669843340310562,1.2329346998136128,0.0,0.3054184712400244
0.7,0.7666666666666666,0.7333333333333333,-1.234170273777431,0.01,0.08,2.0798525962105794,0.020798525962105793,0.16638820769684634,0.1663882076968463,0.003697760277334642,0.0036617690444821736,0.0037337515101871096,0.0006955265247194118,1000,200,200,10000,10000,10000,10000,-1.122001921348337,0.6180024075840913,0.938,1.999710211518015,3.345747978268656e-05,0.00013435002309064933,5.910616542903113e-05,5.1485951177008894e-05,3.345747978268656e-05,0.00013435002309064933,5.910616542903113e-05,5.1485951177008894e-05,-1.0750202718200401,0.9761525281245327,0.759,2.4835332945065796,5.4696762789563765e-05,8.732857241613542e-05,-0.002402682021320591,1.2344242694906415,0.0,0.3051298360597322
0.7,0.7666666666666666,0.75,-1.2363615156301215,0.01,0.08,2.1028723316421463,0.021028723316421465,0.16822978653137172,0.16822978653137172,0.0036481357224055376,0.0036633685515300106,0.003632902893281065,0.0007303147569471104,1000,200,200,10000,10000,10000,10000,-1.0854146391789339,0.6606417104288048,0.944,2.090178631045796,4.046832011202327e-05,0.00016831571700719867,7.82892201339598e-05,6.422327002243693e-05,4.046832011202327e-05,0.00016831571700719867,7.82892201339598e-05,6.422327002243693e-05,-1.094053183729601,0.930982195987261,0.768,2.410272592103886,6.274581063997825e-05,0.00010313267271904551,-0.00687371628555388,1.2319475151761703,0.0,0.3054491320073018
0.7,0.7666666666666666,0.7666666666666666,-1.234170273777431,0.01,0.08,2.1378195835516394,0.021378195835516395,0.17102556668413116,0.1710255666841312,0.003819369028802815,0.003872994082185645,0.0037657439754199854,0.0008041881642410593,1000,200,200,10000,10000,10000,10000,-1.1028243541613572,0.622625052496161,0.939,2.0497175115728674,4.464083056258643e-05,0.00017671760430866125,6.900049368339604e-05,6.196062402516362e-05,4.464083056258643e-05,0.00017671760430866125,6.900049368339604e-05,6.196062402516362e-05,-1.077013269648314,0.9108277853646782,0.792,2.490927637088213,7.933044542593767e-05,0.00012505329399880224,-0.004133425974925298,1.2325891887750042,0.0,0.3051262925057594
0.7,0.7666666666666666,0.7833333333333333,-1.227620555923644,0.01,0.08,2.1731557398243146,0.021731557398243145,0.17385245918594516,0.17385245918594516,0.003784977302998184,0.003804210630576383,0.0037657439754199854,0.0008060160948043848,1000,200,200,10000,10000,10000,10000,-1.065920280082381,0.6214107210408988,0.931,1.9740930386296975,4.0545488663095515e-05,0.00017090227891446264,6.362622685019357e-05,5.766753092050016e-05,4.0545488663095515e-05,0.00017090227891446264,6.362622685019357e-05,5.766753092050016e-05,-1.0492415302108038,0.8823107361967009,0.773,2.4078789927133633,7.056998878764862e-05,0.00011665891674025233,-0.0025270913239259416,1.2276432086939613,0.0,0.3056638302610113
0.7,0.7666666666666666,0.7999999999999999,-1.216784122148183,0.01,0.08,2.2157235170473317,0.022157235170473317,0.17725788136378653,0.17725788136378653,0.0038017732891385404,0.0037657439754199854,0.0038378026028570954,0.0009125052990871555,1000,200,200,10000,10000,10000,10000,-1.1100141044770127,0.6068706615048984,0.948,2.0606926346277143,5.641845757164533e-05,0.00021149796932811913,7.406237326347693e-05,5.351403902195153e-05,5.641845757164533e-05,0.00021149796932811913,7.406237326347693e-05,5.351403902195153e-05,-1.093309379325924,0.8897997951724552,0.803,2.427285141171015,9.13437951270584e-05,0.00013398076653055557,0.0009729623162336873,1.2202874835164956,0.0,0.30517828801511526
0.7,0.7666666666666666,0.8166666666666667,-1.201779698687162,0.01,0.08,2.2451162108513127,0.02245116210851313,0.17960929686810503,0.17960929686810503,0.0038185311944128096,0.0038361269340770844,0.003800935454748535,0.0009051978469006197,1000,200,200,10000,10000,10000,10000,-1.0832972888880013,0.5875336061483056,0.95,1.9884843262715333,5.284931748012775e-05,0.0002054032863455574,7.631680407894539e-05,6.75842259481386e-05,5.284931748012775e-05,0.0002054032863455574,7.631680407894539e-05,6.75842259481386e-05,-1.055172194527978,0.8600911927305807,0.814,2.4977594338533224,9.483237961186233e-05,0.00014196377202543018,0.0072312461132629435,1.2114705640109806,0.0,0.3050574483267803
0.7,0.7666666666666666,0.8333333333333333,-1.1827716771438972,0.01,0.08,2.2689467050403715,0.022689467050403717,0.18151573640322974,0.18151573640322974,0.003983635420626519,0.003981919857731315,0.003985350983521723,0.0010019874564001726,1000,200,200,10000,10000,10000,10000,-1.0514534168853076,0.5830726794757936,0.952,1.9647296561778222,6.223795324429546e-05,0.0002701804268748339,9.803947257362882e-05,0.00011088808511182713,6.223795324429546e-05,0.0002701804268748339,9.803947257362882e-05,0.00011088808511182713,-1.0126862050121999,0.9072283752709014,0.802,2.4949929618968008,0.00011020296925933997,0.00015627829320550193,0.0075940097833750945,1.193039017859449,0.0,0.3061219402890413
0.7,0.7666666666666666,0.85,-1.1599683133801006,0.01,0.08,2.287580898299751,0.02287580898299751,0.18300647186398009,0.1830064718639801,0.0038923053847451238,0.003872994082185645,0.003911616687304603,0.0008684878123665872,1000,200,200,10000,10000,10000,10000,-1.0267177143417074,0.632947713142528,0.951,2.0365241721501963,5.006907939119052e-05,0.00017631593928326957,6.753724309291242e-05,4.42858917994206e-05,5.006907939119052e-05,0.00017631593928326957,6.753724309291242e-05,4.42858917994206e-05,-0.9939735493964563,0.8660586545203653,0.796,2.491556073208835,9.575025030345751e-05,0.00013240951827622025,0.0020340046357953286,1.1644471405660382,0.0,0.3055451175017164
0.7,0.7833333333333333,0.7,-1.180599992505646,0.01,0.08,2.0282154255732823,0.020282154255732824,0.1622572340458626,0.1622572340458626,0.003629740229217345,0.0035977114139525155,0.0036617690444821745,0.0005946995731586271,1000,200,200,10000,10000,10000,10000,-1.057393436406811,0.6782474209842839,0.966,2.2213217769911644,2.8447721699117375e-05,0.00011831270228484058,4.5596620584568104e-05,6.446941060668598e-05,2.8447721699117375e-05,0.00011831270228484058,4.5596620584568104e-05,6.446941060668598e-05,-1.0120770907921655,1.0039782819371394,0.741,2.494293627926032,4.472712650599089e-05,7.223062420703363e-05,-0.008533717531442088,1.1745047249641345,0.0,0.30458255580353294
0.7,0.7833333333333333,0.7166666666666667,-1.191436426281107,0.01,0.08,2.07562459326195,0.020756245932619502,0.16604996746095602,0.16604996746095602,0.0037673815633339092,0.0038378026028570954,0.003696960523810723,0.0006584791524167256,1000,200,200,10000,10000,10000,10000,-1.023193817242877,0.6823448188000875,0.955,2.153521463540151,3.4642482889943463e-05,0.0001458265949212082,6.210136412901055e-05,4.96764180236835e-05,3.4642482889943463e-05,0.0001458265949212082,6.210136412901055e-05,4.96764180236835e-05,-1.0377382529099544,0.9640982831655036,0.769,2.5494475113970467,5.5775103593928805e-05,9.442567380401067e-05,0.0037800271029529726,1.1977272772257592,0.0,0.30538705020550244
0.7,0.7833333333333333,0.7333333333333333,-1.197986144134894,0.01,0.08,2.097586643103099,0.02097586643103099,0.16780693144824793,0.16780693144824793,0.0037313522496153547,0.003730552496091436,0.0037321520031392734,0.0006594805356056808,1000,200,200,10000,10000,10000,10000,-1.0381014673184195,0.6561708405541377,0.949,2.1030240168297567,3.289238179423598e-05,0.00012664250060786866,5.60857748476499e-05,5.018368985574512e-05,3.289238179423598e-05,0.00012664250060786866,5.60857748476499e-05,5.018368985574512e-05,-0.9810711071767255,0.9648572255482705,0.761,2.489705258176161,5.301854268953924e-05,8.258404180505942e-05,0.0039785762297549565,1.2043450049426647,0.0,0.305858118492725
0.7,0.7833333333333333,0.75,-1.2001773859875848,0.01,0.08,2.1276706299450696,0.021276706299450696,0.17021365039560557,0.17021365039560557,0.0037689447203497926,0.003802611123528546,0.0037352783171710397,0.0007488415073932205,1000,200,200,10000,10000,10000,10000,-1.0272826152480097,0.6635975919137104,0.937,2.0682076433283334,4.056150985605941e-05,0.00016782458744193948,7.871396310137472e-05,5.699015609079825e-05,4.056150985605941e-05,0.00016782458744193948,7.871396310137472e-05,5.699015609079825e-05,-0.9581838608044576,0.9640550230351798,0.747,2.4448664878946995,6.536700104444532e-05,0.00012687663410214167,0.006273590341719377,1.209129928846008,0.0,0.3049977520473797
0.7,0.7833333333333333,0.7666666666666666,-1.197986144134894,0.01,0.08,2.154369766085475,0.02154369766085475,0.172349581286838,0.172349581286838,0.0037866928658933886,0.0038412337286475038,0.0037321520031392734,0.0008414852978731249,1000,200,200,10000,10000,10000,10000,-1.0793564250046705,0.6342751128267565,0.958,2.0835734447807255,5.182281629840629e-05,0.00021935490208520355,8.768942483963222e-05,0.00010002684792053204,5.182281629840629e-05,0.00021935490208520355,8.768942483963222e-05,0.00010002684792053204,-1.0886818487443772,0.9105513866826249,0.794,2.4931736312231916,8.787570723133457e-05,0.0001386365596742801,-0.004543018851469011,1.1961111264935274,0.0,0.3047897384598135
0.7,0.7833333333333333,0.7833333333333333,-1.191436426281107,0.01,0.08,2.1934306540093504,0.021934306540093505,0.17547445232074804,0.17547445232074801,0.0038225697737326227,0.0038378026028570954,0.00380733694460815,0.0007945022049031262,1000,200,200,10000,10000,10000,10000,-1.0316127742458265,0.6343222065530513,0.938,2.0352066973822613,4.174479396692073e-05,0.00015640264997690632,5.580348355718303e-05,3.655387738240705e-05,4.174479396692073e-05,0.00015640264997690632,5.580348355718303e-05,3.655387738240705e-05,-1.0125882536590491,0.9454883691840098,0.764,2.4316325815598363,7.334753049589862e-05,0.0001060680971504508,0.00026332443074683225,1.1941982448607658,0.0,0.3061880615115202
0.7,0.7833333333333333,0.7999999999999999,-1.1805999925056463,0.01,0.08,2.232760830277675,0.02232760830277675,0.178620866422214,0.178620866422214,0.0038561980960452884,0.003945052709622755,0.003767343482467822,0.0009055821674695518,1000,200,200,10000,10000,10000,10000,-1.0663309301627337,0.6049265387769955,0.95,1.955754535081696,5.167039345828928e-05,0.00021329652322703662,7.871606330948822e-05,5.994845251129807e-05,5.167039345828928e-05,0.00021329652322703662,7.871606330948822e-05,5.994845251129807e-05,-1.0277766855175394,0.9498296875430886,0.791,2.525991187257142,9.833329046907672e-05,0.0001481036897440075,0.008597762279147032,1.1918574358990366,0.0,0.30463631118976
0.7,0.7833333333333333,0.8166666666666667,-1.1655955690446251,0.01,0.08,2.281450797662124,0.02281450797662124,0.18251606381296992,0.18251606381296992,0.004020542462850272,0.004057409610958833,0.003983675314741713,0.0010719133602419585,1000,200,200,10000,10000,10000,10000,-1.026359325705602,0.5923976247385846,0.943,1.9687252065904401,7.078293071461441e-05,0.00030047330939824134,0.00010030510056375018,0.00010253258411849104,7.078293071461441e-05,0.00030047330939824134,0.00010030510056375018,0.00010253258411849104,-1.0239813416637746,0.9110754214405545,0.775,2.4759425466897786,0.00012479331534666138,0.00019816760719633625,-0.0012689224234093655,1.1669166308755552,0.0,0.30488378514077785
0.7,0.7833333333333333,0.8333333333333333,-1.1465875475013603,0.01,0.08,2.2864446887636625,0.022864446887636624,0.182915575101093,0.182915575101093,0.0038545605081313646,0.0038361269340770844,0.003872994082185645,0.0009295179459299743,1000,200,200,10000,10000,10000,10000,-1.010460181029287,0.5834233801971708,0.947,1.9841310666273377,5.3937040655115344e-05,0.00022591354786552392,8.233732980431733e-05,8.504018271509341e-05,5.3937040655115344e-05,0.00022591354786552392,8.233732980431733e-05,8.504018271509341e-05,-0.9827159258832012,0.8566595862150078,0.805,2.4329832067576,9.66695945958427e-05,0.00014800475271589406,0.0055571343946383975,1.1548287739810394,0.0,0.30509002637025534
0.7,0.7833333333333333,0.85,-1.1237841837375637,0.01,0.08,2.29576622191525,0.022957662219152502,0.18366129775322002,0.18366129775322002,0.00398275769212132,0.003981919857731315,0.003983595526511325,0.0010612456025812533,1000,200,200,10000,10000,10000,10000,-1.0134535392478585,0.6080118173477329,0.95,2.0016865927800187,7.187426833769207e-05,0.00028698180549777694,0.00011002891908717102,9.172934510209462e-05,7.187426833769207e-05,0.00028698180549777694,0.00011002891908717102,9.172934510209462e-05,-0.9930727805278453,0.8582920055561855,0.801,2.490497043222681,0.00012901169766209775,0.00018436475417194214,0.0013700449855811696,1.127956686388248,0.0,0.30600584874248243
0.7,0.7999999999999999,0.7,-1.1460689261882466,0.01,0.08,2.055804871532608,0.020558048715326082,0.16446438972260866,0.16446438972260863,0.00378333971508426,0.003800935454748535,0.0037657439754199854,0.0007053007982600401,1000,200,200,10000,10000,10000,10000,-1.032513256862652,0.6363789117017685,0.95,2.1154631416771426,3.707613738954982e-05,0.00016123523290279324,6.005311524559909e-05,6.243208759411617e-05,3.707613738954982e-05,0.00016123523290279324,6.005311524559909e-05,6.243208759411617e-05,-0.9918619906975391,1.0005426016001013,0.733,2.451559619398693,5.6415945200637005e-05,8.405560060754813e-05,-0.00040345834918303246,1.1485064428214458,0.0,0.305472015525149
0.7,0.7999999999999999,0.7166666666666667,-1.1569053599637076,0.01,0.08,2.081436997040396,0.02081436997040396,0.1665149597632317,0.1665149597632317,0.0037177570084048054,0.0036313033862332283,0.0038042106305763825,0.0006890283603524785,1000,200,200,10000,10000,10000,10000,-1.0698084804192773,0.6133947297106009,0.965,2.061896587373497,3.633114342645234e-05,0.00015270264487008195,7.388954764149741e-05,7.410699500888156e-05,3.633114342645234e-05,0.00015270264487008195,7.388954764149741e-05,7.410699500888156e-05,-1.0337395167881382,0.9400594003920523,0.761,2.496595300744074,5.9762639114711405e-05,0.00011813524487291747,0.002426056246598172,1.1621568024159556,0.0,0.305572651273932
0.7,0.7999999999999999,0.7333333333333333,-1.1634550778174946,0.01,0.08,2.110097222746942,0.02110097222746942,0.16880777781975537,0.16880777781975537,0.003767343482467822,0.003800935454748535,0.0037337515101871096,0.0006965984372217656,1000,200,200,10000,10000,10000,10000,-1.0491641442754127,0.6390180428107388,0.954,2.0719161080200075,3.436236281381523e-05,0.0001427836333690676,5.221763612582522e-05,4.4121671361537516e-05,3.436236281381523e-05,0.0001427836333690676,5.221763612582522e-05,4.4121671361537516e-05,-1.0348695852979883,0.9112986457132806,0.773,2.467109868973967,5.9397620071829095e-05,9.442466723898566e-05,-0.0014452271469556808,1.164770751816613,0.0,0.3051647516941015
0.7,0.7999999999999999,0.75,-1.1656463196701852,0.01,0.08,2.155988266174804,0.021559882661748044,0.17247906129398435,0.17247906129398433,0.003784139468608179,0.003800935454748535,0.003767343482467823,0.000778870587807216,1000,200,200,10000,10000,10000,10000,-1.0454738235983174,0.6411165872355122,0.938,2.1317358523326804,4.529431915550931e-05,0.00017852409053997206,6.485133982458547e-05,6.446930170877081e-05,4.529431915550931e-05,0.00017852409053997206,6.485133982458547e-05,6.446930170877081e-05,-0.9393096084524355,0.9307907425823656,0.785,2.5472408553878823,8.340401508240554e-05,0.00013006597180928545,0.0011533939312836773,1.169256018944566,0.0,0.30503951783121636
0.7,0.7999999999999999,0.7666666666666666,-1.1634550778174946,0.01,0.08,2.177712836826313,0.021777128368263128,0.17421702694610502,0.17421702694610505,0.003838602356381014,0.003874669750965656,0.0038025349617963724,0.0007730913707454201,1000,200,200,10000,10000,10000,10000,-1.0475182038068278,0.6142395153259709,0.941,2.041084777147522,4.1494122289355874e-05,0.0001495659621582484,6.847353982866307e-05,5.446530452109174e-05,4.1494122289355874e-05,0.0001495659621582484,6.847353982866307e-05,5.446530452109174e-05,-1.0076238306409526,0.9097285998131164,0.799,2.5213058332847798,7.607732886811584e-05,0.00011655072591105693,-0.006348444233782753,1.15947835169536,0.0,0.3060075916842313
0.7,0.7999999999999999,0.7833333333333333,-1.1569053599637076,0.01,0.08,2.1977386583883556,0.021977386583883558,0.17581909267106846,0.17581909267106846,0.003802573042662459,0.003767343482467823,0.0038378026028570954,0.0008429397755797257,1000,200,200,10000,10000,10000,10000,-1.0069927779810224,0.6046986089543085,0.936,2.0021931165271964,4.546600771850673e-05,0.00018336493584456955,6.673918580247842e-05,8.341417613675734e-05,4.546600771850673e-05,0.00018336493584456955,6.673918580247842e-05,8.341417613675734e-05,-1.0288373402849569,0.8559939178382623,0.808,2.4596531986135415,8.361972602395221e-05,0.00014772199710588337,0.0027758703261086728,1.162414910486546,0.0,0.3056700236832996
0.7,0.7999999999999999,0.7999999999999999,-1.1460689261882466,0.01,0.08,2.2422414228282754,0.022422414228282755,0.17937931382626204,0.17937931382626207,0.0038571139054165743,0.0038378026028570954,0.0038764252079760532,0.0008791822145259705,1000,200,200,10000,10000,10000,10000,-0.9748144101266363,0.636433143040876,0.945,2.0852337356400024,5.5340293724294346e-05,0.00020948463962396885,8.219728838459236e-05,7.142024163458259e-05,5.5340293724294346e-05,0.00020948463962396885,8.219728838459236e-05,7.142024163458259e-05,-0.9900936519830215,0.8856730819870534,0.779,2.4357378442261672,9.403372466970429e-05,0.00013428318953469438,-0.0050695912318529796,1.1437271854620008,0.0,0.3055866889356623
0.7,0.7999999999999999,0.8166666666666667,-1.1310645027272257,0.01,0.08,2.2657508205442607,0.022657508205442607,0.18126006564354086,0.18126006564354083,0.003908185561514194,0.003871318413405634,0.003945052709622755,0.0009369194553579315,1000,200,200,10000,10000,10000,10000,-0.981141141967512,0.5571759624462996,0.956,1.9067696488292405,5.010617301022847e-05,0.00020244503465264774,7.360561226180832e-05,7.686835419153551e-05,5.010617301022847e-05,0.00020244503465264774,7.360561226180832e-05,7.686835419153551e-05,-0.9501549254468283,0.8440336602030631,0.808,2.427964955535263,9.170216241147668e-05,0.00013178406473160413,0.0009559474616633832,1.1346372937323421,0.0,0.30531905330739073
0.7,0.7999999999999999,0.8333333333333333,-1.1120564811839608,0.01,0.08,2.2786923626601236,0.022786923626601237,0.1822953890128099,0.1822953890128099,0.0038905898218499196,0.0038361269340770844,0.003945052709622755,0.0010121799011145703,1000,200,200,10000,10000,10000,10000,-0.942576019387011,0.6010715593874205,0.962,1.9694390622333644,6.412211715218653e-05,0.00025841447532142566,9.638694388885871e-05,7.836587005006502e-05,6.412211715218653e-05,0.00025841447532142566,9.638694388885871e-05,7.836587005006502e-05,-0.9859634570103786,0.9091668985503724,0.782,2.489859345485707,0.0001208542769382353,0.00020160558538092087,-0.003419721949519846,1.1111958056240188,0.0,0.30510994578028827
0.7,0.7999999999999999,0.85,-1.0892531174201643,0.01,0.08,2.29915898906378,0.0229915898906378,0.1839327191251024,0.1839327191251024,0.0038545605081313646,0.0038378026028570954,0.003871318413405634,0.0009487705327494393,1000,200,200,10000,10000,10000,10000,-0.9433523820728034,0.5998340976991157,0.955,1.9953160368027119,5.628593117653147e-05,0.00022703715255165986,7.77117886523511e-05,7.302205446109538e-05,5.628593117653147e-05,0.00022703715255165986,7.77117886523511e-05,7.302205446109538e-05,-0.9933323646924096,0.8929635422243566,0.793,2.5031936108995465,0.00011201408614386929,0.00020922982924105008,0.002928493429690799,1.0950747947952137,0.0,0.30513988154003263
0.7,0.8166666666666667,0.7,-1.1135692527846481,0.01,0.08,2.093086091787266,0.02093086091787266,0.16744688734298127,0.16744688734298127,0.0038017732891385404,0.0038378026028570954,0.0037657439754199854,0.0007160940961180405,1000,200,200,10000,10000,10000,10000,-1.0221047759547832,0.6140537502808507,0.958,2.0461616652028054,3.5120477337109295e-05,0.00014811180562929784,5.684701318611689e-05,4.8800891370063176e-05,3.5120477337109295e-05,0.00014811180562929784,5.684701318611689e-05,4.8800891370063176e-05,-1.0035066734783773,0.9418257586472699,0.777,2.518931547855458,6.003286960476453e-05,9.652424480112551e-05,-0.005643663873585498,1.1105349137027278,0.0,0.30572771603932836
0.7,0.8166666666666667,0.7166666666666667,-1.1244056865601089,0.01,0.08,2.092393948463256,0.02092393948463256,0.16739151587706047,0.1673915158770605,0.003716119420490882,0.0037321520031392734,0.0037000868378424907,0.0007189125552842272,1000,200,200,10000,10000,10000,10000,-1.0135671500690198,0.626524959556604,0.948,1.9947611194863313,3.411623897785339e-05,0.00017234164555627636,6.443615918653031e-05,0.00010816403913907607,3.411623897785339e-05,0.00017234164555627636,6.443615918653031e-05,0.00010816403913907607,-0.9626728759449638,0.949432106520735,0.762,2.4885400205944332,6.129702418692242e-05,0.00012763768553565512,-0.0007932453601980793,1.1265046014183375,0.0,0.3050434878683491
0.7,0.8166666666666667,0.7333333333333333,-1.1309554044138959,0.01,0.08,2.1370489770771366,0.021370489770771366,0.17096391816617093,0.17096391816617096,0.0037313522496153547,0.0037321520031392734,0.003730552496091436,0.0007123337683174597,1000,200,200,10000,10000,10000,10000,-0.9863009782515901,0.6418651512017267,0.947,2.1071433773629504,3.794826229841876e-05,0.00014526259159276372,5.8888483139784984e-05,5.062016823181534e-05,3.794826229841876e-05,0.00014526259159276372,5.8888483139784984e-05,5.062016823181534e-05,-0.975599944726704,0.9528904834153341,0.762,2.454895307452453,6.468997247313439e-05,0.00011335833160282431,0.005361456264173568,1.1390807000418222,0.0,0.3053497686712602
0.7,0.8166666666666667,0.75,-1.1331466462665867,0.01,0.08,2.181428015553741,0.021814280155537408,0.17451424124429926,0.17451424124429926,0.0038025730426624587,0.0038394021099049324,0.0037657439754199854,0.000814667291128408,1000,200,200,10000,10000,10000,10000,-0.9822772540412105,0.6264637478977487,0.952,2.0547121807487225,4.701244683874371e-05,0.00017953008079982162,7.777484859269067e-05,7.02060955983587e-05,4.701244683874371e-05,0.00017953008079982162,7.777484859269067e-05,7.02060955983587e-05,-0.9383363581503908,0.9248148067157166,0.788,2.5340504870935416,8.273393499801527e-05,0.00013426906861311455,0.00024546581377103086,1.136245158558147,0.0,0.3051659177697616
0.7,0.8166666666666667,0.7666666666666666,-1.130955404413896,0.01,0.08,2.208533434699763,0.02208533434699763,0.17668267477598104,0.17668267477598107,0.003926619135568474,0.003945052709622755,0.003908185561514194,0.0009347507323576324,1000,200,200,10000,10000,10000,10000,-0.9782943694266212,0.5902368009397146,0.957,1.967724597158964,5.347981222210647e-05,0.00023475382721442782,7.810817291419916e-05,0.00010339105441323385,5.347981222210647e-05,0.00023475382721442782,7.810817291419916e-05,0.00010339105441323385,-0.9655956505812361,0.9014142463738569,0.794,2.5015849457018757,9.575327375715426e-05,0.00014748025798038127,-0.0018907183933032869,1.1317061382179752,0.0,0.30451214733934895
0.7,0.8166666666666667,0.7833333333333333,-1.1244056865601089,0.01,0.08,2.223973803575787,0.022239738035757867,0.17791790428606294,0.17791790428606294,0.003874631670099568,0.003913136406122052,0.0038361269340770844,0.001049464921472829,1000,200,200,10000,10000,10000,10000,-0.9928900344817384,0.5829105778855859,0.951,1.9052799364844701,6.392846540910263e-05,0.0003083610603530618,9.829038916072937e-05,9.526795329261482e-05,6.392846540910263e-05,0.0003083610603530618,9.829038916072937e-05,9.526795329261482e-05,-1.0257298530240808,0.9405701073808972,0.769,2.480939500742078,0.00011225525208058288,0.00018009180865646022,-3.9049938735396415e-05,1.1272598542465677,0.0,0.30605471306599213
0.7,0.8166666666666667,0.7999999999999999,-1.1135692527846481,0.01,0.08,2.2446243645305355,0.022446243645305355,0.17956994916244284,0.17956994916244287,0.003857873764825299,0.003877944926793503,0.0038378026028570954,0.000876813132838854,1000,200,200,10000,10000,10000,10000,-0.9890128955750993,0.6339833324350651,0.958,2.159141001990204,5.7587190824558896e-05,0.00021043646655895777,8.489101221869464e-05,7.200341188430217e-05,5.7587190824558896e-05,0.00021043646655895777,8.489101221869464e-05,7.200341188430217e-05,-0.9477194637566932,0.9063349724296632,0.77,2.416934436692195,9.720193722418809e-05,0.00014809279042796405,0.00761486677114402,1.1238808164702545,0.0,0.3057203726793989
0.7,0.8166666666666667,0.8166666666666667,-1.0985648293236272,0.01,0.08,2.2723563282257224,0.022723563282257223,0.18178850625805779,0.18178850625805779,0.00394589054401276,0.003983595526511325,0.003908185561514194,0.0010883402909884177,1000,200,200,10000,10000,10000,10000,-0.9478282122190215,0.642792541791488,0.952,2.056294653016917,7.770627650629864e-05,0.0003510935149649184,0.00010726936271458129,0.00012029003839702264,7.770627650629864e-05,0.0003510935149649184,0.00010726936271458129,0.00012029003839702264,-0.973578103747966,0.90709693783662,0.798,2.5396584236293274,0.00013711058209248415,0.0002069346650133026,0.0024278996791002997,1.1038553152684045,0.0,0.3049458223249616
0.7,0.8166666666666667,0.8333333333333333,-1.0795568077803623,0.01,0.08,2.2797561807131794,0.022797561807131796,0.18238049445705437,0.18238049445705437,0.0038923053847451238,0.003983675314741713,0.003800935454748535,0.000953251246778812,1000,200,200,10000,10000,10000,10000,-0.9709948643273913,0.6181095093333594,0.958,2.06418290729302,6.250625445208366e-05,0.0002407183205771418,8.635439594409452e-05,8.72794252771901e-05,6.250625445208366e-05,0.0002407183205771418,8.635439594409452e-05,8.72794252771901e-05,-0.9645001517403959,0.9051593665882853,0.796,2.479055601233684,0.00010989377631357714,0.00015793269430113083,0.0005637931404860592,1.0831414960581018,0.0,0.3050869103045384
0.7,0.8166666666666667,0.85,-1.0567534440165658,0.01,0.08,2.303718114057276,0.023037181140572762,0.1842974491245821,0.1842974491245821,0.003945890544012761,0.003909861230294205,0.003981919857731315,0.001053026812928148,1000,200,200,10000,10000,10000,10000,-0.9636414437360222,0.5765322474350404,0.972,2.0033615641104703,7.228077982012573e-05,0.0003017038059770053,0.00010945897400153457,7.84340670028859e-05,7.228077982012573e-05,0.0003017038059770053,0.00010945897400153457,7.84340670028859e-05,-0.9100466088325522,0.9126410055757171,0.793,2.5040939592225415,0.00012750276967330072,0.00018724102898799535,-0.0010255623027815052,1.0585859143101246,0.0,0.30526056091859904
0.7,0.8333333333333333,0.7,-1.083457045517655,0.01,0.08,2.1276164096314893,0.021276164096314894,0.17020931277051915,0.17020931277051912,0.0037698189047717517,0.0036649680585778472,0.003874669750965656,0.0006931320311762532,1000,200,200,10000,10000,10000,10000,-0.9699727616326849,0.6562181727501446,0.957,2.059175356622618,3.5398362854195965e-05,0.00012821255834877523,6.35166054347504e-05,4.404843227341492e-05,3.5398362854195965e-05,0.00012821255834877523,6.35166054347504e-05,4.404843227341492e-05,-0.9130678764814779,0.9680619785110596,0.776,2.545901324787578,6.137109706671891e-05,9.482122966500764e-05,-0.0037960612933687675,1.0825578957357558,0.0,0.3053576314821851
0.7,0.8333333333333333,0.7166666666666667,-1.0942934792931158,0.01,0.08,2.1379506124058736,0.021379506124058735,0.17103604899246988,0.17103604899246988,0.0037505855771935532,0.0037657439754199854,0.0037354271789671206,0.000752511766313506,1000,200,200,10000,10000,10000,10000,-0.9497061616195293,0.6497776230404084,0.955,2.084359546010424,4.074573385827779e-05,0.00015701613444588368,6.385532857152898e-05,4.952709300121348e-05,4.074573385827779e-05,0.00015701613444588368,6.385532857152898e-05,4.952709300121348e-05,-0.9401194684872356,0.9377830333263024,0.764,2.473124102121125,6.802961448854587e-05,0.00010246474241409591,0.0031919650515659474,1.1001889420080082,0.0,0.305678662580299
0.7,0.8333333333333333,0.7333333333333333,-1.1008431971469028,0.01,0.08,2.1651319277534444,0.021651319277534446,0.17321055422027556,0.17321055422027556,0.003819369028802815,0.003908185561514194,0.003730552496091436,0.0008158595928354448,1000,200,200,10000,10000,10000,10000,-0.9682549400871279,0.6182366002816734,0.957,2.0261866894287324,4.44393142636405e-05,0.0001875927170317903,6.469010927404677e-05,6.254639464778438e-05,4.44393142636405e-05,0.0001875927170317903,6.469010927404677e-05,6.254639464778438e-05,-0.9138224206564561,0.9092151075920877,0.795,2.4720802379659785,7.499966137980919e-05,0.00011698411840684842,0.008332714420486255,1.1120446796627437,0.0,0.3058214935708808
0.7,0.8333333333333333,0.75,-1.1030344389995936,0.01,0.08,2.188691689364264,0.02188691689364264,0.1750953351491411,0.17509533514914108,0.0037346274254432023,0.003700235699638571,0.003769019151247833,0.0007644642210613438,1000,200,200,10000,10000,10000,10000,-0.957648135418874,0.6183258093727146,0.955,2.1113101382453903,4.279007091171286e-05,0.0001600651125972966,7.289943112100345e-05,5.6418563133448687e-05,4.279007091171286e-05,0.0001600651125972966,7.289943112100345e-05,5.6418563133448687e-05,-0.9431741006964727,0.9430560267319101,0.785,2.5387467598154925,7.670628041122806e-05,0.00011332086550136785,-0.005738935935901895,1.1000985266463341,0.0,0.30560492951091744
0.7,0.8333333333333333,0.7666666666666666,-1.100843197146903,0.01,0.08,2.221016365365947,0.02221016365365947,0.17768130922927575,0.17768130922927575,0.003819369028802815,0.0038361269340770844,0.003802611123528546,0.000820367594281993,1000,200,200,10000,10000,10000,10000,-0.9695301258077753,0.6328266920498647,0.96,2.073764220437309,4.7710178280937406e-05,0.0001713464667296239,6.714895246598868e-05,5.7331716385725844e-05,4.7710178280937406e-05,0.0001713464667296239,6.714895246598868e-05,5.7331716385725844e-05,-0.9305957698383907,0.9059315602633421,0.783,2.4853530654117315,8.69696808451836e-05,0.0001313282279022633,0.0011556982046435663,1.1049183476168447,0.0,0.30563702713590557
0.7,0.8333333333333333,0.7833333333333333,-1.0942934792931158,0.01,0.08,2.2462625019779447,0.02246262501977945,0.1797010001582356,0.1797010001582356,0.003951836986222291,0.004023973588640681,0.0038797003838039004,0.000995919477317849,1000,200,200,10000,10000,10000,10000,-0.9407940283770714,0.5846251315187794,0.961,1.9561134786189271,6.051467527719697e-05,0.00026472116696198334,0.0001006060744788805,0.0001517164205288767,6.051467527719697e-05,0.00026472116696198334,0.0001006060744788805,0.0001517164205288767,-0.9090844234807287,0.9350287404908824,0.773,2.474743776317543,0.0001116295831799773,0.00019943173279358785,-0.0024454321350846826,1.094762120857533,0.0,0.3050796407382864
0.7,0.8333333333333333,0.7999999999999999,-1.083457045517655,0.01,0.08,2.247718153970374,0.022477181539703742,0.17981745231762994,0.17981745231762994,0.0038931432191351293,0.003802611123528546,0.003983675314741713,0.0008631606663962361,1000,200,200,10000,10000,10000,10000,-0.9550359083894735,0.5845301093932606,0.956,1.9939540231548365,4.503597300995766e-05,0.0001912125151590376,5.923172640223614e-05,7.919121570397394e-05,4.503597300995766e-05,0.0001912125151590376,5.923172640223614e-05,7.919121570397394e-05,-0.984807735278114,0.8828472018442127,0.788,2.474969707420686,9.01118190951667e-05,0.00014086715091049412,0.0024607965428814207,1.0888080032608227,0.0,0.30607437268639054
0.7,0.8333333333333333,0.8166666666666667,-1.0684526220566342,0.01,0.08,2.28719486033231,0.0228719486033231,0.1829755888265848,0.1829755888265848,0.0038578356839592117,0.003839402109904932,0.003876269258013492,0.0009239450836077918,1000,200,200,10000,10000,10000,10000,-0.9156085450435918,0.6316073004526758,0.948,2.0955397903707347,6.143187571278435e-05,0.000222435983217154,9.31877369657377e-05,7.27027158483726e-05,6.143187571278435e-05,0.000222435983217154,9.31877369657377e-05,7.27027158483726e-05,-0.89126550870237,0.9563141710637957,0.775,2.575172486934143,0.00012001084844096408,0.0001803502415355946,0.0017241638870983736,1.0729403257095413,0.0,0.3050855892119125
0.7,0.8333333333333333,0.8333333333333333,-1.0494446005133693,0.01,0.08,2.3226220915173172,0.023226220915173172,0.18580976732138538,0.18580976732138538,0.004020502568735079,0.003983595526511325,0.004057409610958833,0.00112515490119693,1000,200,200,10000,10000,10000,10000,-0.9394284675360498,0.565043882669734,0.956,1.8790891852879834,7.020167240978238e-05,0.00031417714615028763,0.00010601005776219113,8.267253882754633e-05,7.020167240978238e-05,0.00031417714615028763,0.00010601005776219113,8.267253882754633e-05,-0.8762125404499163,0.9311731787095079,0.785,2.4780730079952757,0.000133350468459236,0.00019243601375375433,-0.004475844645210844,1.0478079221844183,0.0,0.30522856545286414
0.7,0.8333333333333333,0.85,-1.0266412367495725,0.01,0.08,2.3422536385563495,0.023422536385563495,0.18738029108450796,0.18738029108450796,0.0039634862836770346,0.003908185561514194,0.004018787005839875,0.0010608655406756928,1000,200,200,10000,10000,10000,10000,-0.8687180438329156,0.6342700352131586,0.954,2.0354951041507143,7.400592588544699e-05,0.0002845126988857148,0.00010019135012732973,7.936154421768618e-05,7.400592588544699e-05,0.0002845126988857148,0.00010019135012732973,7.936154421768618e-05,-0.8695244303845912,0.88405925114075,0.792,2.4904640445894026,0.0001359611324040001,0.0002060256590387995,0.002427046779636483,1.0322740924808573,0.0,0.30566619258961
0.7,0.85,0.7,-1.0560622200314675,0.01,0.08,2.1595999377739394,0.021595999377739396,0.17276799502191517,0.17276799502191514,0.0037337895910531963,0.0038042106305763825,0.0036633685515300106,0.0007517732384076089,1000,200,200,10000,10000,10000,10000,-0.923465194509118,0.6514338455808816,0.956,2.1832703278927594,4.4072326564637576e-05,0.00016928043029710798,6.32178262472137e-05,5.790068603534866e-05,4.4072326564637576e-05,0.00016928043029710798,6.32178262472137e-05,5.790068603534866e-05,-0.922152326247944,0.9213347334528872,0.782,2.4736559363211015,7.851857292442446e-05,0.00014599795080985764,-0.0009351754160284063,1.057887762354883,0.0,0.305765296081285
0.7,0.85,0.7166666666666667,-1.0668986538069285,0.01,0.08,2.166978225376938,0.02166978225376938,0.17335825803015503,0.17335825803015506,0.003784977302998184,0.003800935454748535,0.0037690191512478335,0.0008139328866922984,1000,200,200,10000,10000,10000,10000,-0.9687811347425809,0.6594255002470728,0.962,2.1391048200853966,5.0488125575435225e-05,0.0002012343800192142,7.823624055982202e-05,6.372539360289601e-05,5.0488125575435225e-05,0.0002012343800192142,7.823624055982202e-05,6.372539360289601e-05,-0.9196916072008807,0.9026790027061347,0.773,2.4120890639466595,7.80967803615726e-05,0.00011922060754560471,-0.0017426519780320959,1.068086033079392,0.0,0.3051954686186737
0.7,0.85,0.7333333333333333,-1.0734483716607155,0.01,0.08,2.186127509921211,0.02186127509921211,0.17489020079369688,0.17489020079369688,0.003819369028802815,0.0037657439754199854,0.003872994082185645,0.0008430296232961028,1000,200,200,10000,10000,10000,10000,-0.9702524747829379,0.644991217083734,0.956,2.0710127897241097,5.0207368420465416e-05,0.00021622321531240048,8.590132800974063e-05,9.370856424214861e-05,5.0207368420465416e-05,0.00021622321531240048,8.590132800974063e-05,9.370856424214861e-05,-0.9186427207877367,0.9630253544579451,0.757,2.458347232655915,8.388551445392153e-05,0.00015742968235205146,0.004384928210866097,1.0805185889464821,0.0,0.3058054369702911
0.7,0.85,0.75,-1.075639613513406,0.01,0.08,2.205165270505876,0.02205165270505876,0.17641322164047007,0.17641322164047007,0.0038225697737326227,0.003909861230294205,0.0037352783171710397,0.0008126456398640366,1000,200,200,10000,10000,10000,10000,-0.956259188431991,0.6208968322829369,0.952,2.107200088294958,4.728938480180429e-05,0.00018061508162257482,6.492298594781101e-05,7.639514481482367e-05,4.728938480180429e-05,0.00018061508162257482,6.492298594781101e-05,7.639514481482367e-05,-0.9163796776876445,0.9383502849105873,0.808,2.634444246286793,9.110728664264963e-05,0.00013174523627244617,-0.0005831468154877719,1.0778888520063548,0.0,0.30545292109860306
0.7,0.85,0.7666666666666666,-1.0734483716607155,0.01,0.08,2.2327347021947217,0.022327347021947216,0.17861877617557773,0.17861877617557773,0.0038545605081313646,0.003872994082185645,0.0038361269340770844,0.0008286811961423465,1000,200,200,10000,10000,10000,10000,-0.9279377197322094,0.6048244127391655,0.957,1.9830283356632818,4.348127855946398e-05,0.00017356697037207008,6.480315349533387e-05,5.0157898689755156e-05,4.348127855946398e-05,0.00017356697037207008,6.480315349533387e-05,5.0157898689755156e-05,-0.926544028981857,0.8995035024681031,0.796,2.532724750505236,8.408671935084673e-05,0.00012759875190093087,-0.002709864093079324,1.0737154572746368,0.0,0.3052940887205969
0.7,0.85,0.7833333333333333,-1.0668986538069285,0.01,0.08,2.2421063360587716,0.022421063360587717,0.17936850688470174,0.17936850688470174,0.003819369028802815,0.0038378026028570954,0.003800935454748535,0.0008691835997089155,1000,200,200,10000,10000,10000,10000,-0.9309941166747935,0.6234177542988891,0.961,2.029935975390651,5.073257901262561e-05,0.0001990271949171575,7.851526903942869e-05,7.425175033145005e-05,5.073257901262561e-05,0.0001990271949171575,7.851526903942869e-05,7.425175033145005e-05,-0.8697611742988758,0.9173629104143025,0.772,2.439673934488369,8.495764510175287e-05,0.00011454566479308387,-0.0020818101104053788,1.0678084865388737,0.0,0.30496609246928846
0.7,0.85,0.7999999999999999,-1.0560622200314675,0.01,0.08,2.2766929631884794,0.022766929631884793,0.18213543705507834,0.18213543705507834,0.003909023395904199,0.003872994082185645,0.003945052709622755,0.0009726730808800408,1000,200,200,10000,10000,10000,10000,-0.9322218766859462,0.5937914250791952,0.947,1.99262683668421,5.995603595471648e-05,0.0002478363809029964,8.527944897051576e-05,7.822697330352039e-05,5.995603595471648e-05,0.0002478363809029964,8.527944897051576e-05,7.822697330352039e-05,-0.9062220497925083,0.8901394138190802,0.817,2.4897555136192473,0.00010956131241806358,0.0001639649166481668,-0.0012699531629503044,1.057759826664873,0.0,0.305739053690224
0.7,0.85,0.8166666666666667,-1.0410577965704466,0.01,0.08,2.306338714128161,0.02306338714128161,0.18450709713025287,0.18450709713025287,0.0040196647343450735,0.004057409610958833,0.003981919857731315,0.001096136005721792,1000,200,200,10000,10000,10000,10000,-0.9161131947459502,0.5691537986824277,0.949,1.9277725313214158,6.979509757905888e-05,0.00030494521427930663,9.276617961764427e-05,8.239215973196013e-05,6.979509757905888e-05,0.00030494521427930663,9.276617961764427e-05,8.239215973196013e-05,-0.9150929870730293,0.9023300441233918,0.782,2.4973801864694365,0.00012912782108791254,0.0001741660833437892,-6.87681581902008e-05,1.043910816400543,0.0,0.3045124551152364
0.7,0.85,0.8333333333333333,-1.0220497750271818,0.01,0.08,2.339656843433014,0.023396568434330137,0.1871725474746411,0.1871725474746411,0.004020542462850272,0.004020542462850272,0.004020542462850272,0.0011026228450412502,1000,200,200,10000,10000,10000,10000,-0.9088504959364326,0.581473002101123,0.955,1.9552821933991207,7.370645831110599e-05,0.00029520404157578353,0.00011203716855026034,9.328652565104205e-05,7.370645831110599e-05,0.00029520404157578353,0.00011203716855026034,9.328652565104205e-05,-0.8442330500910035,0.9435518986883213,0.76,2.4417501996674287,0.00012637395799402644,0.00017555639816491502,-0.0008251869613906522,1.0241874604478904,0.0,0.30592811263792485
0.7,0.85,0.85,-0.9992464112633851,0.01,0.08,2.375723437599822,0.02375723437599822,0.19005787500798577,0.19005787500798574,0.004020542462850272,0.003945052709622755,0.0040960322160777905,0.0011279111604812248,1000,200,200,10000,10000,10000,10000,-0.8646562273160125,0.5886302984221562,0.963,1.963651734933182,7.895005681699089e-05,0.00032131466972921925,0.00012334364665252524,0.0001156284870058245,7.895005681699089e-05,0.00032131466972921925,0.00012334364665252524,0.0001156284870058245,-0.843614295354237,0.8880356346426928,0.79,2.428123575750125,0.0001303466352304877,0.0001793781618447154,-0.0009965875842595064,1.0015314996612728,0.0,0.3051191861037444
0.7166666666666667,0.7,0.7,-1.418980403876835,0.01,0.08,1.9871654773031762,0.019871654773031763,0.1589732381842541,0.1589732381842541,0.003612944243076988,0.003562519934623966,0.0036633685515300106,0.0005786886919336927,1000,200,200,10000,10000,10000,10000,-1.256892657149612,0.6777200712744745,0.933,2.1946772013246356,2.803042861171414e-05,0.00012397297085921057,5.561180172756924e-05,5.3854157540784566e-05,2.803042861171414e-05,0.00012397297085921057,5.561180172756924e-05,5.3854157540784566e-05,-1.2342835373985812,1.0152830641334907,0.764,2.5142916814098406,4.698078750847105e-05,0.00011279655187115455,0.0013587191048638609,1.4226304712304045,0.0,0.30521429292443275
0.7166666666666667,0.7,0.7166666666666667,-1.4298168376522962,0.01,0.08,1.9913659630914373,0.019913659630914373,0.15930927704731498,0.15930927704731498,0.003562519934623966,0.003596111906904679,0.0035289279623432527,0.0004952506455523928,1000,200,200,10000,10000,10000,10000,-1.3097103678715272,0.6771556022403588,0.934,2.1675485843444804,1.9496462720887158e-05,8.464908901330918e-05,3.124783249029549e-05,5.484873955445999e-05,1.9496462720887158e-05,8.464908901330918e-05,3.124783249029549e-05,5.484873955445999e-05,-1.2498427720273533,0.9562071199297966,0.775,2.501891526600063,3.2743122351688685e-05,5.7816127869250456e-05,0.009781904739677584,1.4418065263337416,0.0,0.30513446164247576
0.7166666666666667,0.7,0.7333333333333333,-1.436366555506083,0.01,0.08,2.019522206574466,0.02019522206574466,0.16156177652595727,0.16156177652595727,0.0036457728118657355,0.0035945850999207483,0.003696960523810723,0.000593462756621096,1000,200,200,10000,10000,10000,10000,-1.2660569374687292,0.6386405487293383,0.914,2.081592051941647,2.5910554035722303e-05,0.00011035543836495058,4.6727342663091886e-05,4.465396292158192e-05,2.5910554035722303e-05,0.00011035543836495058,4.6727342663091886e-05,4.465396292158192e-05,-1.2624304996326594,0.9589785166585372,0.766,2.516649245727197,4.588907423500804e-05,8.574816385959845e-05,-0.0014997331249672365,1.4371963911022885,0.0,0.30567105812363077
0.7166666666666667,0.7,0.75,-1.4385577973587735,0.01,0.08,2.0517403336809403,0.020517403336809403,0.16413922669447523,0.16413922669447523,0.0036993615152166124,0.0036313033862332283,0.0037674196441999964,0.0006244043937125852,1000,200,200,10000,10000,10000,10000,-1.3113383697806469,0.6384294099215004,0.934,2.079283818774571,2.939911577346329e-05,0.00012694175631595942,5.647691719721642e-05,6.360466540195009e-05,2.939911577346329e-05,0.00012694175631595942,5.647691719721642e-05,6.360466540195009e-05,-1.241972841262334,1.0039495174868667,0.738,2.4260850761906876,4.7111517887627934e-05,8.128751537125869e-05,0.0042940073480631615,1.4450977435644963,0.0,0.305677115244634
0.7166666666666667,0.7,0.7666666666666666,-1.436366555506083,0.01,0.08,2.0800102106037786,0.020800102106037787,0.1664008168483023,0.1664008168483023,0.0036481357224055376,0.00369856003085856,0.0035977114139525155,0.0006564656114916458,1000,200,200,10000,10000,10000,10000,-1.3122774346996415,0.6467390271666582,0.923,2.15035716496359,3.2881047323543236e-05,0.0001295551934907895,4.833104309670318e-05,3.9343856109974266e-05,3.2881047323543236e-05,0.0001295551934907895,4.833104309670318e-05,3.9343856109974266e-05,-1.2559732957128524,0.9432671082001716,0.785,2.5251334348503693,5.652933149515042e-05,8.319001806486709e-05,-0.0009538724362787167,1.4376036776851948,0.0,0.3056620692886833
0.7166666666666667,0.7,0.7833333333333333,-1.4298168376522962,0.01,0.08,2.09686786953073,0.020968678695307302,0.16774942956245842,0.16774942956245842,0.0037529484877333553,0.0037385534929988877,0.003767343482467823,0.0007046279656279175,1000,200,200,10000,10000,10000,10000,-1.2866329308411932,0.6411944707158898,0.927,2.0923923703769707,3.5797013682566795e-05,0.00014486686161638393,5.9483017442935666e-05,5.109249536614685e-05,3.5797013682566795e-05,0.00014486686161638393,5.9483017442935666e-05,5.109249536614685e-05,-1.248168960516942,0.9097456679263823,0.77,2.4752373563805197,6.028209535028856e-05,0.00010037367764845849,0.0017308551852316864,1.433719136818345,0.0,0.3052180368285863
0.7166666666666667,0.7,0.7999999999999999,-1.418980403876835,0.01,0.08,2.1497049398200643,0.021497049398200643,0.17197639518560515,0.17197639518560515,0.0037329898375292785,0.0037657439754199854,0.003700235699638571,0.0007510911958714713,1000,200,200,10000,10000,10000,10000,-1.2580960122721438,0.6423533445813965,0.922,2.0866323469692567,4.0505702461173085e-05,0.00016276447398162736,6.369724561895876e-05,8.256001445413272e-05,4.0505702461173085e-05,0.00016276447398162736,6.369724561895876e-05,8.256001445413272e-05,-1.3297674940094102,0.9057628898495421,0.789,2.5074460965420258,7.904770721279621e-05,0.00012573562092475508,0.0010650109046192557,1.422250208344303,0.0,0.3044655695301405
0.7166666666666667,0.7,0.8166666666666667,-1.4039759804158143,0.01,0.08,2.1743233177718273,0.021743233177718275,0.1739458654217462,0.1739458654217462,0.003749785823669635,0.0036617690444821745,0.0038378026028570954,0.0007333835365813076,1000,200,200,10000,10000,10000,10000,-1.2322390410672315,0.6476146180525092,0.929,2.090014679940485,3.849666637101963e-05,0.00014443047173009539,6.223314496300389e-05,5.332790189292863e-05,3.849666637101963e-05,0.00014443047173009539,6.223314496300389e-05,5.332790189292863e-05,-1.1912924089743993,0.9090110395102017,0.781,2.441814926070285,6.84969446607121e-05,0.00010930735437769433,-0.004369570932590021,1.4018078089743404,0.0,0.30546414439402253
0.7166666666666667,0.7,0.8333333333333333,-1.3849679588725494,0.01,0.08,2.212445720533947,0.02212445720533947,0.17699565764271577,0.17699565764271577,0.00383696476846709,0.0038378026028570954,0.0038361269340770844,0.0008784956951870185,1000,200,200,10000,10000,10000,10000,-1.2455494214992493,0.607678787192921,0.923,2.0272092028966164,5.06287485414087e-05,0.00018994886498854073,7.06090187359945e-05,5.492728840021776e-05,5.06287485414087e-05,0.00018994886498854073,7.06090187359945e-05,5.492728840021776e-05,-1.2256820345375787,0.9077784016281996,0.795,2.4615809289592105,9.292836372379766e-05,0.00014127439976302142,-0.0009717608116035666,1.3863087713835445,0.0,0.3057597222015472
0.7166666666666667,0.7,0.85,-1.3621645951087529,0.01,0.08,2.2374500831577633,0.02237450083157763,0.17899600665262105,0.17899600665262103,0.003891427656239925,0.0038378026028570954,0.003945052709622755,0.0008976253079811551,1000,200,200,10000,10000,10000,10000,-1.251803706314524,0.5958752276558799,0.937,2.003764511962583,5.084465369805373e-05,0.00021054212863297957,7.360270243436934e-05,8.701377052878669e-05,5.084465369805373e-05,0.00021054212863297957,7.360270243436934e-05,8.701377052878669e-05,-1.234581696319374,0.8807460144391972,0.799,2.467040943934267,8.949105292283712e-05,0.00012280084039706566,0.0006638739904850259,1.3652445513132703,0.0,0.3049050383907428
0.7166666666666667,0.7166666666666667,0.7,-1.3816330609735725,0.01,0.08,1.994573278132077,0.019945732781320773,0.15956586225056618,0.15956586225056618,0.0035640830916398494,0.0036633685515300106,0.003464797631749688,0.00046943777569518507,1000,200,200,10000,10000,10000,10000,-1.240893524792444,0.7097507251185305,0.942,2.21737709708649,1.9031594835091713e-05,7.133798052309854e-05,3.44304601929536e-05,3.112811816940156e-05,1.9031594835091713e-05,7.133798052309854e-05,3.44304601929536e-05,3.112811816940156e-05,-1.2248137672846429,0.9465829585204967,0.771,2.4191493691120263,2.8169880846225828e-05,4.797670603307728e-05,0.0018232523786942752,1.3855039680187142,0.0,0.3049577347427925
0.7166666666666667,0.7166666666666667,0.7166666666666667,-1.3924694947490335,0.01,0.08,2.0187815408615966,0.020187815408615965,0.16150252326892772,0.16150252326892772,0.003645772811865736,0.003628177072201461,0.0036633685515300106,0.0006178344241797822,1000,200,200,10000,10000,10000,10000,-1.2610753157595715,0.6444252969366322,0.934,2.1379441260698506,3.048356709404934e-05,0.0001257368015632148,5.383333355417269e-05,4.702668340054408e-05,3.048356709404934e-05,0.0001257368015632148,5.383333355417269e-05,4.702668340054408e-05,-1.226956183883473,0.9837134676674192,0.771,2.5423702327596454,4.76719671437021e-05,8.807373419429287e-05,-0.0024259945663885276,1.3922124787469565,0.0,0.30571060172122916
0.7166666666666667,0.7166666666666667,0.7333333333333333,-1.3990192126028205,0.01,0.08,2.0415293950443774,0.020415293950443773,0.1633223516035502,0.1633223516035502,0.0037161938513889225,0.003696960523810724,0.0037354271789671206,0.0006659902281818046,1000,200,200,10000,10000,10000,10000,-1.2788010110269739,0.6512487906486668,0.929,2.047991771352795,3.2008979305735e-05,0.00014691397366371834,5.752983668760032e-05,6.422702694755335e-05,3.2008979305735e-05,0.00014691397366371834,5.752983668760032e-05,6.422702694755335e-05,-1.2764099400460467,0.9978135591166728,0.732,2.4580252527243265,5.0725994986621536e-05,9.083935257746007e-05,-0.0025668604747335223,1.3985438861018507,0.0,0.30595345703190946
0.7166666666666667,0.7166666666666667,0.75,-1.4012104544555113,0.01,0.08,2.0669388746994115,0.020669388746994116,0.16535510997595293,0.16535510997595293,0.0037857770565221027,0.003908185561514194,0.0036633685515300106,0.0007384910621257172,1000,200,200,10000,10000,10000,10000,-1.2463707128496977,0.6267611643140686,0.925,1.995429656115594,3.8234929267894134e-05,0.0001751313943598114,7.212540469300904e-05,8.947460497783952e-05,3.8234929267894134e-05,0.0001751313943598114,7.212540469300904e-05,8.947460497783952e-05,-1.2309406258476774,0.9425896970492419,0.755,2.43752210168533,6.072924035087833e-05,0.00011627544504438896,0.003899182182930696,1.4071273833871085,0.0,0.30551570765176456
0.7166666666666667,0.7166666666666667,0.7666666666666666,-1.3990192126028205,0.01,0.08,2.084056172637535,0.02084056172637535,0.1667244938110028,0.1667244938110028,0.00373542717896712,0.0038042106305763825,0.003666643727357858,0.0007270907496286621,1000,200,200,10000,10000,10000,10000,-1.2601832596918547,0.6663838793492756,0.934,2.1384139105670665,4.1042043876193956e-05,0.00017109919390484292,6.70500567779878e-05,5.7572804777649344e-05,4.1042043876193956e-05,0.00017109919390484292,6.70500567779878e-05,5.7572804777649344e-05,-1.2794212912198577,0.9202060405627012,0.772,2.433711861812808,6.560509936400654e-05,0.00011672668316588482,-0.006097992760375562,1.3951441860398401,0.0,0.3052262294939028
0.7166666666666667,0.7166666666666667,0.7833333333333333,-1.3924694947490335,0.01,0.08,2.1200501111038017,0.02120050111103802,0.16960400888830415,0.16960400888830418,0.0037169191740148004,0.003666494865561778,0.003767343482467823,0.0006975751627287401,1000,200,200,10000,10000,10000,10000,-1.2415537854420617,0.6335771764844492,0.93,2.0528677373203617,3.2944448460921076e-05,0.0001392897325960975,5.0958256213420335e-05,5.57100804658958e-05,3.2944448460921076e-05,0.0001392897325960975,5.0958256213420335e-05,5.57100804658958e-05,-1.2369600856851555,0.9605323764521855,0.782,2.516650947609625,6.549765800481074e-05,0.0001064668232281735,-0.0008269184129186775,1.3937565962559375,0.0,0.30511231711121883
0.7166666666666667,0.7166666666666667,0.7999999999999999,-1.3816330609735727,0.01,0.08,2.1508119558978427,0.02150811955897843,0.17206495647182743,0.1720649564718274,0.0038202068631928206,0.003909861230294205,0.003730552496091436,0.0008935291373435171,1000,200,200,10000,10000,10000,10000,-1.245469154178528,0.6394623014169576,0.941,2.0219113299087628,5.349710488086199e-05,0.00024229638629689435,8.163930045238233e-05,8.016533890786479e-05,5.349710488086199e-05,0.00024229638629689435,8.163930045238233e-05,8.016533890786479e-05,-1.2456558188516091,0.9726230993033474,0.743,2.410441252930899,8.7193031982507e-05,0.0001594748687085282,0.0008350518244513546,1.384786969090031,0.0,0.30541238239146795
0.7166666666666667,0.7166666666666667,0.8166666666666667,-1.3666286375125516,0.01,0.08,2.195549163584009,0.021955491635840093,0.17564393308672074,0.17564393308672074,0.0038017352082724536,0.0038025349617963724,0.003800935454748535,0.0008514446833835108,1000,200,200,10000,10000,10000,10000,-1.2265699164193475,0.6229284365421884,0.931,2.033634949166364,4.919590908965324e-05,0.00018440752887982208,6.905744365978179e-05,4.719442246081794e-05,4.919590908965324e-05,0.00018440752887982208,6.905744365978179e-05,4.719442246081794e-05,-1.18693627073562,0.8988862733147917,0.783,2.4803845488495426,8.8414105579835e-05,0.00014393899641676987,-0.003181242648742059,1.3658314866927395,0.0,0.3051964821459901
0.7166666666666667,0.7166666666666667,0.8333333333333333,-1.3476206159692867,0.01,0.08,2.232077187185262,0.022320771871852618,0.17856617497482094,0.17856617497482094,0.0038201687823267334,0.003872994082185645,0.003767343482467822,0.0009255580094504877,1000,200,200,10000,10000,10000,10000,-1.1846308655470772,0.6048686299926586,0.925,2.0172005303652902,5.5363168836828156e-05,0.0002341491224947946,7.895030279009102e-05,7.007564806227509e-05,5.5363168836828156e-05,0.0002341491224947946,7.895030279009102e-05,7.007564806227509e-05,-1.1827653654577064,0.9131664722023431,0.79,2.408697550916926,9.350231080555477e-05,0.00013161976503640519,0.001512523329285283,1.3512515581155835,0.0,0.3054930406930226
0.7166666666666667,0.7166666666666667,0.85,-1.3248172522054902,0.01,0.08,2.250671990428943,0.02250671990428943,0.18005375923431544,0.18005375923431544,0.003909861230294205,0.0038378026028570954,0.003981919857731315,0.0008411090568876166,1000,200,200,10000,10000,10000,10000,-1.2214545844670808,0.6092035299636606,0.952,2.0952663308477377,4.95590135140492e-05,0.00017715335147424247,6.722915398861978e-05,4.290833771834011e-05,4.95590135140492e-05,0.00017715335147424247,6.722915398861978e-05,4.290833771834011e-05,-1.1793162278516627,0.9063912397466525,0.794,2.484912426800759,8.921098709985992e-05,0.00012619847527592555,0.0016013680555640585,1.3287771603886904,0.0,0.30508496816760605
0.7166666666666667,0.7333333333333333,0.7,-1.3440330366187225,0.01,0.08,2.013924267523472,0.02013924267523472,0.16111394140187776,0.16111394140187776,0.0036113810860611047,0.0035945850999207483,0.003628177072201461,0.0005902580084182218,1000,200,200,10000,10000,10000,10000,-1.144783146569863,0.6767702842791985,0.94,2.131239449302293,2.6350891836299624e-05,0.00011333527503940303,4.3705167667968786e-05,4.105256608963768e-05,2.6350891836299624e-05,0.00011333527503940303,4.3705167667968786e-05,4.105256608963768e-05,-1.1577023068461159,0.9676284636516432,0.764,2.4695468207632874,4.3535282070501046e-05,8.159824030179075e-05,0.0057787290030500964,1.3520662273393487,0.0,0.3057477956296678
0.7166666666666667,0.7333333333333333,0.7166666666666667,-1.3548694703941835,0.01,0.08,2.0334925890156654,0.020334925890156653,0.16267940712125323,0.16267940712125323,0.003612180839585023,0.003696960523810724,0.003527401155359322,0.0006130926526424551,1000,200,200,10000,10000,10000,10000,-1.2394309394187697,0.6640231791869959,0.933,2.2162843049351193,2.9934796424169125e-05,0.00012442306428458116,4.490702429257521e-05,6.025716629724566e-05,2.9934796424169125e-05,0.00012442306428458116,4.490702429257521e-05,6.025716629724566e-05,-1.1820920074226278,0.9850904961381564,0.736,2.465103398240993,5.052410733368697e-05,9.781665715578892e-05,-0.0015131205022870262,1.3557914246771963,0.0,0.305116331876865
0.7166666666666667,0.7333333333333333,0.7333333333333333,-1.3614191882479705,0.01,0.08,2.065231032532205,0.02065231032532205,0.1652184826025764,0.1652184826025764,0.0037161194204908816,0.003666494865561778,0.0037657439754199854,0.0006628646594191702,1000,200,200,10000,10000,10000,10000,-1.2300309275385135,0.6447780101199435,0.931,2.166162529366099,3.4548260743303964e-05,0.0001322229701734433,6.17072330716935e-05,3.9291888294418044e-05,3.4548260743303964e-05,0.0001322229701734433,6.17072330716935e-05,3.9291888294418044e-05,-1.1752425767528571,0.9750972062332459,0.75,2.4538319866838276,5.3860682704813833e-05,8.411395323475071e-05,-0.0022761272281089395,1.361239154998678,0.0,0.30487171519325346
0.7166666666666667,0.7333333333333333,0.75,-1.363610430100661,0.01,0.08,2.095087330627737,0.02095087330627737,0.16760698645021896,0.16760698645021896,0.0036297765792492978,0.0036297765792492978,0.0036297765792492978,0.0006645866544339465,1000,200,200,10000,10000,10000,10000,-1.2236995391451082,0.7007643131401874,0.945,2.21976064742243,3.755257556960758e-05,0.0001478388992751726,6.807408094581441e-05,6.388495614974029e-05,3.755257556960758e-05,0.0001478388992751726,6.807408094581441e-05,6.388495614974029e-05,-1.1992906898863862,0.9120077681775355,0.759,2.398159794771362,5.5017347441681205e-05,8.759186341425251e-05,-0.0007036075582142104,1.3652274308246162,0.0,0.3056716728058197
0.7166666666666667,0.7333333333333333,0.7666666666666666,-1.3614191882479705,0.01,0.08,2.1030075913675295,0.021030075913675294,0.16824060730940235,0.16824060730940235,0.0037313522496153547,0.003800935454748535,0.0036617690444821745,0.0007103197823111202,1000,200,200,10000,10000,10000,10000,-1.2716713603661642,0.6713326213135862,0.943,2.1737469904641795,4.1420079368085624e-05,0.0001532405706379098,7.375931249267586e-05,4.850295450813526e-05,4.1420079368085624e-05,0.0001532405706379098,7.375931249267586e-05,4.850295450813526e-05,-1.2445660631515156,0.988455595722305,0.759,2.543435828422719,7.110438051573826e-05,0.00010927336849870255,-0.010673214762798817,1.352841334297207,0.0,0.3054000364945257
0.7166666666666667,0.7333333333333333,0.7833333333333333,-1.3548694703941835,0.01,0.08,2.1335079122442773,0.021335079122442775,0.1706806329795422,0.17068063297954222,0.0037169191740148,0.00369856003085856,0.0037352783171710397,0.0007410137032853262,1000,200,200,10000,10000,10000,10000,-1.190877561309881,0.661149693210598,0.938,2.102020818626988,4.256890919535231e-05,0.00016397801395499093,7.851706229008534e-05,7.16769505560013e-05,4.256890919535231e-05,0.00016397801395499093,7.851706229008534e-05,7.16769505560013e-05,-1.2343776479948276,0.9275135297678274,0.772,2.4469861643555864,6.798102993680598e-05,0.00011751243099190348,-0.0043423617967616205,1.3527410045384063,0.0,0.3053235490321548
0.7166666666666667,0.7333333333333333,0.7999999999999999,-1.3440330366187225,0.01,0.08,2.176036910173802,0.02176036910173802,0.17408295281390415,0.17408295281390418,0.0036497733103194614,0.003564119441671802,0.0037354271789671206,0.0007268145434218699,1000,200,200,10000,10000,10000,10000,-1.1778593105817081,0.6767481669888686,0.94,2.1941354763230247,4.300794222441384e-05,0.00014340709406085732,7.459488143920191e-05,5.6257379280569185e-05,4.300794222441384e-05,0.00014340709406085732,7.459488143920191e-05,5.6257379280569185e-05,-1.190477013882561,0.8981720792428854,0.772,2.4318159976550007,7.30574372233928e-05,0.00011659204066435274,0.0014809633148081052,1.3476276340085447,0.0,0.30525564962952345
0.7166666666666667,0.7333333333333333,0.8166666666666667,-1.3290286131577016,0.01,0.08,2.1947241155430386,0.021947241155430387,0.1755779292434431,0.17557792924344312,0.0037841394686081785,0.0037657439754199854,0.0038025349617963715,0.0008474843878586696,1000,200,200,10000,10000,10000,10000,-1.198165528667014,0.603488364572034,0.931,2.029013591181501,4.864527496189015e-05,0.00019851655037369322,7.936696225103878e-05,7.851842951677623e-05,4.864527496189015e-05,0.00019851655037369322,7.936696225103878e-05,7.851842951677623e-05,-1.1685939101457967,0.9135509238750514,0.787,2.5201327226213515,8.842700896463226e-05,0.00012849050986843397,-0.00620867703572821,1.3250732772230271,0.0,0.30554473420238976
0.7166666666666667,0.7333333333333333,0.8333333333333333,-1.3100205916144367,0.01,0.08,2.2327537105730118,0.022327537105730117,0.17862029684584094,0.17862029684584094,0.003928294804348486,0.003946728378402766,0.003909861230294205,0.0009701541051658953,1000,200,200,10000,10000,10000,10000,-1.1660619632039417,0.6027506832916518,0.93,2.015838051554824,6.184221954655548e-05,0.0002535020140450658,8.823689693144402e-05,0.00010859054683155548,6.184221954655548e-05,0.0002535020140450658,8.823689693144402e-05,0.00010859054683155548,-1.1074373999452618,0.9235174694036588,0.782,2.437603662226767,0.00010447878167627781,0.000181862926099639,-0.0016838061156895217,1.3106520565511348,0.0,0.30476529258329466
0.7166666666666667,0.7333333333333333,0.85,-1.2872172278506402,0.01,0.08,2.2754396249013,0.022754396249013,0.182035169992104,0.182035169992104,0.003909861230294205,0.003946728378402766,0.003872994082185645,0.0009680966427972084,1000,200,200,10000,10000,10000,10000,-1.1471600636636468,0.5789457862597008,0.926,1.9585578710861147,5.803130987433836e-05,0.00023195747694364812,8.379716555636026e-05,8.871795470244118e-05,5.803130987433836e-05,0.00023195747694364812,8.379716555636026e-05,8.871795470244118e-05,-1.1778084827439312,0.8989782752232558,0.799,2.4914747663166317,0.00010518274430564657,0.00015126285618837355,0.008531470318571663,1.2981561843637783,0.0,0.3056320611732088
0.7166666666666667,0.75,0.7,-1.3065922845474274,0.01,0.08,2.0274237243933015,0.020274237243933017,0.16219389795146413,0.16219389795146413,0.0036289404756934263,0.003596111906904679,0.0036617690444821736,0.0006451858643942231,1000,200,200,10000,10000,10000,10000,-1.1424160310661564,0.6628206644930981,0.939,2.1357233106866627,3.3759450383839374e-05,0.00014582813590645566,6.357574534273318e-05,5.848040953719177e-05,3.3759450383839374e-05,0.00014582813590645566,6.357574534273318e-05,5.848040953719177e-05,-1.105851071978691,0.9716873930984287,0.751,2.43810876871096,4.589637254046275e-05,8.334418367478082e-05,-0.0028080254223808556,1.3062215368974432,0.0,0.3059139082982235
0.7166666666666667,0.75,0.7166666666666667,-1.3174287183228883,0.01,0.08,2.0413357311340996,0.020413357311340998,0.16330685849072799,0.163306858490728,0.0037489479892796294,0.003696960523810724,0.003800935454748535,0.0006287821070526179,1000,200,200,10000,10000,10000,10000,-1.1993911678989226,0.633466172733569,0.938,2.086857028958215,2.8624936789138506e-05,0.00012041351266735132,4.4048110325113116e-05,4.855562649664463e-05,2.8624936789138506e-05,0.00012041351266735132,4.4048110325113116e-05,4.855562649664463e-05,-1.1763719933941654,0.9787206000009516,0.763,2.5527658312070804,4.6189868377400844e-05,7.50151918134711e-05,0.003365386771842791,1.3232110183924277,0.0,0.3061385278720436
0.7166666666666667,0.75,0.7333333333333333,-1.3239784361766753,0.01,0.08,2.080750530139776,0.02080750530139776,0.1664600424111821,0.1664600424111821,0.0036289768257253795,0.0035945850999207483,0.0036633685515300106,0.0006914130154420117,1000,200,200,10000,10000,10000,10000,-1.1823250907309455,0.6976942836610152,0.95,2.20463452675658,3.958275566950444e-05,0.00015119699309296253,6.40665923944935e-05,5.3551058298880456e-05,3.958275566950444e-05,0.00015119699309296253,6.40665923944935e-05,5.3551058298880456e-05,-1.131247994467234,0.994270758018148,0.748,2.4572145513354404,5.8466426374347286e-05,9.42270174005023e-05,0.0057032315309519,1.3319985912672552,0.0,0.3054625932430256
0.7166666666666667,0.75,0.75,-1.326169678029366,0.01,0.08,2.0980523903560684,0.020980523903560686,0.16784419122848548,0.16784419122848548,0.003662532447974139,0.0036953610167628865,0.0036297038791853918,0.0006356938812764711,1000,200,200,10000,10000,10000,10000,-1.1803783910955736,0.6639221904422515,0.948,2.198845975283799,3.303608803896212e-05,0.00012149756487380942,5.557873319769476e-05,3.8325908466126954e-05,3.303608803896212e-05,0.00012149756487380942,5.557873319769476e-05,3.8325908466126954e-05,-1.1505414609067723,0.9602823718116691,0.77,2.485507472266887,5.778151985277829e-05,9.310454460843658e-05,-0.0015014320623246732,1.3268345421711127,0.0,0.3043151507483232
0.7166666666666667,0.75,0.7666666666666666,-1.3239784361766753,0.01,0.08,2.12663563094221,0.0212663563094221,0.1701308504753768,0.1701308504753768,0.0038034108770524638,0.003800935454748535,0.003805886299356393,0.0007291308609330371,1000,200,200,10000,10000,10000,10000,-1.1854617015219033,0.6444299167655445,0.954,2.1372840230055723,4.0059033998519885e-05,0.0001621123481417865,6.371286587063064e-05,7.681602014227368e-05,4.0059033998519885e-05,0.0001621123481417865,6.371286587063064e-05,7.681602014227368e-05,-1.1662562256804987,0.9285282501680807,0.771,2.468207677710689,6.79205552744026e-05,0.00011754550796182594,0.003927956798457949,1.3303047147807607,0.0,0.3055654938608952
0.7166666666666667,0.75,0.7833333333333333,-1.3174287183228883,0.01,0.08,2.1566628503310445,0.021566628503310446,0.17253302802648357,0.1725330280264836,0.003872994082185645,0.003945052709622755,0.003800935454748535,0.0008829548385433126,1000,200,200,10000,10000,10000,10000,-1.1587949821097832,0.6255573851335099,0.941,2.0420414468981005,5.3662475210000896e-05,0.00022109543752999152,8.39189638902676e-05,7.337624974049216e-05,5.3662475210000896e-05,0.00022109543752999152,8.39189638902676e-05,7.337624974049216e-05,-1.1632935063460421,0.9189626832350689,0.771,2.4975927978949013,8.745364340257586e-05,0.00015603106776879692,-0.006393156067036433,1.313300379490995,0.0,0.3057278843428259
0.7166666666666667,0.75,0.7999999999999999,-1.3065922845474274,0.01,0.08,2.2039683512213184,0.022039683512213186,0.1763174680977055,0.1763174680977055,0.0038378026028570954,0.003872994082185645,0.003802611123528546,0.0008529620945317892,1000,200,200,10000,10000,10000,10000,-1.1638388484647992,0.6074001885645657,0.932,1.9211799867469235,4.42099057831035e-05,0.00018300890650229992,6.71834631356242e-05,4.660021907006746e-05,4.42099057831035e-05,0.00018300890650229992,6.71834631356242e-05,4.660021907006746e-05,-1.107389660518606,0.9019282386712199,0.786,2.429327818625156,8.344738871151326e-05,0.0001239742232176137,-0.0056221289793885664,1.3036190790833886,0.0,0.30491014455645604
0.7166666666666667,0.75,0.8166666666666667,-1.2915878610864064,0.01,0.08,2.223188002157153,0.022231880021571532,0.17785504017257225,0.17785504017257223,0.003766581809809991,0.0037674196441999964,0.0037657439754199854,0.0008583885845733317,1000,200,200,10000,10000,10000,10000,-1.1420302155268993,0.6343973799603433,0.943,2.057478523864843,5.030094284166402e-05,0.00020336075517048683,7.312647309193743e-05,5.0710931077532796e-05,5.030094284166402e-05,0.00020336075517048683,7.312647309193743e-05,5.0710931077532796e-05,-1.090125936088459,0.932148548740189,0.771,2.5249132036593434,9.49580568354112e-05,0.0001339729328863427,-0.005258345715247015,1.2888065837024087,0.0,0.30535053153422365
0.7166666666666667,0.75,0.8333333333333333,-1.2725798395431416,0.01,0.08,2.2542316894799463,0.022542316894799463,0.1803385351583957,0.18033853515839574,0.00392745696995848,0.003946728378402766,0.003908185561514194,0.0009477644164954212,1000,200,200,10000,10000,10000,10000,-1.1212239030082127,0.5902436101998993,0.951,1.959298003670734,5.402958873380003e-05,0.0002296326376490697,7.819382209868362e-05,9.590365218508525e-05,5.402958873380003e-05,0.0002296326376490697,7.819382209868362e-05,9.590365218508525e-05,-1.0739479910700345,0.9351240010707901,0.773,2.4249096989902537,9.503796548054406e-05,0.00014436709837278483,0.00019171192359962683,1.275333729047719,0.0,0.30575340040813914
0.7166666666666667,0.75,0.85,-1.249776475779345,0.01,0.08,2.2703863769691495,0.022703863769691496,0.18163091015753197,0.18163091015753197,0.0038017732891385404,0.003802611123528546,0.003800935454748535,0.0009229972114257608,1000,200,200,10000,10000,10000,10000,-1.1357017507232319,0.592584125565857,0.95,2.0379493405515983,5.5913851132398506e-05,0.0002246769248990213,7.463582181045345e-05,7.221572660606847e-05,5.5913851132398506e-05,0.0002246769248990213,7.463582181045345e-05,7.221572660606847e-05,-1.0666262757206362,0.92454981449254,0.778,2.5239169791660943,0.00011537088633581152,0.00018865504563336783,0.0007853090518528786,1.2532671945129374,0.0,0.3053438869135144
0.7166666666666667,0.7666666666666666,0.7,-1.269721013474362,0.01,0.08,2.015632879608436,0.02015632879608436,0.16125063036867487,0.16125063036867487,0.003680164537670367,0.003696960523810724,0.0036633685515300106,0.0006334051194881056,1000,200,200,10000,10000,10000,10000,-1.133694004195553,0.6395789023231475,0.95,2.0989723248907017,2.983430285865542e-05,0.0001391586885024333,4.637219677287381e-05,5.39368366790071e-05,2.983430285865542e-05,0.0001391586885024333,4.637219677287381e-05,5.39368366790071e-05,-1.136917852978701,0.9887801638937329,0.741,2.4495811368482587,4.395425873121892e-05,7.35853006033142e-05,-0.00690735318353931,1.2653639265664174,0.0,0.30498756564509605
0.7166666666666667,0.7666666666666666,0.7166666666666667,-1.280557447249823,0.01,0.08,2.062306540106768,0.020623065401067682,0.16498452320854146,0.16498452320854146,0.00378581513738819,0.003696960523810724,0.003874669750965656,0.0006176845436083441,1000,200,200,10000,10000,10000,10000,-1.1470373903655593,0.6616475552461757,0.946,2.1775991862261908,3.105534135621248e-05,0.00011500120603376787,5.0505149763936785e-05,4.4117994701749474e-05,3.105534135621248e-05,0.00011500120603376787,5.0505149763936785e-05,4.4117994701749474e-05,-1.1037259394495613,0.9107197822275068,0.78,2.4419977606501853,4.8639038205047646e-05,8.201156036829874e-05,0.003813293222093147,1.2868553030628833,0.0,0.3055065898793996
0.7166666666666667,0.7666666666666666,0.7333333333333333,-1.28710716510361,0.01,0.08,2.1009723285465687,0.021009723285465687,0.1680777862837255,0.1680777862837255,0.0037489479892796294,0.0037657439754199854,0.0037321520031392734,0.0007042225904223504,1000,200,200,10000,10000,10000,10000,-1.1171045680896978,0.6925177021921068,0.95,2.1935015387386065,4.053871290922123e-05,0.00015104995826773857,7.208757943163782e-05,4.884660449930243e-05,4.053871290922123e-05,0.00015104995826773857,7.208757943163782e-05,4.884660449930243e-05,-1.1154422175114476,0.9312586612485572,0.772,2.524752301203894,7.149607215499955e-05,0.0001348039007792316,-0.0049325053723893895,1.2845415599379506,0.0,0.3056913659182322
0.7166666666666667,0.7666666666666666,0.75,-1.2892984069563005,0.01,0.08,2.1106080570980996,0.021106080570980998,0.16884864456784798,0.16884864456784798,0.0037697825547397985,0.0036648953585139412,0.003874669750965656,0.0007195859210611796,1000,200,200,10000,10000,10000,10000,-1.1487254546817451,0.6127992616741909,0.937,1.9752197041339192,3.302218856742845e-05,0.00014567469143821337,5.1989527341122585e-05,8.552243248459248e-05,3.302218856742845e-05,0.00014567469143821337,5.1989527341122585e-05,8.552243248459248e-05,-1.1025082686203476,0.9020507450277068,0.789,2.4991700117461177,5.8732070527256635e-05,8.271757962146579e-05,-0.004065130273154758,1.287688325745962,0.0,0.30440738669289463
0.7166666666666667,0.7666666666666666,0.7666666666666666,-1.28710716510361,0.01,0.08,2.139011627047334,0.021390116270473342,0.17112093016378674,0.1711209301637867,0.003802611123528546,0.003802611123528546,0.003802611123528546,0.0006917770179851832,1000,200,200,10000,10000,10000,10000,-1.115748502480823,0.6695992196516013,0.938,2.0449526514926832,3.392570788943776e-05,0.00013132829784853335,6.08390153675649e-05,4.368503133433078e-05,3.392570788943776e-05,0.00013132829784853335,6.08390153675649e-05,4.368503133433078e-05,-1.117126204418527,0.9059797029252078,0.805,2.4455797807904016,5.7320035127984804e-05,9.600900078809356e-05,0.0012434733703563766,1.29095373800675,0.0,0.3044186233787716
0.7166666666666667,0.7666666666666666,0.7833333333333333,-1.280557447249823,0.01,0.08,2.181011227479808,0.021810112274798083,0.17448089819838467,0.1744808981983847,0.0037497477428035477,0.0037321520031392734,0.003767343482467822,0.0008632243832143972,1000,200,200,10000,10000,10000,10000,-1.1173598133099614,0.6000092392973458,0.956,2.0164899276181147,5.0421005449344755e-05,0.0002005818067198716,7.906884460507031e-05,6.915446520635881e-05,5.0421005449344755e-05,0.0002005818067198716,7.906884460507031e-05,6.915446520635881e-05,-1.1229965591255477,0.9141658678571303,0.783,2.4678209455683078,8.419251534403438e-05,0.00013921061717087172,0.0013623071321553484,1.2843662702003402,0.0,0.30595650374770306
0.7166666666666667,0.7666666666666666,0.7999999999999999,-1.269721013474362,0.01,0.08,2.230426881415052,0.02230426881415052,0.17843415051320416,0.17843415051320416,0.003909023395904199,0.003945052709622755,0.003872994082185645,0.0009399200777041287,1000,200,200,10000,10000,10000,10000,-1.0948840550933532,0.6110373968024577,0.941,2.0085873444578928,5.762082210291619e-05,0.0002221879294645193,8.410916829415992e-05,8.137823708699825e-05,5.762082210291619e-05,0.0002221879294645193,8.410916829415992e-05,8.137823708699825e-05,-1.1048557664018939,0.8674179960142996,0.798,2.491348099229302,0.00010453036318042332,0.00015343598708859272,0.003929282525365106,1.2758795388392443,0.0,0.305356594832308
0.7166666666666667,0.7666666666666666,0.8166666666666667,-1.254716590013341,0.01,0.08,2.266908874850576,0.022669088748505758,0.18135270998804606,0.18135270998804606,0.0038721562477956393,0.003871318413405634,0.003872994082185645,0.0008984818483925887,1000,200,200,10000,10000,10000,10000,-1.1209613881103055,0.5946379826760559,0.945,1.9709956518769054,4.997184557301896e-05,0.00019733366485926972,6.797644288384596e-05,5.179991093721554e-05,4.997184557301896e-05,0.00019733366485926972,6.797644288384596e-05,5.179991093721554e-05,-1.0750920417108154,0.8258539433705987,0.813,2.445714338337723,9.354137049230039e-05,0.0001335764891456948,-0.0019124302876850567,1.2553220119880668,0.0,0.3055019445100127
0.7166666666666667,0.7666666666666666,0.8333333333333333,-1.2357085684700762,0.01,0.08,2.2865731470895567,0.02286573147089557,0.18292585176716455,0.18292585176716455,0.003910738958799404,0.003872994082185645,0.003948483835413163,0.001024052698633355,1000,200,200,10000,10000,10000,10000,-1.0694666058252404,0.5851657680273652,0.937,1.8919222663359418,5.872625837702846e-05,0.00026824854372483887,8.139982697748959e-05,6.766520091419835e-05,5.872625837702846e-05,0.00026824854372483887,8.139982697748959e-05,6.766520091419835e-05,-1.0630790822483758,0.9232253368730873,0.789,2.4877569670444624,0.00011402359591123061,0.00015328506022351502,0.0002672254709418338,1.238315289213864,0.0,0.305373443103965
0.7166666666666667,0.7666666666666666,0.85,-1.2129052047062796,0.01,0.08,2.3038699986633024,0.023038699986633025,0.1843095998930642,0.1843095998930642,0.003983635420626519,0.003872994082185645,0.004094276759067393,0.0009861756274917473,1000,200,200,10000,10000,10000,10000,-1.0589374504010252,0.5549910076978634,0.949,1.9605241918693952,6.062898712448202e-05,0.000245625919711661,9.961268704513481e-05,0.00012318320978075,6.062898712448202e-05,0.000245625919711661,9.961268704513481e-05,0.00012318320978075,-1.0198139729116793,0.9263982525014268,0.785,2.4945644924458956,0.00011603380692312109,0.00019719071973857736,-0.0013857484417739284,1.214086940002175,0.0,0.3055464902556232
0.7166666666666667,0.7833333333333333,0.7,-1.2338231927612113,0.01,0.08,2.043094567792975,0.02043094567792975,0.163447565423438,0.163447565423438,0.003645772811865736,0.0036633685515300106,0.003628177072201461,0.0005809435682125929,1000,200,200,10000,10000,10000,10000,-1.0936065384685107,0.6882421647084246,0.959,2.269043023486774,2.9611255923846e-05,0.00010648530121530813,4.634806444669936e-05,3.0688072925565084e-05,2.9611255923846e-05,0.00010648530121530813,4.634806444669936e-05,3.0688072925565084e-05,-1.1168605941252898,0.9390764355201886,0.757,2.4671429416328134,4.7017990963959695e-05,7.452190126638599e-05,0.0020564793410429733,1.2383869278478123,0.0,0.30606631489678154
0.7166666666666667,0.7833333333333333,0.7166666666666667,-1.2446596265366723,0.01,0.08,2.0680914980058756,0.020680914980058755,0.16544731984047004,0.16544731984047004,0.003646536215357701,0.0035977114139525155,0.0036953610167628865,0.0005878237991283237,1000,200,200,10000,10000,10000,10000,-1.0792224839466125,0.6730501617334715,0.949,2.1553920293455504,2.6243931146219567e-05,0.0001037270225520001,3.7613194725025926e-05,4.767014430636924e-05,2.6243931146219567e-05,0.0001037270225520001,3.7613194725025926e-05,4.767014430636924e-05,-1.0981822032644457,0.9589204332482798,0.784,2.4568704572673834,4.510327477549705e-05,7.032296040011352e-05,-0.0031411739603566316,1.2440416881704561,0.0,0.30584198291410075
0.7166666666666667,0.7833333333333333,0.7333333333333333,-1.2512093443904593,0.01,0.08,2.1020173576759857,0.021020173576759858,0.16816138861407887,0.16816138861407884,0.003768181316857828,0.003769019151247833,0.003767343482467823,0.0006615579270121115,1000,200,200,10000,10000,10000,10000,-1.100026285416443,0.6767763957099354,0.952,2.2144303099783484,3.6203320673729675e-05,0.00013315180053531607,5.7483541119359456e-05,4.4883358991396306e-05,3.6203320673729675e-05,0.00013315180053531607,5.7483541119359456e-05,4.4883358991396306e-05,-1.1593121262579877,0.9322853333357893,0.79,2.516207147355368,6.507380855348719e-05,0.00010580786455522946,-0.006499293422571603,1.2469589914199823,0.0,0.30560765978614
0.7166666666666667,0.7833333333333333,0.75,-1.25340058624315,0.01,0.08,2.1296635481548525,0.021296635481548525,0.1703730838523882,0.17037308385238822,0.0037481482357557107,0.0037657439754199854,0.003730552496091436,0.0008614650223286597,1000,200,200,10000,10000,10000,10000,-1.088919089570811,0.6516860293294988,0.951,2.10577638792151,5.7068847383834295e-05,0.00024227091088160319,0.00010305400561345717,9.568143827677239e-05,5.7068847383834295e-05,0.00024227091088160319,0.00010305400561345717,9.568143827677239e-05,-1.0860688643562189,0.9710791430009666,0.776,2.500770059725038,8.586856938569645e-05,0.00014562188956200015,0.002527315315720212,1.258130594638876,0.0,0.30534777848384376
0.7166666666666667,0.7833333333333333,0.7666666666666666,-1.2512093443904593,0.01,0.08,2.1556277218050597,0.021556277218050597,0.17245021774440478,0.1724502177444048,0.0038034108770524646,0.0037321520031392734,0.003874669750965656,0.0007981848080568496,1000,200,200,10000,10000,10000,10000,-1.083254822452033,0.6031453780217769,0.941,1.9583199180110549,4.015108347698198e-05,0.0001701100135232405,6.156226948366671e-05,6.284642696843324e-05,4.015108347698198e-05,0.0001701100135232405,6.156226948366671e-05,6.284642696843324e-05,-1.1011662698712248,0.9367419502982095,0.759,2.4870797350263834,7.905639866312623e-05,0.00012290509883526872,-0.0017529485899141447,1.2518701587274417,0.0,0.3050535714054681
0.7166666666666667,0.7833333333333333,0.7833333333333333,-1.2446596265366723,0.01,0.08,2.195634485372858,0.02195634485372858,0.17565075882982864,0.17565075882982867,0.00383696476846709,0.003871318413405634,0.003802611123528546,0.0008625817678182248,1000,200,200,10000,10000,10000,10000,-1.0874399442810139,0.6026300809567834,0.927,1.9789339632189002,4.7537876556777964e-05,0.0002003013572312329,7.665684539474358e-05,7.96782314132126e-05,4.7537876556777964e-05,0.0002003013572312329,7.665684539474358e-05,7.96782314132126e-05,-1.11115982535425,0.9121180331437695,0.766,2.517392340354636,8.80869950049432e-05,0.0001304509964598913,0.0010390708765380659,1.2481822149795856,0.0,0.3051007745159397
0.7166666666666667,0.7833333333333333,0.7999999999999999,-1.2338231927612116,0.01,0.08,2.234680932722153,0.02234680932722153,0.17877447461777224,0.17877447461777224,0.0038922654906299306,0.003945052709622755,0.0038394782716371064,0.0009502962654470181,1000,200,200,10000,10000,10000,10000,-1.082965228633559,0.6296743839327784,0.93,1.968460844098344,5.9648207672770015e-05,0.000241322079343798,9.97765810636855e-05,9.188140746247363e-05,5.9648207672770015e-05,0.000241322079343798,9.97765810636855e-05,9.188140746247363e-05,-1.0477824884439688,0.8974987501659097,0.783,2.39590048077115,9.812713872013811e-05,0.00015427432402161765,0.0027557406917759746,1.2390257864280634,0.0,0.30438459947109486
0.7166666666666667,0.7833333333333333,0.8166666666666667,-1.2188187693001904,0.01,0.08,2.2874296214741237,0.022874296214741238,0.1829943697179299,0.1829943697179299,0.003984513149131718,0.003948483835413163,0.004020542462850272,0.0010723921971392523,1000,200,200,10000,10000,10000,10000,-1.0748750475976392,0.5878794555498025,0.933,1.9128103784351695,6.57365749817851e-05,0.0002794677091075712,9.646982949338614e-05,0.00011756880500029935,6.57365749817851e-05,0.0002794677091075712,9.646982949338614e-05,0.00011756880500029935,-1.0392426603400742,0.9148722514155555,0.765,2.4552080852855793,0.00011690087363727919,0.00015809194509123936,-0.0008299414252705025,1.2203877685862943,0.0,0.30498763560438674
0.7166666666666667,0.7833333333333333,0.8333333333333333,-1.1998107477569255,0.01,0.08,2.3268651542956595,0.023268651542956594,0.18614921234365275,0.18614921234365278,0.003965961705980963,0.004018787005839875,0.003913136406122053,0.0010695574317100213,1000,200,200,10000,10000,10000,10000,-1.0539013212624837,0.5831771602031897,0.941,1.986335301029258,7.235861573461927e-05,0.00028472055670251565,0.00010483199932378336,0.00011741822952568929,7.235861573461927e-05,0.00028472055670251565,0.00010483199932378336,0.00011741822952568929,-1.0184460101884012,0.9088716542341653,0.787,2.458734344529585,0.00013512463248657128,0.0002113501016627816,0.0005742656230890727,1.2029425385634935,0.0,0.30489407508183236
0.7166666666666667,0.7833333333333333,0.85,-1.177007383993129,0.01,0.08,2.3272001755220044,0.023272001755220043,0.18617601404176035,0.18617601404176035,0.003984473255016524,0.004022218131630283,0.003946728378402766,0.0011003503509538267,1000,200,200,10000,10000,10000,10000,-1.0690271379740675,0.6183290975932891,0.949,1.9857643240175362,7.545482520849885e-05,0.00032222784154105404,0.00012438143745385598,0.00015347936636278146,7.545482520849885e-05,0.00032222784154105404,0.00012438143745385598,0.00015347936636278146,-1.001825994130498,0.8955789102285234,0.795,2.4801265250517552,0.00014965618971081966,0.00026145228501943494,0.0028359133297112516,1.1822685032835545,0.0,0.3053455923479352
0.7166666666666667,0.7999999999999999,0.7,-1.1992921264438117,0.01,0.08,2.0699657599585843,0.020699657599585843,0.16559726079668674,0.16559726079668674,0.0036985981117246473,0.003733827671919284,0.0036633685515300106,0.0006793769819303463,1000,200,200,10000,10000,10000,10000,-1.107997481265901,0.7011776145393258,0.96,2.2141641733898805,4.0298140936150736e-05,0.0001579458338983212,7.773565221937654e-05,6.717468729697213e-05,4.0298140936150736e-05,0.0001579458338983212,7.773565221937654e-05,6.717468729697213e-05,-1.0559233911019081,0.9630543711119626,0.746,2.459641083653332,5.6412817760044564e-05,9.378362782030152e-05,-0.0026157436844984876,1.1991964482472546,0.0,0.30571456969310185
0.7166666666666667,0.7999999999999999,0.7166666666666667,-1.2101285602192726,0.01,0.08,2.0837559173760427,0.020837559173760428,0.16670047339008343,0.16670047339008343,0.003784139468608179,0.0038361269340770844,0.0037321520031392734,0.000804838095250426,1000,200,200,10000,10000,10000,10000,-1.0775953752111607,0.6013414578126872,0.955,2.0139013935232146,4.633675519283563e-05,0.0002019769805311101,8.841680547008313e-05,8.220265086314934e-05,4.633675519283563e-05,0.0002019769805311101,8.841680547008313e-05,8.220265086314934e-05,-1.0849652532118055,1.01137121086611,0.762,2.5700423994653914,7.764728291904871e-05,0.00013434693371604839,-0.002304715324703724,1.210294862501374,0.0,0.3047683235681927
0.7166666666666667,0.7999999999999999,0.7333333333333333,-1.2166782780730596,0.01,0.08,2.1033401678691095,0.021033401678691097,0.16826721342952877,0.16826721342952877,0.0037321520031392726,0.0037657439754199854,0.00369856003085856,0.0006821516116014832,1000,200,200,10000,10000,10000,10000,-1.0926882561436482,0.6361345636570734,0.943,2.122816946620305,3.39656619398795e-05,0.00015107014705444786,5.3028128362675714e-05,7.816712225695814e-05,3.39656619398795e-05,0.00015107014705444786,5.3028128362675714e-05,7.816712225695814e-05,-1.0851782511312984,0.9147008640716366,0.775,2.3740507604213765,5.61153344060344e-05,9.401118914043296e-05,-0.005145486700865705,1.2138570510210793,0.0,0.3047825941492982
0.7166666666666667,0.7999999999999999,0.75,-1.2188695199257502,0.01,0.08,2.14513252985122,0.0214513252985122,0.1716106023880976,0.1716106023880976,0.0037673815633339092,0.0037321520031392726,0.003802611123528546,0.0007766385538837351,1000,200,200,10000,10000,10000,10000,-1.0158945592547235,0.6572573760584404,0.943,2.1104685303089514,4.445976642631154e-05,0.0001779075862661599,6.729567832239795e-05,7.260712566834546e-05,4.445976642631154e-05,0.0001779075862661599,6.729567832239795e-05,7.260712566834546e-05,-1.0110699367914255,0.9113246707087784,0.781,2.4900194221663434,7.35561779329421e-05,0.00011011561619569709,-0.0042289956792244555,1.2172148095352255,0.0,0.3058330946626047
0.7166666666666667,0.7999999999999999,0.7666666666666666,-1.2166782780730596,0.01,0.08,2.187515823712938,0.02187515823712938,0.17500126589703505,0.17500126589703505,0.003819369028802815,0.0038378026028570954,0.003800935454748535,0.0008617867674976862,1000,200,200,10000,10000,10000,10000,-1.051355645521414,0.6522455459019573,0.957,2.0375171448962925,5.2077525553141896e-05,0.00021257568899375463,9.946478540676905e-05,9.0551138984229e-05,5.2077525553141896e-05,0.00021257568899375463,9.946478540676905e-05,9.0551138984229e-05,-1.1085061486884231,0.8815736770203649,0.77,2.4220463983660885,8.560830285392355e-05,0.00016294279333402435,0.0010041652839723647,1.2201808771905267,0.0,0.30515456265585983
0.7166666666666667,0.7999999999999999,0.7833333333333333,-1.2101285602192726,0.01,0.08,2.206039464628362,0.02206039464628362,0.17648315717026897,0.176483157170269,0.0038746697509656554,0.0037657439754199854,0.003983595526511325,0.0009122558508182149,1000,200,200,10000,10000,10000,10000,-1.0867788411002848,0.6027548535349417,0.945,1.9555997146579136,5.3062068741223415e-05,0.00023146376201816846,9.140582520251888e-05,8.739223206534599e-05,5.3062068741223415e-05,0.00023146376201816846,9.140582520251888e-05,8.739223206534599e-05,-1.0146396689061599,0.9371213325421519,0.786,2.5124532311540544,9.483914223000511e-05,0.0001368189895186566,-0.003456633647655086,1.209179352390567,0.0,0.30495341211307836
0.7166666666666667,0.7999999999999999,0.7999999999999999,-1.1992921264438117,0.01,0.08,2.253377682646563,0.022533776826465627,0.18027021461172502,0.180270214611725,0.0038923053847451238,0.003911616687304603,0.003872994082185645,0.0009361217473881084,1000,200,200,10000,10000,10000,10000,-1.037106506215526,0.6031287077115324,0.946,1.9538015487564415,5.4904233987952727e-05,0.0002030777652418306,8.705558484012964e-05,5.436544892303367e-05,5.4904233987952727e-05,0.0002030777652418306,8.705558484012964e-05,5.436544892303367e-05,-1.033050310322257,0.8856342339746709,0.799,2.4587976691869735,9.586105157080716e-05,0.00013452410901045622,0.006089824947413119,1.2079115990325495,0.0,0.30570743808250816
0.7166666666666667,0.7999999999999999,0.8166666666666667,-1.1842877029827907,0.01,0.08,2.2879430013014135,0.022879430013014134,0.18303544010411307,0.18303544010411307,0.00392745696995848,0.003872994082185645,0.003981919857731315,0.0009934948287056771,1000,200,200,10000,10000,10000,10000,-1.0345660369342717,0.6000744337649689,0.954,2.003662039276202,6.487945006346276e-05,0.0002604281559121413,9.627543316981516e-05,0.00011841919873407529,6.487945006346276e-05,0.0002604281559121413,9.627543316981516e-05,0.00011841919873407529,-1.053331749466131,0.8670145422851456,0.802,2.5069923371109417,0.0001185226138109251,0.00016224578657332054,-0.005166514460730078,1.1817560926047899,0.0,0.30559671040732567
0.7166666666666667,0.7999999999999999,0.8333333333333333,-1.1652796814395259,0.01,0.08,2.320411740553658,0.02320411740553658,0.18563293924429264,0.18563293924429264,0.004020542462850272,0.003983675314741713,0.004057409610958833,0.0010497204896506396,1000,200,200,10000,10000,10000,10000,-1.006236903108369,0.5732736474194202,0.944,1.878803011002402,6.229155479944729e-05,0.0002564881680374005,9.369617312262043e-05,7.00968928960374e-05,6.229155479944729e-05,0.0002564881680374005,9.369617312262043e-05,7.00968928960374e-05,-1.0004393099151414,0.8697300624056509,0.809,2.4281368896001334,0.00010662597390286152,0.00013662944035182362,0.008914972865869055,1.1766470941986624,0.0,0.3045889247250279
0.7166666666666667,0.7999999999999999,0.85,-1.1424763176757293,0.01,0.08,2.3411560483148137,0.023411560483148137,0.1872924838651851,0.1872924838651851,0.004020542462850272,0.004057409610958833,0.003983675314741713,0.00106070851471924,1000,200,200,10000,10000,10000,10000,-1.024234236613141,0.5933404870337788,0.954,1.9926377167200993,7.046002914451532e-05,0.00027738909567727894,0.0001022462111591679,6.945262359546423e-05,7.046002914451532e-05,0.00027738909567727894,0.0001022462111591679,6.945262359546423e-05,-0.9912856388125242,0.9048520275431515,0.779,2.4924976822413805,0.0001314905804624783,0.00019064340346980016,-0.00589699788186274,1.1390558848680956,0.0,0.30575942435087033
0.7166666666666667,0.8166666666666667,0.7,-1.1665061441108269,0.01,0.08,2.0978832925317326,0.020978832925317326,0.1678306634025386,0.1678306634025386,0.0037161938513889216,0.003769019151247833,0.0036633685515300106,0.0006051858826391335,1000,200,200,10000,10000,10000,10000,-1.0296366267172188,0.6532320019118564,0.946,2.149591877937337,2.8395831558340007e-05,0.00010281895026298193,4.725340810723535e-05,3.596499084089909e-05,2.8395831558340007e-05,0.00010281895026298193,4.725340810723535e-05,3.596499084089909e-05,-1.0051659506769437,0.9199587270870712,0.797,2.4882119939639407,4.861037702424859e-05,7.738054585041698e-05,-0.0025762478643388638,1.166707664865051,0.0,0.30503621899573086
0.7166666666666667,0.8166666666666667,0.7166666666666667,-1.1773425778862876,0.01,0.08,2.1189224491156446,0.02118922449115645,0.1695137959292516,0.1695137959292516,0.0037313522496153547,0.003696960523810724,0.0037657439754199854,0.0006828768880209672,1000,200,200,10000,10000,10000,10000,-1.0446594919938452,0.6554944156053459,0.954,2.181030881185934,3.8641936625406775e-05,0.00013650582126538963,7.600234840453354e-05,4.454756566822296e-05,3.8641936625406775e-05,0.00013650582126538963,7.600234840453354e-05,4.454756566822296e-05,-1.0426173993791037,0.9597265826582098,0.768,2.5389946957267457,6.141210206540488e-05,8.841105230511742e-05,-0.0014703488071223759,1.1782553092030756,0.0,0.3054143742500564
0.7166666666666667,0.8166666666666667,0.7333333333333333,-1.1838922957400746,0.01,0.08,2.133829387052476,0.021338293870524758,0.17070635096419806,0.1707063509641981,0.003749747742803548,0.003767343482467823,0.0037321520031392734,0.0007575171084472964,1000,200,200,10000,10000,10000,10000,-1.0724501893702227,0.6239716546060404,0.962,2.0773474790947053,4.380842448693675e-05,0.0001764148622870532,7.846398337603613e-05,7.958401040281528e-05,4.380842448693675e-05,0.0001764148622870532,7.846398337603613e-05,7.958401040281528e-05,-1.0499268712216767,0.925299027774032,0.786,2.510323624984514,7.04422978398989e-05,0.0001286186979275194,-0.003341294986555573,1.183249300031147,0.0,0.30533200078052186
0.7166666666666667,0.8166666666666667,0.75,-1.1860835375927654,0.01,0.08,2.169650804570333,0.02169650804570333,0.17357206436562664,0.17357206436562664,0.0038561980960452884,0.003839402109904932,0.003872994082185645,0.0007481782011234353,1000,200,200,10000,10000,10000,10000,-1.0481317215247614,0.5880667794004653,0.964,1.9858706915123217,3.586840681365542e-05,0.00014328361282704474,5.425197755667903e-05,5.8576114580920005e-05,3.586840681365542e-05,0.00014328361282704474,5.425197755667903e-05,5.8576114580920005e-05,-1.0100968772029155,0.9003496955241743,0.783,2.476204192120186,6.688585763847751e-05,0.00010267116141844257,-0.0016522068276960682,1.1870612416506554,0.0,0.3047570124086326
0.7166666666666667,0.8166666666666667,0.7666666666666666,-1.1838922957400748,0.01,0.08,2.2049748231582766,0.022049748231582768,0.17639798585266214,0.17639798585266214,0.003734552994545162,0.003664895358513941,0.003804210630576383,0.0007691805121723694,1000,200,200,10000,10000,10000,10000,-1.050059967176173,0.6242321069546943,0.948,2.1228751588010284,4.340180918292413e-05,0.00015675324786872834,6.180645086464888e-05,5.2525227437562384e-05,4.340180918292413e-05,0.00015675324786872834,6.180645086464888e-05,5.2525227437562384e-05,-1.0068070130602167,0.8779111792578774,0.778,2.396910690060471,7.13907847647158e-05,9.493880993459166e-05,0.004412148494104381,1.1909005616165709,0.0,0.30523819210089526
0.7166666666666667,0.8166666666666667,0.7833333333333333,-1.1773425778862876,0.01,0.08,2.2266426056271422,0.022266426056271424,0.1781314084501714,0.1781314084501714,0.0038378026028570954,0.003872994082185645,0.003802611123528546,0.0008003618692197061,1000,200,200,10000,10000,10000,10000,-1.0224711882698894,0.6101513175688754,0.946,2.0418391233304645,4.304932652226406e-05,0.0001543813458122958,5.6463917447986e-05,6.069620099449794e-05,4.304932652226406e-05,0.0001543813458122958,5.6463917447986e-05,6.069620099449794e-05,-1.044655930382218,0.905658869179159,0.762,2.458262926832753,7.963676173293695e-05,0.00010992851167022002,0.0017737593357499439,1.181847159367922,0.0,0.3063451809397797
0.7166666666666667,0.8166666666666667,0.7999999999999999,-1.1665061441108269,0.01,0.08,2.26566710849783,0.0226566710849783,0.1812533686798264,0.1812533686798264,0.003928294804348485,0.0038378026028570954,0.004018787005839875,0.0010047351952190654,1000,200,200,10000,10000,10000,10000,-1.0253432821904762,0.5920892514970704,0.959,2.0052577811858647,6.770559821491329e-05,0.00025487000336612745,0.0001104923815403009,8.371675806829092e-05,6.770559821491329e-05,0.00025487000336612745,0.0001104923815403009,8.371675806829092e-05,-1.0175328807140471,0.8856845007326147,0.8,2.4738442181271303,0.00011709833077944542,0.0001844903527342451,0.002137787695287682,1.1713137017732618,0.0,0.3060104843549994
0.7166666666666667,0.8166666666666667,0.8166666666666667,-1.151501720649806,0.01,0.08,2.2955526504058543,0.022955526504058545,0.18364421203246836,0.18364421203246836,0.0039467682725179585,0.003872994082185645,0.004020542462850272,0.0010913651593264183,1000,200,200,10000,10000,10000,10000,-1.0350505428765562,0.5897788817804318,0.955,1.9249037950597943,7.032697495821204e-05,0.00032318055056847,0.00010232519076305243,0.00013276300540327425,7.032697495821204e-05,0.00032318055056847,0.00010232519076305243,0.00013276300540327425,-0.9701366323423836,0.9215784402753191,0.782,2.469727205545126,0.00014056442745612963,0.00024662969750728815,-0.0033079864408189804,1.151074869490539,0.0,0.30513236951000117
0.7166666666666667,0.8166666666666667,0.8333333333333333,-1.132493699106541,0.01,0.08,2.314358925088494,0.02314358925088494,0.18514871400707952,0.18514871400707955,0.004004662286081201,0.004134654821196747,0.003874669750965656,0.001053511292526827,1000,200,200,10000,10000,10000,10000,-1.0197790828301,0.602416583983621,0.951,1.9636948154321328,6.592275008740935e-05,0.0002857579372131021,9.14613736934022e-05,8.845066582608443e-05,6.592275008740935e-05,0.0002857579372131021,9.14613736934022e-05,8.845066582608443e-05,-0.9390632145860189,0.9219703936250002,0.782,2.5145157246396597,0.000130718700051027,0.00018952756251506566,-0.0010773052575523787,1.1341257081755816,0.0,0.30579168293712944
0.7166666666666667,0.8166666666666667,0.85,-1.1096903353427445,0.01,0.08,2.32586678734092,0.0232586678734092,0.1860693429872736,0.1860693429872736,0.003966917409467443,0.003911536899074216,0.00402229791986067,0.0010722924665270501,1000,200,200,10000,10000,10000,10000,-0.9837039512846313,0.5564473898897737,0.956,1.8921464532213366,6.297557388609656e-05,0.00028545778342314827,8.618462613868093e-05,9.862201019581645e-05,6.297557388609656e-05,0.00028545778342314827,8.618462613868093e-05,9.862201019581645e-05,-0.9253458378172337,0.9040327280440371,0.791,2.4932678537326183,0.000123052237950827,0.00017246068432340435,0.0028823644596869206,1.1152400358650558,0.0,0.30495458743175535
0.7166666666666667,0.8333333333333333,0.7,-1.1358244558456039,0.01,0.08,2.1489310353827804,0.021489310353827805,0.17191448283062244,0.17191448283062244,0.0038034108770524646,0.0037690191512478335,0.0038378026028570954,0.0008019933184027642,1000,200,200,10000,10000,10000,10000,-1.0172406052904996,0.6733990629630415,0.957,2.1450491846876485,4.960301470427863e-05,0.0002056678735874189,8.580867177191394e-05,9.745261994543758e-05,4.960301470427863e-05,0.0002056678735874189,8.580867177191394e-05,9.745261994543758e-05,-1.0087740145581283,0.9529737202967866,0.775,2.480697844764513,8.202577004835864e-05,0.00014087038346851405,-0.004711637713683504,1.1338111685448782,0.0,0.3053626010332102
0.7166666666666667,0.8333333333333333,0.7166666666666667,-1.1466608896210646,0.01,0.08,2.1477267004308946,0.021477267004308947,0.17181813603447157,0.17181813603447157,0.0036473359688816197,0.003666494865561778,0.003628177072201461,0.0006804219673422561,1000,200,200,10000,10000,10000,10000,-0.9829622071810021,0.6676217586174387,0.947,2.184001063891255,3.654167568112676e-05,0.0001379624488163928,5.612658220029627e-05,3.552376812086851e-05,3.654167568112676e-05,0.0001379624488163928,5.612658220029627e-05,3.552376812086851e-05,-0.9424880106216664,0.955648826570754,0.772,2.455371756714697,6.7425318687037e-05,0.0001053732877597587,0.013467243846731185,1.1627568831377384,0.0,0.3050877483925915
0.7166666666666667,0.8333333333333333,0.7333333333333333,-1.1532106074748516,0.01,0.08,2.170007591463028,0.02170007591463028,0.17360060731704224,0.17360060731704224,0.003768181316857827,0.003800935454748535,0.0037354271789671197,0.0007947986277790245,1000,200,200,10000,10000,10000,10000,-0.9968573841906742,0.6828178041385288,0.959,2.202225467999569,5.220694872866231e-05,0.00018271238184433363,8.492502716458562e-05,6.838166326433088e-05,5.220694872866231e-05,0.00018271238184433363,8.492502716458562e-05,6.838166326433088e-05,-0.978324011858146,0.9585417588843125,0.762,2.3929769716795395,7.532810509703862e-05,0.00010997666991480274,0.00303557329423388,1.158895421884056,0.0,0.30558542928608046
0.7166666666666667,0.8333333333333333,0.75,-1.1554018493275424,0.01,0.08,2.1920064532985157,0.02192006453298516,0.17536051626388127,0.1753605162638813,0.0038218063702406572,0.003872994082185645,0.00377061865829567,0.0008262591269524091,1000,200,200,10000,10000,10000,10000,-0.9960862145036892,0.6334288717620342,0.958,2.0109757876107257,4.514944299440643e-05,0.0001891631354940449,6.711808648656326e-05,4.5942471552071426e-05,4.514944299440643e-05,0.0001891631354940449,6.711808648656326e-05,4.5942471552071426e-05,-1.0430217912010233,0.9448335816284756,0.782,2.549141330633293,8.768881374114469e-05,0.00012906131512009376,-0.0027287634919176055,1.1555613269275493,0.0,0.3057351411389051
0.7166666666666667,0.8333333333333333,0.7666666666666666,-1.1532106074748518,0.01,0.08,2.230852358205114,0.02230852358205114,0.17846818865640912,0.17846818865640912,0.003802573042662459,0.003872994082185645,0.0037321520031392734,0.0009223932326507571,1000,200,200,10000,10000,10000,10000,-1.0001508952612412,0.6403469005906414,0.948,2.0136049669662253,5.5568817372262593e-05,0.0002270015002664853,8.30285708446062e-05,5.024742071573543e-05,5.5568817372262593e-05,0.0002270015002664853,8.30285708446062e-05,5.024742071573543e-05,-0.978555662224342,0.910525714756945,0.782,2.4350547249827517,9.216548167958497e-05,0.00013647145956605268,0.004105433902587438,1.1600954208997207,0.0,0.3062193553639496
0.7166666666666667,0.8333333333333333,0.7833333333333333,-1.1466608896210646,0.01,0.08,2.2564798423794077,0.022564798423794077,0.1805183873903526,0.1805183873903526,0.0038721562477956393,0.0038361269340770844,0.003908185561514194,0.0008445751762599169,1000,200,200,10000,10000,10000,10000,-0.9974921669654477,0.6119404776024293,0.949,2.028871037071987,4.6042209495674725e-05,0.00016487518055253333,5.9703504877267144e-05,4.814315530058639e-05,4.6042209495674725e-05,0.00016487518055253333,5.9703504877267144e-05,4.814315530058639e-05,-0.9653629724400463,0.8913712071082607,0.778,2.406487478201075,7.87197639811601e-05,0.00010532240926793625,0.0024249103962268627,1.1517373422858699,0.0,0.3046883761435528
0.7166666666666667,0.8333333333333333,0.7999999999999999,-1.1358244558456039,0.01,0.08,2.274457684761595,0.02274457684761595,0.1819566147809276,0.18195661478092762,0.003891427656239925,0.0038378026028570954,0.003945052709622755,0.0009470872754868201,1000,200,200,10000,10000,10000,10000,-0.9889849514250947,0.6137007671853706,0.96,2.0129579499774946,5.794171909932657e-05,0.00022863684838522562,7.78371907549054e-05,7.554958893524912e-05,5.794171909932657e-05,0.00022863684838522562,7.78371907549054e-05,7.554958893524912e-05,-0.9945819522135176,0.90940628374402,0.784,2.4321614156162226,0.0001025176380509673,0.00016330834162341145,-0.002585794509162135,1.1360379557163747,0.0,0.3059517073503642
0.7166666666666667,0.8333333333333333,0.8166666666666667,-1.120820032384583,0.01,0.08,2.2975472099960372,0.022975472099960374,0.183803776799683,0.183803776799683,0.003838640437247101,0.003911536899074216,0.0037657439754199854,0.0009811238696379244,1000,200,200,10000,10000,10000,10000,-0.956018372094665,0.612801773093388,0.937,2.0069519197601124,6.13159522572932e-05,0.00024462584297066365,8.235634038189121e-05,7.941932710801661e-05,6.13159522572932e-05,0.00024462584297066365,8.235634038189121e-05,7.941932710801661e-05,-0.9615901873966327,0.8901811548125819,0.784,2.4479773283995763,0.00011938777605331685,0.00016728744557708986,-0.0016422903006366697,1.1220421723170513,0.0,0.30565891462090616
0.7166666666666667,0.8333333333333333,0.8333333333333333,-1.101812010841318,0.01,0.08,2.322633805396168,0.02322633805396168,0.18581070443169345,0.18581070443169345,0.003964364012182233,0.003908185561514194,0.004020542462850272,0.00108562766030872,1000,200,200,10000,10000,10000,10000,-0.9510787840294634,0.6272955578232704,0.96,2.041147379721883,8.107368936410508e-05,0.0003129748055852445,0.00013158920212661592,0.00011329906063790907,8.107368936410508e-05,0.0003129748055852445,0.00013158920212661592,0.00011329906063790907,-0.9360807626477087,0.946096549614293,0.781,2.517747008650833,0.0001366381868802288,0.00020471114439033123,0.0008529138108630752,1.1054361837395412,0.0,0.3052658404016309
0.7166666666666667,0.8333333333333333,0.85,-1.0790086470775215,0.01,0.08,2.3424513014898882,0.02342451301489888,0.18739610411919105,0.18739610411919105,0.0040582873394640305,0.00409603221607779,0.004020542462850272,0.0011016008216014853,1000,200,200,10000,10000,10000,10000,-0.9446723995325963,0.580773365732021,0.962,1.9135025493868942,7.046704060872465e-05,0.0003111574835172351,0.00010313278641939819,6.860829285482975e-05,7.046704060872465e-05,0.0003111574835172351,0.00010313278641939819,6.860829285482975e-05,-0.9070202986561027,0.9709034619717135,0.783,2.5530687192855157,0.00013122751892662724,0.00018237849131410848,0.0011478145607622477,1.0831574398489523,0.0,0.3056107082723879
0.7166666666666667,0.85,0.7,-1.1075832166453332,0.01,0.08,2.1860553580264623,0.021860553580264622,0.17488442864211698,0.17488442864211698,0.00383696476846709,0.0037657439754199854,0.003908185561514194,0.0008897437533956435,1000,200,200,10000,10000,10000,10000,-1.0103052475278584,0.6039735431061564,0.965,1.9887489558886797,5.29245090283976e-05,0.00025903406827296145,9.423444653602482e-05,0.00012126308697270236,5.29245090283976e-05,0.00025903406827296145,9.423444653602482e-05,0.00012126308697270236,-0.9122010763510876,0.9673791588660215,0.77,2.512271038537267,9.40544097991904e-05,0.00018369182131031434,0.002407113042592166,1.1128357102095914,0.0,0.30520172440272275
0.7166666666666667,0.85,0.7166666666666667,-1.1184196504207942,0.01,0.08,2.1983023847567384,0.021983023847567385,0.17586419078053908,0.17586419078053908,0.003802611123528546,0.0037674196441999964,0.0038378026028570954,0.0008088638403900884,1000,200,200,10000,10000,10000,10000,-0.9568717027755187,0.6309984736841199,0.958,2.075015027102163,4.5720044028346964e-05,0.00018556118606369046,6.761006869490104e-05,6.791824477401022e-05,4.5720044028346964e-05,0.00018556118606369046,6.761006869490104e-05,6.791824477401022e-05,-0.9615123800931872,0.9311772309218471,0.785,2.5229945442456807,8.383064018659494e-05,0.00012646902149254937,-0.0018823655356578245,1.1192710090955955,0.0,0.30560825779141343
0.7166666666666667,0.85,0.7333333333333333,-1.1249693682745812,0.01,0.08,2.210562605556473,0.02210562605556473,0.17684500844451784,0.17684500844451786,0.003856198096045289,0.003945052709622755,0.003767343482467823,0.0008219488076449686,1000,200,200,10000,10000,10000,10000,-0.9627271965457104,0.6155273602773497,0.957,2.00660282161616,4.274619390921188e-05,0.00017344523041679834,5.692538901701284e-05,4.541513780279741e-05,4.274619390921188e-05,0.00017344523041679834,5.692538901701284e-05,4.541513780279741e-05,-0.9557978223193069,0.9132938963310708,0.754,2.402727802973397,7.222704632944965e-05,0.00010440042688950092,0.007919811857230943,1.1355443598279846,0.0,0.30576086501273875
0.7166666666666667,0.85,0.75,-1.127160610127272,0.01,0.08,2.232467101225649,0.02232467101225649,0.1785973680980519,0.1785973680980519,0.00383696476846709,0.003872994082185645,0.003800935454748535,0.0008935412205493098,1000,200,200,10000,10000,10000,10000,-0.9942318613258296,0.6296628189349561,0.961,2.1055320005163534,5.706790126793073e-05,0.00022154227348137627,7.915116026027181e-05,6.875067653744895e-05,5.706790126793073e-05,0.00022154227348137627,7.915116026027181e-05,6.875067653744895e-05,-0.9110763047841551,0.9468612383895233,0.773,2.4513925884082504,0.00010075113012589672,0.0001573913881335641,8.345769775521019e-05,1.129968113917239,0.0,0.30632640837617264
0.7166666666666667,0.85,0.7666666666666666,-1.1249693682745812,0.01,0.08,2.241738867910737,0.022417388679107367,0.17933910943285894,0.17933910943285897,0.003858751493330498,0.0038042106305763825,0.003913292356084614,0.0009135556727259363,1000,200,200,10000,10000,10000,10000,-0.9927585605857446,0.6209216802785331,0.946,2.0653703694581873,5.8143094945502404e-05,0.0002401105724364141,9.217291773939606e-05,8.831353214883358e-05,5.8143094945502404e-05,0.0002401105724364141,9.217291773939606e-05,8.831353214883358e-05,-0.9201223461532866,0.9439908899718663,0.762,2.453774756919625,0.0001050936202483766,0.00022384730670765992,-0.00015502588745793148,1.1275757769316375,0.0,0.3056934466923133
0.7166666666666667,0.85,0.7833333333333333,-1.1184196504207942,0.01,0.08,2.2794741603114197,0.022794741603114198,0.18235793282491358,0.18235793282491355,0.003909023395904199,0.003908185561514194,0.003909861230294205,0.001012625701637152,1000,200,200,10000,10000,10000,10000,-0.9586138999793015,0.5838648586700329,0.944,1.9705944625780039,6.3470193020694e-05,0.0002676257225834294,8.770965527393775e-05,7.505863842568306e-05,6.3470193020694e-05,0.0002676257225834294,8.770965527393775e-05,7.505863842568306e-05,-0.9363589273431002,0.9323464933899129,0.779,2.5047556102086705,0.00011961051157432877,0.00018459850424235245,0.00025192776572060437,1.1213933785388228,0.0,0.305850018287221
0.7166666666666667,0.85,0.7999999999999999,-1.1075832166453334,0.01,0.08,2.2908361773303225,0.022908361773303226,0.1832668941864258,0.1832668941864258,0.003945052709622755,0.003908185561514194,0.003981919857731315,0.0009972919297553898,1000,200,200,10000,10000,10000,10000,-0.9616633570556958,0.5881931012283902,0.949,1.9540640177885362,6.0315988321422424e-05,0.00024767265916062213,8.446152374215247e-05,7.501966703106891e-05,6.0315988321422424e-05,0.00024767265916062213,8.446152374215247e-05,7.501966703106891e-05,-0.9554409615482924,0.8721172570889156,0.79,2.43095981700092,0.00011394550936724412,0.00016904825373582864,-0.004231705925594337,1.1059760160764007,0.0,0.30539638974272393
0.7166666666666667,0.85,0.8166666666666667,-1.0925787931843123,0.01,0.08,2.309700487196902,0.02309700487196902,0.18477603897575215,0.18477603897575215,0.003966079575077438,0.004020542462850272,0.003911616687304603,0.001038605286786592,1000,200,200,10000,10000,10000,10000,-0.9793554414583927,0.5830683931276174,0.963,1.9724644288637276,6.616846452781669e-05,0.00026780232510907,9.12504077219956e-05,6.891926767090668e-05,6.616846452781669e-05,0.00026780232510907,9.12504077219956e-05,6.891926767090668e-05,-0.8970313166334712,0.9215186463531628,0.78,2.5237438003160024,0.00012169010372293116,0.0001672390036715213,7.635345401958343e-06,1.0953050513719385,0.0,0.3058470480964228
0.7166666666666667,0.85,0.8333333333333333,-1.0735707716410474,0.01,0.08,2.346366065319754,0.02346366065319754,0.1877092852255803,0.1877092852255803,0.004042488850513674,0.004138249322624582,0.003946728378402766,0.0010739108029473106,1000,200,200,10000,10000,10000,10000,-0.9286717201360533,0.5984933132402835,0.951,1.975573671364307,6.986085119630123e-05,0.00027877179597764743,9.059010970742324e-05,9.298746069530495e-05,6.986085119630123e-05,0.00027877179597764743,9.059010970742324e-05,9.298746069530495e-05,-0.8986534570625186,0.9293309362646538,0.79,2.497341690857924,0.00012864209669938195,0.00016921294394132974,0.0028135296026578368,1.0792564862587568,0.0,0.3060268667506591
0.7166666666666667,0.85,0.85,-1.0507674078772509,0.01,0.08,2.380579459593279,0.02380579459593279,0.19044635676746233,0.19044635676746233,0.0040196647343450735,0.003945052709622755,0.004094276759067393,0.001120145868387011,1000,200,200,10000,10000,10000,10000,-0.8817251111623916,0.6019406815298886,0.939,1.9349530031664741,7.36440472617541e-05,0.0003032214981483102,9.776603452426608e-05,8.869655203370268e-05,7.36440472617541e-05,0.0003032214981483102,9.776603452426608e-05,8.869655203370268e-05,-0.8351599867011178,0.9218520198546567,0.791,2.517242870063335,0.00014156651122427578,0.0001930553800655779,-0.00790467869835241,1.0457145973250064,0.0,0.30523222522252136
0.7333333333333333,0.7,0.7,-1.458670537742353,0.01,0.08,2.002204022431145,0.02002204022431145,0.1601763217944916,0.1601763217944916,0.003579352270796275,0.0035961846069685844,0.003562519934623966,0.0005115180537453295,1000,200,200,10000,10000,10000,10000,-1.322663558226848,0.711053898689328,0.923,2.321523960736773,2.429135298935623e-05,9.25759825662857e-05,4.0533457573317615e-05,4.964802008196041e-05,2.429135298935623e-05,9.25759825662857e-05,4.0533457573317615e-05,4.964802008196041e-05,-1.2307205228357723,0.9846900621283259,0.787,2.5266495848705146,4.0737657747362543e-05,7.170652540061164e-05,0.0027036375806356525,1.4634366036010478,0.0,0.30569913459423764
0.7333333333333333,0.7,0.7166666666666667,-1.469506971517814,0.01,0.08,2.032073944691779,0.020320739446917792,0.16256591557534233,0.1625659155753423,0.0037145562634749983,0.0037321520031392726,0.003696960523810724,0.0006729123252852189,1000,200,200,10000,10000,10000,10000,-1.2930836260905156,0.7075306487518882,0.918,2.140863352202761,3.6161548010675326e-05,0.00017209996413947965,7.142895670436305e-05,8.724176926066535e-05,3.6161548010675326e-05,0.00017209996413947965,7.142895670436305e-05,8.724176926066535e-05,-1.3416121577490714,1.031274918158128,0.743,2.5136927471357438,5.675675048685143e-05,0.00010742804971811113,-0.0036030850520939535,1.46802130428467,0.0,0.30614594790246014
0.7333333333333333,0.7,0.7333333333333333,-1.476056689371601,0.01,0.08,2.0508026359638944,0.020508026359638946,0.16406421087711157,0.16406421087711157,0.003664931708545894,0.003696960523810723,0.003632902893281065,0.0006052372572496347,1000,200,200,10000,10000,10000,10000,-1.2890729470071776,0.6677796232455441,0.915,2.0914766791943062,2.6762994349249087e-05,0.0001083098695482727,4.4232733840406566e-05,5.240029265442971e-05,2.6762994349249087e-05,0.0001083098695482727,4.4232733840406566e-05,5.240029265442971e-05,-1.2654290723920378,1.0073331281152855,0.739,2.454489962803801,4.6735893167577556e-05,8.436122292732469e-05,0.0003663779629651941,1.4784049206922134,0.0,0.3048700239471553
0.7333333333333333,0.7,0.75,-1.4782479312242915,0.01,0.08,2.066011064584746,0.02066011064584746,0.1652808851667797,0.1652808851667797,0.0037337895910531963,0.00369856003085856,0.003769019151247833,0.0007554999788403673,1000,200,200,10000,10000,10000,10000,-1.3437872013651413,0.606361440178747,0.927,1.9789149909409924,3.6610820795041645e-05,0.00017129848873373034,5.9879629710525884e-05,4.999565746651994e-05,3.6610820795041645e-05,0.00017129848873373034,5.9879629710525884e-05,4.999565746651994e-05,-1.320078498487529,1.0026375744541525,0.739,2.448796011432875,5.880390973538945e-05,9.988289555463702e-05,-0.0040961485184921095,1.4762531925098248,0.0,0.3058216337466969
0.7333333333333333,0.7,0.7666666666666666,-1.476056689371601,0.01,0.08,2.0837716384448948,0.020837716384448948,0.16670173107559158,0.1667017310755916,0.0037169191740148,0.0037352783171710397,0.00369856003085856,0.000676219187528372,1000,200,200,10000,10000,10000,10000,-1.3154854759172863,0.6928653440748375,0.93,2.2064757199299403,3.768374510464888e-05,0.00014595131167448024,6.517505271139165e-05,5.314192073697865e-05,3.768374510464888e-05,0.00014595131167448024,6.517505271139165e-05,5.314192073697865e-05,-1.2948634856795196,0.9588931664173141,0.778,2.4684389247859464,5.966854231976795e-05,0.00010479616165807578,0.0025035786691356412,1.4807536194434714,0.0,0.3054215705794471
0.7333333333333333,0.7,0.7833333333333333,-1.469506971517814,0.01,0.08,2.120331080786938,0.021203310807869382,0.16962648646295506,0.16962648646295506,0.0036633685515300106,0.0036633685515300106,0.0036633685515300106,0.0006523208184801918,1000,200,200,10000,10000,10000,10000,-1.2859079600792644,0.6596176208825746,0.941,2.1538278207738144,3.287230170057669e-05,0.00013225819451837808,5.2149131008332334e-05,5.02523390167331e-05,3.287230170057669e-05,0.00013225819451837808,5.2149131008332334e-05,5.02523390167331e-05,-1.2817111640435124,0.9090894572559545,0.776,2.440622913516475,5.865778586424411e-05,0.0001002114918391824,0.0026216310133108495,1.4741167576563834,0.0,0.30550559952258466
0.7333333333333333,0.7,0.7999999999999999,-1.458670537742353,0.01,0.08,2.158056083475856,0.021580560834758563,0.1726444866780685,0.1726444866780685,0.0038378026028570954,0.003872994082185645,0.003802611123528546,0.0008156600782913391,1000,200,200,10000,10000,10000,10000,-1.3014243830678656,0.5706460299193518,0.924,1.874661211411982,3.7389367046799764e-05,0.000171831769231425,5.54331664258449e-05,6.010485450091349e-05,3.7389367046799764e-05,0.000171831769231425,5.54331664258449e-05,6.010485450091349e-05,-1.2814700839219473,0.9333557369967383,0.758,2.446898711900928,7.476745482200165e-05,0.00014631463914255353,-9.659201696732278e-05,1.4605237318295612,0.0,0.30544219298232206
0.7333333333333333,0.7,0.8166666666666667,-1.443666114281332,0.01,0.08,2.188369083622205,0.02188369083622205,0.1750695266897764,0.17506952668977643,0.0037337895910531963,0.003872994082185645,0.0035945850999207483,0.0008020576303021243,1000,200,200,10000,10000,10000,10000,-1.3007348474594849,0.6307618456141444,0.929,2.0688855221735696,4.395473348195165e-05,0.0001772331097287719,6.094469437795083e-05,4.636268196774618e-05,4.395473348195165e-05,0.0001772331097287719,6.094469437795083e-05,4.636268196774618e-05,-1.2389211653077798,0.9265243051245473,0.774,2.431993699797892,8.099559145083958e-05,0.00012710363377065642,0.0004484163053473992,1.446258522252225,0.0,0.30536907249453676
0.7333333333333333,0.7,0.8333333333333333,-1.4246580927380672,0.01,0.08,2.2359073537035528,0.022359073537035527,0.17887258829628422,0.17887258829628422,0.003966039680962244,0.003946728378402766,0.003985350983521723,0.000991907467078482,1000,200,200,10000,10000,10000,10000,-1.2911567638038377,0.5857613015856614,0.936,1.9965874635234362,6.277107243219365e-05,0.0002774948281579525,9.520283675891163e-05,0.00013172784220972456,6.277107243219365e-05,0.0002774948281579525,9.520283675891163e-05,0.00013172784220972456,-1.2181820961310579,0.9516467075497991,0.757,2.434651672868032,0.00010666680430169191,0.00016652664268238792,-0.0026974600758534585,1.424106637234472,0.0,0.3053785053607867
0.7333333333333333,0.7,0.85,-1.4018547289742707,0.01,0.08,2.2832982156073833,0.022832982156073833,0.18266385724859066,0.1826638572485907,0.003927496864073673,0.003871318413405634,0.003983675314741713,0.0009356756708852519,1000,200,200,10000,10000,10000,10000,-1.233442037488593,0.5828236766825523,0.924,1.9513066348783128,5.238128613128531e-05,0.00020511638992579243,7.098409052226711e-05,6.0525330889080615e-05,5.238128613128531e-05,0.00020511638992579243,7.098409052226711e-05,6.0525330889080615e-05,-1.2698310676426598,0.9167377675264538,0.782,2.436595682359004,9.502954763550018e-05,0.0001280019657288478,-0.004745700778289236,1.3993373682160082,0.0,0.3058713776001221
0.7333333333333333,0.7166666666666667,0.7,-1.4224372677832537,0.01,0.08,2.0164992718013903,0.020164992718013905,0.16131994174411124,0.16131994174411124,0.0036481357224055376,0.00369856003085856,0.0035977114139525155,0.0005698166014488839,1000,200,200,10000,10000,10000,10000,-1.258004194929862,0.6577011739196067,0.934,2.1679119562046556,2.6124854131185775e-05,0.00010183073601137377,4.268072218802881e-05,2.8047930041296812e-05,2.6124854131185775e-05,0.00010183073601137377,4.268072218802881e-05,2.8047930041296812e-05,-1.2116047904222655,0.9803514509926081,0.743,2.463089055898308,4.274267519568473e-05,8.266398912710737e-05,0.002604383461853074,1.42712045708553,0.0,0.3046382556807706
0.7333333333333333,0.7166666666666667,0.7166666666666667,-1.4332737015587147,0.01,0.08,2.037434765941618,0.02037434765941618,0.16299478127532943,0.16299478127532943,0.0036121444895530702,0.003562519934623966,0.0036617690444821745,0.0006043512461982118,1000,200,200,10000,10000,10000,10000,-1.3355625733581304,0.6501066937902994,0.937,2.1758728701963697,2.9644656304700066e-05,0.00012699656221764255,5.050193841204966e-05,5.9331123851421725e-05,2.9644656304700066e-05,0.00012699656221764255,5.050193841204966e-05,5.9331123851421725e-05,-1.2596861707163514,0.9860089041954834,0.756,2.4732560087104267,4.664125389549954e-05,0.0001037818873094011,-0.008883409443186826,1.4266241377572846,0.0,0.30553570410563075
0.7333333333333333,0.7166666666666667,0.7333333333333333,-1.4398234194125017,0.01,0.08,2.0537796531103094,0.020537796531103096,0.16430237224882477,0.16430237224882477,0.003697760277334642,0.0036633685515300106,0.0037321520031392734,0.0006515873078984172,1000,200,200,10000,10000,10000,10000,-1.2853029765066823,0.665872826869484,0.927,2.1702774590334943,3.5096818534476965e-05,0.00014542188595808428,6.685735022095102e-05,7.413261693028446e-05,3.5096818534476965e-05,0.00014542188595808428,6.685735022095102e-05,7.413261693028446e-05,-1.2185480349340954,1.008804299799724,0.726,2.464412790765778,5.162662289658989e-05,8.941647640594934e-05,0.00040106488763204016,1.4424069256316074,0.0,0.30538517271340165
0.7333333333333333,0.7166666666666667,0.75,-1.4420146612651925,0.01,0.08,2.077469855793532,0.020774698557935317,0.16619758846348254,0.1661975884634825,0.003664131955021976,0.0036313033862332283,0.003696960523810724,0.0006944821425425091,1000,200,200,10000,10000,10000,10000,-1.3044587466888549,0.6401404774182063,0.921,2.08104652571814,3.51281078927541e-05,0.00014840743462173577,5.9081041638503e-05,4.702001133698255e-05,3.51281078927541e-05,0.00014840743462173577,5.9081041638503e-05,4.702001133698255e-05,-1.227823074460917,0.9199102016634199,0.776,2.4293579871164095,5.44732843512679e-05,8.780951224578305e-05,-0.0019486578145546927,1.442226125120392,0.0,0.3051849445193746
0.7333333333333333,0.7166666666666667,0.7666666666666666,-1.4398234194125017,0.01,0.08,2.1032923653151507,0.021032923653151507,0.16826338922521206,0.16826338922521206,0.0036817276946862505,0.00369856003085856,0.0036648953585139412,0.0007731806929816228,1000,200,200,10000,10000,10000,10000,-1.2960955229294455,0.6413087920209426,0.947,2.0508338530530215,4.147928318817442e-05,0.00018885036756281749,6.759198529783956e-05,7.552879550714616e-05,4.147928318817442e-05,0.00018885036756281749,6.759198529783956e-05,7.552879550714616e-05,-1.1803714444993312,0.9712022584680984,0.756,2.479164793868954,6.63087312503006e-05,9.95478301943615e-05,0.0026835974455477743,1.444536923066067,0.0,0.30538439907452675
0.7333333333333333,0.7166666666666667,0.7833333333333333,-1.4332737015587147,0.01,0.08,2.136013692863285,0.021360136928632853,0.17088109542906282,0.17088109542906282,0.0038034108770524646,0.003874669750965656,0.0037321520031392734,0.0006914053119429133,1000,200,200,10000,10000,10000,10000,-1.260514846452016,0.629196347205886,0.905,1.9945740633804625,3.14057010798855e-05,0.00011946617261033019,4.72610818481599e-05,3.541539464137697e-05,3.14057010798855e-05,0.00011946617261033019,4.72610818481599e-05,3.541539464137697e-05,-1.2494833501459692,0.9036697906929132,0.805,2.5176632962719125,5.9042757176454546e-05,8.771894610921128e-05,-0.0012231223556225224,1.4341459390376412,0.0,0.30482020869539256
0.7333333333333333,0.7166666666666667,0.7999999999999999,-1.422437267783254,0.01,0.08,2.1568656774037462,0.02156865677403746,0.1725492541922997,0.1725492541922997,0.003784977302998184,0.003800935454748535,0.0037690191512478335,0.0008266831610056555,1000,200,200,10000,10000,10000,10000,-1.2377935951929206,0.6331726630308503,0.92,2.096257103780888,4.966455114752033e-05,0.00019849812963452381,7.991082137234523e-05,8.22089290329142e-05,4.966455114752033e-05,0.00019849812963452381,7.991082137234523e-05,8.22089290329142e-05,-1.221987628245762,0.9391206856987218,0.766,2.436505691106283,8.140649388572312e-05,0.0001369637022307248,-0.001646116824150103,1.422936507407209,0.0,0.30525809592199393
0.7333333333333333,0.7166666666666667,0.8166666666666667,-1.4074328443222328,0.01,0.08,2.2035622543244973,0.022035622543244975,0.1762849803459598,0.17628498034595977,0.003784939222132097,0.0038025349617963724,0.003767343482467822,0.0009108592495657593,1000,200,200,10000,10000,10000,10000,-1.2445222703561747,0.64396674659891,0.939,2.1052991080437704,6.048094747864583e-05,0.0002529901153986211,0.00010020981958708215,8.622038035862933e-05,6.048094747864583e-05,0.0002529901153986211,0.00010020981958708215,8.622038035862933e-05,-1.2023129664945815,0.9395750271680008,0.765,2.4260908163724038,0.00010180451102748285,0.00018489368691915396,0.002887718521023508,1.412353302746485,0.0,0.3053220423895975
0.7333333333333333,0.7166666666666667,0.8333333333333333,-1.388424822778968,0.01,0.08,2.243859671234768,0.02243859671234768,0.17950877369878143,0.17950877369878143,0.003891427656239925,0.003874669750965656,0.003908185561514194,0.0008740374283996367,1000,200,200,10000,10000,10000,10000,-1.2072910456722845,0.6225498759425271,0.926,2.029350859718669,5.17987135582572e-05,0.0001885888904999726,7.770529122396016e-05,7.866186245655424e-05,5.17987135582572e-05,0.0001885888904999726,7.770529122396016e-05,7.866186245655424e-05,-1.2156603551093388,0.8674840684534665,0.794,2.4683102110986583,9.65017563002353e-05,0.00017127768556514633,-0.00015907937232509462,1.3904539657634318,0.0,0.3050480234196512
0.7333333333333333,0.7166666666666667,0.85,-1.3656214590151714,0.01,0.08,2.29183858978145,0.022918385897814503,0.18334708718251602,0.18334708718251602,0.0039643241180670405,0.004018787005839875,0.003909861230294205,0.0010982313189226648,1000,200,200,10000,10000,10000,10000,-1.2237799238488412,0.5786452723795167,0.935,1.9520312527685741,7.478220276644716e-05,0.000327397006041428,0.00012998747991334797,0.00014074006262741905,7.478220276644716e-05,0.000327397006041428,0.00012998747991334797,0.00014074006262741905,-1.133643419712169,0.9241461306135162,0.779,2.492243055562458,0.00012966808634024755,0.00018382631041790102,-0.007397992957230282,1.360511283276894,0.0,0.3040867717075343
0.7333333333333333,0.7333333333333333,0.7,-1.385683657142487,0.01,0.08,2.02456745471559,0.0202456745471559,0.1619653963772472,0.1619653963772472,0.003697798358200729,0.003733827671919284,0.0036617690444821745,0.0006028981975407522,1000,200,200,10000,10000,10000,10000,-1.2494879014019473,0.6388338230995984,0.936,2.10846575372314,2.725366633536358e-05,0.00010774760946780428,4.375146949870152e-05,4.2854687888315584e-05,2.725366633536358e-05,0.00010774760946780428,4.375146949870152e-05,4.2854687888315584e-05,-1.1957131827551737,0.9565085337360535,0.77,2.5059576885861925,4.414324867092844e-05,6.939830813600649e-05,1.9480755632766217e-05,1.387906451315027,0.0,0.3058249489997323
0.7333333333333333,0.7333333333333333,0.7166666666666667,-1.396520090917948,0.01,0.08,2.0447954006521667,0.020447954006521666,0.16358363205217333,0.16358363205217333,0.0036289768257253795,0.0035945850999207483,0.0036633685515300106,0.0005442945325637819,1000,200,200,10000,10000,10000,10000,-1.214963087655529,0.6307000492219107,0.936,2.1607965856404947,2.279194057841963e-05,8.744216222796975e-05,3.716328963523472e-05,3.3255054637418775e-05,2.279194057841963e-05,8.744216222796975e-05,3.716328963523472e-05,3.3255054637418775e-05,-1.1975673163957201,0.9145841615614811,0.743,2.4286336658872605,3.94358059376983e-05,6.071594481687693e-05,0.0028182861395392913,1.4015990952852175,0.0,0.30532624961772975
0.7333333333333333,0.7333333333333333,0.7333333333333333,-1.403069808771735,0.01,0.08,2.0668816360303426,0.020668816360303426,0.1653505308824274,0.1653505308824274,0.003645772811865736,0.0036633685515300106,0.003628177072201461,0.0006940638594361761,1000,200,200,10000,10000,10000,10000,-1.2331309095875604,0.7005963110506849,0.928,2.1814684631503107,4.0663856119696396e-05,0.0001645118158308415,7.495781970328062e-05,5.4194485640817074e-05,4.0663856119696396e-05,0.0001645118158308415,7.495781970328062e-05,5.4194485640817074e-05,-1.2078096371613718,1.012940891033627,0.721,2.462619107502389,5.604835392705401e-05,9.65019173735207e-05,0.0032043380156767365,1.4084618328725147,0.0,0.3051086552207591
0.7333333333333333,0.7333333333333333,0.75,-1.4052610506244256,0.01,0.08,2.104700501496576,0.021047005014965762,0.1683760401197261,0.1683760401197261,0.0037489479892796294,0.003696960523810724,0.003800935454748535,0.0007319277576425742,1000,200,200,10000,10000,10000,10000,-1.2645992333420966,0.6398154176856974,0.928,2.130243776242379,4.043908003414102e-05,0.0001684070524196126,6.569449905342945e-05,8.360264975171783e-05,4.043908003414102e-05,0.0001684070524196126,6.569449905342945e-05,8.360264975171783e-05,-1.2003441150662757,0.9760985557630912,0.773,2.49870807551163,7.233756026172839e-05,0.0001599385755857933,0.007827408712024883,1.4152954844042778,0.0,0.3059054618218829
0.7333333333333333,0.7333333333333333,0.7666666666666666,-1.403069808771735,0.01,0.08,2.1252240434729277,0.02125224043472928,0.17001792347783423,0.17001792347783423,0.003802573042662459,0.0037321520031392734,0.003872994082185645,0.0007485326202772862,1000,200,200,10000,10000,10000,10000,-1.2447695487824337,0.6249920469713907,0.918,1.991376051019032,3.5025186637619514e-05,0.00015156993215405202,4.972470570969729e-05,6.569261541598406e-05,3.5025186637619514e-05,0.00015156993215405202,4.972470570969729e-05,6.569261541598406e-05,-1.1900809562553099,0.9416238796648356,0.77,2.4687153585065,6.265140276037162e-05,9.845430515008699e-05,-0.0033631362099825557,1.4017818231308319,0.0,0.3057560546698442
0.7333333333333333,0.7333333333333333,0.7833333333333333,-1.396520090917948,0.01,0.08,2.1415698771144873,0.021415698771144874,0.171325590169159,0.171325590169159,0.0038378026028570954,0.003874669750965656,0.003800935454748535,0.0008199700321669529,1000,200,200,10000,10000,10000,10000,-1.2538530450999616,0.6170346785834204,0.935,2.0402054094579016,4.7005157429452315e-05,0.00019095722426352136,7.57943822784753e-05,6.501685354565758e-05,4.7005157429452315e-05,0.00019095722426352136,7.57943822784753e-05,6.501685354565758e-05,-1.185392106135332,0.9457424066396924,0.749,2.3993275982539584,7.459995602986821e-05,0.00012780180548448622,0.0030985995669364766,1.4018235295919579,0.0,0.305688285062831
0.7333333333333333,0.7333333333333333,0.7999999999999999,-1.385683657142487,0.01,0.08,2.1842344221351144,0.021842344221351145,0.17473875377080916,0.17473875377080916,0.0038545605081313646,0.003908185561514194,0.003800935454748535,0.0009123119004817656,1000,200,200,10000,10000,10000,10000,-1.2368799266730883,0.616277358441406,0.934,2.0028266288071053,5.4019364409352526e-05,0.000253138970511665,7.962778070874802e-05,8.419973406603544e-05,5.4019364409352526e-05,0.000253138970511665,7.962778070874802e-05,8.419973406603544e-05,-1.2106793603118495,0.9885447739448103,0.743,2.432905147702502,9.174193751987372e-05,0.0001415823798804684,0.0003592704885032777,1.3883687004429526,0.0,0.3043915409654856
0.7333333333333333,0.7333333333333333,0.8166666666666667,-1.3706792336814662,0.01,0.08,2.213113870917324,0.02213113870917324,0.1770491096733859,0.1770491096733859,0.0038185311944128096,0.003800935454748535,0.0038361269340770844,0.000781796189556562,1000,200,200,10000,10000,10000,10000,-1.196871383359655,0.6357932123470769,0.939,2.0842066319730415,4.301692660565615e-05,0.0001517042485469111,6.25209212894299e-05,4.410748793082565e-05,4.301692660565615e-05,0.0001517042485469111,6.25209212894299e-05,4.410748793082565e-05,-1.1776038183424287,0.902133866726622,0.79,2.469298217697236,7.625056576530914e-05,0.00011154676182414498,0.005274305650367149,1.3782798457801666,0.0,0.30521294054184617
0.7333333333333333,0.7333333333333333,0.8333333333333333,-1.3516712121382013,0.01,0.08,2.2634131555466044,0.022634131555466043,0.18107305244372834,0.18107305244372834,0.0038905898218499196,0.003945052709622755,0.0038361269340770844,0.0010112717183444258,1000,200,200,10000,10000,10000,10000,-1.2139129740309098,0.6028885108085883,0.943,1.999189013819357,6.582831380875388e-05,0.00026374763320681526,9.271588098500453e-05,6.643709365209576e-05,6.582831380875388e-05,0.00026374763320681526,9.271588098500453e-05,6.643709365209576e-05,-1.1546981845982263,0.9171420923189816,0.779,2.405953117955931,0.00011572289900956807,0.00016847988970777127,0.003807373240371671,1.3578944000032172,0.0,0.30532471164363134
0.7333333333333333,0.7333333333333333,0.85,-1.3288678483744047,0.01,0.08,2.28466907612382,0.022846690761238204,0.18277352608990563,0.18277352608990563,0.0039467682725179585,0.003872994082185645,0.004020542462850272,0.0009424362858288793,1000,200,200,10000,10000,10000,10000,-1.1950171684045345,0.6121695236580342,0.941,2.000501935885251,5.708881717147101e-05,0.00022074950583202393,8.715556920254705e-05,7.990020843434264e-05,5.708881717147101e-05,0.00022074950583202393,8.715556920254705e-05,7.990020843434264e-05,-1.2136157330005213,0.925878979550333,0.792,2.4973059183713073,0.00010378631576921352,0.00014142507054764342,-0.001392734143057289,1.329870526167936,0.0,0.3050162249602211
0.7333333333333333,0.75,0.7,-1.3488123860694217,0.01,0.08,2.0421762034638027,0.020421762034638028,0.16337409627710422,0.16337409627710425,0.003628177072201461,0.003628177072201461,0.003628177072201461,0.0006213572724519166,1000,200,200,10000,10000,10000,10000,-1.2049519604740042,0.6836054080960604,0.93,2.1940328403574094,3.171438826568087e-05,0.00011980911050726381,5.3688761782512374e-05,5.615414948680471e-05,3.171438826568087e-05,0.00011980911050726381,5.3688761782512374e-05,5.615414948680471e-05,-1.1624495053587804,0.9727499315516878,0.745,2.458120624800616,5.175095586583837e-05,9.193787636058082e-05,-0.0022839076701701845,1.348749491864336,0.0,0.3056814970147732
0.7333333333333333,0.75,0.7166666666666667,-1.3596488198448824,0.01,0.08,2.057867412834307,0.02057867412834307,0.16462939302674456,0.16462939302674456,0.0036649697894119812,0.003562519934623966,0.0037674196441999964,0.0006763098417324079,1000,200,200,10000,10000,10000,10000,-1.2212526127087753,0.6593504982319609,0.947,2.1597609151276953,3.5386998415769415e-05,0.00014932252904153076,5.428535465867487e-05,4.89270121431631e-05,3.5386998415769415e-05,0.00014932252904153076,5.428535465867487e-05,4.89270121431631e-05,-1.223573883266484,0.9378345585000719,0.765,2.4774363682536404,6.141307020356131e-05,0.00011255304404783418,-0.001887227776883804,1.3601325085999492,0.0,0.30558280772850455
0.7333333333333333,0.75,0.7333333333333333,-1.3661985376986696,0.01,0.08,2.0933674302175005,0.020933674302175007,0.16746939441740005,0.16746939441740002,0.0037321520031392726,0.003628177072201461,0.0038361269340770844,0.0006453157561252704,1000,200,200,10000,10000,10000,10000,-1.2112862857879456,0.643759485709573,0.938,2.0728759212816583,2.9905435420493622e-05,0.00010689612689164776,4.422591414391032e-05,3.804180646392183e-05,2.9905435420493622e-05,0.00010689612689164776,4.422591414391032e-05,3.804180646392183e-05,-1.1919640425370646,0.9236626057964535,0.773,2.465749736852829,4.989949545679023e-05,7.099312380377787e-05,0.0049769043063481845,1.373526869378565,0.0,0.3052337356873654
0.7333333333333333,0.75,0.75,-1.3683897795513602,0.01,0.08,2.1035556383686167,0.021035556383686167,0.16828445106948933,0.16828445106948933,0.003663332201498058,0.003696960523810724,0.0036297038791853918,0.0007609139328706514,1000,200,200,10000,10000,10000,10000,-1.2435335197968387,0.6658114529677919,0.931,2.1934344391611487,4.980887111406056e-05,0.000191312977468399,9.281756304502222e-05,5.78877777192054e-05,4.980887111406056e-05,0.000191312977468399,9.281756304502222e-05,5.78877777192054e-05,-1.1629536089257144,0.9446030866702044,0.766,2.436132461782331,7.687277147738925e-05,0.00016017432874841425,-0.006081350789085768,1.3642989456149415,0.0,0.3057822502298636
0.7333333333333333,0.75,0.7666666666666666,-1.3661985376986696,0.01,0.08,2.1258114657546274,0.021258114657546276,0.1700649172603702,0.1700649172603702,0.0038386023563810137,0.0038042106305763825,0.003872994082185645,0.0007891248138777836,1000,200,200,10000,10000,10000,10000,-1.2149489030551506,0.5910398337510024,0.943,1.9441963052952935,3.774117475816561e-05,0.00016497675442520208,5.7133683134528475e-05,4.366823077416073e-05,3.774117475816561e-05,0.00016497675442520208,5.7133683134528475e-05,4.366823077416073e-05,-1.1885469545371514,0.9622177137211366,0.774,2.4833894198552997,6.450974753101014e-05,9.34649184535903e-05,-0.0029937582009950435,1.365516090166833,0.0,0.3057600760334023
0.7333333333333333,0.75,0.7833333333333333,-1.3596488198448824,0.01,0.08,2.1675204493035163,0.021675204493035165,0.17340163594428132,0.17340163594428132,0.00378333971508426,0.0037657439754199854,0.003800935454748535,0.0007636671174696821,1000,200,200,10000,10000,10000,10000,-1.1767882367503577,0.630817420517556,0.924,2.061406089456299,4.069758830705812e-05,0.00015869494367165327,6.224234526860368e-05,5.889721950627365e-05,4.069758830705812e-05,0.00015869494367165327,6.224234526860368e-05,5.889721950627365e-05,-1.1955581267018842,0.9489623855210638,0.753,2.444267527637194,7.460377897525224e-05,0.00013486451134414747,0.0006979145325135182,1.3625503939102737,0.0,0.3053490581634146
0.7333333333333333,0.75,0.7999999999999999,-1.3488123860694217,0.01,0.08,2.215095119787154,0.022150951197871537,0.1772076095829723,0.1772076095829723,0.0038025730426624587,0.003804210630576383,0.003800935454748535,0.0008391256872018152,1000,200,200,10000,10000,10000,10000,-1.1640430536287645,0.6002491189711857,0.928,2.029669279323509,4.676834115529531e-05,0.00017695260637241235,6.697135531121772e-05,6.314574857169399e-05,4.676834115529531e-05,0.00017695260637241235,6.697135531121772e-05,6.314574857169399e-05,-1.1565189405299274,0.9288620362362191,0.792,2.42651571888341,8.252787228866864e-05,0.00012196163449830011,0.00031453768519934164,1.35150830105067,0.0,0.30655059379772137
0.7333333333333333,0.75,0.8166666666666667,-1.3338079626084005,0.01,0.08,2.24241394503633,0.0224241394503633,0.1793931156029064,0.17939311560290644,0.0038562361769113756,0.0037657439754199854,0.003946728378402766,0.0010031771302350544,1000,200,200,10000,10000,10000,10000,-1.1837908978433742,0.5744582103088263,0.946,1.9533279228538567,5.900113609739749e-05,0.000273229958444842,8.655103022042487e-05,0.00010695262933383202,5.900113609739749e-05,0.000273229958444842,8.655103022042487e-05,0.00010695262933383202,-1.1567510587538228,0.9185827848737609,0.772,2.4664917485111486,0.00010988550562475473,0.00015818069359585312,0.006189977928410179,1.3425074578700793,0.0,0.30603303609519006
0.7333333333333333,0.75,0.8333333333333333,-1.3147999410651359,0.01,0.08,2.274444092827178,0.02274444092827178,0.18195552742617424,0.18195552742617424,0.00385539834252137,0.003872994082185645,0.0038378026028570954,0.000993389804489887,1000,200,200,10000,10000,10000,10000,-1.102573535428075,0.6282864272782019,0.92,1.9790027682098028,6.315293949740577e-05,0.0002518076711096464,9.648784830207679e-05,6.402528822724674e-05,6.315293949740577e-05,0.0002518076711096464,9.648784830207679e-05,6.402528822724674e-05,-1.1126361096148392,0.9065441946281165,0.781,2.459878247249365,0.00010614261227931105,0.0001475819359296187,0.0015347894750900978,1.3186882365965475,0.0,0.3054220746532701
0.7333333333333333,0.75,0.85,-1.291996577301339,0.01,0.08,2.2992837229130556,0.022992837229130557,0.18394269783304446,0.18394269783304448,0.00398275769212132,0.003946728378402766,0.004018787005839875,0.0010845245665853317,1000,200,200,10000,10000,10000,10000,-1.1491424903186067,0.5875163573770261,0.942,1.9790889307761068,7.32625335320004e-05,0.00030417809547295317,0.0001084826065733974,8.470194887929945e-05,7.32625335320004e-05,0.00030417809547295317,0.0001084826065733974,8.470194887929945e-05,-1.1225662249912707,0.9274737620298904,0.775,2.4322034402026036,0.00012933752090628624,0.00020093644348710826,0.0016682431707692928,1.2958064258523239,0.0,0.3054285926533402
0.7333333333333333,0.7666666666666666,0.7,-1.312227423925743,0.01,0.08,2.0619761233249507,0.020619761233249507,0.16495808986599605,0.16495808986599605,0.0035961119069046785,0.003596111906904679,0.003596111906904678,0.0006626409730888799,1000,200,200,10000,10000,10000,10000,-1.1590732490045648,0.6399044222216704,0.938,2.0964054884951895,3.3466618414505444e-05,0.00013494514639517965,6.043467035372301e-05,6.134457154844295e-05,3.3466618414505444e-05,0.00013494514639517965,6.043467035372301e-05,6.134457154844295e-05,-1.1352807894831176,0.9916179332449171,0.759,2.455184857387139,5.484052070923506e-05,0.00010608080262358692,0.002757804698244987,1.3173324355177214,0.0,0.3057563508569322
0.7333333333333333,0.7666666666666666,0.7166666666666667,-1.3230638577012037,0.01,0.08,2.067880342809236,0.02067880342809236,0.16543042742473887,0.16543042742473885,0.003680164537670367,0.0036633685515300106,0.003696960523810723,0.0006310656981086859,1000,200,200,10000,10000,10000,10000,-1.1751318408426359,0.6251207744516515,0.927,2.078338769336946,2.7745790430613197e-05,0.00012888188220721796,4.0404167589498114e-05,6.087987748874421e-05,2.7745790430613197e-05,0.00012888188220721796,4.0404167589498114e-05,6.087987748874421e-05,-1.132834455748123,0.9774305259196584,0.753,2.4638926744030765,5.147098951622508e-05,0.00010191172286489244,0.003946882364593101,1.3293442971603864,0.0,0.30513559349737696
0.7333333333333333,0.7666666666666666,0.7333333333333333,-1.329613575554991,0.01,0.08,2.1005842559559342,0.021005842559559344,0.16804674047647475,0.16804674047647475,0.0037489479892796294,0.0037657439754199854,0.0037321520031392734,0.0007100944363064368,1000,200,200,10000,10000,10000,10000,-1.1368162403776387,0.6400025803244332,0.945,2.068035544354705,3.512277150709702e-05,0.0001487206003744225,5.3299354790486655e-05,5.750184408965104e-05,3.512277150709702e-05,0.0001487206003744225,5.3299354790486655e-05,5.750184408965104e-05,-1.1675300878039003,0.9437719316944103,0.767,2.4781764751361433,5.978623507741022e-05,9.349801093906671e-05,-0.00045295807819393656,1.331447666305267,0.0,0.3053103800883317
0.7333333333333333,0.7666666666666666,0.75,-1.3318048174076815,0.01,0.08,2.137690180627724,0.02137690180627724,0.17101521445021792,0.17101521445021794,0.003784139468608179,0.003800935454748535,0.003767343482467823,0.0008241094432865685,1000,200,200,10000,10000,10000,10000,-1.1527634376923,0.6369833165488785,0.93,2.0492929764058196,4.9163927036016416e-05,0.0001986035316890787,9.42398936958242e-05,7.743959959420896e-05,4.9163927036016416e-05,0.0001986035316890787,9.42398936958242e-05,7.743959959420896e-05,-1.1762876141528489,0.950636556338535,0.779,2.484947014938404,8.217817897575534e-05,0.00014158066413899874,-0.0023010639957874455,1.3319293816020734,0.0,0.305843105113018
0.7333333333333333,0.7666666666666666,0.7666666666666666,-1.329613575554991,0.01,0.08,2.136669636603665,0.02136669636603665,0.1709335709282932,0.1709335709282932,0.0037153560169989166,0.003800935454748535,0.0036297765792492978,0.0007836390696312082,1000,200,200,10000,10000,10000,10000,-1.16888204986893,0.6469443805150128,0.938,2.092113707081162,4.416259220326024e-05,0.00017685215957650416,6.654024705278835e-05,6.772403330755451e-05,4.416259220326024e-05,0.00017685215957650416,6.654024705278835e-05,6.772403330755451e-05,-1.1675416881388672,0.8914318044414138,0.787,2.469537727483798,8.113565824794097e-05,0.00013444182668174707,-0.0011430804723174773,1.3308347453514022,0.0,0.304979579825918
0.7333333333333333,0.7666666666666666,0.7833333333333333,-1.3230638577012037,0.01,0.08,2.1848410834268712,0.021848410834268712,0.1747872866741497,0.1747872866741497,0.003800935454748535,0.0037657439754199854,0.0038361269340770844,0.0007549811355462896,1000,200,200,10000,10000,10000,10000,-1.181259561659449,0.6130505733477193,0.943,2.0186582562397835,3.6925140154687657e-05,0.00015043859006895612,5.0246964975898985e-05,5.97833440651414e-05,3.6925140154687657e-05,0.00015043859006895612,5.0246964975898985e-05,5.97833440651414e-05,-1.1515984008815547,0.8952040190687698,0.778,2.465158531161236,7.439838930644323e-05,0.000117317983101475,0.0006307738449434125,1.3261581110452587,0.0,0.3053079601773053
0.7333333333333333,0.7666666666666666,0.7999999999999999,-1.312227423925743,0.01,0.08,2.225315261959711,0.02225315261959711,0.1780252209567769,0.17802522095677686,0.0038193309479367284,0.0038025349617963724,0.0038361269340770844,0.0009101664399826015,1000,200,200,10000,10000,10000,10000,-1.148621910482969,0.6551052842815714,0.936,2.0352351176242367,5.758915823852267e-05,0.00023371445464938522,9.505991775843358e-05,8.031586407331173e-05,5.758915823852267e-05,0.00023371445464938522,9.505991775843358e-05,8.031586407331173e-05,-1.1269155990963893,0.9495174808964779,0.774,2.518277002652504,0.00010288931243291177,0.00017105855572079957,-0.0022323963562538643,1.3123344615388413,0.0,0.30597536854052576
0.7333333333333333,0.7666666666666666,0.8166666666666667,-1.2972230004647218,0.01,0.08,2.264417080589424,0.02264417080589424,0.1811533664471539,0.1811533664471539,0.00385539834252137,0.003909861230294205,0.003800935454748535,0.001067300751272356,1000,200,200,10000,10000,10000,10000,-1.1482399834894461,0.6119227959068628,0.934,1.9460697351771439,7.03363367978763e-05,0.000311434208271626,0.00011149909619790447,0.00011365434597092795,7.03363367978763e-05,0.000311434208271626,0.00011149909619790447,0.00011365434597092795,-1.1354458173933324,0.8714068962891901,0.803,2.449014762504486,0.00012660890090763656,0.00020534696850328454,-0.0019305288683216682,1.2975898379104935,0.0,0.3056985453079782
0.7333333333333333,0.7666666666666666,0.8333333333333333,-1.2782149789214572,0.01,0.08,2.301237502263619,0.023012375022636193,0.18409900018108954,0.18409900018108954,0.004001231160290794,0.003981919857731315,0.004020542462850272,0.0010934113854825947,1000,200,200,10000,10000,10000,10000,-1.1404082800674078,0.5656239948342213,0.932,1.8792947554700612,6.524075163346382e-05,0.00029457743158827,9.582380598913586e-05,0.00016219122512686933,6.524075163346382e-05,0.00029457743158827,9.582380598913586e-05,0.00016219122512686933,-1.0533265198358361,0.9332146718638341,0.781,2.4618295461060056,0.00012027317851214221,0.00018215519063736018,0.002489334285299534,1.2831355340805732,0.0,0.3048209337114102
0.7333333333333333,0.7666666666666666,0.85,-1.2554116151576604,0.01,0.08,2.3343409465365035,0.023343409465365034,0.18674727572292027,0.18674727572292027,0.004038976036904552,0.004020542462850272,0.004057409610958833,0.0011141218086319646,1000,200,200,10000,10000,10000,10000,-1.0927744643265658,0.5796677328811021,0.943,1.8995039649323633,7.088101444356805e-05,0.00027921093692471495,9.984999065669292e-05,9.089610317909433e-05,7.088101444356805e-05,0.00027921093692471495,9.984999065669292e-05,9.089610317909433e-05,-1.1109247720595379,0.8615520568908696,0.807,2.464046463492313,0.00013188182956534318,0.00019600140008448004,0.0035598417147439496,1.2613385003034123,0.0,0.3054378454580683
0.7333333333333333,0.7833333333333333,0.7,-1.2763296032125921,0.01,0.08,2.0829495621494383,0.020829495621494384,0.16663596497195507,0.16663596497195504,0.003663368551530011,0.0035945850999207483,0.0037321520031392734,0.0007509441919954766,1000,200,200,10000,10000,10000,10000,-1.1639386929065652,0.6166422150045572,0.955,2.0332437653073034,3.853978173500433e-05,0.00017659684943472728,6.082065538322564e-05,5.209591602478261e-05,3.853978173500433e-05,0.00017659684943472728,6.082065538322564e-05,5.209591602478261e-05,-1.0861896278221022,0.9710417974913156,0.761,2.4447882347806353,6.108090888161144e-05,0.00010278922970509702,0.0032234977889672185,1.282110887799907,0.0,0.30446570761908026
0.7333333333333333,0.7833333333333333,0.7166666666666667,-1.2871660369880529,0.01,0.08,2.093829177998223,0.020938291779982233,0.16750633423985786,0.16750633423985786,0.003697760277334642,0.0037321520031392726,0.0036633685515300106,0.000649226371247688,1000,200,200,10000,10000,10000,10000,-1.1148709422277618,0.6310419522380988,0.926,2.0661270314321007,2.9067952573025767e-05,0.00012136205293365397,4.2179365316995374e-05,4.6476351785835705e-05,2.9067952573025767e-05,0.00012136205293365397,4.2179365316995374e-05,4.6476351785835705e-05,-1.1040073370638788,0.931683256295765,0.768,2.509961250184512,5.487721020666798e-05,9.58185583110049e-05,0.0010471776029823189,1.2905086254581193,0.0,0.3058938403245142
0.7333333333333333,0.7833333333333333,0.7333333333333333,-1.2937157548418399,0.01,0.08,2.121139059862303,0.02121139059862303,0.16969112478898424,0.16969112478898424,0.0037329898375292785,0.003802611123528546,0.0036633685515300106,0.0007258639338659688,1000,200,200,10000,10000,10000,10000,-1.112474870443321,0.6473530127803362,0.944,2.0866343686005693,3.881933820099659e-05,0.000164171456727366,6.786047608398305e-05,8.749134917134966e-05,3.881933820099659e-05,0.000164171456727366,6.786047608398305e-05,8.749134917134966e-05,-1.1540501917021933,0.9026444061188711,0.794,2.4964358303087937,6.96789674923877e-05,0.0001304731093418638,-0.007493513831677477,1.288552825133603,0.0,0.3045026980789011
0.7333333333333333,0.7833333333333333,0.75,-1.2959069966945307,0.01,0.08,2.137895339386743,0.02137895339386743,0.17103162715093945,0.17103162715093947,0.0036961607702868052,0.003730552496091436,0.0036617690444821745,0.000693700882927716,1000,200,200,10000,10000,10000,10000,-1.1348630661785766,0.649387833585607,0.939,2.128765096169519,3.5946704056975824e-05,0.00012711368412772692,5.19711467108986e-05,2.6771520512322705e-05,3.5946704056975824e-05,0.00012711368412772692,5.19711467108986e-05,2.6771520512322705e-05,-1.1147057344193423,0.9003523029734046,0.808,2.480353497631586,6.373623078024707e-05,9.150430122424659e-05,-0.004358981926122764,1.2939289223101136,0.0,0.3056043810781443
0.7333333333333333,0.7833333333333333,0.7666666666666666,-1.29371575484184,0.01,0.08,2.1684772803790935,0.021684772803790935,0.17347818243032748,0.1734781824303275,0.003856198096045289,0.003945052709622755,0.003767343482467823,0.0008656526963339214,1000,200,200,10000,10000,10000,10000,-1.1399168635226196,0.6110652641570711,0.938,2.031837029963086,5.123885941846839e-05,0.0002050333290303492,7.71493772325955e-05,5.0060783781992364e-05,5.123885941846839e-05,0.0002050333290303492,7.71493772325955e-05,5.0060783781992364e-05,-1.10307572824098,0.9544023751503284,0.747,2.383157123231294,7.811637291889399e-05,0.00011306910656740858,-0.006615880357315126,1.2892844158420946,0.0,0.3059856770595398
0.7333333333333333,0.7833333333333333,0.7833333333333333,-1.2871660369880529,0.01,0.08,2.198516147891275,0.02198516147891275,0.175881291831302,0.17588129183130197,0.00385539834252137,0.003872994082185645,0.0038378026028570954,0.0008884784428840043,1000,200,200,10000,10000,10000,10000,-1.1036711483900892,0.6048820186026967,0.926,1.9608568277602187,5.1447236928285134e-05,0.0002042937276795903,9.029611566550101e-05,6.921071876085744e-05,5.1447236928285134e-05,0.0002042937276795903,9.029611566550101e-05,6.921071876085744e-05,-1.1173392421103021,0.9479898281838286,0.798,2.558237844230746,8.895666045227573e-05,0.00013113483578006623,0.004509971653036495,1.2940205086302567,0.0,0.3057077311093393
0.7333333333333333,0.7833333333333333,0.7999999999999999,-1.2763296032125921,0.01,0.08,2.2386580523710817,0.022386580523710817,0.17909264418968654,0.17909264418968654,0.003947606106907964,0.003872994082185645,0.004022218131630282,0.0009367414691466552,1000,200,200,10000,10000,10000,10000,-1.10292238975032,0.5834373335220899,0.933,1.861018444669625,4.755041881650545e-05,0.0002179229623551852,6.381106599634614e-05,6.149156302715193e-05,4.755041881650545e-05,0.0002179229623551852,6.381106599634614e-05,6.149156302715193e-05,-1.1240338335431872,0.9037590538179505,0.786,2.482504428009546,9.860347946311586e-05,0.00015400765934514004,0.004491606158434345,1.283245881293239,0.0,0.30614333775467695
0.7333333333333333,0.7833333333333333,0.8166666666666667,-1.2613251797515712,0.01,0.08,2.280758925032673,0.02280758925032673,0.18246071400261385,0.18246071400261385,0.003872994082185645,0.003872994082185645,0.003872994082185645,0.000953480835398783,1000,200,200,10000,10000,10000,10000,-1.131607140019023,0.6318925064981075,0.936,2.1076751256380084,6.822791323462636e-05,0.00024482852888649536,0.00011104889125536458,9.899406383811685e-05,6.822791323462636e-05,0.00024482852888649536,0.00011104889125536458,9.899406383811685e-05,-1.0843274090161135,0.9066736390507644,0.778,2.4460164178403097,0.00011355569714000697,0.00017973679440809684,0.001970902983688593,1.2656783924878892,0.0,0.30508320196985317
0.7333333333333333,0.7833333333333333,0.8333333333333333,-1.2423171582083063,0.01,0.08,2.3196501068117765,0.023196501068117766,0.18557200854494213,0.18557200854494213,0.0040196647343450735,0.004020542462850272,0.004018787005839875,0.00105806357445465,1000,200,200,10000,10000,10000,10000,-1.1137639189737454,0.5765495259461122,0.933,1.9053060337308299,6.578879917954042e-05,0.0002664282829255975,0.00010549939773209943,0.00011360110769751741,6.578879917954042e-05,0.0002664282829255975,0.00010549939773209943,0.00011360110769751741,-1.036537539560042,0.9072238908409223,0.78,2.3914691732131965,0.00011691671345731828,0.00017027348244122797,-0.001141895481017046,1.2437315421321629,0.0,0.30518475127154115
0.7333333333333333,0.7833333333333333,0.85,-1.2195137944445098,0.01,0.08,2.352600890559862,0.02352600890559862,0.18820807124478897,0.18820807124478894,0.003981919857731315,0.003981919857731315,0.003981919857731315,0.0011719765238608815,1000,200,200,10000,10000,10000,10000,-1.095221248177191,0.598417890899451,0.965,1.9853496503236272,8.753898232783362e-05,0.00035236020169036766,0.0001319747647454757,0.00015217701672516515,8.753898232783362e-05,0.00035236020169036766,0.0001319747647454757,0.00015217701672516515,-1.0473609158902737,0.9190902006133851,0.782,2.4988763185730645,0.00014912586344149794,0.00020054227929214728,-0.000255001775344525,1.2218113386170033,0.0,0.30616063904993523
0.7333333333333333,0.7999999999999999,0.7,-1.241512227965806,0.01,0.08,2.1028486524357817,0.021028486524357817,0.16822789219486253,0.16822789219486256,0.00385539834252137,0.003800935454748535,0.003909861230294205,0.0008303552459111637,1000,200,200,10000,10000,10000,10000,-1.1039843207389344,0.6080123940392435,0.952,2.0014170507608315,4.521135185647463e-05,0.00020953442361876988,7.254513523174108e-05,6.170446695921038e-05,4.521135185647463e-05,0.00020953442361876988,7.254513523174108e-05,6.170446695921038e-05,-1.0512892759836012,0.9626010236570312,0.767,2.487063966825707,7.122896159007737e-05,0.0001296928487274589,-0.0027443552865792967,1.2412516447426085,0.0,0.3054688165614627
0.7333333333333333,0.7999999999999999,0.7166666666666667,-1.252348661741267,0.01,0.08,2.1173404313472046,0.021173404313472047,0.16938723450777637,0.16938723450777637,0.0036465362153577014,0.0036617690444821745,0.0036313033862332283,0.0007159688052402521,1000,200,200,10000,10000,10000,10000,-1.1062788072149983,0.6309991951572652,0.946,2.066306320945059,3.669430355878595e-05,0.0001583334190579816,5.925397702133936e-05,7.399815063946544e-05,3.669430355878595e-05,0.0001583334190579816,5.925397702133936e-05,7.399815063946544e-05,-1.1144803797722638,0.9093545450145744,0.778,2.476009779418439,6.560670501605191e-05,0.00011765382861017584,0.0023547794976390697,1.25725190704207,0.0,0.30529606588357644
0.7333333333333333,0.7999999999999999,0.7333333333333333,-1.258898379595054,0.01,0.08,2.1342397918298204,0.021342397918298204,0.17073918334638563,0.17073918334638563,0.003766543728943904,0.003767343482467823,0.0037657439754199854,0.0007847216919941288,1000,200,200,10000,10000,10000,10000,-1.1235933550575015,0.6600458918547069,0.948,2.070896495864454,4.479848961558818e-05,0.00018366968618857592,8.015874650872306e-05,4.90032777841679e-05,4.479848961558818e-05,0.00018366968618857592,8.015874650872306e-05,4.90032777841679e-05,-1.1262989623926545,0.9207825463134347,0.787,2.416010657988956,6.966140835143673e-05,0.00011744515558310525,-0.007041175998758502,1.2543738722269868,0.0,0.3053222285331341
0.7333333333333333,0.7999999999999999,0.75,-1.2610896214477447,0.01,0.08,2.1482414774455147,0.021482414774455148,0.17185931819564118,0.1718593181956412,0.003800935454748535,0.0037657439754199854,0.0038361269340770844,0.0007845888115134002,1000,200,200,10000,10000,10000,10000,-1.1305473104984494,0.635457187315405,0.948,2.0510573467446807,4.3395679443096776e-05,0.00019291448807689515,7.474190192568034e-05,9.013736686594057e-05,4.3395679443096776e-05,0.00019291448807689515,7.474190192568034e-05,9.013736686594057e-05,-1.0896653323383083,0.9480691547349559,0.771,2.4663632053485722,7.71892875747745e-05,0.00015179431536848736,-0.006903090906559244,1.256620941510792,0.0,0.30398324620578754
0.7333333333333333,0.7999999999999999,0.7666666666666666,-1.258898379595054,0.01,0.08,2.189325040202311,0.02189325040202311,0.17514600321618487,0.17514600321618487,0.0038210066167167394,0.003804210630576383,0.0038378026028570954,0.0008967190667631562,1000,200,200,10000,10000,10000,10000,-1.0995082989168725,0.5961656705681367,0.934,1.9823709023139608,4.911493760253456e-05,0.000220060936300872,7.271880272099092e-05,8.974212118319996e-05,4.911493760253456e-05,0.000220060936300872,7.271880272099092e-05,8.974212118319996e-05,-1.0221027518078594,0.9318602772822486,0.771,2.4606175293046,8.76197109256503e-05,0.00014740351927891346,-0.0012726302319403357,1.260006972198869,0.0,0.30520204397775313
0.7333333333333333,0.7999999999999999,0.7833333333333333,-1.252348661741267,0.01,0.08,2.217252287283872,0.02217252287283872,0.17738018298270977,0.17738018298270977,0.00375062365805964,0.0037338276719192836,0.0037674196441999964,0.0008775025769530655,1000,200,200,10000,10000,10000,10000,-1.1295086072244795,0.6667937467483127,0.956,2.076180344847847,5.4510839369669844e-05,0.0002240702190700325,9.028615395216217e-05,7.881315736414685e-05,5.4510839369669844e-05,0.0002240702190700325,9.028615395216217e-05,7.881315736414685e-05,-1.0675764279973143,0.924319112939792,0.78,2.4787358800321546,9.636671488381089e-05,0.0001520470836898852,-0.0058424794151640345,1.2490444798310887,0.0,0.3055672681649317
0.7333333333333333,0.7999999999999999,0.7999999999999999,-1.2415122279658062,0.01,0.08,2.2569830035555,0.022569830035555,0.18055864028444,0.18055864028444,0.003945890544012761,0.003945052709622755,0.003946728378402766,0.0010415256473755448,1000,200,200,10000,10000,10000,10000,-1.0825036314772873,0.5685022708933145,0.939,1.9026230080709003,5.953185886171186e-05,0.0002720689524330961,9.342539870895892e-05,0.00013289618996667878,5.953185886171186e-05,0.0002720689524330961,9.342539870895892e-05,0.00013289618996667878,-1.025037309486458,0.8994829463032954,0.773,2.388000299655937,0.00010559039425586394,0.00023578208891482093,-0.005027250722249512,1.239146318647094,0.0,0.30557095147088525
0.7333333333333333,0.7999999999999999,0.8166666666666667,-1.226507804504785,0.01,0.08,2.2889298035735246,0.022889298035735247,0.18311438428588198,0.18311438428588198,0.003928294804348486,0.003909861230294205,0.003946728378402766,0.001040463456657298,1000,200,200,10000,10000,10000,10000,-1.0320643028182623,0.5802872952798531,0.941,1.8617461682998335,5.752056444633879e-05,0.0002573795464483577,7.668546572181294e-05,5.081351717036215e-05,5.752056444633879e-05,0.0002573795464483577,7.668546572181294e-05,5.081351717036215e-05,-1.0316293466966695,0.8959897648744736,0.786,2.4439738901079777,0.00011184583749046573,0.00015702289411551585,0.000527798312151781,1.2294904640398143,0.0,0.3049779313135314
0.7333333333333333,0.7999999999999999,0.8333333333333333,-1.2074997829615202,0.01,0.08,2.344048837690771,0.02344048837690771,0.18752390701526167,0.18752390701526167,0.00411446579013207,0.00409603221607779,0.00413289936418635,0.0011805251077611847,1000,200,200,10000,10000,10000,10000,-1.044704055815372,0.5729041556711164,0.916,1.866131795411791,7.429501282801376e-05,0.00033269233947756254,0.00010001980178450167,0.00010994180989022817,7.429501282801376e-05,0.00033269233947756254,0.00010001980178450167,0.00010994180989022817,-1.004059672170068,0.8748579124089952,0.788,2.4710508115028884,0.0001418286758686444,0.0001981197715368023,0.000353845711952667,1.2104088722783477,0.0,0.30559856721599804
0.7333333333333333,0.7999999999999999,0.85,-1.1846964191977236,0.01,0.08,2.373942444572372,0.023739424445723717,0.18991539556578974,0.18991539556578974,0.0039643241180670405,0.003981919857731315,0.003946728378402766,0.001070925293375448,1000,200,200,10000,10000,10000,10000,-1.0466411744900874,0.6055293174073064,0.946,2.00128102707641,7.172512352248767e-05,0.0002634513291033495,8.986810913730346e-05,6.014267129593247e-05,7.172512352248767e-05,0.0002634513291033495,8.986810913730346e-05,6.014267129593247e-05,-1.0659576865446798,0.872285022852972,0.802,2.455715602234204,0.00012591409252329033,0.00014936740897189915,-0.0017217952093711189,1.1857560077863847,0.0,0.30612534236392325
0.7333333333333333,0.8166666666666667,0.7,-1.2081567646345912,0.01,0.08,2.1240726885003243,0.021240726885003242,0.16992581508002594,0.1699258150800259,0.0037321520031392726,0.003800935454748535,0.0036633685515300106,0.0007142680760952919,1000,200,200,10000,10000,10000,10000,-1.1027847858911628,0.6287180400314939,0.964,2.109866414454868,3.6957098306099804e-05,0.00015666935054001828,5.487024742557354e-05,5.4893157410409635e-05,3.6957098306099804e-05,0.00015666935054001828,5.487024742557354e-05,5.4893157410409635e-05,-1.0330400649402491,0.9557588379657277,0.758,2.4689525611799366,6.337920600152373e-05,8.970698047611268e-05,-0.0004550506551150816,1.2101993306449081,0.0,0.3054729221915507
0.7333333333333333,0.8166666666666667,0.7166666666666667,-1.2189931984100522,0.01,0.08,2.1472966495016035,0.021472966495016035,0.17178373196012828,0.17178373196012828,0.0037531008936126753,0.00369856003085856,0.0038076417563667904,0.0007664438719626494,1000,200,200,10000,10000,10000,10000,-1.0739843970010188,0.6618864067228187,0.953,2.136419034140507,4.5111843297444085e-05,0.0001735441440769652,7.249472573203457e-05,5.779541521843288e-05,4.5111843297444085e-05,0.0001735441440769652,7.249472573203457e-05,5.779541521843288e-05,-1.0242229599813013,0.9461228139698885,0.782,2.515325576650775,7.23026794235617e-05,0.00011634621562856957,-0.004331320067022621,1.2171208705818186,0.0,0.30580840042960805
0.7333333333333333,0.8166666666666667,0.7333333333333333,-1.2255429162638392,0.01,0.08,2.150183157756661,0.021501831577566608,0.17201465262053287,0.17201465262053287,0.003766581809809991,0.0038378026028570954,0.0036953610167628865,0.0007921864361581786,1000,200,200,10000,10000,10000,10000,-1.11632663401643,0.6628101008951238,0.958,2.1199473957691817,4.6931200267795364e-05,0.0001981881716825315,7.650059165356567e-05,8.58262127175473e-05,4.6931200267795364e-05,0.0001981881716825315,7.650059165356567e-05,8.58262127175473e-05,-1.0805431761802138,0.9234438663620678,0.776,2.4521610607424056,8.567198858380852e-05,0.00016291042178121534,-0.007486505681764347,1.220518191776456,0.0,0.3051028920704162
0.7333333333333333,0.8166666666666667,0.75,-1.2277341581165298,0.01,0.08,2.1724299413700083,0.021724299413700084,0.17379439530960067,0.17379439530960067,0.0038562361769113756,0.0038394782716371064,0.003872994082185645,0.0008161440467698009,1000,200,200,10000,10000,10000,10000,-1.0824272799836767,0.6294861111762765,0.953,2.030229242911631,4.410679444152992e-05,0.00017037190228255474,6.0500227769124125e-05,4.157873917056988e-05,4.410679444152992e-05,0.00017037190228255474,6.0500227769124125e-05,4.157873917056988e-05,-0.9983155380307864,0.9318709437644193,0.771,2.489585229001429,7.697099740060807e-05,0.00011563439899977345,-0.0019065692445562029,1.2285022203188833,0.0,0.3044965692532645
0.7333333333333333,0.8166666666666667,0.7666666666666666,-1.2255429162638392,0.01,0.08,2.210966885314453,0.02210966885314453,0.17687735082515624,0.1768773508251562,0.003874709645080849,0.003872994082185645,0.0038764252079760532,0.000849598160244966,1000,200,200,10000,10000,10000,10000,-1.0458050848187046,0.6213784953990384,0.942,1.968831623940007,4.5160726504851146e-05,0.00017214006571151928,6.606072631204343e-05,4.073992454341035e-05,4.5160726504851146e-05,0.00017214006571151928,6.606072631204343e-05,4.073992454341035e-05,-1.073540960560282,0.8807523508780659,0.796,2.4531720446342473,8.2401856329932e-05,0.00011193531764538407,0.0030647155256676396,1.231066116188536,0.0,0.30505293744092
0.7333333333333333,0.8166666666666667,0.7833333333333333,-1.2189931984100522,0.01,0.08,2.2370512577254855,0.022370512577254857,0.17896410061803886,0.17896410061803886,0.0038738718106908435,0.003946808166633152,0.003800935454748535,0.000939293901799063,1000,200,200,10000,10000,10000,10000,-1.0479819908646333,0.6120134854683921,0.953,1.9565390589586733,5.4011577332599366e-05,0.00023299828534974966,7.539525035243543e-05,7.432299340618911e-05,5.4011577332599366e-05,0.00023299828534974966,7.539525035243543e-05,7.432299340618911e-05,-1.0057302570849833,0.9176705656904763,0.772,2.411666110484987,0.00010068533461509123,0.00017097913440840428,-5.954026529096447e-05,1.2215775099435675,0.0,0.3053850706305495
0.7333333333333333,0.8166666666666667,0.7999999999999999,-1.2081567646345912,0.01,0.08,2.2718915460247144,0.022718915460247145,0.18175132368197716,0.1817513236819772,0.00385539834252137,0.003909861230294205,0.003800935454748535,0.0009625523099314829,1000,200,200,10000,10000,10000,10000,-1.0757606385404035,0.5734806072564452,0.938,1.9336661781028985,5.455699607088947e-05,0.00022601983600571595,7.533078041695605e-05,7.16356908488804e-05,5.455699607088947e-05,0.00022601983600571595,7.533078041695605e-05,7.16356908488804e-05,-1.0036496739922327,0.8569230834345417,0.81,2.4804429389947034,0.00010585533950700486,0.000163114119392989,0.0033917668737226815,1.214124813490297,0.0,0.3045398131976767
0.7333333333333333,0.8166666666666667,0.8166666666666667,-1.1931523411735703,0.01,0.08,2.3044441151366284,0.023044441151366283,0.18435552921093026,0.18435552921093026,0.003928334698463679,0.003945052709622755,0.003911616687304603,0.0010878218149389354,1000,200,200,10000,10000,10000,10000,-1.0402517571957812,0.6071059194711659,0.946,1.9349670294699375,7.217555659874786e-05,0.0002726062582666775,0.00010804109766874118,7.517804460016821e-05,7.217555659874786e-05,0.0002726062582666775,0.00010804109766874118,7.517804460016821e-05,-1.026836120470413,0.8890028049072799,0.786,2.4620651269872784,0.00012097813960769752,0.00016087621737115906,0.003313170254618896,1.1988906822420906,0.0,0.30601174046697427
0.7333333333333333,0.8166666666666667,0.8333333333333333,-1.1741443196303054,0.01,0.08,2.3490901271457445,0.023490901271457445,0.18792721017165956,0.18792721017165956,0.004003824451691196,0.003948483835413163,0.004059165067969229,0.00112400395476327,1000,200,200,10000,10000,10000,10000,-1.0004695909062165,0.5989362153354666,0.952,1.9419417102043834,7.80491401510002e-05,0.0003101241825750448,0.00012044111502287199,8.960410575827167e-05,7.80491401510002e-05,0.0003101241825750448,0.00012044111502287199,8.960410575827167e-05,-1.0045987558560132,0.9028523365514991,0.794,2.4422783610488343,0.00013869521108307673,0.0002104849662635945,0.006642141434016459,1.1832981387059844,0.0,0.30458586084185185
0.7333333333333333,0.8166666666666667,0.85,-1.1513409558665089,0.01,0.08,2.3623931850245334,0.023623931850245333,0.18899145480196267,0.18899145480196267,0.0041188981259499095,0.004175116470733142,0.004062679781166678,0.0012117456054579422,1000,200,200,10000,10000,10000,10000,-0.9992357764507952,0.6132311429299682,0.927,1.9534397227377822,8.604133733005266e-05,0.00035602326181897103,0.00011516659450499516,0.00016303230981708826,8.604133733005266e-05,0.00035602326181897103,0.00011516659450499516,0.00016303230981708826,-0.9906360828837204,0.9224963080089174,0.81,2.525131618658013,0.00016445313346856867,0.0002525467275483851,-0.0025142183603321278,1.1512682568387398,0.0,0.30499299432368654
0.7333333333333333,0.8333333333333333,0.7,-1.1766286626552847,0.01,0.08,2.1648586274082335,0.021648586274082334,0.17318869019265867,0.17318869019265865,0.0037673815633339097,0.0037321520031392734,0.003802611123528546,0.0007806644799955047,1000,200,200,10000,10000,10000,10000,-1.0302197137397322,0.6273171673560368,0.953,2.044765681449375,4.1445140744622256e-05,0.0001684064409995652,6.282452929487573e-05,4.3223217266320396e-05,4.1445140744622256e-05,0.0001684064409995652,6.282452929487573e-05,4.3223217266320396e-05,-0.9797452439181538,0.9459361954884009,0.753,2.438211001321445,7.279637266878822e-05,0.00010294977023792022,0.001543844524597845,1.180546752407386,0.0,0.30475710390293137
0.7333333333333333,0.8333333333333333,0.7166666666666667,-1.1874650964307456,0.01,0.08,2.171576801628261,0.02171576801628261,0.17372614413026088,0.17372614413026088,0.0038034108770524646,0.003802611123528546,0.003804210630576383,0.0008096380854975433,1000,200,200,10000,10000,10000,10000,-1.008318791649,0.6518896864641023,0.953,2.1070872768868067,4.8208546218501775e-05,0.0001838624495110253,7.668791233305801e-05,6.662923642401347e-05,4.8208546218501775e-05,0.0001838624495110253,7.668791233305801e-05,6.662923642401347e-05,-1.0111091448520786,0.9404671829440667,0.789,2.4901916428072095,8.089171241999998e-05,0.00011143921194396825,0.00288872688386066,1.1930927901064046,0.0,0.30553647635516923
0.7333333333333333,0.8333333333333333,0.7333333333333333,-1.1940148142845326,0.01,0.08,2.177913483094957,0.02177913483094957,0.17423307864759657,0.1742330786475966,0.0037849773029981844,0.0037321520031392734,0.0038378026028570954,0.0007991571677915118,1000,200,200,10000,10000,10000,10000,-1.0222125573198324,0.6674502528213151,0.947,2.1872727507897376,5.011567684032753e-05,0.00019333042837121648,7.803002845867605e-05,8.03376735369545e-05,5.011567684032753e-05,0.00019333042837121648,7.803002845867605e-05,8.03376735369545e-05,-1.0367364680757272,0.9532867955179196,0.78,2.5085154532490685,8.366163611161528e-05,0.00012304746337241283,0.00879797163928589,1.2053921457700985,0.0,0.3044462926126567
0.7333333333333333,0.8333333333333333,0.75,-1.1962060561372232,0.01,0.08,2.1907894919971436,0.021907894919971437,0.1752631593597715,0.17526315935977152,0.0038394800848862124,0.003767343482467822,0.003911616687304603,0.0008714703200282277,1000,200,200,10000,10000,10000,10000,-1.0337902159141652,0.6080023554032316,0.944,1.9422118280853828,4.714359207095736e-05,0.00020185316971859903,7.882495158232971e-05,6.492393568029248e-05,4.714359207095736e-05,0.00020185316971859903,7.882495158232971e-05,6.492393568029248e-05,-1.043685677511541,0.929709906454554,0.771,2.4283320933613894,8.061533307615844e-05,0.0001214951503677465,0.0016375628633359463,1.2003951029331947,0.0,0.3056804701891281
0.7333333333333333,0.8333333333333333,0.7666666666666666,-1.1940148142845326,0.01,0.08,2.2222937810053773,0.022222937810053772,0.17778350248043018,0.17778350248043018,0.0038378026028570954,0.003874669750965656,0.003800935454748535,0.0008882856089437834,1000,200,200,10000,10000,10000,10000,-1.0984022688172175,0.5824367635616433,0.971,2.0002182233621815,5.172857325673849e-05,0.0002057812657923736,8.383009495622531e-05,7.818880314493931e-05,5.172857325673849e-05,0.0002057812657923736,8.383009495622531e-05,7.818880314493931e-05,-1.0377383766897195,0.9253858986012315,0.784,2.5390772980888654,9.530958507161674e-05,0.0001456886198624375,-0.004618705757844034,1.191818429636654,0.0,0.3051252201144997
0.7333333333333333,0.8333333333333333,0.7833333333333333,-1.1874650964307456,0.01,0.08,2.275630415010949,0.022756304150109492,0.18205043320087594,0.1820504332008759,0.0038738319165756503,0.003802611123528546,0.003945052709622755,0.0009477113627057582,1000,200,200,10000,10000,10000,10000,-1.023541879928827,0.6098428729782914,0.945,1.9711081119806793,5.457344680309225e-05,0.00022365798105909452,7.096476933937168e-05,4.740348041019071e-05,5.457344680309225e-05,0.00022365798105909452,7.096476933937168e-05,4.740348041019071e-05,-1.0299799042543922,0.8837970535028792,0.808,2.4590862920684105,0.0001075958194045539,0.00014725086777310942,-0.0017931441420525034,1.188245563191972,0.0,0.3036750459823818
0.7333333333333333,0.8333333333333333,0.7999999999999999,-1.1766286626552847,0.01,0.08,2.2862938203275913,0.022862938203275913,0.1829035056262073,0.18290350562620727,0.0038947808070490526,0.003874669750965656,0.003914891863132449,0.000985025612086895,1000,200,200,10000,10000,10000,10000,-1.0013654125798905,0.566632934739233,0.946,1.9024109787283763,5.518148890888401e-05,0.00022767085261315233,8.149730083019521e-05,6.191099988234264e-05,5.518148890888401e-05,0.00022767085261315233,8.149730083019521e-05,6.191099988234264e-05,-1.0088443025101055,0.9002544753628702,0.79,2.425504032769481,0.00010194497659128749,0.00013869825966275417,0.005840506775917007,1.1849576499886498,0.0,0.30514720064097106
0.7333333333333333,0.8333333333333333,0.8166666666666667,-1.1616242391942637,0.01,0.08,2.3240947592068,0.023240947592068004,0.18592758073654403,0.18592758073654403,0.003982797586236514,0.004020542462850272,0.003945052709622755,0.0010710616379883003,1000,200,200,10000,10000,10000,10000,-0.9651399919116667,0.6152122565509714,0.936,1.9656484064232782,6.99950014622571e-05,0.00028800756489662824,9.869920028619695e-05,6.538974023907793e-05,6.99950014622571e-05,0.00028800756489662824,9.869920028619695e-05,6.538974023907793e-05,-0.9770598841843194,0.882517935253576,0.784,2.480607607322496,0.0001343345967617231,0.0001974467026344564,0.0017664715284834934,1.1661355940740747,0.0,0.3056140258751481
0.7333333333333333,0.8333333333333333,0.8333333333333333,-1.1426162176509989,0.01,0.08,2.347025907921586,0.02347025907921586,0.18776207263372688,0.18776207263372688,0.003986150737045641,0.004059165067969229,0.003913136406122052,0.0010735092769219837,1000,200,200,10000,10000,10000,10000,-0.9621679196458841,0.5966621494256937,0.935,1.9496425159312665,6.843555107621104e-05,0.00027145721533980904,9.366948043997318e-05,7.701212602513313e-05,6.843555107621104e-05,0.00027145721533980904,9.366948043997318e-05,7.701212602513313e-05,-0.9823537925402206,0.8844142543436082,0.797,2.4617629891451274,0.00012710722628102904,0.00016557125595208447,0.004791880345522888,1.1500261516083756,0.0,0.30556241075629126
0.7333333333333333,0.8333333333333333,0.85,-1.1198128538872023,0.01,0.08,2.368282026167531,0.02368282026167531,0.18946256209340248,0.18946256209340248,0.004038976036904552,0.004057409610958833,0.004020542462850272,0.001268016970463438,1000,200,200,10000,10000,10000,10000,-0.987409474652872,0.5623902096799809,0.953,1.9097493243704065,9.271589573766791e-05,0.00040679826959041254,0.00012818683871908948,0.00012720377529309092,9.271589573766791e-05,0.00040679826959041254,0.00012818683871908948,0.00012720377529309092,-0.9908423312163734,0.9425282400038466,0.77,2.4781161221294177,0.0001710332999351575,0.00022803015024727474,-0.0012922843650239487,1.121367203946645,0.0,0.30524819578121487
0.7333333333333333,0.85,0.7,-1.1472733505108508,0.01,0.08,2.20073205078962,0.0220073205078962,0.1760585640631696,0.1760585640631696,0.00378333971508426,0.003800935454748535,0.0037657439754199854,0.0008343549728314442,1000,200,200,10000,10000,10000,10000,-0.9332205197397424,0.6476248913248721,0.953,2.0687156478420965,5.0054133836589786e-05,0.00019849575861373333,8.573437416524075e-05,5.4208893275227726e-05,5.0054133836589786e-05,0.00019849575861373333,8.573437416524075e-05,5.4208893275227726e-05,-1.0179985424070348,0.9693674024782017,0.757,2.462853167386814,8.381853878991476e-05,0.0001366393113749977,0.002621278154148342,1.1525922318734314,0.0,0.3055204335553484
0.7333333333333333,0.85,0.7166666666666667,-1.1581097842863117,0.01,0.08,2.20585233195955,0.022058523319595503,0.17646818655676402,0.176468186556764,0.0038361269340770844,0.003871318413405634,0.003800935454748535,0.0008375679742872348,1000,200,200,10000,10000,10000,10000,-0.9790959012459286,0.663849569363533,0.939,2.065132273868593,4.9642460660694645e-05,0.0001968214437277743,7.527382130176425e-05,7.531199742775367e-05,4.9642460660694645e-05,0.0001968214437277743,7.527382130176425e-05,7.531199742775367e-05,-1.0040689921975672,0.9562707666896848,0.768,2.501794594375212,8.984430914316596e-05,0.0001392749829510999,-0.002558118334086431,1.1581465283272407,0.0,0.3048888578603356
0.7333333333333333,0.85,0.7333333333333333,-1.1646595021400987,0.01,0.08,2.2167146617865465,0.022167146617865466,0.17733717294292373,0.17733717294292375,0.003819369028802815,0.0038378026028570954,0.003800935454748535,0.0007790916701112362,1000,200,200,10000,10000,10000,10000,-0.9890953940016438,0.6299906968348439,0.954,2.0871519009930166,4.1864933214751926e-05,0.0001605808547930948,5.9196842962960265e-05,5.4793628482240116e-05,4.1864933214751926e-05,0.0001605808547930948,5.9196842962960265e-05,5.4793628482240116e-05,-0.9750523779187732,0.9170517132038277,0.777,2.473383731428892,8.074672602285569e-05,0.00013475569393455985,-0.0007561012270243595,1.1666839424473607,0.0,0.3052185161785477
0.7333333333333333,0.85,0.75,-1.1668507439927895,0.01,0.08,2.240450843681405,0.022404508436814047,0.17923606749451237,0.17923606749451237,0.00385539834252137,0.003909861230294205,0.003800935454748535,0.0009404311092785472,1000,200,200,10000,10000,10000,10000,-0.9758364372942205,0.6165513111275319,0.945,1.991364234416713,5.642397014227513e-05,0.00024130872185478827,8.044442024559314e-05,0.0001034451715486598,5.642397014227513e-05,0.00024130872185478827,8.044442024559314e-05,0.0001034451715486598,-0.9782876008569675,0.9287674219572633,0.778,2.4566153916956823,0.00010373603455469633,0.0001641324644314398,-0.0004431988635797082,1.1690334890983498,0.0,0.3048756261584647
0.7333333333333333,0.85,0.7666666666666666,-1.1646595021400987,0.01,0.08,2.248180627344099,0.02248180627344099,0.1798544501875279,0.1798544501875279,0.003910738958799404,0.0038764252079760532,0.003945052709622755,0.0009370968059425276,1000,200,200,10000,10000,10000,10000,-1.020164249738045,0.6354690773462408,0.942,2.02931034871658,5.803547320843115e-05,0.00025035211100505765,9.44078822819875e-05,8.994894508727367e-05,5.803547320843115e-05,0.00025035211100505765,9.44078822819875e-05,8.994894508727367e-05,-0.9735456871642463,0.9152953239477107,0.794,2.5491210302730383,0.00011898881963695399,0.000197404500989574,0.0008690824861470553,1.1681310911935088,0.0,0.3049779725291838
0.7333333333333333,0.85,0.7833333333333333,-1.1581097842863117,0.01,0.08,2.2848431085637717,0.022848431085637718,0.18278744868510174,0.18278744868510174,0.003891427656239925,0.003872994082185645,0.003909861230294205,0.0009990458014539412,1000,200,200,10000,10000,10000,10000,-0.9831949960660351,0.606874306011186,0.938,2.0258373610261375,6.291812793204167e-05,0.0002667635647329491,8.077288372201212e-05,6.716016595931592e-05,6.291812793204167e-05,0.0002667635647329491,8.077288372201212e-05,6.716016595931592e-05,-0.9414105991168648,0.9241829908975746,0.767,2.459797535022729,0.000117370354955472,0.00018718386221287317,0.00166314619763157,1.1623996359187423,0.0,0.3053956220139377
0.7333333333333333,0.85,0.7999999999999999,-1.147273350510851,0.01,0.08,2.3248284926675638,0.023248284926675637,0.1859862794134051,0.1859862794134051,0.003984473255016524,0.004094276759067393,0.003874669750965656,0.0010672358012611442,1000,200,200,10000,10000,10000,10000,-0.9920001070952295,0.5914188996881347,0.953,1.9585327601428866,6.891709905615591e-05,0.0002719366700743469,9.225581125569685e-05,8.070005184453955e-05,6.891709905615591e-05,0.0002719366700743469,9.225581125569685e-05,8.070005184453955e-05,-0.9357342021560515,0.9176954142044846,0.782,2.4480602012174173,0.0001250071923430316,0.0001777193229169874,0.0024902114197926377,1.152354287083971,0.0,0.3057526322743086
0.7333333333333333,0.85,0.8166666666666667,-1.1322689270498298,0.01,0.08,2.336725640390863,0.02336725640390863,0.18693805123126905,0.18693805123126905,0.004077598642023511,0.004210144574424266,0.003945052709622755,0.0011228587271431105,1000,200,200,10000,10000,10000,10000,-0.968627777166272,0.5517749038358978,0.954,1.8709051391007925,6.84806713595391e-05,0.0003005246098913019,9.204852056244588e-05,7.711933840302825e-05,6.84806713595391e-05,0.0003005246098913019,9.204852056244588e-05,7.711933840302825e-05,-0.9118438076025495,0.9256164607311353,0.786,2.5310113788650366,0.00013467470454491372,0.0001894410299375041,-0.00491643157849104,1.1300109501944644,0.0,0.30538805758329385
0.7333333333333333,0.85,0.8333333333333333,-1.113260905506565,0.01,0.08,2.348135029529728,0.02348135029529728,0.18785080236237825,0.18785080236237825,0.004002108888795992,0.004020542462850272,0.003983675314741713,0.0011357031881114206,1000,200,200,10000,10000,10000,10000,-0.9907407600277159,0.6115825667583327,0.959,1.9592708312427165,8.13978554973517e-05,0.00033413993982768454,0.0001293860641578372,0.00010830644343146309,8.13978554973517e-05,0.00033413993982768454,0.0001293860641578372,0.00010830644343146309,-0.9342394206273154,0.9081154646585679,0.79,2.49245861021024,0.00014366147763115002,0.00020909723900434417,-0.004045676186461512,1.1121144093812445,0.0,0.30488585705665766
0.7333333333333333,0.85,0.85,-1.0904575417427684,0.01,0.08,2.3914543914490123,0.023914543914490122,0.19131635131592098,0.19131635131592098,0.004002068994680799,0.003981919857731315,0.004022218131630282,0.0010763157764323793,1000,200,200,10000,10000,10000,10000,-0.9300770357246599,0.603059469509397,0.962,2.0413294498367938,7.505218837819648e-05,0.00027711736727688264,9.847437596080271e-05,7.201498521126516e-05,7.505218837819648e-05,0.00027711736727688264,9.847437596080271e-05,7.201498521126516e-05,-0.9489027485444372,0.9037247636899072,0.797,2.492336168781138,0.00014478062583645572,0.00020543631006558064,0.0016325410879915686,1.0949570738629626,0.0,0.30515122099602904
0.75,0.7,0.7,-1.488578554549293,0.01,0.08,2.0158959937336722,0.020158959937336723,0.16127167949869378,0.16127167949869378,0.0035640483937729502,0.003560993127640035,0.0035671036599058655,0.0005425246126527645,1000,200,200,10000,10000,10000,10000,-1.332552256566021,0.7402232164930337,0.933,2.4003257571904895,3.0007284814805898e-05,0.00010025014159052237,5.328291634727898e-05,4.66114763706747e-05,3.0007284814805898e-05,0.00010025014159052237,5.328291634727898e-05,4.66114763706747e-05,-1.3666030326981946,0.9136766427544329,0.765,2.4608776309098706,4.36122320344357e-05,7.212328474124534e-05,0.005033243763901902,1.495616591989718,0.0,0.3064671929720501
0.75,0.7,0.7166666666666667,-1.499414988324754,0.01,0.08,2.0519328549909144,0.020519328549909146,0.16415462839927317,0.16415462839927317,0.0036473359688816197,0.0036297765792492978,0.0036648953585139412,0.0006723059611226408,1000,200,200,10000,10000,10000,10000,-1.3413914868156578,0.6700039127333095,0.914,2.131971218865708,3.6124092620084625e-05,0.00014745244425148782,6.236398870771539e-05,4.5003155776569076e-05,3.6124092620084625e-05,0.00014745244425148782,6.236398870771539e-05,4.5003155776569076e-05,-1.282539621066537,0.9711613103364664,0.747,2.4158079840181843,5.079542377411123e-05,8.611676031363711e-05,0.000581477676197762,1.5020687140127293,0.0,0.30558347025353433
0.75,0.7,0.7333333333333333,-1.505964706178541,0.01,0.08,2.0834724099292457,0.02083472409929246,0.16667779279433967,0.16667779279433967,0.0037489479892796294,0.0037321520031392734,0.0037657439754199854,0.0006642414968236039,1000,200,200,10000,10000,10000,10000,-1.3353322995710162,0.6306490339437534,0.906,2.1084107297783676,3.1897546152150756e-05,0.0001355139769771879,5.2143325747124816e-05,7.252202863324433e-05,3.1897546152150756e-05,0.0001355139769771879,5.2143325747124816e-05,7.252202863324433e-05,-1.2917114555060294,0.9525389260427506,0.762,2.4432367159831236,5.5659669173712505e-05,0.00013031803909255863,0.001906003153583536,1.5100331787861945,0.0,0.3055702594454795
0.75,0.7,0.75,-1.5081559480312319,0.01,0.08,2.096861349170806,0.02096861349170806,0.16774890793366448,0.16774890793366448,0.0037153560169989166,0.003800935454748535,0.0036297765792492978,0.0006712581060398197,1000,200,200,10000,10000,10000,10000,-1.3100519586170642,0.6540710485344048,0.916,2.0803752914143887,3.122582854360179e-05,0.00013157615445512255,4.86478177322714e-05,5.6065337554262875e-05,3.122582854360179e-05,0.00013157615445512255,4.86478177322714e-05,5.6065337554262875e-05,-1.3412478283331197,0.940570671734807,0.795,2.501855805299406,5.705838706271884e-05,0.00010418221325364501,-0.00044768367415186063,1.5098415689678848,0.0,0.3044736847415275
0.75,0.7,0.7666666666666666,-1.505964706178541,0.01,0.08,2.117521177041933,0.021175211770419332,0.16940169416335465,0.16940169416335465,0.003819369028802815,0.003802611123528546,0.0038361269340770844,0.0007241699942909356,1000,200,200,10000,10000,10000,10000,-1.3374465753862794,0.6550176303161683,0.928,2.0993284516686828,3.943570478289848e-05,0.00014860487897172585,6.394893465238449e-05,4.1972527419121164e-05,3.943570478289848e-05,0.00014860487897172585,6.394893465238449e-05,4.1972527419121164e-05,-1.3331732319164096,0.95123612555939,0.755,2.4530248115012396,6.435218416905685e-05,9.394231207312726e-05,-0.001482707135921807,1.5063090128444165,0.0,0.30591933767407004
0.75,0.7,0.7833333333333333,-1.499414988324754,0.01,0.08,2.148656539288046,0.02148656539288046,0.17189252314304368,0.17189252314304368,0.003820168782326734,0.0038378026028570954,0.0038025349617963724,0.0008421547016607347,1000,200,200,10000,10000,10000,10000,-1.327529494849863,0.6170465588981082,0.923,2.0071762894447036,4.8542302636500526e-05,0.00019809161662482565,9.339995141442458e-05,8.454978994239578e-05,4.8542302636500526e-05,0.00019809161662482565,9.339995141442458e-05,8.454978994239578e-05,-1.3404641576511163,0.9101878135209671,0.774,2.465287515001101,7.612991587701101e-05,0.00011278456204732468,-0.0029721001317200815,1.4984688345016632,0.0,0.305103604505006
0.75,0.7,0.7999999999999999,-1.4885785545492933,0.01,0.08,2.1680629504301008,0.021680629504301007,0.17344503603440806,0.17344503603440806,0.003733789591053197,0.0037354271789671206,0.0037321520031392734,0.000826819419861603,1000,200,200,10000,10000,10000,10000,-1.3346039834884746,0.6650655720405347,0.922,2.1874931364404557,5.45566474187972e-05,0.00020682512800958763,8.413388616886887e-05,6.741370813801146e-05,5.45566474187972e-05,0.00020682512800958763,8.413388616886887e-05,6.741370813801146e-05,-1.277651819876027,0.9346147300891962,0.762,2.4508118662188316,9.064406605270529e-05,0.00014996858775635704,0.004050181293954057,1.4946537226325098,0.0,0.305013864663858
0.75,0.7,0.8166666666666667,-1.4735741310882722,0.01,0.08,2.1985569668474576,0.021985569668474578,0.17588455734779662,0.17588455734779662,0.0038378026028570954,0.003800935454748535,0.003874669750965656,0.0008633965482232588,1000,200,200,10000,10000,10000,10000,-1.3233826863089355,0.6402181178747249,0.907,2.0451623918273847,4.940909631335155e-05,0.00020869112146423748,7.142927207496038e-05,7.277752185078504e-05,4.940909631335155e-05,0.00020869112146423748,7.142927207496038e-05,7.277752185078504e-05,-1.274946411789425,0.9339565134829044,0.783,2.452134411593138,9.491706793017255e-05,0.00015521712856472042,0.002953538061500534,1.478769784077079,0.0,0.3055600842316637
0.75,0.7,0.8333333333333333,-1.4545661095450073,0.01,0.08,2.2462203759871526,0.022462203759871527,0.17969763007897221,0.1796976300789722,0.0038905898218499196,0.003872994082185645,0.003908185561514194,0.0008722432397751419,1000,200,200,10000,10000,10000,10000,-1.284079967193477,0.592407394496722,0.922,1.9965456094290996,4.901313094720074e-05,0.00018360353807094203,7.073446585653559e-05,8.133015020994342e-05,4.901313094720074e-05,0.00018360353807094203,7.073446585653559e-05,8.133015020994342e-05,-1.2615082562187867,0.9072245582153301,0.769,2.462688316329203,9.00484065150726e-05,0.00014340835966416188,-0.0005469676644230249,1.4559859045963284,0.0,0.3065867963236716
0.75,0.7,0.85,-1.4317627457812108,0.01,0.08,2.2914467523501942,0.022914467523501944,0.18331574018801555,0.18331574018801555,0.003982797586236514,0.003945052709622755,0.004020542462850272,0.0010435687255613386,1000,200,200,10000,10000,10000,10000,-1.2628421474652651,0.606970804702913,0.909,1.972092598911406,6.644743550278582e-05,0.0002694582550628574,9.199704139906726e-05,0.00010825501995071693,6.644743550278582e-05,0.0002694582550628574,9.199704139906726e-05,0.00010825501995071693,-1.310089024474243,0.8825305966205901,0.783,2.408450175853226,0.00011290216627614076,0.00015569665285450072,-0.004718806916256669,1.4291215417812437,0.0,0.3053509143338935
0.75,0.7166666666666667,0.7,-1.4531916983042776,0.01,0.08,2.037751912514615,0.02037751912514615,0.1630201530011692,0.1630201530011692,0.0036672235711868438,0.003767343482467823,0.0035671036599058646,0.0006234125283573426,1000,200,200,10000,10000,10000,10000,-1.282856457974763,0.6893783777932473,0.926,2.1509259717799667,3.0415836817855833e-05,0.00012934820058600486,5.4766243196526086e-05,7.008625813664499e-05,3.0415836817855833e-05,0.00012934820058600486,5.4766243196526086e-05,7.008625813664499e-05,-1.2207716171187737,0.9982832876499546,0.765,2.5216501868430194,5.229391836838117e-05,9.878956344942911e-05,-0.005846362015903855,1.4496447758453272,0.0,0.3053326236587966
0.75,0.7166666666666667,0.7166666666666667,-1.4640281320797386,0.01,0.08,2.0540425320833426,0.020540425320833427,0.16432340256666741,0.16432340256666741,0.0036625687980060924,0.003628177072201461,0.003696960523810724,0.000675659254051513,1000,200,200,10000,10000,10000,10000,-1.3046065142991992,0.6465940262552214,0.925,2.135398432200194,3.555632467034782e-05,0.0001466410731149638,5.949349628617988e-05,4.8123381663920276e-05,3.555632467034782e-05,0.0001466410731149638,5.949349628617988e-05,4.8123381663920276e-05,-1.2639298811417594,1.0053600002909437,0.742,2.4429740088242564,5.389835554004381e-05,9.233782584528587e-05,-0.0005587357636444135,1.465659993856374,0.0,0.3050467395056951
0.75,0.7166666666666667,0.7333333333333333,-1.4705778499335256,0.01,0.08,2.075334412511431,0.02075334412511431,0.1660267530009145,0.1660267530009145,0.0037153560169989166,0.0036297765792492978,0.003800935454748535,0.0007657784385690413,1000,200,200,10000,10000,10000,10000,-1.3482007474306201,0.6484496873980898,0.923,2.0418718611171096,4.042653836583057e-05,0.00019142289314552985,6.657290436630217e-05,7.739348173672696e-05,4.042653836583057e-05,0.00019142289314552985,6.657290436630217e-05,7.739348173672696e-05,-1.2568125413014706,0.9804779312822082,0.747,2.436665806665219,6.511983518375901e-05,0.00011155746293860442,0.0022007795004127377,1.474802042754255,0.0,0.30512085947511736
0.75,0.7166666666666667,0.75,-1.4727690917862162,0.01,0.08,2.1021220444950224,0.021021220444950223,0.16816976355960178,0.1681697635596018,0.003716155770522835,0.00369856003085856,0.0037337515101871096,0.0007505817216523928,1000,200,200,10000,10000,10000,10000,-1.3105807448735414,0.6130340357605742,0.929,2.0472686496293107,3.829356295354916e-05,0.00017179862660289327,5.912653137412646e-05,5.290396852502106e-05,3.829356295354916e-05,0.00017179862660289327,5.912653137412646e-05,5.290396852502106e-05,-1.3048386139864012,0.9623318135440793,0.751,2.409322673434113,6.210061130396741e-05,0.00010224277934139634,-0.001692866283571457,1.4731254138838263,0.0,0.304973379800256
0.75,0.7166666666666667,0.7666666666666666,-1.4705778499335256,0.01,0.08,2.128984391622824,0.02128984391622824,0.1703187513298259,0.17031875132982588,0.0037329898375292785,0.0038378026028570954,0.003628177072201461,0.0008484139336763245,1000,200,200,10000,10000,10000,10000,-1.3203816744220913,0.6741255786166643,0.935,2.1535633829036334,5.3397918735898974e-05,0.00023720683935668762,8.2226152717589e-05,9.666656522621098e-05,5.3397918735898974e-05,0.00023720683935668762,8.2226152717589e-05,9.666656522621098e-05,-1.300525772118127,0.9268685623817537,0.779,2.4955957051470827,8.515896714319604e-05,0.00014731713454422385,-0.0014338930454082669,1.4712361679086898,0.0,0.30546431757639436
0.75,0.7166666666666667,0.7833333333333333,-1.4640281320797386,0.01,0.08,2.152740670045264,0.02152740670045264,0.17221925360362111,0.17221925360362111,0.0037489479892796294,0.003767343482467823,0.003730552496091436,0.0007809951209584128,1000,200,200,10000,10000,10000,10000,-1.2934119702195057,0.6549042395892435,0.927,2.0956759213652023,4.4611223353176385e-05,0.00017689116934532678,6.932555192086142e-05,5.446717223533621e-05,4.4611223353176385e-05,0.00017689116934532678,6.932555192086142e-05,5.446717223533621e-05,-1.2713685790683666,0.948262336633917,0.766,2.4091914942070396,7.656287333187961e-05,0.0001397614842975003,-9.434171737141604e-05,1.4658500909472405,0.0,0.3050901624324225
0.75,0.7166666666666667,0.7999999999999999,-1.4531916983042776,0.01,0.08,2.1814582007392667,0.021814582007392665,0.17451665605914132,0.17451665605914132,0.0038034108770524646,0.003696960523810724,0.003909861230294205,0.000867054083721965,1000,200,200,10000,10000,10000,10000,-1.3290512640762948,0.5965303892401349,0.936,2.015714359477402,5.032913851063201e-05,0.0002027626820878299,8.225185120880765e-05,5.800007931265015e-05,5.032913851063201e-05,0.0002027626820878299,8.225185120880765e-05,5.800007931265015e-05,-1.2862234748222865,0.8635644318713599,0.807,2.5128483462655757,9.714498362782606e-05,0.00015485630046852399,-0.005260556769895591,1.4500496803546306,0.0,0.304956930381781
0.75,0.7166666666666667,0.8166666666666667,-1.4381872748432567,0.01,0.08,2.2154572129768573,0.022154572129768572,0.17723657703814857,0.17723657703814857,0.0038545605081313646,0.003872994082185645,0.0038361269340770844,0.0008175505104403175,1000,200,200,10000,10000,10000,10000,-1.2703473547591324,0.6360746160568402,0.928,2.1262574081353427,5.075621809860336e-05,0.0001649490650683401,8.013494912574191e-05,5.9578284248117805e-05,5.075621809860336e-05,0.0001649490650683401,8.013494912574191e-05,5.9578284248117805e-05,-1.2827249982860767,0.8937848800882441,0.791,2.4278025941020123,7.991627257542971e-05,0.00011482567177424384,-0.0012724899822445976,1.4390557058933233,0.0,0.30610790187696596
0.75,0.7166666666666667,0.8333333333333333,-1.4191792532999918,0.01,0.08,2.264796277170487,0.02264796277170487,0.18118370217363897,0.18118370217363897,0.003948483835413163,0.003948483835413163,0.003948483835413163,0.00101895876404528,1000,200,200,10000,10000,10000,10000,-1.2682795321718863,0.5517357621541774,0.933,1.879452652014122,5.7187633564938875e-05,0.00025404638608241974,7.888659251160109e-05,9.868293426599261e-05,5.7187633564938875e-05,0.00025404638608241974,7.888659251160109e-05,9.868293426599261e-05,-1.225410668380982,0.9127163916660634,0.771,2.4758142887509638,0.00011401402844423908,0.00016547310786200057,-0.005044205034942419,1.4162413135427612,0.0,0.3057606517564797
0.75,0.7166666666666667,0.85,-1.3963758895361953,0.01,0.08,2.3092392633537764,0.023092392633537764,0.1847391410683021,0.1847391410683021,0.003984513149131718,0.004060840736749241,0.003908185561514194,0.0010692136554388263,1000,200,200,10000,10000,10000,10000,-1.2317972843392306,0.6097382685294369,0.92,2.0276246746912885,7.744539485196054e-05,0.00031504140792865956,0.00012079364014525682,0.0001114396489335022,7.744539485196054e-05,0.00031504140792865956,0.00012079364014525682,0.0001114396489335022,-1.2542989224423196,0.8985775977388634,0.788,2.477057551764549,0.0001281164648767015,0.00018321557538850903,-0.0001302447623433404,1.3984934154583475,0.0,0.30670416176654486
0.75,0.7333333333333333,0.7,-1.4170075686617407,0.01,0.08,2.068609569968891,0.020686095699688913,0.1654887655975113,0.16548876559751133,0.003696960523810724,0.0036617690444821745,0.0037321520031392734,0.0007003462410782628,1000,200,200,10000,10000,10000,10000,-1.2657894125024927,0.6779312548986266,0.928,2.156037482794874,3.948214987356757e-05,0.00015994063016540973,7.126154975164793e-05,5.749701473242479e-05,3.948214987356757e-05,0.00015994063016540973,7.126154975164793e-05,5.749701473242479e-05,-1.2226150821573247,1.0138596917449922,0.727,2.4671728727139786,5.9991947238615184e-05,0.00010340534445306837,-0.0009112063911646591,1.4182166253333541,0.0,0.3056644440471629
0.75,0.7333333333333333,0.7166666666666667,-1.4278440024372017,0.01,0.08,2.0718884053964457,0.020718884053964458,0.16575107243171566,0.16575107243171566,0.003646536215357701,0.003562519934623966,0.003730552496091436,0.0006434295700766554,1000,200,200,10000,10000,10000,10000,-1.2375746269363475,0.6883864285505881,0.908,2.19811841226297,3.4992916728109974e-05,0.00012858351990023342,6.004228382447179e-05,3.644744874369076e-05,3.4992916728109974e-05,0.00012858351990023342,6.004228382447179e-05,3.644744874369076e-05,-1.2020698500510516,0.9546846591232472,0.769,2.4434803052382112,5.2670464773008486e-05,9.446594747569045e-05,0.0019522283355937683,1.4318678049684415,0.0,0.3054898431534217
0.75,0.7333333333333333,0.7333333333333333,-1.4343937202909887,0.01,0.08,2.086795492793522,0.02086795492793522,0.16694363942348175,0.16694363942348178,0.0037329898375292785,0.0037690191512478335,0.003696960523810724,0.0007053871949286204,1000,200,200,10000,10000,10000,10000,-1.254623585788358,0.6551259858337614,0.932,2.113962459004671,3.8472382396408904e-05,0.00014830600250426078,6.684503352291833e-05,4.250398037421946e-05,3.8472382396408904e-05,0.00014830600250426078,6.684503352291833e-05,4.250398037421946e-05,-1.202135500392672,0.9773984977326832,0.751,2.4607929420594354,6.0214857943726055e-05,0.00010186107749011871,-0.003612978796494684,1.4328480361996676,0.0,0.3053153602788928
0.75,0.7333333333333333,0.75,-1.4365849621436795,0.01,0.08,2.1087467816821865,0.021087467816821866,0.16869974253457493,0.16869974253457493,0.0038411176728001366,0.0037337515101871096,0.003948483835413163,0.0007406259417014134,1000,200,200,10000,10000,10000,10000,-1.271810130066643,0.60357574014126,0.933,2.0198220702615663,3.8378873609797225e-05,0.0001595542503319566,7.139921970754941e-05,6.086183964307564e-05,3.8378873609797225e-05,0.0001595542503319566,7.139921970754941e-05,6.086183964307564e-05,-1.2121833311168748,0.9152380407750172,0.784,2.4127467166306586,6.382368260311955e-05,0.00011360975807633162,0.0022899893377119427,1.4408636697882153,0.0,0.30521217706781406
0.75,0.7333333333333333,0.7666666666666666,-1.4343937202909887,0.01,0.08,2.1334388735286725,0.021334388735286727,0.1706751098822938,0.17067510988229384,0.0038042106305763825,0.0038361269340770844,0.0037722943270756806,0.0007999793223254457,1000,200,200,10000,10000,10000,10000,-1.2849734758660298,0.658430755297798,0.935,1.980172672847573,4.219880005950861e-05,0.0001836697349083643,7.982999294309657e-05,9.586623723907935e-05,4.219880005950861e-05,0.0001836697349083643,7.982999294309657e-05,9.586623723907935e-05,-1.226453516728094,0.9926645014657608,0.766,2.4266739046556376,7.123973295042275e-05,0.00013718833492722785,0.0041841442488178785,1.4407944268906774,0.0,0.3051399201955482
0.75,0.7333333333333333,0.7833333333333333,-1.4278440024372017,0.01,0.08,2.163586909546799,0.021635869095467993,0.17308695276374395,0.17308695276374392,0.003730552496091436,0.0036953610167628865,0.0037657439754199854,0.0007718379553447177,1000,200,200,10000,10000,10000,10000,-1.2612161325362077,0.5880258700765492,0.918,1.9815870363344843,3.708513114698146e-05,0.0001526438948076136,5.147766228453998e-05,3.9323047427458515e-05,3.708513114698146e-05,0.0001526438948076136,5.147766228453998e-05,3.9323047427458515e-05,-1.2375697091064797,0.9047439722186733,0.766,2.4426325415698127,6.812106393119918e-05,9.668892611488712e-05,-0.006063166821900664,1.4240542088119157,0.0,0.30551711549218613
0.75,0.7333333333333333,0.7999999999999999,-1.417007568661741,0.01,0.08,2.201994789710985,0.02201994789710985,0.1761595831768788,0.1761595831768788,0.0038545605081313646,0.0038361269340770844,0.003872994082185645,0.0008102022330534831,1000,200,200,10000,10000,10000,10000,-1.2221452052523083,0.6467139823621784,0.915,2.089352021739198,4.745253550665908e-05,0.00016830001214536503,7.089210682376042e-05,5.7516906332079987e-05,4.745253550665908e-05,0.00016830001214536503,7.089210682376042e-05,5.7516906332079987e-05,-1.2807931819866691,0.8773879907117147,0.799,2.4436470042439407,8.593817429208469e-05,0.0001545779668504427,-0.003415568092818952,1.415769040966223,0.0,0.3059172707109871
0.75,0.7333333333333333,0.8166666666666667,-1.4020031452007198,0.01,0.08,2.239146694027573,0.02239146694027573,0.17913173552220585,0.17913173552220585,0.0040196647343450735,0.004057409610958833,0.003981919857731315,0.001009020628031957,1000,200,200,10000,10000,10000,10000,-1.2380830696266256,0.6141382789580572,0.923,2.0026044474896683,6.583321464709465e-05,0.00026231275876807816,0.00010144510841129878,0.00010316839225253922,6.583321464709465e-05,0.00026231275876807816,0.00010144510841129878,0.00010316839225253922,-1.2006371863402308,0.8806092878990144,0.786,2.444049628853811,0.00010370695927534571,0.0001541227823718211,-0.007257755121574415,1.3971095957545916,0.0,0.30488625327022123
0.75,0.7333333333333333,0.8333333333333333,-1.382995123657455,0.01,0.08,2.276747437167474,0.022767474371674742,0.18213979497339794,0.18213979497339794,0.0038562361769113756,0.003946728378402766,0.0037657439754199854,0.0009687149739964363,1000,200,200,10000,10000,10000,10000,-1.2060824854018002,0.6218287907413249,0.925,2.0535287376979334,6.311955797952203e-05,0.0002516333513452078,8.433737499861163e-05,6.780597730059126e-05,6.311955797952203e-05,0.0002516333513452078,8.433737499861163e-05,6.780597730059126e-05,-1.2095151769572992,0.9045790320573598,0.797,2.472465790259495,0.00011741858606298206,0.00016958663098025174,0.00272054907966855,1.387968523557874,0.0,0.3060049384666405
0.75,0.7333333333333333,0.85,-1.3601917598936584,0.01,0.08,2.317112408784691,0.023171124087846908,0.18536899270277526,0.18536899270277524,0.003946768272517959,0.003946808166633152,0.003946728378402766,0.0010259543042595112,1000,200,200,10000,10000,10000,10000,-1.1768380966097605,0.6133565820606011,0.91,1.989985961053561,6.565375934327484e-05,0.0002522619230159256,0.00010232726268236108,0.00011727071011286569,6.565375934327484e-05,0.0002522619230159256,0.00010232726268236108,0.00011727071011286569,-1.186031138158334,0.9153106581431281,0.767,2.43697409924178,0.00012174763296501197,0.00018573440337039837,0.0033336950748097086,1.3658470297276877,0.0,0.3053304995577684
0.75,0.75,0.7,-1.3804226065180614,0.01,0.08,2.075953360220915,0.02075953360220915,0.1660762688176732,0.1660762688176732,0.0037849773029981844,0.0038378026028570954,0.0037321520031392734,0.0007443483938789581,1000,200,200,10000,10000,10000,10000,-1.246504272784827,0.6606380857236496,0.933,2.151655897708784,4.176764923341527e-05,0.00017599558859900417,6.400994474238207e-05,7.053002497314613e-05,4.176764923341527e-05,0.00017599558859900417,6.400994474238207e-05,7.053002497314613e-05,-1.2298705816962499,0.9522515985706429,0.743,2.4187936810632604,6.572177074165477e-05,0.00012745278308812786,-0.00022838841175964824,1.3825368385352679,0.0,0.30604320614099645
0.75,0.75,0.7166666666666667,-1.3912590402935223,0.01,0.08,2.0927051301234583,0.020927051301234584,0.16741641040987668,0.16741641040987668,0.003697760277334642,0.00369856003085856,0.003696960523810724,0.0007137105759245958,1000,200,200,10000,10000,10000,10000,-1.2435558369318196,0.6380254741983915,0.932,2.0765948268720114,3.722675406154e-05,0.0001615826113881868,6.168235158849941e-05,5.546518102243137e-05,3.722675406154e-05,0.0001615826113881868,6.168235158849941e-05,5.546518102243137e-05,-1.1924207915477194,0.9891979956235898,0.754,2.4822987691812455,6.45605021964489e-05,0.00010756124897702195,0.003390246881628672,1.3968255921016715,0.0,0.3050295635645375
0.75,0.75,0.7333333333333333,-1.3978087581473093,0.01,0.08,2.102141606187226,0.02102141606187226,0.16817132849497807,0.16817132849497807,0.0037481482357557107,0.0037657439754199854,0.003730552496091436,0.0007119014349987571,1000,200,200,10000,10000,10000,10000,-1.2312414983517677,0.6202929494468732,0.934,2.045614768570221,3.687372561676323e-05,0.00013615771178283862,6.447429844498497e-05,5.241507147446641e-05,3.687372561676323e-05,0.00013615771178283862,6.447429844498497e-05,5.241507147446641e-05,-1.2223683570943105,0.9202876823851744,0.764,2.4388499548634703,5.8347522287431086e-05,9.271792994323606e-05,0.003944419446777865,1.4038943861143618,0.0,0.305558453458077
0.75,0.75,0.75,-1.4,0.01,0.08,2.1144703189850373,0.021144703189850372,0.16915762551880298,0.16915762551880298,0.003800935454748535,0.003800935454748535,0.003800935454748535,0.0007155019381322765,1000,200,200,10000,10000,10000,10000,-1.240878369082699,0.6049060709005645,0.935,2.0019739858948884,3.3846898093758305e-05,0.00014266506738578168,5.5862273104011365e-05,8.162384401172032e-05,3.3846898093758305e-05,0.00014266506738578168,5.5862273104011365e-05,8.162384401172032e-05,-1.2035716432659418,0.9583184478521596,0.769,2.459466678391783,6.125984662488611e-05,0.00010767440610727067,0.0032724296918294035,1.4053658012454,0.0,0.3057051427774289
0.75,0.75,0.7666666666666666,-1.3978087581473093,0.01,0.08,2.1549563257374746,0.021549563257374747,0.17239650605899798,0.17239650605899798,0.0038922654906299306,0.003911536899074216,0.003872994082185645,0.0008491966060307802,1000,200,200,10000,10000,10000,10000,-1.2023583352428737,0.6334152321954449,0.921,1.9878782298591522,4.4454566565075554e-05,0.00020334116323983872,6.414240327282297e-05,5.524460508348533e-05,4.4454566565075554e-05,0.00020334116323983872,6.414240327282297e-05,5.524460508348533e-05,-1.1955182068398509,0.9464053360515285,0.76,2.4527517355629525,8.291179920299384e-05,0.00014018290181016434,0.005699653301167037,1.4055778293231773,0.0,0.3050601824973764
0.75,0.75,0.7833333333333333,-1.3912590402935223,0.01,0.08,2.174165445315645,0.021741654453156452,0.17393323562525162,0.17393323562525162,0.0038025730426624587,0.0038378026028570954,0.003767343482467822,0.0007968877804880065,1000,200,200,10000,10000,10000,10000,-1.2017281729972442,0.6174450124688017,0.921,1.9952009344243264,4.261217199801898e-05,0.00016746961786556322,7.303494782818412e-05,8.650450294410474e-05,4.261217199801898e-05,0.00016746961786556322,7.303494782818412e-05,8.650450294410474e-05,-1.2565968726550614,0.9047351191609689,0.795,2.4857696397553246,7.718511835429899e-05,0.00012692108182907455,-0.00031357469916840075,1.3931430212468192,0.0,0.3048245270102333
0.75,0.75,0.7999999999999999,-1.3804226065180614,0.01,0.08,2.2143283132354465,0.022143283132354467,0.17714626505883574,0.17714626505883574,0.003819369028802815,0.003800935454748535,0.0038378026028570954,0.000855484355613393,1000,200,200,10000,10000,10000,10000,-1.2008455425154403,0.6500863785778883,0.936,2.120685876073046,5.399794311525354e-05,0.0001875628042263293,7.558759166652958e-05,5.2067847179081534e-05,5.399794311525354e-05,0.0001875628042263293,7.558759166652958e-05,5.2067847179081534e-05,-1.2169681319207117,0.8766295718784132,0.794,2.384773064547401,8.633268139652891e-05,0.00012707526578058118,-0.009543499369206702,1.3731352898938456,0.0,0.3057434483848576
0.75,0.75,0.8166666666666667,-1.3654181830570404,0.01,0.08,2.2561955397974405,0.022561955397974405,0.18049564318379524,0.18049564318379524,0.003965201846572239,0.003872994082185645,0.004057409610958833,0.0009911842525827186,1000,200,200,10000,10000,10000,10000,-1.1900135020992257,0.6397753367309295,0.915,1.9311174648092784,5.905491206121244e-05,0.00025755510845162005,8.539042931847067e-05,5.925291530427699e-05,5.905491206121244e-05,0.00025755510845162005,8.539042931847067e-05,5.925291530427699e-05,-1.1734829545111636,0.925754220126072,0.805,2.4778465033388635,0.00011122765058129506,0.00019452272143579842,-0.005499233028489906,1.3621711572219308,0.0,0.3049705492014182
0.75,0.75,0.8333333333333333,-1.3464101615137756,0.01,0.08,2.294099829390362,0.022940998293903617,0.18352798635122894,0.1835279863512289,0.003963486283677035,0.003981919857731315,0.003945052709622755,0.0010741710501460426,1000,200,200,10000,10000,10000,10000,-1.2206160517163103,0.5900744757882791,0.936,1.952877623457067,7.063751007837977e-05,0.0003118512701876917,0.0001059311611949529,0.00010123218608572248,7.063751007837977e-05,0.0003118512701876917,0.0001059311611949529,0.00010123218608572248,-1.1566177081795683,0.9039133407499186,0.786,2.437792188883388,0.00013498283623118205,0.0002368296046080181,-0.007865619885499555,1.3408633382918957,0.0,0.3057167999349098
0.75,0.75,0.85,-1.323606797749979,0.01,0.08,2.3224914621614072,0.023224914621614072,0.18579931697291258,0.18579931697291258,0.0039459304381279535,0.003908185561514194,0.003983675314741713,0.0010633486955994459,1000,200,200,10000,10000,10000,10000,-1.1693209440848817,0.569098161759171,0.917,1.912795528183219,6.445863003864196e-05,0.00027636073017532896,8.351943816247655e-05,8.962987383025943e-05,6.445863003864196e-05,0.00027636073017532896,8.351943816247655e-05,8.962987383025943e-05,-1.151577156189199,0.8762796138319005,0.801,2.4530635072127907,0.0001156823688269384,0.00014943810885516783,0.0019123330054917384,1.3276404422317802,0.0,0.305855989536848
0.75,0.7666666666666666,0.7,-1.3438376443743827,0.01,0.08,2.0826689124688955,0.020826689124688956,0.16661351299751165,0.16661351299751162,0.0037153940978650038,0.0036617690444821745,0.0037690191512478335,0.000668278744916135,1000,200,200,10000,10000,10000,10000,-1.1941339754885276,0.6333935230583466,0.938,2.094078702255311,3.176872355057508e-05,0.00013832292708568724,4.7522815701635554e-05,5.144757916163613e-05,3.176872355057508e-05,0.00013832292708568724,4.7522815701635554e-05,5.144757916163613e-05,-1.1539208274969073,0.9677297129754493,0.754,2.479665811593787,5.870818578164251e-05,9.878707884055792e-05,-0.0023234750855725436,1.3440072036490183,0.0,0.3056694386702321
0.75,0.7666666666666666,0.7166666666666667,-1.3546740781498434,0.01,0.08,2.1013161639876916,0.021013161639876918,0.16810529311901534,0.16810529311901534,0.0036281770722014616,0.0036617690444821745,0.0035945850999207483,0.0006267777616859279,1000,200,200,10000,10000,10000,10000,-1.2020913485241518,0.6625937183305451,0.937,2.1451864457521435,3.0324492970632228e-05,0.00012408056616198336,4.760148814829188e-05,5.201200183167362e-05,3.0324492970632228e-05,0.00012408056616198336,4.760148814829188e-05,5.201200183167362e-05,-1.1963484266814366,0.9314617235869769,0.767,2.4842723917076506,5.6176539533595466e-05,9.789845053168892e-05,0.005851854713394402,1.3627652850377694,0.0,0.30498888040496774
0.75,0.7666666666666666,0.7333333333333333,-1.3612237960036304,0.01,0.08,2.126851688982141,0.02126851688982141,0.17014813511857127,0.1701481351185713,0.0037329898375292785,0.0037338276719192836,0.0037321520031392734,0.0007350109072426369,1000,200,200,10000,10000,10000,10000,-1.2246657631335065,0.6410129846208702,0.93,2.0675240548139864,3.788868910029676e-05,0.00015700228782405124,5.878971578796703e-05,7.362847510618816e-05,3.788868910029676e-05,0.00015700228782405124,5.878971578796703e-05,7.362847510618816e-05,-1.1669380847494082,0.9464492121097996,0.768,2.4737745995813043,6.554427280118855e-05,0.00010246185551768783,0.0009506023442995414,1.3644257072016588,0.0,0.3043069190774418
0.75,0.7666666666666666,0.75,-1.3634150378563212,0.01,0.08,2.143027939664406,0.021430279396644058,0.17144223517315246,0.17144223517315246,0.003766543728943904,0.003800935454748535,0.0037321520031392734,0.0007847887837953784,1000,200,200,10000,10000,10000,10000,-1.2279963543771324,0.6465889395827938,0.941,2.101120327173198,4.554959544664201e-05,0.00017411674506258345,7.385687024042439e-05,7.124084475288636e-05,4.554959544664201e-05,0.00017411674506258345,7.385687024042439e-05,7.124084475288636e-05,-1.1757592800952865,0.9748946166943572,0.754,2.471560567852303,7.945309966334814e-05,0.00013513241105973822,0.0007110729465882691,1.366392677180951,0.0,0.30566440853493143
0.75,0.7666666666666666,0.7666666666666666,-1.3612237960036306,0.01,0.08,2.15402475078872,0.0215402475078872,0.1723219800630976,0.1723219800630976,0.0037313522496153543,0.0037321520031392726,0.003730552496091436,0.0008270811595471796,1000,200,200,10000,10000,10000,10000,-1.2401366232759707,0.6197920137794153,0.927,2.0659696388029003,4.674248879530009e-05,0.00020862384273775259,6.633721023377356e-05,7.420516657873754e-05,4.674248879530009e-05,0.00020862384273775259,6.633721023377356e-05,7.420516657873754e-05,-1.1391550580325445,0.9527827131207736,0.755,2.4428270481774383,7.880176214921572e-05,0.00012132266287570158,0.0021321315416936728,1.3657872890292335,0.0,0.30506982023421686
0.75,0.7666666666666666,0.7833333333333333,-1.3546740781498434,0.01,0.08,2.1929330102925704,0.021929330102925703,0.17543464082340562,0.17543464082340562,0.00383696476846709,0.003872994082185645,0.003800935454748535,0.0008761502880001868,1000,200,200,10000,10000,10000,10000,-1.1944165630678036,0.6074241202026321,0.922,2.0188205967569206,4.9274451295941565e-05,0.00020110852209100755,6.914707392636337e-05,6.285006781045224e-05,4.9274451295941565e-05,0.00020110852209100755,6.914707392636337e-05,6.285006781045224e-05,-1.1617620228694867,0.9471616492244769,0.76,2.4489541875360943,9.162092349447822e-05,0.00014989091031920935,-0.0014700307049271674,1.355587838545648,0.0,0.30475886661679213
0.75,0.7666666666666666,0.7999999999999999,-1.3438376443743827,0.01,0.08,2.2338108189404604,0.022338108189404605,0.17870486551523684,0.17870486551523684,0.003821006616716739,0.003872994082185645,0.003769019151247833,0.0008767048948982237,1000,200,200,10000,10000,10000,10000,-1.167663561725142,0.6264406856726344,0.925,2.021517301866589,5.10232186666964e-05,0.00020249844550506102,7.35454579330672e-05,8.464092663378727e-05,5.10232186666964e-05,0.00020249844550506102,7.35454579330672e-05,8.464092663378727e-05,-1.2236171092442887,0.8316818777642146,0.808,2.386018397586659,8.546366961590804e-05,0.00012272954538586974,-0.0023789599154313374,1.3437990968493712,0.0,0.30453983014815345
0.75,0.7666666666666666,0.8166666666666667,-1.3288332209133618,0.01,0.08,2.2681495842134356,0.022681495842134355,0.18145196673707484,0.18145196673707484,0.0040196647343450735,0.004094276759067393,0.003945052709622755,0.001051775254463348,1000,200,200,10000,10000,10000,10000,-1.1897535314736853,0.528561627665189,0.931,1.8101630144584757,5.713021742912691e-05,0.0002855510124396944,8.785842540014195e-05,0.00015202194934217826,5.713021742912691e-05,0.0002855510124396944,8.785842540014195e-05,0.00015202194934217826,-1.110991536222835,0.8977338309769388,0.79,2.443940674510035,0.0001053355399427445,0.00016067846059786316,0.004065296673622135,1.3351966313116013,0.0,0.3051034666669299
0.75,0.7666666666666666,0.8333333333333333,-1.309825199370097,0.01,0.08,2.304734833284842,0.023047348332848418,0.18437878666278734,0.18437878666278737,0.00392745696995848,0.003909861230294205,0.003945052709622755,0.0010714263363622363,1000,200,200,10000,10000,10000,10000,-1.1644518353090572,0.5946484736936783,0.934,1.954963010574403,6.902791058356806e-05,0.0002713190585979608,9.526202384177382e-05,6.624644126598938e-05,6.902791058356806e-05,0.0002713190585979608,9.526202384177382e-05,6.624644126598938e-05,-1.1359181257189026,0.9152603298817585,0.793,2.4398510169883547,0.00012804589756952223,0.00019877983264196433,-0.0034792854305148294,1.308755060252574,0.0,0.30529630531509205
0.75,0.7666666666666666,0.85,-1.2870218356063003,0.01,0.08,2.3549372083482303,0.023549372083482303,0.18839497666785843,0.18839497666785843,0.004038098308399353,0.004020542462850272,0.004055654153948435,0.0011697054818162857,1000,200,200,10000,10000,10000,10000,-1.1342153019088292,0.5788944964115116,0.926,1.9017833482429654,7.920488614536761e-05,0.0003275007923904367,0.00011674120428514093,8.508600196552688e-05,7.920488614536761e-05,0.0003275007923904367,0.00011674120428514093,8.508600196552688e-05,-1.124308491919126,0.8859358044550253,0.794,2.4753255685523334,0.00014403815239684084,0.00019975368970962123,0.0002778649794161752,1.2897008777291792,0.0,0.30481073328946584
0.75,0.7833333333333333,0.7,-1.3076535147318455,0.01,0.08,2.111500498437512,0.021115004984375123,0.16892003987500098,0.16892003987500098,0.0037489860701457162,0.0037674196441999964,0.003730552496091436,0.0008196713166620714,1000,200,200,10000,10000,10000,10000,-1.1823724851906816,0.6403909889950814,0.931,2.017761068486132,4.631985531280208e-05,0.00021497518613631028,8.408650871386522e-05,0.00011166823931621524,4.631985531280208e-05,0.00021497518613631028,8.408650871386522e-05,0.00011166823931621524,-1.1403816409191088,0.9667919687180301,0.754,2.432939536360623,7.735176001565204e-05,0.00016601626533797284,-0.00150958040505726,1.3085448930184462,0.0,0.30471434552616544
0.75,0.7833333333333333,0.7166666666666667,-1.3184899485073063,0.01,0.08,2.10998469598679,0.0210998469598679,0.1687987756789432,0.1687987756789432,0.003751423411583559,0.0036617690444821745,0.0038410777786849434,0.0007936010226119672,1000,200,200,10000,10000,10000,10000,-1.179899562519742,0.6492131870466488,0.949,2.1255595162589715,4.86205455001438e-05,0.00020525715952622717,8.203990548955936e-05,7.8673261426134e-05,4.86205455001438e-05,0.00020525715952622717,8.203990548955936e-05,7.8673261426134e-05,-1.155586723638694,0.9471441004929064,0.768,2.464766178568873,7.459033922051949e-05,0.00012850138443738904,-0.0030431746239411714,1.317821751073357,0.0,0.30470711263083033
0.75,0.7833333333333333,0.7333333333333333,-1.3250396663610935,0.01,0.08,2.1520883201437586,0.021520883201437586,0.1721670656115007,0.1721670656115007,0.0037657439754199854,0.003730552496091436,0.003800935454748535,0.0007890043592784368,1000,200,200,10000,10000,10000,10000,-1.1437422188500208,0.6111640215303301,0.937,1.9967366021155382,4.0844926580087163e-05,0.00017101613053148446,6.368077961260982e-05,7.702207605481067e-05,4.0844926580087163e-05,0.00017101613053148446,6.368077961260982e-05,7.702207605481067e-05,-1.1502492658572132,0.9389182313966352,0.791,2.4842458585006133,7.074085607578049e-05,0.00010207722676829116,0.006798139995645463,1.334043994748808,0.0,0.30497081471594956
0.75,0.7833333333333333,0.75,-1.327230908213784,0.01,0.08,2.1661255610595225,0.021661255610595224,0.1732900448847618,0.1732900448847618,0.0038025730426624587,0.0037321520031392726,0.003872994082185645,0.000837694910420813,1000,200,200,10000,10000,10000,10000,-1.1705770167461629,0.624803433426113,0.934,2.0256186302526142,4.729433132181865e-05,0.00020858731513152446,7.771177663948757e-05,7.836574412852056e-05,4.729433132181865e-05,0.00020858731513152446,7.771177663948757e-05,7.836574412852056e-05,-1.1237839296699685,0.9429765434713039,0.779,2.4585723553568535,8.132508799946761e-05,0.00013169863101659672,-0.001011511134188366,1.3287090756905175,0.0,0.30526142413183627
0.75,0.7833333333333333,0.7666666666666666,-1.3250396663610935,0.01,0.08,2.172000955327687,0.02172000955327687,0.17376007642621497,0.17376007642621494,0.00378581513738819,0.003802611123528546,0.0037690191512478335,0.0007958005533138766,1000,200,200,10000,10000,10000,10000,-1.164245057235524,0.6198298453196966,0.939,2.057284109061605,4.428603382607022e-05,0.00018326735334267321,6.456710007536096e-05,8.425783876631114e-05,4.428603382607022e-05,0.00018326735334267321,6.456710007536096e-05,8.425783876631114e-05,-1.1698647001973075,0.8925475836648338,0.792,2.461662612151631,8.078137727176565e-05,0.00012486274597417888,0.005848545431705153,1.3331826267952878,0.0,0.3057421758614274
0.75,0.7833333333333333,0.7833333333333333,-1.3184899485073063,0.01,0.08,2.202884417163138,0.022028844171631378,0.17623075337305102,0.17623075337305102,0.00387638531386086,0.003913292356084614,0.0038394782716371064,0.0008574582281338011,1000,200,200,10000,10000,10000,10000,-1.1549797838965505,0.6263517874846668,0.933,2.0212135320831024,4.881194506416744e-05,0.00020199111863776153,7.441092469530282e-05,9.951867882382928e-05,4.881194506416744e-05,0.00020199111863776153,7.441092469530282e-05,9.951867882382928e-05,-1.152653195168829,0.9126036239127677,0.785,2.456568087427904,8.41655001125184e-05,0.0001137983387178323,0.0037178016468073557,1.3246644899201119,0.0,0.3047797926218253
0.75,0.7833333333333333,0.7999999999999999,-1.3076535147318455,0.01,0.08,2.2510671357479284,0.022510671357479285,0.18008537085983428,0.18008537085983425,0.003838680331362294,0.003800935454748535,0.0038764252079760532,0.00094356683548504,1000,200,200,10000,10000,10000,10000,-1.1458254706942064,0.5832641714597153,0.936,1.9153525809257752,5.1605896153508095e-05,0.00021966398796954484,7.242528122817505e-05,7.459080891361124e-05,5.1605896153508095e-05,0.00021966398796954484,7.242528122817505e-05,7.459080891361124e-05,-1.1064659294185863,0.87221623337724,0.792,2.4004123632652687,9.773995848170372e-05,0.00014673654902643045,-0.0013059547164428415,1.3086321281550921,0.0,0.305912563915329
0.75,0.7833333333333333,0.8166666666666667,-1.2926490912708244,0.01,0.08,2.293043980200648,0.022930439802006482,0.18344351841605186,0.1834435184160519,0.0039643241180670405,0.003909861230294205,0.004018787005839875,0.001028080329945309,1000,200,200,10000,10000,10000,10000,-1.1135281162050463,0.5868780210000591,0.918,1.8994307323522657,5.984870673301783e-05,0.00023826848460608172,7.804323564778113e-05,5.9847945548169125e-05,5.984870673301783e-05,0.00023826848460608172,7.804323564778113e-05,5.9847945548169125e-05,-1.153518025281364,0.8610756515008181,0.799,2.4331629718932226,0.00011648957017769427,0.00017168789978401028,0.0019140965290337633,1.297061166566513,0.0,0.30534259900898575
0.75,0.7833333333333333,0.8333333333333333,-1.2736410697275597,0.01,0.08,2.3224798696218354,0.023224798696218355,0.18579838956974684,0.18579838956974684,0.0038738319165756503,0.003909861230294205,0.0038378026028570954,0.0011588365197925821,1000,200,200,10000,10000,10000,10000,-1.1301513815200572,0.6203796078003417,0.933,1.9438573381462485,7.946110947545313e-05,0.0003586291436761925,0.00011406778769280786,0.00012025240053007246,7.946110947545313e-05,0.0003586291436761925,0.00011406778769280786,0.00012025240053007246,-1.0904590515038939,0.9059299797698699,0.784,2.4388751771024646,0.0001586816605302965,0.0002854650230741009,0.0005749817879899319,1.2767024418992619,0.0,0.3040899125927098
0.75,0.7833333333333333,0.85,-1.250837705963763,0.01,0.08,2.3593338545965543,0.023593338545965542,0.18874670836772434,0.1887467083677243,0.0040029467231859975,0.003948483835413163,0.004057409610958833,0.0011897982327735534,1000,200,200,10000,10000,10000,10000,-1.0784099421453726,0.6013541038627026,0.942,1.9632135836811273,8.496033996776626e-05,0.0003307858506882286,0.00011103676029594981,6.50736651754234e-05,8.496033996776626e-05,0.0003307858506882286,0.00011103676029594981,6.50736651754234e-05,-1.06655110715617,0.9218534361316627,0.783,2.480444474051114,0.0001599539815843989,0.00023346844935237692,-0.0033610756935488232,1.249942968517984,0.0,0.30498133749848244
0.75,0.7999999999999999,0.7,-1.2722666584868294,0.01,0.08,2.13335849149784,0.0213335849149784,0.1706686793198272,0.1706686793198272,0.0038738319165756503,0.0037657439754199854,0.003981919857731315,0.0007931747524972012,1000,200,200,10000,10000,10000,10000,-1.094644774954634,0.6210770464147536,0.94,1.9954491253989919,4.142317888721433e-05,0.0001708804925474241,6.554774188745445e-05,5.745196519236163e-05,4.142317888721433e-05,0.0001708804925474241,6.554774188745445e-05,5.745196519236163e-05,-1.0959496469151873,0.940138034826467,0.771,2.469433870553406,7.23144420680363e-05,0.00012110415701427293,0.0019613651628768184,1.2766080684965924,0.0,0.30510926955768763
0.75,0.7999999999999999,0.7166666666666667,-1.2831030922622904,0.01,0.08,2.1452475014469696,0.0214524750144697,0.1716198001157576,0.1716198001157576,0.0037169572548808876,0.0037017625066225017,0.0037321520031392734,0.0007364570238127132,1000,200,200,10000,10000,10000,10000,-1.131924773120965,0.6593357561246256,0.95,2.098315421427997,3.9985514168812545e-05,0.0001449441455106495,6.614888270789214e-05,4.2493938392401335e-05,3.9985514168812545e-05,0.0001449441455106495,6.614888270789214e-05,4.2493938392401335e-05,-1.0856033321788083,0.957744624629247,0.769,2.5071596516474854,7.219991208440337e-05,0.00011866816500894232,0.0025004868532540496,1.2879863871688264,0.0,0.3053038235625009
0.75,0.7999999999999999,0.7333333333333333,-1.2896528101160774,0.01,0.08,2.162646231261547,0.02162646231261547,0.17301169850092377,0.17301169850092377,0.0038034108770524646,0.0037690191512478335,0.0038378026028570954,0.0008023426568182204,1000,200,200,10000,10000,10000,10000,-1.1265077444715812,0.6719438901685678,0.948,2.1140683438448478,4.7862474557158656e-05,0.00018438395186143804,7.9979745424808e-05,9.12749362649927e-05,4.7862474557158656e-05,0.00018438395186143804,7.9979745424808e-05,9.12749362649927e-05,-1.1054606358991506,0.9620180554569224,0.774,2.4754753546512553,7.734292268338325e-05,0.00011871798645626496,0.0034904244290651885,1.2955665691672245,0.0,0.30479543440889195
0.75,0.7999999999999999,0.75,-1.291844051968768,0.01,0.08,2.181420576900842,0.02181420576900842,0.17451364615206735,0.17451364615206735,0.0038361269340770844,0.003871318413405634,0.003800935454748535,0.0008723484036020941,1000,200,200,10000,10000,10000,10000,-1.1397992960919816,0.6161552032277302,0.955,2.031321605304302,4.99167891709647e-05,0.00022626665539526907,7.355977948661967e-05,6.083203188905571e-05,4.99167891709647e-05,0.00022626665539526907,7.355977948661967e-05,6.083203188905571e-05,-1.1272718730189972,0.9336916848419319,0.765,2.4661156775856803,9.493032909913798e-05,0.00016840985499407771,0.0001429926507396167,1.2943337725442536,0.0,0.30474606523787834
0.75,0.7999999999999999,0.7666666666666666,-1.2896528101160774,0.01,0.08,2.2018592410698705,0.022018592410698704,0.17614873928558963,0.17614873928558963,0.003856198096045289,0.003767343482467823,0.003945052709622755,0.0008517906557117943,1000,200,200,10000,10000,10000,10000,-1.1110384524178059,0.6139849185961196,0.938,2.0178790198025065,4.937583516545065e-05,0.00018472897249990992,7.852080777820296e-05,6.804252911687345e-05,4.937583516545065e-05,0.00018472897249990992,7.852080777820296e-05,6.804252911687345e-05,-1.0757631270445012,0.8889149580845759,0.773,2.397912511709807,8.475137866881805e-05,0.00012616822631688444,-0.006413918977335063,1.2854966905599672,0.0,0.30616780743545896
0.75,0.7999999999999999,0.7833333333333333,-1.2831030922622904,0.01,0.08,2.222594803822726,0.02222594803822726,0.17780758430581808,0.17780758430581806,0.003819369028802815,0.003802611123528546,0.0038361269340770844,0.000904325486267543,1000,200,200,10000,10000,10000,10000,-1.140287926254922,0.6221769827297005,0.946,2.035346166049612,5.342522380050485e-05,0.00022009078937173596,7.307499628772223e-05,8.073964759775927e-05,5.342522380050485e-05,0.00022009078937173596,7.307499628772223e-05,8.073964759775927e-05,-1.1128613787176693,0.926766578823572,0.781,2.450136568971039,9.631009481692098e-05,0.00014227623994763082,0.002282998484979365,1.2878659045162102,0.0,0.3050135904017609
0.75,0.7999999999999999,0.7999999999999999,-1.2722666584868294,0.01,0.08,2.2510438585831523,0.022510438585831523,0.18008350868665218,0.18008350868665218,0.0038386023563810132,0.0038410777786849425,0.0038361269340770844,0.0009040253736540223,1000,200,200,10000,10000,10000,10000,-1.1326320456771704,0.5917886115109858,0.938,2.065619137315386,5.5080860544901276e-05,0.00023240438636567892,8.627456095675061e-05,0.00011915875602154201,5.5080860544901276e-05,0.00023240438636567892,8.627456095675061e-05,0.00011915875602154201,-1.0780092322946018,0.9526423259971004,0.778,2.5549198867100187,0.00010859356179106191,0.00016300468082934327,0.0026131604714191275,1.2772667592534825,0.0,0.30622582292275907
0.75,0.7999999999999999,0.8166666666666667,-1.2572622350258085,0.01,0.08,2.294178911244545,0.022941789112445453,0.18353431289956362,0.18353431289956365,0.003838680331362294,0.003911616687304603,0.0037657439754199854,0.0009236673703878963,1000,200,200,10000,10000,10000,10000,-1.0764312310800213,0.6578317930804587,0.95,2.1130694712226115,6.0149222137262336e-05,0.00022041415841749277,8.081579175329646e-05,5.942891583713968e-05,6.0149222137262336e-05,0.00022041415841749277,8.081579175329646e-05,5.942891583713968e-05,-1.114435826194136,0.8776726166284062,0.798,2.409007167390305,0.00010838731264216714,0.00015302649342624128,-0.0007564126507386992,1.2590322468812178,0.0,0.30637146647801106
0.75,0.7999999999999999,0.8333333333333333,-1.2382542134825436,0.01,0.08,2.3481706690667856,0.023481706690667858,0.18785365352534286,0.18785365352534283,0.004038976036904552,0.003981919857731315,0.00409603221607779,0.0011647103201085193,1000,200,200,10000,10000,10000,10000,-1.0699759481099067,0.5828448392000309,0.934,1.8897621547877652,7.693182613183181e-05,0.0003233522096002091,0.00011299979897185857,0.00010691660460829731,7.693182613183181e-05,0.0003233522096002091,0.00011299979897185857,0.00010691660460829731,-1.0290419863401592,0.8880035979709486,0.814,2.4715718088011185,0.00014548113279213207,0.0002129209153537039,-0.0012619035204182842,1.2396336195921254,0.0,0.30661431441107045
0.75,0.7999999999999999,0.85,-1.215450849718747,0.01,0.08,2.3926770756793783,0.023926770756793784,0.19141416605435027,0.19141416605435027,0.004038098308399353,0.004018787005839875,0.004057409610958833,0.0012042507105272516,1000,200,200,10000,10000,10000,10000,-1.0875508967937513,0.5961575205939882,0.945,2.0144507047512357,9.221600037174266e-05,0.0003325466215485897,0.00012487287924947796,9.594156769766585e-05,9.221600037174266e-05,0.0003325466215485897,0.00012487287924947796,9.594156769766585e-05,-1.0797717627339407,0.8941817338821101,0.781,2.480896147217604,0.0001736227876034901,0.00022457496435069406,-0.004919785894101553,1.213073230486507,0.0,0.30562129407941807
0.75,0.8166666666666667,0.7,-1.2380647814415315,0.01,0.08,2.1547974927212294,0.021547974927212294,0.17238379941769835,0.17238379941769835,0.003750585577193553,0.003769019151247833,0.0037321520031392726,0.0007437443515763753,1000,200,200,10000,10000,10000,10000,-1.0881519143780074,0.6441199496754106,0.926,2.094373228984092,4.014319995740026e-05,0.0001433498730962256,5.895870529117703e-05,4.410669884237816e-05,4.014319995740026e-05,0.0001433498730962256,5.895870529117703e-05,4.410669884237816e-05,-1.0381650233312512,0.9900953196628984,0.749,2.4707324898271024,6.950199031427459e-05,0.00010332971108034655,0.0020123674867551073,1.2424253934331744,0.0,0.3052124667900206
0.75,0.8166666666666667,0.7166666666666667,-1.2489012152169925,0.01,0.08,2.167981286506149,0.02167981286506149,0.17343850292049193,0.1734385029204919,0.0038378026028570954,0.0037657439754199854,0.003909861230294205,0.0008449109847629815,1000,200,200,10000,10000,10000,10000,-1.0802049903398911,0.6361892340941997,0.948,2.0710139831018726,4.920000991214859e-05,0.00020316494161243506,7.561333015629454e-05,5.514666118871605e-05,4.920000991214859e-05,0.00020316494161243506,7.561333015629454e-05,5.514666118871605e-05,-1.0559330087887016,0.9457832680931205,0.763,2.4830082618425253,8.677785659542695e-05,0.00015005259430848293,-0.003940844322731397,1.2473924718078473,0.0,0.30575320544489015
0.75,0.8166666666666667,0.7333333333333333,-1.2554509330707795,0.01,0.08,2.1969360997273846,0.021969360997273847,0.17575488797819078,0.17575488797819078,0.003893103325019936,0.0038394782716371064,0.003946728378402766,0.0008600396046307635,1000,200,200,10000,10000,10000,10000,-1.1345363818944596,0.5932927081113049,0.953,2.00046207805656,4.71596476833924e-05,0.00021128922498706105,7.21245299485713e-05,8.426308557994091e-05,4.71596476833924e-05,0.00021128922498706105,7.21245299485713e-05,8.426308557994091e-05,-1.0782084575262674,0.8890594180711361,0.763,2.406990945346194,8.865243320189354e-05,0.00014893140779197075,-0.005853131637189532,1.2521181344741437,0.0,0.30577111863374434
0.75,0.8166666666666667,0.75,-1.2576421749234703,0.01,0.08,2.1948757846867837,0.021948757846867836,0.17559006277494268,0.1755900627749427,0.0038386023563810137,0.0038042106305763825,0.003872994082185645,0.0009066335612966237,1000,200,200,10000,10000,10000,10000,-1.104777697514589,0.5993695259442717,0.94,1.9567392937063293,5.1393370446793054e-05,0.00022107003521105206,7.580213234080432e-05,7.271459463160426e-05,5.1393370446793054e-05,0.00022107003521105206,7.580213234080432e-05,7.271459463160426e-05,-1.038540796524971,0.9684277237725974,0.779,2.468740341494578,9.176011094808492e-05,0.0001419566238718199,-0.0021049023112586778,1.2578917311014808,0.0,0.30510315896849094
0.75,0.8166666666666667,0.7666666666666666,-1.2554509330707795,0.01,0.08,2.2290780573514652,0.022290780573514652,0.17832624458811722,0.17832624458811722,0.0038378026028570954,0.003800935454748535,0.003874669750965656,0.0008647826995519763,1000,200,200,10000,10000,10000,10000,-1.1116452807608779,0.6157122075663951,0.937,1.9900305208533668,4.831052624598253e-05,0.00018880036067961325,7.36457974894913e-05,8.425758108776259e-05,4.831052624598253e-05,0.00018880036067961325,7.36457974894913e-05,8.425758108776259e-05,-1.108476508958989,0.8700915526134871,0.811,2.4864294403509355,8.689502166858277e-05,0.00013152725138106778,-0.003345531612136311,1.254383146247102,0.0,0.3054575631569775
0.75,0.8166666666666667,0.7833333333333333,-1.2489012152169925,0.01,0.08,2.2555534243496496,0.022555534243496496,0.18044427394797197,0.18044427394797197,0.003891427656239925,0.003872994082185645,0.003909861230294205,0.0010317952150734732,1000,200,200,10000,10000,10000,10000,-1.095373596119159,0.625321059619042,0.933,1.984673738075542,6.755665628143805e-05,0.00028562188048681324,9.949380901095899e-05,8.353728623182865e-05,6.755665628143805e-05,0.00028562188048681324,9.949380901095899e-05,8.353728623182865e-05,-1.1103584569990486,0.909216600710111,0.77,2.4309277437200514,0.00011858852868839112,0.00017749513465298322,0.003328499273213788,1.254621106098568,0.0,0.30534799290242726
0.75,0.8166666666666667,0.7999999999999999,-1.2380647814415318,0.01,0.08,2.2836270809048385,0.022836270809048386,0.1826901664723871,0.1826901664723871,0.003983675314741713,0.004020542462850272,0.003946808166633152,0.0010390268828559582,1000,200,200,10000,10000,10000,10000,-1.064135927078518,0.583744318714244,0.933,1.9260705936002362,6.286025615539558e-05,0.0002646072046728767,8.775926335170649e-05,0.00011039237275215248,6.286025615539558e-05,0.0002646072046728767,8.775926335170649e-05,0.00011039237275215248,-1.0546093166446011,0.8865851672009389,0.803,2.4669592163144287,0.00011447712415013891,0.00015801940241362848,0.0003325971339994701,1.240808003765069,0.0,0.305565450290769
0.75,0.8166666666666667,0.8166666666666667,-1.2230603579805106,0.01,0.08,2.304996231507886,0.02304996231507886,0.18439969852063087,0.18439969852063087,0.003910699064684211,0.0038394782716371064,0.003981919857731315,0.0010315122898391543,1000,200,200,10000,10000,10000,10000,-1.0743970249494152,0.5919145223781668,0.951,1.9527456050374028,6.478480488464653e-05,0.0002562436217094644,9.658504236855937e-05,0.00011882240974991508,6.478480488464653e-05,0.0002562436217094644,9.658504236855937e-05,0.00011882240974991508,-0.9643084600737362,0.8978486098372088,0.794,2.4512379898017254,0.00012277661801567334,0.0001946709270686662,-0.0005465390020056182,1.2248121273455976,0.0,0.3056851025150853
0.75,0.8166666666666667,0.8333333333333333,-1.2040523364372457,0.01,0.08,2.3477811757806606,0.023477811757806607,0.18782249406245285,0.18782249406245288,0.004021420191355471,0.003983675314741713,0.004059165067969229,0.0011988905242718635,1000,200,200,10000,10000,10000,10000,-1.0465846929439253,0.5815892019393339,0.955,1.8896464685587333,7.93273262962347e-05,0.0003547403060496645,0.00010878186396738619,9.055998948158166e-05,7.93273262962347e-05,0.0003547403060496645,0.00010878186396738619,9.055998948158166e-05,-1.0606516428734851,0.8741362047964014,0.822,2.559882280258076,0.0001689438625281519,0.00024261803243195003,0.0021614140508578283,1.2088573314179953,0.0,0.3040676529748377
0.75,0.8166666666666667,0.85,-1.1812489726734492,0.01,0.08,2.403295869879639,0.02403295869879639,0.1922636695903711,0.1922636695903711,0.004022258025745477,0.004134654821196748,0.003909861230294205,0.0011832447433691594,1000,200,200,10000,10000,10000,10000,-1.0395757294531627,0.608410271417657,0.936,2.0039896558753356,8.86705820188472e-05,0.00034671036919354175,0.00011641239806446523,0.0001291045551070675,8.86705820188472e-05,0.00034671036919354175,0.00011641239806446523,0.0001291045551070675,-1.0434983781661777,0.8885150911803487,0.786,2.4874455334756105,0.00016691540271983319,0.0002230006414784158,-0.002295265093791635,1.181699172529985,0.0,0.3050173584417633
0.75,0.8333333333333333,0.7,-1.2054226065180615,0.01,0.08,2.1956461000775125,0.021956461000775127,0.175651688006201,0.17565168800620098,0.0038611524847363874,0.003913292356084614,0.003809012613388161,0.0008228604534375041,1000,200,200,10000,10000,10000,10000,-1.0029901222942956,0.5878747719656587,0.944,1.9729359708947314,4.08097108553338e-05,0.00017244764699097804,5.69919262659545e-05,6.148718756417105e-05,4.08097108553338e-05,0.00017244764699097804,5.69919262659545e-05,6.148718756417105e-05,-0.9933459811259648,0.932879698372613,0.775,2.4921053384619163,8.026836403984403e-05,0.00012417725964820897,0.0035516642984692284,1.2115710976056777,0.0,0.3051183206893579
0.75,0.8333333333333333,0.7166666666666667,-1.2162590402935225,0.01,0.08,2.200390061455674,0.02200390061455674,0.1760312049164539,0.17603120491645388,0.003928334698463679,0.003909861230294205,0.003946808166633152,0.0009486658438565022,1000,200,200,10000,10000,10000,10000,-1.0626004541963006,0.5752476536052974,0.941,1.8927200179295256,5.2572786924084594e-05,0.0002356591655109993,7.82014112626104e-05,8.6126556333478e-05,5.2572786924084594e-05,0.0002356591655109993,7.82014112626104e-05,8.6126556333478e-05,-1.0407545892763834,0.93850312788568,0.792,2.5334103516505175,0.00010238785701312302,0.0001651904707520688,-0.0032618563491412554,1.2155611056262454,0.0,0.3048601287784217
0.75,0.8333333333333333,0.7333333333333333,-1.2228087581473095,0.01,0.08,2.2155531691421704,0.022155531691421704,0.17724425353137363,0.17724425353137363,0.0038025730426624587,0.0038042106305763825,0.003800935454748535,0.0007963027882173627,1000,200,200,10000,10000,10000,10000,-1.0397877323990818,0.659022470644121,0.94,2.071825061486753,4.5877113288425503e-05,0.00016421610398525426,7.617548156207584e-05,7.556225120281742e-05,4.5877113288425503e-05,0.00016421610398525426,7.617548156207584e-05,7.556225120281742e-05,-1.081971978060832,0.8783122856482682,0.807,2.484239719215333,7.917326750603049e-05,0.0001088995081127058,0.0026986787804739905,1.2280008747384699,0.0,0.30501679239527135
0.75,0.8333333333333333,0.75,-1.2250000000000003,0.01,0.08,2.2308823606173838,0.02230882360617384,0.1784705888493907,0.17847058884939074,0.003945052709622755,0.003908185561514194,0.003981919857731315,0.0009646134839732387,1000,200,200,10000,10000,10000,10000,-1.0833231584686913,0.5830013033004092,0.932,1.9594856316638618,5.8248744601872885e-05,0.0002491537218995733,9.712120382432288e-05,6.729590893716751e-05,5.8248744601872885e-05,0.0002491537218995733,9.712120382432288e-05,6.729590893716751e-05,-1.0359756721651094,0.9397939269878544,0.765,2.5082776290236146,0.00010286829761929971,0.00014679269844850118,0.006034619263370853,1.2335654670472165,0.0,0.30494488080535154
0.75,0.8333333333333333,0.7666666666666666,-1.2228087581473095,0.01,0.08,2.242022725471722,0.022420227254717224,0.1793618180377378,0.17936181803773782,0.0038545605081313646,0.003800935454748535,0.003908185561514194,0.0009235313816448473,1000,200,200,10000,10000,10000,10000,-1.084770274464653,0.6448810700941037,0.949,2.087447683919754,6.185829205085745e-05,0.00023540214769861753,9.338918401910174e-05,7.538429938714552e-05,6.185829205085745e-05,0.00023540214769861753,9.338918401910174e-05,7.538429938714552e-05,-0.9962500132190123,0.9382035211917864,0.773,2.466486305520467,0.00010425051584499779,0.0001487774535249012,-0.008052213898959255,1.217249066182474,0.0,0.30447055460708583
0.75,0.8333333333333333,0.7833333333333333,-1.2162590402935225,0.01,0.08,2.284794947761492,0.022847949477614923,0.18278359582091938,0.1827835958209194,0.003910699064684211,0.003909861230294205,0.003911536899074216,0.0009557610149592795,1000,200,200,10000,10000,10000,10000,-1.02843978340541,0.6055159443253872,0.955,2.0491589703612854,6.110639535910986e-05,0.0002346304492005103,8.8790654108859e-05,6.778779195349426e-05,6.110639535910986e-05,0.0002346304492005103,8.8790654108859e-05,6.778779195349426e-05,-1.00685617296231,0.8543829507554858,0.808,2.4166494791960718,0.00011231493464606066,0.00024117388968539032,0.0006004724043653185,1.2194767349887323,0.0,0.3063546292530359
0.75,0.8333333333333333,0.7999999999999999,-1.2054226065180618,0.01,0.08,2.3069114784296603,0.0230691147842966,0.1845529182743728,0.1845529182743728,0.003911576793189409,0.003802611123528546,0.004020542462850272,0.000988216360873022,1000,200,200,10000,10000,10000,10000,-1.0188750372122939,0.6143607030238913,0.933,1.9664573197277042,5.9694473300291756e-05,0.00023251710416095472,8.155779544150497e-05,7.197638275589743e-05,5.9694473300291756e-05,0.00023251710416095472,8.155779544150497e-05,7.197638275589743e-05,-1.062826660983442,0.9070059457726471,0.786,2.455999026484085,0.00011363254366771841,0.0001590317152770414,3.973053250034873e-05,1.2081513889302895,0.0,0.30511278391485147
0.75,0.8333333333333333,0.8166666666666667,-1.1904181830570406,0.01,0.08,2.3451701512321668,0.02345170151232167,0.18761361209857336,0.18761361209857336,0.00398275769212132,0.004018787005839875,0.003946728378402766,0.001098225835254677,1000,200,200,10000,10000,10000,10000,-1.0301680755426255,0.5917415537087635,0.946,1.9494488098749394,7.045270851990438e-05,0.0002872699247027903,8.916769703804142e-05,8.288127984364357e-05,7.045270851990438e-05,0.0002872699247027903,8.916769703804142e-05,8.288127984364357e-05,-1.043335808827622,0.8530385202997064,0.802,2.460312113164206,0.00013792252131946653,0.00020280461287011344,0.006532859745835218,1.1993944216361778,0.0,0.30559015676424756
0.75,0.8333333333333333,0.8333333333333333,-1.1714101615137757,0.01,0.08,2.3701022849620212,0.023701022849620213,0.1896081827969617,0.1896081827969617,0.004057409610958833,0.004057409610958833,0.004057409610958833,0.0012092932451976926,1000,200,200,10000,10000,10000,10000,-0.9780846269778218,0.5953631639767072,0.939,1.938746105437585,8.714622590433424e-05,0.00035763932188917805,0.00012952558699513774,0.00010653259494068717,8.714622590433424e-05,0.00035763932188917805,0.00012952558699513774,0.00010653259494068717,-1.019388497372267,0.9316378505044651,0.778,2.4552003893081875,0.00015232342802104615,0.00023583904338621075,-0.004142276535831172,1.1699941680339458,0.0,0.3049432209182087
0.75,0.8333333333333333,0.85,-1.1486067977499792,0.01,0.08,2.3982317061924983,0.023982317061924982,0.19185853649539986,0.19185853649539988,0.004154927439668464,0.00409603221607779,0.004213822663259139,0.0012477245656246792,1000,200,200,10000,10000,10000,10000,-1.0068183054939486,0.5787078629734583,0.946,1.9088499260176794,8.600581618954266e-05,0.0003795663808075785,0.00011586458418546195,0.00012209727140904438,8.600581618954266e-05,0.0003795663808075785,0.00011586458418546195,0.00012209727140904438,-0.975295330893044,0.8972246313340171,0.795,2.507180843739992,0.00016881471633375765,0.0002269551054530251,-0.004510487525494381,1.1468464550571036,0.0,0.30468713025341787
0.75,0.85,0.7,-1.1746977682156958,0.01,0.08,2.224714747606669,0.02224714747606669,0.17797717980853353,0.17797717980853353,0.003872994082185645,0.0038361269340770844,0.003909861230294205,0.0009011372505300496,1000,200,200,10000,10000,10000,10000,-1.0419058893645465,0.6178515502597364,0.952,2.0316162359958927,5.494167820770953e-05,0.00022875288230050076,8.190456360150487e-05,7.299573639607814e-05,5.494167820770953e-05,0.00022875288230050076,8.190456360150487e-05,7.299573639607814e-05,-1.0368631553715284,0.9001025518632693,0.778,2.4586678566767937,9.511540068363464e-05,0.00014144927723684273,0.0016967081437001116,1.1790175209651723,0.0,0.3043946659094306
0.75,0.85,0.7166666666666667,-1.1855342019911568,0.01,0.08,2.2315351401685355,0.022315351401685356,0.17852281121348285,0.17852281121348282,0.00383696476846709,0.0038378026028570954,0.0038361269340770844,0.0009040658880671133,1000,200,200,10000,10000,10000,10000,-1.0549005573834065,0.6390213752452171,0.954,2.073485815513118,5.888969326618404e-05,0.00024322590847725598,9.475004595235333e-05,8.043868426558625e-05,5.888969326618404e-05,0.00024322590847725598,9.475004595235333e-05,8.043868426558625e-05,-1.0431745465150408,0.9094334594531175,0.765,2.4537985716390067,9.982702624701722e-05,0.00016213099621715163,-0.0027833143929781225,1.1854295559917636,0.0,0.30480407492464656
0.75,0.85,0.7333333333333333,-1.1920839198449438,0.01,0.08,2.2386690828886238,0.022386690828886238,0.1790935266310899,0.1790935266310899,0.0038721562477956393,0.003871318413405634,0.003872994082185645,0.0008579548995480213,1000,200,200,10000,10000,10000,10000,-1.0396982333847051,0.6232697742474499,0.947,2.075753678739777,5.163535084006304e-05,0.00018763890466219727,7.234731491729008e-05,6.26865142350608e-05,5.163535084006304e-05,0.00018763890466219727,7.234731491729008e-05,6.26865142350608e-05,-1.0265502685465984,0.9199771888764262,0.789,2.5277493215436397,9.710600689470565e-05,0.00014565101301319515,0.0019385971260535804,1.196470213213974,0.0,0.3049167315103989
0.75,0.85,0.75,-1.1942751616976344,0.01,0.08,2.2627703064120546,0.022627703064120545,0.18102162451296436,0.18102162451296436,0.00385539834252137,0.0038378026028570954,0.003872994082185645,0.0009173999112406003,1000,200,200,10000,10000,10000,10000,-1.0164900473626717,0.646979888054648,0.956,2.124184574492223,6.226678893768751e-05,0.000230402893182837,9.42628177321741e-05,9.423017286592273e-05,6.226678893768751e-05,0.000230402893182837,9.42628177321741e-05,9.423017286592273e-05,-1.0091710629005932,0.8757902893476964,0.806,2.4699386388037996,0.00010188882351372698,0.0001461594014019705,-0.00099398661290369,1.1959088656074814,0.0,0.30493166159540774
0.75,0.85,0.7666666666666666,-1.1920839198449438,0.01,0.08,2.2746365188100244,0.022746365188100245,0.18197092150480196,0.18197092150480196,0.004020542462850272,0.004020542462850272,0.004020542462850272,0.0011005940203589807,1000,200,200,10000,10000,10000,10000,-1.0189971824170443,0.5856066652546178,0.938,1.8604469915392097,6.41319739422324e-05,0.0003163236260866733,8.900394420199643e-05,9.939819709099133e-05,6.41319739422324e-05,0.0003163236260866733,8.900394420199643e-05,9.939819709099133e-05,-0.9363507586372161,0.9682575206734774,0.743,2.4788668202179363,0.00011943576634819627,0.00017912990251377626,-0.0030499570474774853,1.191687156555588,0.0,0.30560486238821766
0.75,0.85,0.7833333333333333,-1.1855342019911568,0.01,0.08,2.298481199089819,0.02298481199089819,0.18387849592718553,0.18387849592718553,0.003945890544012761,0.003945052709622755,0.003946728378402766,0.0010145036797223105,1000,200,200,10000,10000,10000,10000,-1.0045804339195352,0.6137993005628198,0.937,1.9627201987002196,6.246861669417493e-05,0.0002630270491380168,8.24626631503958e-05,7.384680961494454e-05,6.246861669417493e-05,0.0002630270491380168,8.24626631503958e-05,7.384680961494454e-05,-1.0149398866859407,0.9068644539756584,0.774,2.469731897433212,0.00011368771400146847,0.00016010388464425868,1.1516269249882499e-05,1.1883477094444819,0.0,0.3048787076829338
0.75,0.85,0.7999999999999999,-1.1746977682156958,0.01,0.08,2.3462368027010143,0.023462368027010145,0.18769894421608116,0.18769894421608113,0.004020542462850272,0.004020542462850272,0.004020542462850272,0.001042117713279706,1000,200,200,10000,10000,10000,10000,-1.0103687010860638,0.6094454079800913,0.947,1.982188657802095,7.00571601346767e-05,0.00025260619910293087,0.00010327880959457393,8.081222182261827e-05,7.00571601346767e-05,0.00025260619910293087,0.00010327880959457393,8.081222182261827e-05,-0.9753345514696572,0.8944632260256171,0.778,2.490570160354448,0.0001273641237326631,0.00018862643873810296,0.0021330599252304848,1.1795923278302365,0.0,0.3053217299518815
0.75,0.85,0.8166666666666667,-1.159693344754675,0.01,0.08,2.364596828986613,0.023645968289866127,0.18916774631892902,0.18916774631892902,0.0039459304381279535,0.003945052709622755,0.003946808166633152,0.0009873190979923449,1000,200,200,10000,10000,10000,10000,-0.9519259168666118,0.6046824864072715,0.93,2.066185502909834,6.495361846509394e-05,0.00021282680937645483,8.062420701460024e-05,6.168702634903288e-05,6.495361846509394e-05,0.00021282680937645483,8.062420701460024e-05,6.168702634903288e-05,-0.9889257701485775,0.8609958622517466,0.821,2.516367334111348,0.00013047347987323423,0.00018229544346146676,-0.008550915220750497,1.1537869676319263,0.0,0.3052896793679417
0.75,0.85,0.8333333333333333,-1.14068532321141,0.01,0.08,2.4010625794637273,0.024010625794637273,0.1920850063570982,0.1920850063570982,0.004001231160290794,0.003945052709622755,0.004057409610958833,0.0011340926846553647,1000,200,200,10000,10000,10000,10000,-0.9635930421079808,0.6128419098892612,0.948,2.0181763214723802,8.32053006396854e-05,0.0003264980221298676,0.00011749400557561635,0.00011670322243590824,8.32053006396854e-05,0.0003264980221298676,0.00011749400557561635,0.00011670322243590824,-0.9531512688484964,0.9004895664400471,0.803,2.4842933844921067,0.00015214904094159926,0.00021603533908450245,0.0024230762342534982,1.1459039583875936,0.0,0.3047943854187422
0.75,0.85,0.85,-1.1178819594476135,0.01,0.08,2.41006472651153,0.024100647265115297,0.19280517812092238,0.19280517812092238,0.004135574343405466,0.004175116470733142,0.00409603221607779,0.0011696146057724964,1000,200,200,10000,10000,10000,10000,-0.942571852924398,0.5857364265078951,0.95,1.9382580640157805,7.953556826173886e-05,0.0003155968639270513,0.00010412520219868127,7.043749406106223e-05,7.953556826173886e-05,0.0003155968639270513,0.00010412520219868127,7.043749406106223e-05,-0.962692504179758,0.9011129911736422,0.784,2.457941533838433,0.00014305732006772767,0.00018544011919210482,0.0004072580376957022,1.1210096236949363,0.0,0.30579480421990274
0.7666666666666666,0.7,0.7,-1.5083767758068631,0.01,0.08,2.0440066179647025,0.020440066179647026,0.1635205294371762,0.1635205294371762,0.0036449730583418176,0.0036617690444821745,0.003628177072201461,0.0006109108166025591,1000,200,200,10000,10000,10000,10000,-1.335146196695134,0.6756472054497757,0.934,2.1814024911286296,2.9693583048966493e-05,0.00012355737710701415,4.6752491117519186e-05,5.116295195800417e-05,2.9693583048966493e-05,0.00012355737710701415,4.6752491117519186e-05,5.116295195800417e-05,-1.318613577380727,1.0090355746076567,0.734,2.4822931466696017,4.92104483012779e-05,8.802474304702298e-05,0.002994915731438479,1.5134449551801596,0.0,0.3054444269370216
0.7666666666666666,0.7,0.7166666666666667,-1.519213209582324,0.01,0.08,2.077922829943018,0.02077922829943018,0.16623382639544143,0.16623382639544143,0.003665006139443934,0.0037354271789671197,0.0035945850999207483,0.0006577272661168159,1000,200,200,10000,10000,10000,10000,-1.3536480883473418,0.6644790023555186,0.924,2.1456848804672237,3.4158573827264304e-05,0.00013728714363998176,5.7486758219476806e-05,4.301015931253907e-05,3.4158573827264304e-05,0.00013728714363998176,5.7486758219476806e-05,4.301015931253907e-05,-1.3452391873367686,0.9705844086619906,0.763,2.44561818236239,5.833900273291566e-05,9.912810271693262e-05,0.001781033861633711,1.5228189686788498,0.0,0.30552766465032327
0.7666666666666666,0.7,0.7333333333333333,-1.525762927436111,0.01,0.08,2.11196281279107,0.0211196281279107,0.1689570250232856,0.1689570250232856,0.0037497858236696345,0.0038042106305763825,0.0036953610167628865,0.000697306813468322,1000,200,200,10000,10000,10000,10000,-1.3303935410891021,0.6507244004332662,0.921,2.093685808870992,3.537399477099702e-05,0.00012941803539115264,5.458933360963316e-05,3.8795358397756965e-05,3.537399477099702e-05,0.00012941803539115264,5.458933360963316e-05,3.8795358397756965e-05,-1.3703357381527705,0.912237809743166,0.804,2.47625716875533,6.281812841664403e-05,0.0001016157762020605,-0.0015472588896976982,1.5262872117890398,0.0,0.3047633530039622
0.7666666666666666,0.7,0.75,-1.5279541692888017,0.01,0.08,2.1249183935258475,0.021249183935258476,0.1699934714820678,0.1699934714820678,0.003800935454748535,0.0038361269340770844,0.0037657439754199854,0.0007592326728846679,1000,200,200,10000,10000,10000,10000,-1.3465305553310485,0.6615613378360051,0.894,2.0339606576395637,4.0299474226706876e-05,0.00016932003333027096,6.925612709303342e-05,7.314090992512541e-05,4.0299474226706876e-05,0.00016932003333027096,6.925612709303342e-05,7.314090992512541e-05,-1.3660585373245329,0.9507814158838344,0.755,2.4559978640102993,6.444176484607168e-05,9.71645620608337e-05,0.0006634937308310972,1.5307906525874142,0.0,0.30573721901261214
0.7666666666666666,0.7,0.7666666666666666,-1.525762927436111,0.01,0.08,2.1470124849595273,0.021470124849595273,0.17176099879676218,0.17176099879676215,0.0036969605238107235,0.003696960523810724,0.003696960523810723,0.0007557539158298648,1000,200,200,10000,10000,10000,10000,-1.3350595650273043,0.6690566127051871,0.918,2.0936819067579275,4.2694928275616816e-05,0.0001702455926967662,7.046549815873674e-05,6.930063880293468e-05,4.2694928275616816e-05,0.0001702455926967662,7.046549815873674e-05,6.930063880293468e-05,-1.256155059807179,0.9484063272364751,0.759,2.395851701418118,7.119364771740405e-05,0.00011635927795473394,0.00858703307526937,1.5365144296160786,0.0,0.30582133724836325
0.7666666666666666,0.7,0.7833333333333333,-1.519213209582324,0.01,0.08,2.180738245557645,0.02180738245557645,0.1744590596446116,0.17445905964461164,0.003821884345221937,0.0037657439754199854,0.0038780247150238894,0.0008585037071804104,1000,200,200,10000,10000,10000,10000,-1.3514501255327676,0.6126147310163541,0.909,1.9913633094865737,4.802300477431863e-05,0.00020067539078415372,7.474046848497936e-05,6.108307626090201e-05,4.802300477431863e-05,0.00020067539078415372,7.474046848497936e-05,6.108307626090201e-05,-1.3343761226903599,0.9432514426057355,0.757,2.4356942176711023,8.296817547805926e-05,0.00013066195878070548,-0.0013697594407674411,1.5199153324767212,0.0,0.30525508095095993
0.7666666666666666,0.7,0.7999999999999999,-1.5083767758068631,0.01,0.08,2.2176730039788457,0.022176730039788456,0.17741384031830765,0.17741384031830765,0.0038545605081313646,0.003872994082185645,0.0038361269340770844,0.0009628888168840107,1000,200,200,10000,10000,10000,10000,-1.334880232927123,0.6015388840211794,0.892,1.9326152973885742,5.564098274436958e-05,0.00024429123258985156,8.43234819949896e-05,0.00010352365367763668,5.564098274436958e-05,0.00024429123258985156,8.43234819949896e-05,0.00010352365367763668,-1.262174839920323,0.9121552168148946,0.771,2.4225145433059225,0.0001037982292938402,0.0001737807485839184,-0.0009300768581493376,1.509473920675439,0.0,0.305060186237218
0.7666666666666666,0.7,0.8166666666666667,-1.4933723523458422,0.01,0.08,2.2418729522331606,0.022418729522331607,0.17934983617865285,0.17934983617865285,0.0038738319165756503,0.003909861230294205,0.0038378026028570954,0.0008953620037719835,1000,200,200,10000,10000,10000,10000,-1.3553283985520683,0.5904601525475904,0.905,1.9989784145470086,5.141207967227356e-05,0.00018636065167044685,7.136036824144638e-05,5.2801686927622184e-05,5.141207967227356e-05,0.00018636065167044685,7.136036824144638e-05,5.2801686927622184e-05,-1.310185829051041,0.8852267525882537,0.805,2.4371620823641886,8.743516648343653e-05,0.00012311151449134836,-0.005799988842048517,1.4897900724099273,0.0,0.30567433195718213
0.7666666666666666,0.7,0.8333333333333333,-1.4743643308025773,0.01,0.08,2.271190748422035,0.022711907484220348,0.18169525987376278,0.18169525987376278,0.0038763472329947724,0.00384283323569534,0.003909861230294205,0.0009875727103525202,1000,200,200,10000,10000,10000,10000,-1.319204518483677,0.6246761156299825,0.919,2.031396332682987,6.276164873233527e-05,0.0002561153582769408,8.64564497231138e-05,0.0001109984275332315,6.276164873233527e-05,0.0002561153582769408,8.64564497231138e-05,0.0001109984275332315,-1.3189347919072767,0.8555183733650737,0.822,2.4524891711545003,0.00010974828442388193,0.00016688317825934543,-0.0018421918671247272,1.4747444754278107,0.0,0.3047509079370342
0.7666666666666666,0.7,0.85,-1.4515609670387808,0.01,0.08,2.3003386316487355,0.023003386316487354,0.18402709053189883,0.1840270905318988,0.003891427656239925,0.0038361269340770844,0.003946728378402766,0.0009233031280098238,1000,200,200,10000,10000,10000,10000,-1.312822612148814,0.6158067383292041,0.93,2.0351487301046127,5.580286698022176e-05,0.0002115767189454794,7.581820424961731e-05,8.842747381230109e-05,5.580286698022176e-05,0.0002115767189454794,7.581820424961731e-05,8.842747381230109e-05,-1.2709420295708347,0.8633365588135002,0.797,2.443522802365651,9.976058713603716e-05,0.00013564959182279655,-0.0010251045255505362,1.4525824026536747,0.0,0.30550393937325937
0.7666666666666666,0.7166666666666667,0.7,-1.4735594005600774,0.01,0.08,2.063999474870623,0.02063999474870623,0.16511995798964985,0.16511995798964985,0.0036785650306225305,0.0036617690444821745,0.0036953610167628865,0.0006771559772053175,1000,200,200,10000,10000,10000,10000,-1.3074199037421725,0.708454488377289,0.945,2.2022782040262494,3.8939157867106155e-05,0.0001696496361376832,7.335857846738716e-05,7.633868980078808e-05,3.8939157867106155e-05,0.0001696496361376832,7.335857846738716e-05,7.633868980078808e-05,-1.277964636350715,0.9880675151384012,0.755,2.447041043639689,5.6579702689395015e-05,9.649055413295165e-05,0.00820747637279519,1.483979271889079,0.0,0.30498673455066067
0.7666666666666666,0.7166666666666667,0.7166666666666667,-1.4843958343355383,0.01,0.08,2.0966228600116015,0.020966228600116016,0.16772982880092813,0.16772982880092815,0.003734552994545162,0.0037352783171710397,0.003733827671919284,0.0007448747112480409,1000,200,200,10000,10000,10000,10000,-1.3696607158140546,0.6624250154169963,0.924,2.102489802917188,4.1384628101009804e-05,0.00018503719411451795,7.32467589413272e-05,8.212969674664551e-05,4.1384628101009804e-05,0.00018503719411451795,7.32467589413272e-05,8.212969674664551e-05,-1.3166006223949203,0.9755178595237883,0.75,2.384642124214876,6.49978303535041e-05,0.00011185527703399423,0.0034918627762833892,1.48996675168748,0.0,0.30530391822895303
0.7666666666666666,0.7166666666666667,0.7333333333333333,-1.4909455521893253,0.01,0.08,2.113826724397189,0.02113826724397189,0.16910613795177512,0.16910613795177512,0.0037313522496153547,0.0037321520031392734,0.003730552496091436,0.0006949608694396477,1000,200,200,10000,10000,10000,10000,-1.315311920815025,0.6439127957924583,0.924,2.1050828549508216,3.585046125962207e-05,0.00013291774948563794,5.4336928115434614e-05,5.6759405719218086e-05,3.585046125962207e-05,0.00013291774948563794,5.4336928115434614e-05,5.6759405719218086e-05,-1.2957473997036888,0.9642739127458905,0.758,2.488355550669124,5.9903117321853654e-05,9.538778602935436e-05,-0.0023048591228560927,1.4908706823152968,0.0,0.30525315913269735
0.7666666666666666,0.7166666666666667,0.75,-1.4931367940420162,0.01,0.08,2.1399161050301805,0.021399161050301804,0.17119328840241443,0.17119328840241443,0.003819369028802815,0.0038378026028570954,0.003800935454748535,0.0008487352042715911,1000,200,200,10000,10000,10000,10000,-1.3323801893134883,0.6100876462633409,0.92,1.9764345794123825,4.664871341151608e-05,0.00020314119689650217,7.232720286013829e-05,5.25054314845862e-05,4.664871341151608e-05,0.00020314119689650217,7.232720286013829e-05,5.25054314845862e-05,-1.2928677936772415,0.9256913190077969,0.751,2.480076132111547,8.516262284803771e-05,0.000142158452999772,0.00015991845526331532,1.495345335678999,0.0,0.3049812873779141
0.7666666666666666,0.7166666666666667,0.7666666666666666,-1.4909455521893253,0.01,0.08,2.165815115671945,0.021658151156719454,0.17326520925375563,0.1732652092537556,0.0038553602616552833,0.003908185561514194,0.0038025349617963724,0.0008590436922415576,1000,200,200,10000,10000,10000,10000,-1.323013436301399,0.6166049641565077,0.905,1.961030178789368,4.496469771384626e-05,0.00019484701979152313,6.794901298452213e-05,8.486956146672847e-05,4.496469771384626e-05,0.00019484701979152313,6.794901298452213e-05,8.486956146672847e-05,-1.3127390539968289,0.9259797916468225,0.775,2.5135050671176415,8.767995580466836e-05,0.0001390456047082106,0.0005837561076840903,1.4935144487118368,0.0,0.30585868956118845
0.7666666666666666,0.7166666666666667,0.7833333333333333,-1.4843958343355383,0.01,0.08,2.1812031372526572,0.02181203137252657,0.17449625098021257,0.17449625098021257,0.003872994082185645,0.003872994082185645,0.003872994082185645,0.0008358675383167574,1000,200,200,10000,10000,10000,10000,-1.3373814397809818,0.6569485330040878,0.916,2.059734286057939,4.897969296705382e-05,0.00019086121648036753,7.069443698604778e-05,4.943781539304128e-05,4.897969296705382e-05,0.00019086121648036753,7.069443698604778e-05,4.943781539304128e-05,-1.30626444909711,0.9260724203330635,0.78,2.4504429470686975,8.440425474677161e-05,0.0001287648829456797,-0.006912444392681663,1.4795243577491206,0.0,0.30595249332821894
0.7666666666666666,0.7166666666666667,0.7999999999999999,-1.4735594005600776,0.01,0.08,2.212888852094426,0.022128888520944263,0.1770311081675541,0.1770311081675541,0.003909861230294205,0.0038378026028570954,0.003981919857731315,0.0009098144269157537,1000,200,200,10000,10000,10000,10000,-1.334023678491071,0.5910299799259956,0.917,1.9382963366815338,4.9566736261688416e-05,0.00021428380385352127,7.479840675726373e-05,0.00010329547539568051,4.9566736261688416e-05,0.00021428380385352127,7.479840675726373e-05,0.00010329547539568051,-1.2972463622301307,0.9212905643827574,0.762,2.420997774031185,8.333827826304213e-05,0.00012261632802232724,0.0022257173731269255,1.4777714492913328,0.0,0.30598047633468717
0.7666666666666666,0.7166666666666667,0.8166666666666667,-1.4585549770990565,0.01,0.08,2.231735627615767,0.02231735627615767,0.17853885020926136,0.17853885020926138,0.00383696476846709,0.003800935454748535,0.003872994082185645,0.0009252705341216867,1000,200,200,10000,10000,10000,10000,-1.299773409901902,0.6095499147665656,0.917,2.015730648996611,5.6283141062001845e-05,0.00023070171618026476,8.092304723103229e-05,5.680800712331467e-05,5.6283141062001845e-05,0.00023070171618026476,8.092304723103229e-05,5.680800712331467e-05,-1.249068614164485,0.9059693360328878,0.79,2.4484432563707776,0.00010334342556962162,0.000169661199657175,-0.0015606543170473997,1.459102330873149,0.0,0.3053936502294737
0.7666666666666666,0.7166666666666667,0.8333333333333333,-1.4395469555557916,0.01,0.08,2.2740510672565657,0.022740510672565658,0.18192408538052526,0.18192408538052526,0.003983635420626519,0.004057409610958833,0.003909861230294205,0.0010543541733877841,1000,200,200,10000,10000,10000,10000,-1.2771302735637298,0.5675775751168993,0.923,1.8986325053480628,6.204414092075726e-05,0.00030127883083465144,8.704880532046343e-05,0.00011541264575360238,6.204414092075726e-05,0.00030127883083465144,8.704880532046343e-05,0.00011541264575360238,-1.2404135894081771,0.9172201795842716,0.76,2.426364366789494,0.00011671204009217214,0.0001732865272080473,0.001265967169365479,1.443002957571515,0.0,0.30530829170657003
0.7666666666666666,0.7166666666666667,0.85,-1.416743591791995,0.01,0.08,2.318805653870175,0.023188056538701752,0.18550445230961402,0.18550445230961402,0.003891427656239925,0.003800935454748535,0.003981919857731315,0.0009401682872553944,1000,200,200,10000,10000,10000,10000,-1.220719418732238,0.6273117070997265,0.908,2.019324510284658,5.76802942770545e-05,0.00021543137814852582,8.30722903040065e-05,6.247281951106503e-05,5.76802942770545e-05,0.00021543137814852582,8.30722903040065e-05,6.247281951106503e-05,-1.243696946210982,0.879349611876464,0.807,2.4350691385695926,0.00010590289918993386,0.00015634104172560761,-0.0013938460001354405,1.4174228909578592,0.0,0.30583842473243356
0.7666666666666666,0.7333333333333333,0.7,-1.4376615798469272,0.01,0.08,2.09086371008382,0.0209086371008382,0.1672690968067056,0.1672690968067056,0.003697760277334642,0.003800935454748535,0.0035945850999207483,0.0006452835062943065,1000,200,200,10000,10000,10000,10000,-1.2695372510478071,0.6875766769211031,0.932,2.198053793625186,3.387275408225108e-05,0.00012638454819811172,5.58939012652961e-05,6.118498197826178e-05,3.387275408225108e-05,0.00012638454819811172,5.58939012652961e-05,6.118498197826178e-05,-1.2755669262717781,0.924312859552811,0.764,2.4572109560335718,5.333560817891179e-05,8.625702321181543e-05,0.003958116808174792,1.4436925978136854,0.0,0.3054035417123967
0.7666666666666666,0.7333333333333333,0.7166666666666667,-1.4484980136223882,0.01,0.08,2.101147225862846,0.02101147225862846,0.16809177806902767,0.16809177806902767,0.0037497858236696345,0.003730552496091436,0.0037690191512478335,0.0007094885335122644,1000,200,200,10000,10000,10000,10000,-1.3110152724055981,0.6574195548047814,0.929,2.068852316231782,3.416585256831609e-05,0.00015150899143407553,4.993990772809483e-05,5.556981389138783e-05,3.416585256831609e-05,0.00015150899143407553,4.993990772809483e-05,5.556981389138783e-05,-1.2495124769379433,0.9053354873655685,0.782,2.432952617550113,6.3633612032104e-05,9.400971985666285e-05,0.0008919052701678085,1.4516101432669697,0.0,0.30544879207245706
0.7666666666666666,0.7333333333333333,0.7333333333333333,-1.4550477314761752,0.01,0.08,2.108447824803716,0.02108447824803716,0.16867582598429728,0.16867582598429728,0.0036985236808266073,0.0037321520031392734,0.003664895358513941,0.0007036212909328567,1000,200,200,10000,10000,10000,10000,-1.288442795884941,0.6026153545303587,0.919,1.9955875128109672,3.213807337718598e-05,0.0001265810660456976,4.91005637458204e-05,3.468853945948851e-05,3.213807337718598e-05,0.0001265810660456976,4.91005637458204e-05,3.468853945948851e-05,-1.2894764163025183,0.9168656119865125,0.777,2.467935852600101,5.5117214885090646e-05,9.373360692879683e-05,0.00033178743329414476,1.4574432282009142,0.0,0.3052732290629068
0.7666666666666666,0.7333333333333333,0.75,-1.4572389733288658,0.01,0.08,2.1378324086371068,0.021378324086371067,0.17102659269096854,0.1710265926909685,0.003784139468608179,0.0037657439754199854,0.0038025349617963724,0.0007626680632995344,1000,200,200,10000,10000,10000,10000,-1.2929960798517468,0.638018416951873,0.91,2.0576893727403687,4.0314464331708785e-05,0.000169721956346123,6.423157137079839e-05,6.183379554032185e-05,4.0314464331708785e-05,0.000169721956346123,6.423157137079839e-05,6.183379554032185e-05,-1.2522941142003932,0.9721386876872635,0.754,2.454361708989447,7.563980537838349e-05,0.00012073543961641708,-0.004038871360852592,1.4553051917543043,0.0,0.3057415232792382
0.7666666666666666,0.7333333333333333,0.7666666666666666,-1.4550477314761752,0.01,0.08,2.1725500720785935,0.021725500720785936,0.1738040057662875,0.1738040057662875,0.00383696476846709,0.0038378026028570954,0.0038361269340770844,0.0008791476276680598,1000,200,200,10000,10000,10000,10000,-1.26464772556312,0.6047663341611492,0.929,1.9565169812109309,4.679117722830483e-05,0.00020566231363764625,6.357678418092228e-05,6.932133918960119e-05,4.679117722830483e-05,0.00020566231363764625,6.357678418092228e-05,6.932133918960119e-05,-1.2570249522537138,0.9040455197317755,0.777,2.4408900362001655,8.636088314788586e-05,0.00012564106949063914,0.0022905070727047843,1.4594918103893775,0.0,0.30577676231929835
0.7666666666666666,0.7333333333333333,0.7833333333333333,-1.4484980136223882,0.01,0.08,2.2014804147931555,0.022014804147931555,0.17611843318345244,0.17611843318345244,0.00392745696995848,0.003945052709622755,0.003909861230294205,0.000972782112506243,1000,200,200,10000,10000,10000,10000,-1.2918511469274185,0.5944250369399896,0.922,1.9569470445939976,5.847556430998473e-05,0.000271867770898785,9.570184367911378e-05,9.938249740802142e-05,5.847556430998473e-05,0.000271867770898785,9.570184367911378e-05,9.938249740802142e-05,-1.282450811088351,0.9007971179490809,0.783,2.4669276241113196,0.00010775372261993287,0.00018171133579393322,-0.0002705220443026601,1.450422456826938,0.0,0.30538263827163087
0.7666666666666666,0.7333333333333333,0.7999999999999999,-1.4376615798469272,0.01,0.08,2.2220107436733025,0.022220107436733024,0.1777608594938642,0.17776085949386422,0.0038545605081313646,0.003908185561514194,0.003800935454748535,0.0009123368774947172,1000,200,200,10000,10000,10000,10000,-1.28972762500552,0.6264598057597746,0.926,2.004458420758999,5.4341388075952735e-05,0.00022156153074659376,8.162525894101184e-05,6.272994652544796e-05,5.4341388075952735e-05,0.00022156153074659376,8.162525894101184e-05,6.272994652544796e-05,-1.2199407948015815,0.9249047944767881,0.786,2.4787470949450143,0.00010000898269332918,0.00015480151294393574,-0.00022093086962016403,1.4395691579947287,0.0,0.30495029752512887
0.7666666666666666,0.7333333333333333,0.8166666666666667,-1.4226571563859063,0.01,0.08,2.2541309146359967,0.022541309146359968,0.18033047317087975,0.18033047317087977,0.0038738319165756503,0.0038394782716371064,0.003908185561514194,0.000944232399468842,1000,200,200,10000,10000,10000,10000,-1.2441227035435316,0.6468965553955259,0.924,1.9924139274855257,5.804470649285404e-05,0.00022661051377047877,9.138591661153946e-05,7.263375100211222e-05,5.804470649285404e-05,0.00022661051377047877,9.138591661153946e-05,7.263375100211222e-05,-1.2336976126359112,0.9109906263913516,0.786,2.424576415457972,0.0001018239576820502,0.000148061815921899,-0.00204152097028509,1.4227696005361277,0.0,0.3043684826265183
0.7666666666666666,0.7333333333333333,0.8333333333333333,-1.4036491348426414,0.01,0.08,2.2932135971035197,0.022932135971035196,0.18345708776828157,0.18345708776828157,0.003874709645080849,0.003872994082185645,0.0038764252079760532,0.0009521513908976968,1000,200,200,10000,10000,10000,10000,-1.246667041854578,0.5922010430467024,0.918,1.9766491068311431,5.336079647045708e-05,0.00022281211950761178,7.24557221728309e-05,9.821503652174882e-05,5.336079647045708e-05,0.00022281211950761178,7.24557221728309e-05,9.821503652174882e-05,-1.2407913045102883,0.8728329600511854,0.786,2.4361022168773054,0.0001013072994161858,0.00014178377035264176,-0.002207146581394161,1.4037646149813547,0.0,0.30591384488181494
0.7666666666666666,0.7333333333333333,0.85,-1.3808457710788449,0.01,0.08,2.337594077927214,0.02337594077927214,0.18700752623417713,0.18700752623417713,0.003945890544012761,0.003945052709622755,0.003946728378402766,0.001109178490327295,1000,200,200,10000,10000,10000,10000,-1.2114543171152987,0.5985342525609068,0.931,2.045157780165488,8.109532133685888e-05,0.0003117802580389736,0.00011626917327734352,0.00010725410339793611,8.109532133685888e-05,0.0003117802580389736,0.00011626917327734352,0.00010725410339793611,-1.1771183334373718,0.8969928526260065,0.791,2.5042698442642113,0.0001529890509206913,0.00024538058527981513,0.002082261983028018,1.3850959560056169,0.0,0.3052107335675593
0.7666666666666666,0.75,0.7,-1.4010766177032479,0.01,0.08,2.093285416685961,0.02093285416685961,0.16746283333487688,0.16746283333487688,0.003697760277334642,0.0036649680585778472,0.003730552496091436,0.0006580444974386912,1000,200,200,10000,10000,10000,10000,-1.2229554933439148,0.6679004848369378,0.924,2.1057590687741383,3.414297096649915e-05,0.00012561469613844717,6.0446387695175094e-05,6.53337584309074e-05,3.414297096649915e-05,0.00012561469613844717,6.0446387695175094e-05,6.53337584309074e-05,-1.169248117577816,0.936540827332691,0.773,2.4627813401440135,5.378580945363512e-05,9.567046173159093e-05,-0.00010799666716951176,1.4031605892128924,0.0,0.305623469382539
0.7666666666666666,0.75,0.7166666666666667,-1.4119130514787088,0.01,0.08,2.1346592057752503,0.021346592057752502,0.17077273646202001,0.17077273646202004,0.003748947989279629,0.003730552496091436,0.003767343482467822,0.0007816761924007782,1000,200,200,10000,10000,10000,10000,-1.2569852699206945,0.629532196163687,0.934,2.07981501998666,4.31108064257276e-05,0.0001776874016763599,7.191062163178021e-05,7.346953463267084e-05,4.31108064257276e-05,0.0001776874016763599,7.191062163178021e-05,7.346953463267084e-05,-1.1339528813531314,0.9266007659296092,0.767,2.4517906824886873,7.992463075052492e-05,0.0001593242221112368,-0.0001577092381311297,1.4140017839629109,0.0,0.30554258472744916
0.7666666666666666,0.75,0.7333333333333333,-1.4184627693324958,0.01,0.08,2.1407410417655255,0.021407410417655256,0.17125928334124205,0.17125928334124207,0.0037489479892796294,0.003800935454748535,0.003696960523810724,0.000771855151967529,1000,200,200,10000,10000,10000,10000,-1.217714333505257,0.6252118543822544,0.915,2.0634672775210623,4.3606696526466646e-05,0.0001642244332199474,7.345644276542947e-05,7.298222703390342e-05,4.3606696526466646e-05,0.0001642244332199474,7.345644276542947e-05,7.298222703390342e-05,-1.2410291163161076,0.873388031625831,0.798,2.445012785087008,6.849108367864875e-05,0.0001063077816686978,0.00011909667277825791,1.4209250514918454,0.0,0.30579811356366077
0.7666666666666666,0.75,0.75,-1.4206540111851864,0.01,0.08,2.151024341453291,0.02151024341453291,0.17208194731626328,0.17208194731626328,0.003679364784146449,0.003696960523810723,0.0036617690444821745,0.0007107696357723195,1000,200,200,10000,10000,10000,10000,-1.2336283151787373,0.6516351445420109,0.925,2.1285290724038877,3.845028273417401e-05,0.00015469622278495545,6.201390325902425e-05,6.807646150294676e-05,3.845028273417401e-05,0.00015469622278495545,6.201390325902425e-05,6.807646150294676e-05,-1.244177420229781,0.9309837938898027,0.77,2.4779656889714627,7.074255433437634e-05,0.00012486704502188162,-0.003471673477557182,1.4193687715155963,0.0,0.3059878028355449
0.7666666666666666,0.75,0.7666666666666666,-1.4184627693324958,0.01,0.08,2.1726954736598727,0.021726954736598726,0.1738156378927898,0.1738156378927898,0.003784977302998184,0.003800935454748535,0.003769019151247833,0.0008143339635314004,1000,200,200,10000,10000,10000,10000,-1.2531819605313457,0.6448773480773577,0.919,2.0433590197498255,4.4673308615579575e-05,0.00018382237160106845,6.950243744280922e-05,7.311877771621074e-05,4.4673308615579575e-05,0.00018382237160106845,6.950243744280922e-05,7.311877771621074e-05,-1.212581037998967,0.8987135653738776,0.772,2.393767346237827,7.46276133975137e-05,0.00012611609766513532,-0.0049215757786965336,1.4157028523851414,0.0,0.3052884322424431
0.7666666666666666,0.75,0.7833333333333333,-1.4119130514787088,0.01,0.08,2.2077628884899445,0.022077628884899444,0.17662103107919555,0.17662103107919555,0.0038738319165756503,0.0038378026028570954,0.003909861230294205,0.0009025239349928962,1000,200,200,10000,10000,10000,10000,-1.2260281690350583,0.6524314108495186,0.921,2.0483002910098653,5.5324274728816696e-05,0.00022355580157118886,8.094475664931429e-05,8.360386653964083e-05,5.5324274728816696e-05,0.00022355580157118886,8.094475664931429e-05,8.360386653964083e-05,-1.2524476182366033,0.8978057583196565,0.777,2.400913909674894,9.144975916224392e-05,0.00013403198263553957,0.004009119421131617,1.418082725601222,0.0,0.3054214904989406
0.7666666666666666,0.75,0.7999999999999999,-1.4010766177032479,0.01,0.08,2.2436373601714967,0.02243637360171497,0.17949098881371975,0.17949098881371975,0.003802573042662459,0.0038025349617963724,0.003802611123528546,0.0009230437666199194,1000,200,200,10000,10000,10000,10000,-1.2119830957716617,0.6208000402175292,0.92,1.9974951827149916,5.328600201221497e-05,0.00021756848611132818,7.336255405908383e-05,6.420986077966481e-05,5.328600201221497e-05,0.00021756848611132818,7.336255405908383e-05,6.420986077966481e-05,-1.2118824109736257,0.9238098216291608,0.79,2.4178978162857936,0.00010049507611712864,0.0001567469917124849,-0.004407630975417922,1.398916373924325,0.0,0.3054982334135756
0.7666666666666666,0.75,0.8166666666666667,-1.386072194242227,0.01,0.08,2.2729908386076163,0.022729908386076164,0.1818392670886093,0.1818392670886093,0.003981919857731315,0.003981919857731315,0.003981919857731315,0.0010518583485234286,1000,200,200,10000,10000,10000,10000,-1.243949653037269,0.5931387127693907,0.928,1.9229075031616618,6.468237187198794e-05,0.0002784425197067077,8.642393654983963e-05,6.271183839764163e-05,6.468237187198794e-05,0.0002784425197067077,8.642393654983963e-05,6.271183839764163e-05,-1.1815080938440883,0.9144047681072621,0.768,2.4107634257888395,0.00011008002792532372,0.00016242996933119315,-0.0007532561740448897,1.387410471257986,0.0,0.3059158778328138
0.7666666666666666,0.75,0.8333333333333333,-1.367064172698962,0.01,0.08,2.309389968670148,0.02309389968670148,0.18475119749361185,0.18475119749361185,0.0039643241180670405,0.003946728378402766,0.003981919857731315,0.001063225959679779,1000,200,200,10000,10000,10000,10000,-1.191971258594802,0.610132109028169,0.932,1.9713752513675042,6.937049682226567e-05,0.00028254255400597905,9.443220415627188e-05,9.033137136164215e-05,6.937049682226567e-05,0.00028254255400597905,9.443220415627188e-05,9.033137136164215e-05,-1.2047137151216094,0.9101700471704818,0.778,2.5073112114649296,0.00013090822271627625,0.0001770719109733023,0.002227226019895851,1.3713427517021108,0.0,0.3049915529775829
0.7666666666666666,0.75,0.85,-1.3442608089351655,0.01,0.08,2.3430107529883224,0.023430107529883226,0.1874408602390658,0.1874408602390658,0.00392745696995848,0.003872994082185645,0.003981919857731315,0.0012221416801748875,1000,200,200,10000,10000,10000,10000,-1.168918522155625,0.6046168300372977,0.928,1.9684634225423057,9.367382065949711e-05,0.00039654796555919924,0.00015832382363404092,0.00015790893004104053,9.367382065949711e-05,0.00039654796555919924,0.00015832382363404092,0.00015790893004104053,-1.1582657027805785,0.9375333007811223,0.775,2.4429984882278175,0.0001535944263783199,0.00021689838094236138,-0.0023808523632283985,1.3442391092935044,0.0,0.3055236730588456
0.7666666666666666,0.7666666666666666,0.7,-1.3642053466301827,0.01,0.08,2.1250500778849464,0.021250500778849463,0.1700040062307957,0.1700040062307957,0.0037361905824590856,0.003802611123528546,0.003669770041389625,0.0007229732536528842,1000,200,200,10000,10000,10000,10000,-1.1933726256259471,0.6522040022540034,0.94,2.1009544782411527,3.9491786730086146e-05,0.00016754461262268958,8.275889144962685e-05,0.0001024733667303546,3.9491786730086146e-05,0.00016754461262268958,8.275889144962685e-05,0.0001024733667303546,-1.1676109898853313,0.9991270626426496,0.73,2.49195215746967,7.188464013733221e-05,0.00013491807957754617,0.0015296099174052463,1.3680873169491958,0.0,0.3059236360778127
0.7666666666666666,0.7666666666666666,0.7166666666666667,-1.3750417804056436,0.01,0.08,2.127970766708022,0.02127970766708022,0.17023766133664175,0.17023766133664175,0.0037665437289439037,0.0038025349617963715,0.003730552496091436,0.0007553619909021988,1000,200,200,10000,10000,10000,10000,-1.2403906019468993,0.6516898828293967,0.935,2.1329549224617277,4.468740707564805e-05,0.00018358511993049766,7.709447777413385e-05,8.551541133598786e-05,4.468740707564805e-05,0.00018358511993049766,7.709447777413385e-05,8.551541133598786e-05,-1.2054617354137154,0.9503531706094073,0.752,2.440756711752391,6.865140578115772e-05,0.00011671619527503965,0.0025655130836926524,1.3798634814682924,0.0,0.305855575504805
0.7666666666666666,0.7666666666666666,0.7333333333333333,-1.3815914982594306,0.01,0.08,2.154801342576943,0.021548013425769428,0.17238410740615542,0.17238410740615542,0.00383696476846709,0.003800935454748535,0.003872994082185645,0.0008182839584311146,1000,200,200,10000,10000,10000,10000,-1.1877777089914023,0.6434529925454944,0.925,2.055079672226259,4.743784897083728e-05,0.0002052092842584247,8.205160237565635e-05,0.00010148339345030282,4.743784897083728e-05,0.0002052092842584247,8.205160237565635e-05,0.00010148339345030282,-1.1868415046335732,0.8983635683156185,0.774,2.398463285684419,8.533698892495177e-05,0.00015119929003578353,-0.002352452175182238,1.381478677262373,0.0,0.30491202372091025
0.7666666666666666,0.7666666666666666,0.75,-1.3837827401121212,0.01,0.08,2.173863265426551,0.021738632654265507,0.17390906123412406,0.17390906123412406,0.0038210066167167394,0.003872994082185645,0.0037690191512478335,0.0008986133183765847,1000,200,200,10000,10000,10000,10000,-1.2363195586976108,0.5935724638423956,0.94,1.9134419002632999,4.7714216788551646e-05,0.00023334208865470363,7.260645702861297e-05,6.619430371712469e-05,4.7714216788551646e-05,0.00023334208865470363,7.260645702861297e-05,6.619430371712469e-05,-1.2423812804813463,0.8740422978097261,0.786,2.4328424048895694,9.464393035641621e-05,0.00019370758369489097,0.002898396503309229,1.3888815555011391,0.0,0.30530209684643433
0.7666666666666666,0.7666666666666666,0.7666666666666666,-1.3815914982594306,0.01,0.08,2.189402822852042,0.02189402822852042,0.17515222582816337,0.17515222582816337,0.0038378026028570954,0.0037657439754199854,0.003909861230294205,0.0007797501340135874,1000,200,200,10000,10000,10000,10000,-1.2158057065884142,0.6358080533590837,0.925,2.0268834947466035,4.030042627557023e-05,0.00014909096757706472,5.766177746692023e-05,4.924161219533434e-05,4.030042627557023e-05,0.00014909096757706472,5.766177746692023e-05,4.924161219533434e-05,-1.1532709737097155,0.8768225565589841,0.795,2.4725571654668084,7.446709606818729e-05,0.00010937547192942704,-0.008565403439844178,1.3753964472511382,0.0,0.3051086221836639
0.7666666666666666,0.7666666666666666,0.7833333333333333,-1.3750417804056436,0.01,0.08,2.2102051357955355,0.022102051357955354,0.17681641086364283,0.17681641086364283,0.00378333971508426,0.003730552496091436,0.0038361269340770844,0.0008286847907865942,1000,200,200,10000,10000,10000,10000,-1.1879368972892113,0.6074968893592866,0.917,2.044541860404897,4.648494504057219e-05,0.0001766534770512396,6.615007453578725e-05,5.265128508975256e-05,4.648494504057219e-05,0.0001766534770512396,6.615007453578725e-05,5.265128508975256e-05,-1.210695562206595,0.912463146348414,0.786,2.4421001028530585,8.848988890567441e-05,0.00013889774997867893,-0.00214215814951009,1.3750550803842625,0.0,0.30544446036879425
0.7666666666666666,0.7666666666666666,0.7999999999999999,-1.3642053466301827,0.01,0.08,2.2536126542865924,0.022536126542865926,0.1802890123429274,0.1802890123429274,0.0038905898218499196,0.003872994082185645,0.003908185561514194,0.0009178298930083799,1000,200,200,10000,10000,10000,10000,-1.1648524415194583,0.597371616455632,0.933,1.919632579890289,4.999619246125943e-05,0.00020012718956102354,7.429918148965013e-05,9.111083483602265e-05,4.999619246125943e-05,0.00020012718956102354,7.429918148965013e-05,9.111083483602265e-05,-1.1214630152280607,0.9047504713051688,0.787,2.471157087346434,9.520612328255129e-05,0.0001486511340457347,0.0027135474376063324,1.36924387470184,0.0,0.3051818917371266
0.7666666666666666,0.7666666666666666,0.8166666666666667,-1.3492009231691617,0.01,0.08,2.295586833608044,0.022955868336080442,0.18364694668864354,0.18364694668864354,0.003983635420626519,0.003985350983521723,0.003981919857731315,0.0010724591462948985,1000,200,200,10000,10000,10000,10000,-1.1909976652972252,0.6193062107139247,0.939,2.0227328119602874,7.422870005926291e-05,0.0003032770605321382,0.00010103040267701042,8.709741786477021e-05,7.422870005926291e-05,0.0003032770605321382,0.00010103040267701042,8.709741786477021e-05,-1.1893962575410404,0.8914994614248678,0.792,2.4804211805867324,0.00013542175087012483,0.00021612111116713602,-0.0020284517930810953,1.3494871537086068,0.0,0.30489524836665793
0.7666666666666666,0.7666666666666666,0.8333333333333333,-1.3301929016258969,0.01,0.08,2.330067612272253,0.02330067612272253,0.18640540898178024,0.18640540898178024,0.003928294804348486,0.003909861230294205,0.003946728378402766,0.0010590748310631642,1000,200,200,10000,10000,10000,10000,-1.157610640072493,0.6037298309539775,0.913,1.95694792031458,6.785077229473203e-05,0.0002776528396878246,9.507813315114282e-05,0.000114912298420049,6.785077229473203e-05,0.0002776528396878246,9.507813315114282e-05,0.000114912298420049,-1.1374942723588715,0.8737114625770708,0.802,2.43513743068365,0.00011970675798362063,0.00016306798428239244,0.006214631355956976,1.338759236148638,0.0,0.3051937078181392
0.7666666666666666,0.7666666666666666,0.85,-1.3073895378621003,0.01,0.08,2.3694744676826076,0.023694744676826078,0.18955795741460862,0.18955795741460862,0.004001231160290794,0.003981919857731315,0.004020542462850272,0.001127985163861056,1000,200,200,10000,10000,10000,10000,-1.1349709369414167,0.5752550585864492,0.921,1.8863514675475141,7.048346768519786e-05,0.00029375772606069894,9.547648035032227e-05,0.0001324757539456952,7.048346768519786e-05,0.00029375772606069894,9.547648035032227e-05,0.0001324757539456952,-1.114586750175111,0.8876072321127398,0.806,2.5098043405131123,0.00014590588044450072,0.00024369926213884036,-0.002004158558678618,1.3078409813016254,0.0,0.3050136602965317
0.7666666666666666,0.7833333333333333,0.7,-1.3274517359894156,0.01,0.08,2.146489782779173,0.02146489782779173,0.17171918262233385,0.17171918262233385,0.0038201687823267334,0.003804210630576383,0.0038361269340770844,0.0008496400236246005,1000,200,200,10000,10000,10000,10000,-1.1785762250129936,0.6034367811082154,0.94,1.9888554291187872,4.6949637944910453e-05,0.00019913069322993648,7.536696594720662e-05,6.24035000552405e-05,4.6949637944910453e-05,0.00019913069322993648,7.536696594720662e-05,6.24035000552405e-05,-1.128876053846713,0.9524469874134308,0.761,2.4742096449001125,8.031826389810873e-05,0.0001245943354332823,-0.006934854235064764,1.3227965553282852,0.0,0.3050337395898088
0.7666666666666666,0.7833333333333333,0.7166666666666667,-1.3382881697648765,0.01,0.08,2.1464666390442613,0.021464666390442613,0.1717173311235409,0.1717173311235409,0.003680164537670367,0.003696960523810723,0.0036633685515300106,0.0007790372352780363,1000,200,200,10000,10000,10000,10000,-1.1762729515639192,0.6451552906594169,0.922,2.107320114693531,4.602997238996843e-05,0.00018070081607460923,7.536184166783729e-05,7.013711436927795e-05,4.602997238996843e-05,0.00018070081607460923,7.536184166783729e-05,7.013711436927795e-05,-1.103736120009649,0.9524660906727169,0.751,2.4220436785490147,7.576633905876414e-05,0.00012398527988594354,-0.0003921127111590953,1.3401890182083336,0.0,0.3059489672822043
0.7666666666666666,0.7833333333333333,0.7333333333333333,-1.3448378876186635,0.01,0.08,2.166655056400378,0.02166655056400378,0.17333240451203025,0.17333240451203025,0.0037866148909121078,0.003700235699638571,0.003872994082185645,0.0008142998169026128,1000,200,200,10000,10000,10000,10000,-1.1516781094279922,0.6678322814453793,0.942,2.1095642550079123,4.8591954048808904e-05,0.00018007758359852167,6.735527428683036e-05,5.230493955718474e-05,4.8591954048808904e-05,0.00018007758359852167,6.735527428683036e-05,5.230493955718474e-05,-1.1280140032697543,0.8962089824973641,0.776,2.452195891178674,8.36713165636851e-05,0.00013234777848298036,-0.0025698179060892347,1.3445773889266266,0.0,0.30624630019960436
0.7666666666666666,0.7833333333333333,0.75,-1.3470291294713543,0.01,0.08,2.208124493736709,0.02208124493736709,0.17664995949893672,0.17664995949893672,0.003872994082185645,0.003945052709622755,0.003800935454748535,0.000954196861989806,1000,200,200,10000,10000,10000,10000,-1.1979637797886966,0.6281700963799607,0.948,2.0219686197338973,6.195482829151576e-05,0.00024538378643246175,9.514891663939162e-05,6.816392901431119e-05,6.195482829151576e-05,0.00024538378643246175,9.514891663939162e-05,6.816392901431119e-05,-1.112546058032681,0.9290872308552126,0.776,2.495011124208438,0.00010483799761834949,0.00014660328678762976,0.0017379899098541394,1.3511443992966914,0.0,0.30566133303327314
0.7666666666666666,0.7833333333333333,0.7666666666666666,-1.3448378876186635,0.01,0.08,2.2157391871393366,0.022157391871393366,0.17725913497114693,0.17725913497114693,0.003853722673741359,0.0038361269340770844,0.003871318413405634,0.0008738951781447756,1000,200,200,10000,10000,10000,10000,-1.1968225797089365,0.5550776759027545,0.943,1.9028949703713267,4.200379462622061e-05,0.0001908743396247528,5.712991869568998e-05,5.5795329453012075e-05,4.200379462622061e-05,0.0001908743396247528,5.712991869568998e-05,5.5795329453012075e-05,-1.156477188264171,0.8990858356296462,0.795,2.531814725410841,8.613066627863744e-05,0.0001107565801571726,-0.003537391640441328,1.3435852509702066,0.0,0.30588573454536105
0.7666666666666666,0.7833333333333333,0.7833333333333333,-1.3382881697648765,0.01,0.08,2.2271550547779912,0.022271550547779913,0.1781724043822393,0.1781724043822393,0.0038570359304352943,0.0037321520031392734,0.003981919857731315,0.0009660624494046961,1000,200,200,10000,10000,10000,10000,-1.177986271135491,0.6228411720732278,0.936,2.0280662089991517,6.28477208901379e-05,0.0002659158994605044,9.607724645838215e-05,7.705035736958237e-05,6.28477208901379e-05,0.0002659158994605044,9.607724645838215e-05,7.705035736958237e-05,-1.1036760953913438,0.8856905272098071,0.791,2.4262740469054935,0.00010430628604083274,0.00016117669023391775,0.004022182878753229,1.3443827120688512,0.0,0.3046536027534851
0.7666666666666666,0.7833333333333333,0.7999999999999999,-1.3274517359894158,0.01,0.08,2.270455948823895,0.022704559488238952,0.18163647590591162,0.18163647590591162,0.0038931432191351293,0.0038764252079760532,0.003909861230294205,0.0009080457661308193,1000,200,200,10000,10000,10000,10000,-1.1340281921667896,0.6471806902411507,0.927,2.0633065036158715,5.787928014611952e-05,0.0001992904462134212,8.549824377428431e-05,5.5272004832411274e-05,5.787928014611952e-05,0.0001992904462134212,8.549824377428431e-05,5.5272004832411274e-05,-1.1693614956377099,0.8640494248636048,0.8,2.3647807683606104,9.501152199960125e-05,0.00013335727930047675,-0.005953324847132749,1.3238890072184737,0.0,0.3056303834793431
0.7666666666666666,0.7833333333333333,0.8166666666666667,-1.3124473125283946,0.01,0.08,2.3050305753428875,0.023050305753428875,0.184402446027431,0.184402446027431,0.00392745696995848,0.003872994082185645,0.003981919857731315,0.0010744526768908518,1000,200,200,10000,10000,10000,10000,-1.1222430310295775,0.6089367707340722,0.905,1.9284885477104219,6.810004703935909e-05,0.00027523453393510757,9.613725312186925e-05,8.690969356331524e-05,6.810004703935909e-05,0.00027523453393510757,9.613725312186925e-05,8.690969356331524e-05,-1.1389548745148588,0.8568319575934982,0.823,2.452510084957415,0.0001254347864467502,0.00018053197970299435,0.0016561638917370618,1.3165307424735622,0.0,0.30524645310286885
0.7666666666666666,0.7833333333333333,0.8333333333333333,-1.2934392909851298,0.01,0.08,2.3446296429833535,0.023446296429833535,0.18757037143866828,0.18757037143866828,0.00404073149391495,0.003946808166633152,0.004134654821196748,0.0010589580800458615,1000,200,200,10000,10000,10000,10000,-1.1276947635760477,0.6076331653182571,0.932,2.002679238973742,7.16204751969495e-05,0.0002592393289754229,9.638588993381262e-05,8.448533793703043e-05,7.16204751969495e-05,0.0002592393289754229,9.638588993381262e-05,8.448533793703043e-05,-1.069805571292309,0.8629651578754419,0.798,2.4076592759285464,0.0001275503676969834,0.00018726918624461936,-3.40480002451927e-05,1.2956402111282403,0.0,0.30541953608727923
0.7666666666666666,0.7833333333333333,0.85,-1.2706359272213332,0.01,0.08,2.3830908129076,0.023830908129076,0.190647265032608,0.190647265032608,0.004002108888795992,0.003908185561514194,0.0040960322160777905,0.001172259646398989,1000,200,200,10000,10000,10000,10000,-1.1001535144286194,0.576505537083654,0.938,1.963383495991234,8.383384858066028e-05,0.0003319212816278587,0.00011769972783835461,0.00012668002033657273,8.383384858066028e-05,0.0003319212816278587,0.00011769972783835461,0.00012668002033657273,-1.120387385081364,0.8844927254802554,0.786,2.457199300475181,0.00016663578969750345,0.00023553983216643404,-0.0005435212123769777,1.2725150136748258,0.0,0.3056595683991015
0.7666666666666666,0.7999999999999999,0.7,-1.291218466030316,0.01,0.08,2.151027483667817,0.02151027483667817,0.17208219869342536,0.17208219869342536,0.003766543728943904,0.003730552496091436,0.0038025349617963724,0.0007930098570976656,1000,200,200,10000,10000,10000,10000,-1.1247942916649205,0.6228124513410022,0.942,2.0744965612792545,4.373128606971091e-05,0.00017833031347581031,6.512528637005703e-05,5.168490370447867e-05,4.373128606971091e-05,0.00017833031347581031,6.512528637005703e-05,5.168490370447867e-05,-1.1059035286353147,0.9190606062938388,0.773,2.456326917669666,7.393501927956634e-05,0.00010608403609770184,-0.005867424328421409,1.2878030003162457,0.0,0.3052185731538001
0.7666666666666666,0.7999999999999999,0.7166666666666667,-1.302054899805777,0.01,0.08,2.1722571660538565,0.021722571660538564,0.17378057328430851,0.1737805732843085,0.003784139468608179,0.003767343482467823,0.003800935454748535,0.000850358951240991,1000,200,200,10000,10000,10000,10000,-1.1587943939794088,0.5802944064358667,0.936,1.9853896599167584,4.667758088638274e-05,0.00022164634469909908,7.402341512817322e-05,0.00014274642013641483,4.667758088638274e-05,0.00022164634469909908,7.402341512817322e-05,0.00014274642013641483,-1.1020664787997865,0.9331009329379444,0.788,2.4389435187264668,7.365021242045547e-05,0.0001233291027302361,-0.00012889764127572368,1.3043309127644416,0.0,0.30454318560024546
0.7666666666666666,0.7999999999999999,0.7333333333333333,-1.308604617659564,0.01,0.08,2.1931592217958897,0.021931592217958897,0.17545273774367118,0.17545273774367118,0.00383696476846709,0.0037657439754199854,0.003908185561514194,0.0008757321112620384,1000,200,200,10000,10000,10000,10000,-1.121844377687216,0.5921673660536532,0.938,1.962979303262158,4.741025442586067e-05,0.00020695373640881198,6.805774841832305e-05,5.5455241840545145e-05,4.741025442586067e-05,0.00020695373640881198,6.805774841832305e-05,5.5455241840545145e-05,-1.0882412255691947,0.9563175777870262,0.765,2.435864479545854,8.048940499966614e-05,0.00011694560685949348,0.0003541396870503405,1.311301095728825,0.0,0.3049121231402598
0.7666666666666666,0.7999999999999999,0.75,-1.3107958595122546,0.01,0.08,2.210581302758635,0.02210581302758635,0.1768465042206908,0.1768465042206908,0.003784977302998184,0.0037690191512478335,0.003800935454748535,0.0008515395984487353,1000,200,200,10000,10000,10000,10000,-1.1388478018996078,0.6158700080305581,0.937,1.9748561899587276,4.531573505163532e-05,0.00018922464280671271,7.117454842757143e-05,5.823985908204091e-05,4.531573505163532e-05,0.00018922464280671271,7.117454842757143e-05,5.823985908204091e-05,-1.1377219805197494,0.8927424823755009,0.79,2.465531342427799,7.84933071238394e-05,0.00010388522782825318,-0.0010527887155564741,1.3119340059776547,0.0,0.3069381073833902
0.7666666666666666,0.7999999999999999,0.7666666666666666,-1.308604617659564,0.01,0.08,2.2355540216515095,0.022355540216515094,0.17884432173212075,0.17884432173212075,0.0038763472329947724,0.0038797003838039004,0.003872994082185645,0.0008785001691322651,1000,200,200,10000,10000,10000,10000,-1.1356368779641568,0.6064049278238247,0.954,2.030861054920827,5.070833206408043e-05,0.0001906400651316759,7.0614885100602e-05,5.89108097670324e-05,5.070833206408043e-05,0.0001906400651316759,7.0614885100602e-05,5.89108097670324e-05,-1.1265011893956525,0.8722883628145042,0.806,2.4495964210850416,9.538402654940079e-05,0.00015501878555464936,-0.0011566648449401816,1.309751606915343,0.0,0.3054274195611957
0.7666666666666666,0.7999999999999999,0.7833333333333333,-1.302054899805777,0.01,0.08,2.2546452814938824,0.022546452814938826,0.1803716225195106,0.18037162251951064,0.003909023395904199,0.003908185561514194,0.003909861230294205,0.0009928437446484763,1000,200,200,10000,10000,10000,10000,-1.1625204929205242,0.6015958296579283,0.929,1.9503187744635717,5.98020540301484e-05,0.00025176990831774946,8.347076006358099e-05,5.399755661433827e-05,5.98020540301484e-05,0.00025176990831774946,8.347076006358099e-05,5.399755661433827e-05,-1.1363476274740225,0.8876941222730962,0.796,2.4786348276390924,0.0001163009656932786,0.0001716067256374994,-0.0002640164506069366,1.3040969657742254,0.0,0.30473328221149154
0.7666666666666666,0.7999999999999999,0.7999999999999999,-1.291218466030316,0.01,0.08,2.2874455606298705,0.022874455606298704,0.18299564485038963,0.18299564485038963,0.0038738319165756503,0.003800935454748535,0.003946728378402766,0.0010180676441006503,1000,200,200,10000,10000,10000,10000,-1.121644330893789,0.6103660013862685,0.928,1.9787033573734907,6.35817371317502e-05,0.0002640196348549938,8.549990036143884e-05,6.124921584605665e-05,6.35817371317502e-05,0.0002640196348549938,8.549990036143884e-05,6.124921584605665e-05,-1.1315601278750573,0.906963427099707,0.787,2.445717673758474,0.00011487129737874957,0.00015512730035269708,-0.0037332033720131673,1.2899453866584172,0.0,0.30483129065859244
0.7666666666666666,0.7999999999999999,0.8166666666666667,-1.2762140425692952,0.01,0.08,2.310163162203505,0.02310163162203505,0.1848130529762804,0.1848130529762804,0.004001231160290794,0.003945052709622755,0.004057409610958833,0.0011154809170809872,1000,200,200,10000,10000,10000,10000,-1.097184156195558,0.5967516715622309,0.933,1.9024120680827203,7.127877721558653e-05,0.0003116879402750593,0.0001009345731558948,9.333201181563566e-05,7.127877721558653e-05,0.0003116879402750593,0.0001009345731558948,9.333201181563566e-05,-1.068066653693158,0.8980612458636001,0.783,2.4638180979754587,0.00013267472929853419,0.0001800841133706034,-0.000632973150415734,1.2779936600616073,0.0,0.30509890953617047
0.7666666666666666,0.7999999999999999,0.8333333333333333,-1.2572060210260303,0.01,0.08,2.3536827377653857,0.02353682737765386,0.18829461902123087,0.18829461902123085,0.004055654153948435,0.004055654153948435,0.004055654153948435,0.0011048899665056105,1000,200,200,10000,10000,10000,10000,-1.0857418060753614,0.5827772130783828,0.944,1.9628533956129055,7.554372296130611e-05,0.0002877351270123588,0.0001109161248589433,8.235926876711562e-05,7.554372296130611e-05,0.0002877351270123588,0.0001109161248589433,8.235926876711562e-05,-1.0642060796000523,0.8841068632726774,0.793,2.4502747161094005,0.00014725207771664007,0.00021133724172188578,-0.00566384330599274,1.2540552377908303,0.0,0.30516726677083417
0.7666666666666666,0.7999999999999999,0.85,-1.2344026572622337,0.01,0.08,2.4012092989027747,0.024012092989027747,0.19209674391222198,0.192096743912222,0.004076720913518311,0.00413289936418635,0.004020542462850272,0.0011368469593501813,1000,200,200,10000,10000,10000,10000,-1.078936388546169,0.5649796004337178,0.937,1.9023574124534295,7.235435512551124e-05,0.0002814054461892278,9.243669526557818e-05,9.470352148206745e-05,7.235435512551124e-05,0.0002814054461892278,9.243669526557818e-05,9.470352148206745e-05,-1.0658349872227246,0.8658663155541436,0.805,2.399664799939388,0.00012577022465896383,0.00015230345014480634,-0.002876841059947729,1.2340236345973772,0.0,0.30496150198591937
0.7666666666666666,0.8166666666666667,0.7,-1.2559025160408548,0.01,0.08,2.1730500284364904,0.021730500284364903,0.17384400227491922,0.17384400227491922,0.0037705823082637173,0.003804210630576383,0.003736953985951051,0.0007616180451824013,1000,200,200,10000,10000,10000,10000,-1.0608867600193004,0.6228463345697824,0.93,2.0467940794741044,3.8593515853029605e-05,0.00015332516657394282,5.5647986650853694e-05,4.995997894362965e-05,3.8593515853029605e-05,0.00015332516657394282,5.5647986650853694e-05,4.995997894362965e-05,-1.1103774869512038,0.9128689475850803,0.779,2.434530801819234,7.102383094343799e-05,0.00011786315474940072,-0.003261527772519585,1.2550974180631094,0.0,0.3057930016874964
0.7666666666666666,0.8166666666666667,0.7166666666666667,-1.2667389498163155,0.01,0.08,2.195963468041933,0.02195963468041933,0.17567707744335465,0.17567707744335465,0.0038193309479367284,0.003767343482467823,0.003871318413405634,0.000823513211713528,1000,200,200,10000,10000,10000,10000,-1.0674667251673842,0.7121239542924049,0.928,2.168654012912712,5.296112887164183e-05,0.00019845594716791468,8.325304788099463e-05,6.52179390650801e-05,5.296112887164183e-05,0.00019845594716791468,8.325304788099463e-05,6.52179390650801e-05,-1.0903784775766618,0.8907419436280143,0.794,2.486361836192978,9.46524731470023e-05,0.00015607645739389327,-0.00013907421962389296,1.26897521504263,0.0,0.30631297415784703
0.7666666666666666,0.8166666666666667,0.7333333333333333,-1.2732886676701025,0.01,0.08,2.2286191691518633,0.022286191691518634,0.17828953353214907,0.17828953353214907,0.003872994082185645,0.003871318413405634,0.003874669750965656,0.000954193673834349,1000,200,200,10000,10000,10000,10000,-1.0844357000880862,0.6124966460568579,0.935,1.9843494864301203,5.767332443687532e-05,0.00023949196134113242,9.426969097903355e-05,8.537408347291323e-05,5.767332443687532e-05,0.00023949196134113242,9.426969097903355e-05,8.537408347291323e-05,-1.1276943300769604,0.9456023859780016,0.765,2.454618480055518,0.00010048816636573478,0.00016051547057211745,-0.004532280106408714,1.2711287999578704,0.0,0.30593981628149464
0.7666666666666666,0.8166666666666667,0.75,-1.2754799095227933,0.01,0.08,2.2328130992411346,0.022328130992411346,0.17862504793929077,0.17862504793929077,0.003856198096045288,0.003876269258013492,0.0038361269340770844,0.000863355550964376,1000,200,200,10000,10000,10000,10000,-1.0914277470108618,0.5827518593244582,0.926,1.9436263267030904,4.298402294962417e-05,0.00018310942870675273,5.7763991391862303e-05,6.27088725450955e-05,4.298402294962417e-05,0.00018310942870675273,5.7763991391862303e-05,6.27088725450955e-05,-1.038541226934746,0.8936390882660389,0.788,2.4880312442995187,9.041129038097889e-05,0.00013069884392668594,-0.0030324665431910257,1.274823299113593,0.0,0.30439787291118736
0.7666666666666666,0.8166666666666667,0.7666666666666666,-1.2732886676701027,0.01,0.08,2.2531014184932614,0.022531014184932613,0.1802481134794609,0.1802481134794609,0.0038905898218499196,0.003872994082185645,0.003908185561514194,0.0009090350073326731,1000,200,200,10000,10000,10000,10000,-1.074272702361699,0.5960596434391211,0.926,1.9783325318513862,5.259194387604832e-05,0.00020160060955294026,7.871430749343792e-05,7.338241722961168e-05,5.259194387604832e-05,0.00020160060955294026,7.871430749343792e-05,7.338241722961168e-05,-1.0954115045994202,0.9038055038361208,0.767,2.4438581998788145,9.578162081539539e-05,0.0001385962452633633,0.003912788740432355,1.2793628013509069,0.0,0.30513580858178607
0.7666666666666666,0.8166666666666667,0.7833333333333333,-1.2667389498163155,0.01,0.08,2.283969860808762,0.02283969860808762,0.18271758886470096,0.18271758886470096,0.003963486283677035,0.003981919857731315,0.003945052709622755,0.0010766682773218784,1000,200,200,10000,10000,10000,10000,-1.1137160087658058,0.5804764168666898,0.946,1.9321123790342585,6.793464435665662e-05,0.00029628896994845214,9.360145488140933e-05,0.00011501554802636075,6.793464435665662e-05,0.00029628896994845214,9.360145488140933e-05,0.00011501554802636075,-1.070528467194639,0.8794709080803532,0.781,2.4060014449343727,0.00011835117328822607,0.00016779797069423397,-0.0027512860789845536,1.2664005419117175,0.0,0.30597989626581984
0.7666666666666666,0.8166666666666667,0.7999999999999999,-1.2559025160408548,0.01,0.08,2.3074382432227063,0.023074382432227064,0.1845950594578165,0.1845950594578165,0.003963486283677035,0.003945052709622755,0.003981919857731315,0.001010140926389692,1000,200,200,10000,10000,10000,10000,-1.06661663780477,0.6175605761444108,0.932,1.9901984412996179,6.475098211955298e-05,0.00023966996004360375,9.00700573335417e-05,7.74210771283286e-05,6.475098211955298e-05,0.00023966996004360375,9.00700573335417e-05,7.74210771283286e-05,-1.0347027936769722,0.8852381980515311,0.795,2.4521871493651513,0.00011238785699297934,0.0001491887841865696,0.00035093934032081475,1.2584788134764773,0.0,0.30440148924073296
0.7666666666666666,0.8166666666666667,0.8166666666666667,-1.2408980925798339,0.01,0.08,2.3396905937402956,0.023396905937402956,0.18717524749922365,0.18717524749922368,0.00398275769212132,0.004018787005839875,0.003946728378402766,0.0010549995116314412,1000,200,200,10000,10000,10000,10000,-1.0796870712945057,0.5958687571771066,0.944,1.9800474693370356,6.717835084019491e-05,0.0002636339927613602,9.39223434247242e-05,9.761670352593284e-05,6.717835084019491e-05,0.0002636339927613602,9.39223434247242e-05,9.761670352593284e-05,-1.0552982971068263,0.9015644886631283,0.797,2.4754784225348985,0.00012628381853827992,0.00017383298054007582,0.0008940523314997908,1.2444013310013748,0.0,0.30479324703172794
0.7666666666666666,0.8166666666666667,0.8333333333333333,-1.221890071036569,0.01,0.08,2.3713793766089255,0.023713793766089255,0.18971035012871404,0.18971035012871407,0.003983635420626519,0.003945052709622755,0.004022218131630283,0.0010258054094608832,1000,200,200,10000,10000,10000,10000,-1.0623920560684204,0.603711029177975,0.952,2.006314660217105,6.618353252997572e-05,0.00022586059942166065,8.240338220634202e-05,5.408798797613374e-05,6.618353252997572e-05,0.00022586059942166065,8.240338220634202e-05,5.408798797613374e-05,-1.0764107074446785,0.8571644672987199,0.801,2.482373211947064,0.00012812706862054736,0.00016407946057891173,0.001310511424248908,1.2256836320685163,0.0,0.30545898583357933
0.7666666666666666,0.8166666666666667,0.85,-1.1990867072727724,0.01,0.08,2.4146609460854016,0.024146609460854018,0.19317287568683214,0.1931728756868321,0.004038098308399353,0.004057409610958833,0.004018787005839875,0.0011907607860654448,1000,200,200,10000,10000,10000,10000,-1.0349077173263386,0.5648409851835422,0.947,1.9307838781978117,8.149712144073415e-05,0.00031550612340502596,9.817044209639197e-05,8.09329776166497e-05,8.149712144073415e-05,0.00031550612340502596,9.817044209639197e-05,8.09329776166497e-05,-1.0576480433536983,0.9188914580223269,0.78,2.451978572596457,0.00015473527293246515,0.0001961274935899932,0.0012636006586770605,1.2029393427745254,0.0,0.3056494313842055
0.7666666666666666,0.8333333333333333,0.7,-1.2218908149594534,0.01,0.08,2.204764920939051,0.02204764920939051,0.1763811936751241,0.1763811936751241,0.0038378026028570954,0.0038378026028570954,0.0038378026028570954,0.0009276910791292854,1000,200,200,10000,10000,10000,10000,-1.0848812666353362,0.632220117740175,0.946,2.0067322126977127,5.596527591143961e-05,0.0002267958601271664,7.855656157843118e-05,4.9413648761939775e-05,5.596527591143961e-05,0.0002267958601271664,7.855656157843118e-05,4.9413648761939775e-05,-1.0387586509575661,0.9132854706863801,0.795,2.505489596385145,0.0001049380210759534,0.00016011611591335573,-0.010316261604583741,1.2142854570644601,0.0,0.30490829246948004
0.7666666666666666,0.8333333333333333,0.7166666666666667,-1.2327272487349141,0.01,0.08,2.223774339208158,0.022237743392081583,0.17790194713665267,0.17790194713665267,0.0038386023563810132,0.003876269258013492,0.003800935454748535,0.0008756626957879983,1000,200,200,10000,10000,10000,10000,-1.068812204745288,0.5951461539655232,0.95,1.9874753277428705,4.775405701930103e-05,0.0001881637310926605,6.302784921360477e-05,4.4355863326137e-05,4.775405701930103e-05,0.0001881637310926605,6.302784921360477e-05,4.4355863326137e-05,-1.041761608089793,0.9447892209539372,0.771,2.467190447516885,8.14293874428717e-05,0.00011117580872815712,-0.0039521007307586785,1.2310743386099496,0.0,0.3058895473289016
0.7666666666666666,0.8333333333333333,0.7333333333333333,-1.2392769665887011,0.01,0.08,2.251548465892018,0.02251548465892018,0.18012387727136145,0.18012387727136145,0.003963486283677035,0.003981919857731315,0.003945052709622755,0.0010365241427655043,1000,200,200,10000,10000,10000,10000,-1.0771303784912742,0.5727373144544494,0.944,1.898888077971943,6.325812972680353e-05,0.0002695656530773342,9.978668286005894e-05,0.00010460985320423812,6.325812972680353e-05,0.0002695656530773342,9.978668286005894e-05,0.00010460985320423812,-1.0580118661710498,0.8967669010628178,0.774,2.4523407980142364,0.00010660314893096551,0.0001548656777493386,-0.010871242309195908,1.2307809180712441,0.0,0.30492156867816644
0.7666666666666666,0.8333333333333333,0.75,-1.241468208441392,0.01,0.08,2.258101596489034,0.02258101596489034,0.18064812771912273,0.18064812771912273,0.003891427656239925,0.003909861230294205,0.003872994082185645,0.0008888465227076994,1000,200,200,10000,10000,10000,10000,-1.0929875588724924,0.6440702372468992,0.956,2.1108137420344057,5.571558562744711e-05,0.00020966696929489018,7.743091604365174e-05,8.433038898045761e-05,5.571558562744711e-05,0.00020966696929489018,7.743091604365174e-05,8.433038898045761e-05,-1.0334494056467265,0.8993180643073783,0.785,2.5106775993599975,9.975670917511124e-05,0.0001366858648000529,0.0012050151110087324,1.2450063068602157,0.0,0.3051842288501917
0.7666666666666666,0.8333333333333333,0.7666666666666666,-1.2392769665887013,0.01,0.08,2.2763779612140347,0.022763779612140347,0.18211023689712277,0.18211023689712277,0.003930050261358883,0.003911616687304603,0.003948483835413163,0.0009890721082963288,1000,200,200,10000,10000,10000,10000,-1.0543798201008066,0.5934637704985634,0.937,1.9833739343414878,6.046481470539876e-05,0.00023473175651646355,7.901952309825723e-05,5.4353285362945404e-05,6.046481470539876e-05,0.00023473175651646355,7.901952309825723e-05,5.4353285362945404e-05,-1.0529313764119068,0.9104723902122522,0.785,2.5129169358145873,0.0001186893398485975,0.00016184139757711963,0.007292777192693105,1.2490780592247224,0.0,0.3065289379450703
0.7666666666666666,0.8333333333333333,0.7833333333333333,-1.2327272487349141,0.01,0.08,2.304086844814286,0.02304086844814286,0.18432694758514287,0.18432694758514287,0.004001231160290794,0.003981919857731315,0.004020542462850272,0.0010957478385271286,1000,200,200,10000,10000,10000,10000,-1.0624679332118685,0.5639717592879411,0.943,1.8818630205731486,6.643355828338325e-05,0.0002819602584131821,8.708491011656872e-05,7.170753627962043e-05,6.643355828338325e-05,0.0002819602584131821,8.708491011656872e-05,7.170753627962043e-05,-1.034426688932361,0.891853558227692,0.794,2.46028363202203,0.00012673493509219986,0.00017557687634636889,-0.004162551667612121,1.230867698944764,0.0,0.30493237311083016
0.7666666666666666,0.8333333333333333,0.7999999999999999,-1.2218908149594534,0.01,0.08,2.3334463327744093,0.023334463327744092,0.18667570662195274,0.18667570662195274,0.003946768272517959,0.003981919857731315,0.003911616687304603,0.0010747908895467227,1000,200,200,10000,10000,10000,10000,-1.0865491555964166,0.5995610759556913,0.95,1.9672225369305891,7.099923576201732e-05,0.00028363841427014814,0.00010373516829050482,0.00011287795039396316,7.099923576201732e-05,0.00028363841427014814,0.00010373516829050482,0.00011287795039396316,-1.0744685613910734,0.8723148618158307,0.795,2.483390857082591,0.0001236170758684217,0.00016296212267373012,-0.001405839463229181,1.2228930412883872,0.0,0.30549893142397255
0.7666666666666666,0.8333333333333333,0.8166666666666667,-1.2068863914984325,0.01,0.08,2.369178493831839,0.023691784938318392,0.18953427950654714,0.18953427950654714,0.003982797586236514,0.003981919857731315,0.003983675314741713,0.0011266255122366104,1000,200,200,10000,10000,10000,10000,-1.0503826494375539,0.5742344215380761,0.944,1.9329799788636792,7.24994583575865e-05,0.00029077165331987644,9.399747936703512e-05,9.500204691756218e-05,7.24994583575865e-05,0.00029077165331987644,9.399747936703512e-05,9.500204691756218e-05,-1.0047879073289319,0.89764582590923,0.79,2.452679528604432,0.0001384274810205592,0.0001992016810330497,0.0020447298546938143,1.2115002046562138,0.0,0.30532001685054805
0.7666666666666666,0.8333333333333333,0.8333333333333333,-1.1878783699551676,0.01,0.08,2.3948823984430643,0.023948823984430642,0.19159059187544514,0.19159059187544514,0.0040582873394640305,0.00409603221607779,0.004020542462850272,0.0011461376721601275,1000,200,200,10000,10000,10000,10000,-1.021746877486804,0.5661530998492625,0.938,1.9401218331051715,7.545333455233597e-05,0.0003076276273238514,9.654218564636995e-05,0.00013882873382831525,7.545333455233597e-05,0.0003076276273238514,9.654218564636995e-05,0.00013882873382831525,-0.992776732009564,0.869234277167753,0.805,2.445862592466474,0.00015264072377494373,0.00021631865181871948,-0.005401098002091898,1.185239004985895,0.0,0.30564797488602713
0.7666666666666666,0.8333333333333333,0.85,-1.165075006191371,0.01,0.08,2.4377033418260465,0.024377033418260467,0.19501626734608374,0.19501626734608374,0.004096074009781309,0.004136493865614184,0.004055654153948435,0.001263396095575589,1000,200,200,10000,10000,10000,10000,-1.0248540892879874,0.5737842601772347,0.95,1.9903130867087433,9.913311651598164e-05,0.0003815937156850754,0.00014057548361121503,9.49922472563329e-05,9.913311651598164e-05,0.0003815937156850754,0.00014057548361121503,9.49922472563329e-05,-0.979350481535151,0.9347632644551973,0.779,2.452368139525702,0.00017441098252041695,0.0002216476739020238,0.0013355370153746331,1.1691772040023312,0.0,0.306085714511023
0.7666666666666666,0.85,0.7,-1.1895560021005656,0.01,0.08,2.227359933065445,0.022273599330654453,0.17818879464523563,0.17818879464523563,0.003945052709622755,0.003945052709622755,0.003945052709622755,0.0009762443603301005,1000,200,200,10000,10000,10000,10000,-1.0225651047160973,0.6280900359978936,0.942,1.9500448793382188,6.19966075507922e-05,0.0002656024585835134,0.00011639288237424495,0.0001098400829183912,6.19966075507922e-05,0.0002656024585835134,0.00011639288237424495,0.0001098400829183912,-1.0261761290294484,0.9295720179275896,0.791,2.4936508794311054,0.00010095744392477836,0.00015625979899212453,-0.004940354176293781,1.1871686675477546,0.0,0.3056147226542096
0.7666666666666666,0.85,0.7166666666666667,-1.2003924358760265,0.01,0.08,2.258391490922387,0.02258391490922387,0.18067131927379096,0.18067131927379096,0.0038754695044895746,0.003946728378402766,0.003804210630576383,0.0009109182599892025,1000,200,200,10000,10000,10000,10000,-1.0534779190171024,0.5932940349418907,0.956,2.00083296921294,5.350682193705973e-05,0.0002145418670424309,8.278308179434732e-05,7.276805729176656e-05,5.350682193705973e-05,0.0002145418670424309,8.278308179434732e-05,7.276805729176656e-05,-1.0090230522938946,0.8653305817017728,0.816,2.446042798816983,9.948598763078869e-05,0.00014765977946964374,0.0011199686238113238,1.204125095141649,0.0,0.30499803286281263
0.7666666666666666,0.85,0.7333333333333333,-1.2069421537298135,0.01,0.08,2.2572663550181424,0.022572663550181424,0.1805813084014514,0.1805813084014514,0.00392745696995848,0.003872994082185645,0.003981919857731315,0.0008755260616797819,1000,200,200,10000,10000,10000,10000,-1.0490029913341918,0.573830231141961,0.943,1.9882412884627878,4.8295294960149246e-05,0.00018078108368846057,6.909978246824929e-05,5.9712058118446755e-05,4.8295294960149246e-05,0.00018078108368846057,6.909978246824929e-05,5.9712058118446755e-05,-1.0239986667580914,0.9227622035383923,0.771,2.4748569766536175,9.019035169520196e-05,0.00013009466108240562,2.5789437728815285e-05,1.2096421784821485,0.0,0.3061624481070141
0.7666666666666666,0.85,0.75,-1.2091333955825043,0.01,0.08,2.2930275087368663,0.022930275087368664,0.18344220069894931,0.18344220069894934,0.0039484439412979695,0.003946728378402766,0.003950159504193173,0.0010254555951565189,1000,200,200,10000,10000,10000,10000,-1.054545486230202,0.5706102616338492,0.948,1.9356886972242764,6.38000747760461e-05,0.0002523697659503462,9.5177186523923e-05,8.945415582215318e-05,6.38000747760461e-05,0.0002523697659503462,9.5177186523923e-05,8.945415582215318e-05,-1.068594490782609,0.9293685568229125,0.787,2.4991968625487226,0.00011721942415143947,0.00017111294543459626,-0.0035057157214011545,1.2083227320861039,0.0,0.3065988777012397
0.7666666666666666,0.85,0.7666666666666666,-1.2069421537298135,0.01,0.08,2.3153011238061456,0.023153011238061457,0.18522408990449166,0.18522408990449166,0.003872994082185645,0.003874669750965656,0.003871318413405634,0.000978769899132739,1000,200,200,10000,10000,10000,10000,-1.0461638449031505,0.6000283944112434,0.949,1.9799739475881843,6.110608138300019e-05,0.0002529665070759149,9.336926512418336e-05,0.00012764613118775963,6.110608138300019e-05,0.0002529665070759149,9.336926512418336e-05,0.00012764613118775963,-1.0378660544261458,0.9008130907482468,0.794,2.4934884302530698,0.0001180446181221762,0.00017358951841208603,-0.002464307853771935,1.2070687225814323,0.0,0.3055405597414539
0.7666666666666666,0.85,0.7833333333333333,-1.2003924358760265,0.01,0.08,2.3316704680119047,0.02331670468011905,0.1865336374409524,0.18653363744095236,0.0039459304381279535,0.003946808166633152,0.003945052709622755,0.0010676689255570886,1000,200,200,10000,10000,10000,10000,-1.0249947097150567,0.6026138867202819,0.947,1.9865614140416763,7.111629449718406e-05,0.0002909018896702235,0.00010118774452297297,0.00010038750749324107,7.111629449718406e-05,0.0002909018896702235,0.00010118774452297297,0.00010038750749324107,-1.034830852111337,0.8851515029148226,0.775,2.429241344698338,0.00012572497707844698,0.00018044572986495704,-0.0027089604403208716,1.2001974168342517,0.0,0.3060409426601105
0.7666666666666666,0.85,0.7999999999999999,-1.1895560021005658,0.01,0.08,2.3574845797758517,0.023574845797758516,0.18859876638206813,0.1885987663820681,0.00409603221607779,0.004059165067969229,0.00413289936418635,0.0011605001646400313,1000,200,200,10000,10000,10000,10000,-1.0013364565112988,0.5701429937129131,0.946,1.8411071222884763,7.057279621902325e-05,0.0003058110928001064,9.355239712975156e-05,8.152165853653884e-05,7.057279621902325e-05,0.0003058110928001064,9.355239712975156e-05,8.152165853653884e-05,-1.0190722454890138,0.8760915426397434,0.821,2.4913886840762904,0.00013870517010407387,0.0001877572605000175,-0.004678985836815162,1.1875790689300987,0.0,0.3053420181011095
0.7666666666666666,0.85,0.8166666666666667,-1.1745515786395446,0.01,0.08,2.396604208427757,0.023966042084277567,0.19172833667422054,0.19172833667422054,0.004001231160290794,0.004018787005839875,0.003983675314741713,0.0011428252532444429,1000,200,200,10000,10000,10000,10000,-1.0187303775863947,0.5843083215272852,0.953,1.9043520041931732,7.363471595441085e-05,0.00030858523808696654,9.64938721902125e-05,0.00011123657542267128,7.363471595441085e-05,0.00030858523808696654,9.64938721902125e-05,0.00011123657542267128,-0.9975680642538185,0.8650691691934096,0.811,2.47562308359036,0.00014323258935392894,0.00019222146027880594,0.0008950972058866499,1.1781244975259513,0.0,0.30551745764245575
0.7666666666666666,0.85,0.8333333333333333,-1.1555435570962798,0.01,0.08,2.4294416966925523,0.024294416966925525,0.1943553357354042,0.19435533573540423,0.004136493865614184,0.004136493865614185,0.004136493865614184,0.0012108403734815132,1000,200,200,10000,10000,10000,10000,-0.9919393429289569,0.5839650187631075,0.945,1.9386197575507722,8.586306617149348e-05,0.00034150604315991124,0.00011246903464998614,0.00015144685602028212,8.586306617149348e-05,0.00034150604315991124,0.00011246903464998614,0.00015144685602028212,-1.0305543554570893,0.8406986796805893,0.824,2.4561340643264926,0.00015428906283745881,0.00019655531190027612,0.001122013678184122,1.1593061018283026,0.0,0.30517419540027435
0.7666666666666666,0.85,0.85,-1.1327401933324832,0.01,0.08,2.4480857127697413,0.024480857127697413,0.1958468570215793,0.1958468570215793,0.0041540079174597466,0.004175116470733142,0.00413289936418635,0.0012436499515095039,1000,200,200,10000,10000,10000,10000,-0.9841432807639134,0.5496821045301585,0.953,1.871259614870781,8.260351959874228e-05,0.00034388277970730436,0.00010478008791273321,0.00011204655332607253,8.260351959874228e-05,0.00034388277970730436,0.00010478008791273321,0.00011204655332607253,-0.9058867496890839,0.9216185583521216,0.786,2.4619461884412055,0.00016025877342996833,0.00020626932291615416,-0.0025739397680089693,1.1328104543637922,0.0,0.30509337185115604
0.7833333333333333,0.7,0.7,-1.5178482880599222,0.01,0.08,2.0658562346273834,0.020658562346273834,0.16526849877019067,0.16526849877019067,0.0036985236808266073,0.0036648953585139412,0.0037321520031392734,0.0005940630108236045,1000,200,200,10000,10000,10000,10000,-1.3899891080478937,0.6478695761740976,0.93,2.1476164920264575,2.858698494529009e-05,0.00010393047015554312,5.018334725296639e-05,4.571802100593264e-05,2.858698494529009e-05,0.00010393047015554312,5.018334725296639e-05,4.571802100593264e-05,-1.3671598955892765,0.9500509551885828,0.749,2.459183598606634,4.944042866680993e-05,9.939638247069022e-05,-0.002117978404908102,1.5179642870242247,0.0,0.30577396905919857
0.7833333333333333,0.7,0.7166666666666667,-1.5286847218353832,0.01,0.08,2.1018995296266016,0.021018995296266017,0.16815196237012814,0.16815196237012814,0.0036809642911942854,0.00369856003085856,0.0036633685515300106,0.0007170283495998665,1000,200,200,10000,10000,10000,10000,-1.3093756933709142,0.6365612917306472,0.914,2.04379455075944,3.6407471395442983e-05,0.0001558654363737145,6.041002984066566e-05,6.292645227315351e-05,3.6407471395442983e-05,0.0001558654363737145,6.041002984066566e-05,6.292645227315351e-05,-1.3084395285631027,0.9359739992805168,0.753,2.410871338009216,6.148941459914157e-05,0.00010066657590303324,-0.0040472230737190525,1.5265709624971322,0.0,0.30561060314217425
0.7833333333333333,0.7,0.7333333333333333,-1.5352344396891702,0.01,0.08,2.1289073558419185,0.021289073558419185,0.17031258846735348,0.17031258846735348,0.0036953610167628865,0.0036953610167628865,0.0036953610167628865,0.0006922953947709643,1000,200,200,10000,10000,10000,10000,-1.345050162049468,0.6607403980063977,0.916,2.086358036195545,3.498701143876003e-05,0.0001346208344455988,5.3073928581706744e-05,4.427147227492459e-05,3.498701143876003e-05,0.0001346208344455988,5.3073928581706744e-05,4.427147227492459e-05,-1.3535574561022454,0.9067252203031926,0.78,2.457994577174156,5.9669689651112043e-05,0.00010284354323821051,0.000277818892720009,1.5374303673541152,0.0,0.30625825831125475
0.7833333333333333,0.7,0.75,-1.5374256815418608,0.01,0.08,2.159359848690121,0.021593598486901212,0.1727487878952097,0.17274878789520967,0.003824359767525867,0.003805886299356394,0.00384283323569534,0.0008348639214913817,1000,200,200,10000,10000,10000,10000,-1.38531332841816,0.6229593301487513,0.907,1.9995085996174315,4.441883551140044e-05,0.0001952728444812455,6.402580234871897e-05,7.858186552882567e-05,4.441883551140044e-05,0.0001952728444812455,6.402580234871897e-05,7.858186552882567e-05,-1.3128110310423253,0.975430035062726,0.741,2.477494583339846,8.93176487022492e-05,0.00017246113545929352,-0.004988155970974057,1.5345892327767492,0.0,0.3056418905568867
0.7833333333333333,0.7,0.7666666666666666,-1.5352344396891702,0.01,0.08,2.1742934837210535,0.021742934837210535,0.17394347869768428,0.17394347869768428,0.003948483835413163,0.003872994082185645,0.004023973588640681,0.0009518041315921741,1000,200,200,10000,10000,10000,10000,-1.333653565918998,0.5917205405618354,0.899,1.8580207579036487,5.169066922086857e-05,0.00023499855915561823,9.23005300178064e-05,9.241342700752134e-05,5.169066922086857e-05,0.00023499855915561823,9.23005300178064e-05,9.241342700752134e-05,-1.3248683994289545,0.9178605908380861,0.772,2.373934570423298,8.038455304434758e-05,0.0001307412766314533,-0.005003183007751671,1.5322268374717636,0.0,0.30475843571153954
0.7833333333333333,0.7,0.7833333333333333,-1.5286847218353832,0.01,0.08,2.1807957429021902,0.021807957429021904,0.17446365943217523,0.17446365943217523,0.0037313522496153547,0.0037321520031392734,0.003730552496091436,0.0007588244793795585,1000,200,200,10000,10000,10000,10000,-1.2986812710876376,0.6627472494870519,0.912,2.1217323596122704,4.273588622035098e-05,0.00015424866937883215,6.588567361199516e-05,4.117083705442193e-05,4.273588622035098e-05,0.00015424866937883215,6.588567361199516e-05,4.117083705442193e-05,-1.3351145878753221,0.9734358131213131,0.745,2.4481898985528017,7.62302634486315e-05,0.00011634799657420582,0.004555933022164326,1.5351948665970248,0.0,0.3050011908997943
0.7833333333333333,0.7,0.7999999999999999,-1.5178482880599222,0.01,0.08,2.222651633081785,0.02222651633081785,0.1778121306465428,0.17781213064654283,0.0038202068631928206,0.003730552496091436,0.003909861230294205,0.0009233901904840549,1000,200,200,10000,10000,10000,10000,-1.3424929697137238,0.5947138749990651,0.899,1.965788181740192,5.310238747034776e-05,0.00021331668240332852,7.6072906000199e-05,5.0474969384016924e-05,5.310238747034776e-05,0.00021331668240332852,7.6072906000199e-05,5.0474969384016924e-05,-1.2796753024316094,0.945943724662126,0.772,2.4511385557476624,0.00010272343120118752,0.00016980688684808615,0.0009358776764617694,1.5207578844126122,0.0,0.30489948208240886
0.7833333333333333,0.7,0.8166666666666667,-1.5028438645989013,0.01,0.08,2.2630535465913355,0.022630535465913357,0.18104428372730685,0.18104428372730683,0.003909861230294205,0.003981919857731315,0.0038378026028570954,0.0009383406378057367,1000,200,200,10000,10000,10000,10000,-1.3460824566913352,0.6093485164602281,0.908,2.0204042452886357,5.516354598278906e-05,0.00021385352690466875,6.795924889150901e-05,5.424771008881379e-05,5.516354598278906e-05,0.00021385352690466875,6.795924889150901e-05,5.424771008881379e-05,-1.2618463425190454,0.8902578092535197,0.779,2.4503733944398847,0.0001065516705247576,0.0001485236711482979,-0.00521000716874234,1.4995954435159282,0.0,0.3047809437346816
0.7833333333333333,0.7,0.8333333333333333,-1.4838358430556364,0.01,0.08,2.295114831341416,0.02295114831341416,0.18360918650731328,0.18360918650731325,0.0040029467231859975,0.003909861230294205,0.00409603221607779,0.0011242064331829823,1000,200,200,10000,10000,10000,10000,-1.3495686268872658,0.5860827585564063,0.924,1.966893795784968,7.842869198495137e-05,0.00034080208206702095,0.00011254380963022997,9.235302625544427e-05,7.842869198495137e-05,0.00034080208206702095,0.00011254380963022997,9.235302625544427e-05,-1.2832459484815588,0.9593386056491868,0.766,2.4873581369556255,0.00013232807684873823,0.0001910509439195523,-0.00719113570474736,1.478605251858458,0.0,0.3055270443794068
0.7833333333333333,0.7,0.85,-1.4610324792918399,0.01,0.08,2.3327750697068037,0.023327750697068037,0.1866220055765443,0.18662200557654426,0.003963486283677035,0.003981919857731315,0.003945052709622755,0.0010899385925816434,1000,200,200,10000,10000,10000,10000,-1.2850002286722533,0.5822864870662204,0.905,1.889458398044588,6.700254438587486e-05,0.0003020603511148619,9.927632904931938e-05,9.045980242062274e-05,6.700254438587486e-05,0.0003020603511148619,9.927632904931938e-05,9.045980242062274e-05,-1.2872284477751297,0.8798764953458037,0.801,2.4817078415932645,0.00013132870263572643,0.00019370633898771288,0.00020653653709554008,1.46334630748379,0.0,0.30502579703676036
0.7833333333333333,0.7166666666666667,0.7,-1.4833172217425228,0.01,0.08,2.071623782945216,0.02071623782945216,0.1657299026356173,0.1657299026356173,0.0037321520031392734,0.0037321520031392734,0.0037321520031392734,0.0006154973946425506,1000,200,200,10000,10000,10000,10000,-1.320399146383647,0.6625864725994925,0.932,2.1460056204513136,2.8638423809255952e-05,0.00011773681722303379,4.636933663361292e-05,5.0682505319863e-05,2.8638423809255952e-05,0.00011773681722303379,4.636933663361292e-05,5.0682505319863e-05,-1.3347778245745332,0.9092797964231075,0.771,2.464126117620838,5.027593919641054e-05,8.608870252101304e-05,0.0025082673154041032,1.4878871879269762,0.0,0.3060111086007348
0.7833333333333333,0.7166666666666667,0.7166666666666667,-1.4941536555179837,0.01,0.08,2.1167658164416965,0.021167658164416965,0.16934126531533572,0.16934126531533572,0.0037497477428035473,0.0037657439754199854,0.0037337515101871096,0.0007487303825859124,1000,200,200,10000,10000,10000,10000,-1.3584940191202786,0.655210837889441,0.918,2.1395434324023754,4.2185965516314364e-05,0.0001728670605593525,6.692082827499354e-05,5.807576420305045e-05,4.2185965516314364e-05,0.0001728670605593525,6.692082827499354e-05,5.807576420305045e-05,-1.3057917467156528,0.962159803842309,0.748,2.472257944058257,7.08824034432129e-05,0.00011606023933563465,-0.0008746950781339227,1.4953281648560346,0.0,0.3054102688592063
0.7833333333333333,0.7166666666666667,0.7333333333333333,-1.5007033733717707,0.01,0.08,2.1428674523341007,0.021428674523341008,0.17142939618672806,0.17142939618672806,0.0037657439754199854,0.003730552496091436,0.003800935454748535,0.0007376428703714728,1000,200,200,10000,10000,10000,10000,-1.3070055043182265,0.6682692374666738,0.92,2.1342033190197354,4.178372396112848e-05,0.0001513117261653068,6.413436734491194e-05,6.622505273786315e-05,4.178372396112848e-05,0.0001513117261653068,6.413436734491194e-05,6.622505273786315e-05,-1.3519979475816963,0.9180330291930789,0.77,2.4221799831083755,7.387731688647017e-05,0.0001279599046037914,0.00586672759711751,1.5085560266124918,0.0,0.30574236534855953
0.7833333333333333,0.7166666666666667,0.75,-1.5028946152244615,0.01,0.08,2.1688887556510346,0.021688887556510345,0.17351110045208276,0.1735111004520828,0.003802573042662459,0.0037321520031392734,0.003872994082185645,0.0008351377069192121,1000,200,200,10000,10000,10000,10000,-1.3209140424269057,0.6360410005698894,0.901,2.027469354767823,5.053793184154424e-05,0.00020692806670670222,0.00010574832045958288,0.000117135754664764,5.053793184154424e-05,0.00020692806670670222,0.00010574832045958288,0.000117135754664764,-1.323836729539615,0.9203248310265005,0.768,2.4413397716253193,7.757841645601428e-05,0.00012716805776429702,-0.0067633725796813595,1.4980465584011906,0.0,0.30634811476467516
0.7833333333333333,0.7166666666666667,0.7666666666666666,-1.5007033733717707,0.01,0.08,2.196022508050778,0.02196022508050778,0.17568180064406225,0.17568180064406225,0.003874709645080849,0.003946808166633152,0.003802611123528546,0.0008743231810965548,1000,200,200,10000,10000,10000,10000,-1.3025937472076365,0.6211314117414071,0.896,1.9459066010090615,4.618396940818532e-05,0.0001955838401633641,6.962341491143013e-05,6.083669168905197e-05,4.618396940818532e-05,0.0001955838401633641,6.962341491143013e-05,6.083669168905197e-05,-1.2940589669529707,0.9150463526517713,0.783,2.4946959756348095,9.150907509079615e-05,0.00013645565579221145,0.0025494420878336773,1.5051951261198002,0.0,0.3042539868463668
0.7833333333333333,0.7166666666666667,0.7833333333333333,-1.4941536555179837,0.01,0.08,2.2201975620652146,0.022201975620652147,0.17761580496521717,0.17761580496521717,0.0038755474794708545,0.0038764252079760532,0.003874669750965656,0.0009369632345664197,1000,200,200,10000,10000,10000,10000,-1.3134537542277376,0.6233348961592444,0.905,1.9845167725157353,5.3828983717354184e-05,0.0002492164246141434,7.74348486109616e-05,0.00015187738345548448,5.3828983717354184e-05,0.0002492164246141434,7.74348486109616e-05,0.00015187738345548448,-1.2765357460160465,0.9045384783970533,0.776,2.421522624821762,0.00010221010580596493,0.0001853466184276809,0.0002569288646935402,1.4964079018644802,0.0,0.30576170472286723
0.7833333333333333,0.7166666666666667,0.7999999999999999,-1.483317221742523,0.01,0.08,2.2350260881867774,0.022350260881867774,0.1788020870549422,0.1788020870549422,0.0038922654906299306,0.003946728378402766,0.0038378026028570954,0.000834854682808477,1000,200,200,10000,10000,10000,10000,-1.3227749812067529,0.6017707960752104,0.929,2.0063527148710985,4.5093908713733076e-05,0.0001640848060721668,6.410508422761364e-05,4.523632944470577e-05,4.5093908713733076e-05,0.0001640848060721668,6.410508422761364e-05,4.523632944470577e-05,-1.2555500983038823,0.8889671693677462,0.773,2.434979330691097,8.396317787946708e-05,0.00011958428707634529,-0.00021800883176735438,1.4851291467520762,0.0,0.30622354549770076
0.7833333333333333,0.7166666666666667,0.8166666666666667,-1.4683127982815019,0.01,0.08,2.257904170710873,0.02257904170710873,0.18063233365686984,0.18063233365686987,0.003915729697522455,0.004022218131630283,0.003809241263414627,0.00088787781167178,1000,200,200,10000,10000,10000,10000,-1.3137149004333901,0.5922905050914807,0.931,1.9825526046681128,4.83816765196171e-05,0.00018464800658996882,6.819683315560897e-05,5.0143620756704155e-05,4.83816765196171e-05,0.00018464800658996882,6.819683315560897e-05,5.0143620756704155e-05,-1.2657311743417605,0.894253048955559,0.777,2.3989532158050744,8.647572654588369e-05,0.00011675134621042247,-0.005147819526561836,1.465254821701613,0.0,0.3049794349917099
0.7833333333333333,0.7166666666666667,0.8333333333333333,-1.449304776738237,0.01,0.08,2.2978739303829396,0.022978739303829397,0.18382991443063518,0.18382991443063518,0.003983635420626519,0.003946728378402766,0.004020542462850272,0.0010395725042795225,1000,200,200,10000,10000,10000,10000,-1.2745420564783227,0.5912026558380452,0.912,1.8906983789452947,5.992572480971438e-05,0.00025086275420280164,7.894634020383223e-05,5.9952074037833405e-05,5.992572480971438e-05,0.00025086275420280164,7.894634020383223e-05,5.9952074037833405e-05,-1.2168743780727096,0.8727567354472234,0.803,2.4466187718796806,0.000110863179667593,0.00015497556427393304,-0.001530108404689307,1.4497502675201486,0.0,0.30596926849218736
0.7833333333333333,0.7166666666666667,0.85,-1.4265014129744404,0.01,0.08,2.338053068678847,0.02338053068678847,0.18704424549430776,0.18704424549430776,0.0039476061069079645,0.003981919857731315,0.003913292356084614,0.001061508367526538,1000,200,200,10000,10000,10000,10000,-1.260019776965343,0.6082624246156291,0.926,2.049764767886744,7.382590055817434e-05,0.00029382778961132053,9.732198192416779e-05,9.270435138714052e-05,7.382590055817434e-05,0.00029382778961132053,9.732198192416779e-05,9.270435138714052e-05,-1.2349690748475801,0.8945454644550755,0.787,2.424254508064658,0.00012833544938800222,0.00017610953411766771,0.0005914254231198087,1.4293476391531388,0.0,0.3048621520547945
0.7833333333333333,0.7333333333333333,0.7,-1.4474194010293724,0.01,0.08,2.101400417400184,0.02101400417400184,0.16811203339201472,0.16811203339201472,0.00371375650995108,0.0037657439754199854,0.0036617690444821745,0.0007331692059210986,1000,200,200,10000,10000,10000,10000,-1.2947815996474135,0.6147946640082258,0.931,2.113025638304022,4.076554499564329e-05,0.00016424798851926266,6.310347406178875e-05,7.471988479785625e-05,4.076554499564329e-05,0.00016424798851926266,6.310347406178875e-05,7.471988479785625e-05,-1.2727830742719808,0.9279314261380597,0.793,2.5483449165648717,6.776094478017516e-05,0.00010139583490214113,0.001722967108309504,1.4512545867516307,0.0,0.3054279163870154
0.7833333333333333,0.7333333333333333,0.7166666666666667,-1.4582558348048333,0.01,0.08,2.13249941779037,0.021324994177903702,0.17059995342322962,0.17059995342322962,0.00378333971508426,0.003800935454748535,0.0037657439754199854,0.00078817512823294,1000,200,200,10000,10000,10000,10000,-1.2837960397094832,0.6190058392340617,0.92,1.9635392405367207,3.9308896204367733e-05,0.0001618268531879669,6.339890906580984e-05,5.907176578559012e-05,3.9308896204367733e-05,0.0001618268531879669,6.339890906580984e-05,5.907176578559012e-05,-1.2400763684311127,0.930906476640962,0.792,2.493866279017727,6.74256473873718e-05,0.00010240729107111706,0.0019260545290285327,1.4622375108886296,0.0,0.30543491613703505
0.7833333333333333,0.7333333333333333,0.7333333333333333,-1.4648055526586203,0.01,0.08,2.143096810567888,0.021430968105678877,0.17144774484543102,0.17144774484543102,0.003733753241021243,0.003701762506622501,0.0037657439754199854,0.0007361102052694539,1000,200,200,10000,10000,10000,10000,-1.2804538817283928,0.6463777755440057,0.93,2.096901476186744,3.7799322188165926e-05,0.0001489001719406677,5.175560553504698e-05,4.518797988559415e-05,3.7799322188165926e-05,0.0001489001719406677,5.175560553504698e-05,4.518797988559415e-05,-1.2451956433676132,0.9216088187991184,0.757,2.413519378041701,6.830807567957384e-05,0.0001093246962275937,0.004302138061845314,1.4711203083610436,0.0,0.3046095049330886
0.7833333333333333,0.7333333333333333,0.75,-1.466996794511311,0.01,0.08,2.1662932717838626,0.021662932717838625,0.173303461742709,0.173303461742709,0.003733715160155157,0.0037321520031392734,0.0037352783171710397,0.0008121038086039841,1000,200,200,10000,10000,10000,10000,-1.2683559649865686,0.6502573300946466,0.918,2.1059550813038226,4.90422415720276e-05,0.00019850605425708587,7.8995003770472e-05,7.729805080391559e-05,4.90422415720276e-05,0.00019850605425708587,7.8995003770472e-05,7.729805080391559e-05,-1.264794736379796,0.910850553689125,0.792,2.4264236382197386,7.76267901731941e-05,0.00012221606069638975,0.002714912758012696,1.4717786649692077,0.0,0.3057368094931893
0.7833333333333333,0.7333333333333333,0.7666666666666666,-1.4648055526586203,0.01,0.08,2.1926113306342723,0.021926113306342723,0.17540890645074178,0.17540890645074178,0.003768181316857828,0.003804210630576383,0.0037321520031392726,0.0007984755464102763,1000,200,200,10000,10000,10000,10000,-1.293408575915472,0.6504169865500016,0.92,2.1884303132963705,5.139125310510548e-05,0.00018055878708131052,8.908089599538239e-05,6.888366563625741e-05,5.139125310510548e-05,0.00018055878708131052,8.908089599538239e-05,6.888366563625741e-05,-1.2938209187342458,0.8810673866953707,0.776,2.3466842471859803,8.248805351082977e-05,0.00016750899214507594,-0.004778343190432918,1.462220683637344,0.0,0.30545744650070195
0.7833333333333333,0.7333333333333333,0.7833333333333333,-1.4582558348048333,0.01,0.08,2.2329238006182743,0.022329238006182743,0.17863390404946194,0.17863390404946194,0.0038905898218499196,0.003945052709622755,0.0038361269340770844,0.0008358379976652747,1000,200,200,10000,10000,10000,10000,-1.2439678414514832,0.6463108449224367,0.901,2.054986061773659,4.715944073136041e-05,0.00017079343454730545,6.758492355337045e-05,5.4416911653010375e-05,4.715944073136041e-05,0.00017079343454730545,6.758492355337045e-05,5.4416911653010375e-05,-1.2527935148623495,0.9085235400460897,0.785,2.439963318456919,8.38713733718547e-05,0.00011556637843016563,0.0010260214357689576,1.4612507647855264,0.0,0.30528844798870486
0.7833333333333333,0.7333333333333333,0.7999999999999999,-1.4474194010293724,0.01,0.08,2.2577884093254346,0.022577884093254345,0.18062307274603476,0.18062307274603479,0.003909861230294205,0.003909861230294205,0.003909861230294205,0.0008573896184373174,1000,200,200,10000,10000,10000,10000,-1.2757772537061958,0.6198070207856616,0.924,1.9770220283428672,4.6247671826785636e-05,0.00017330135350890046,6.404977137473692e-05,5.475496612800796e-05,4.6247671826785636e-05,0.00017330135350890046,6.404977137473692e-05,5.475496612800796e-05,-1.2595279260525631,0.8911190827669158,0.795,2.4337807501667696,8.960787944319788e-05,0.00013294015530116295,-0.00011535564839631316,1.4494482104970552,0.0,0.30650108003416654
0.7833333333333333,0.7333333333333333,0.8166666666666667,-1.4324149775683515,0.01,0.08,2.2694209574800253,0.022694209574800252,0.18155367659840202,0.18155367659840202,0.003910738958799404,0.003983675314741713,0.0038378026028570954,0.0008880117880630083,1000,200,200,10000,10000,10000,10000,-1.2273895374885566,0.6206944687871953,0.91,2.0037138006532067,4.833733939547587e-05,0.0001766306730951772,6.320796755920999e-05,5.777912671173952e-05,4.833733939547587e-05,0.0001766306730951772,6.320796755920999e-05,5.777912671173952e-05,-1.2375265660800117,0.8406496261065586,0.821,2.417377774057096,9.240105212926714e-05,0.00012604636911647414,-0.0020276174117561233,1.4327330562820562,0.0,0.30538265774592466
0.7833333333333333,0.7333333333333333,0.8333333333333333,-1.4134069560250866,0.01,0.08,2.3033145410334783,0.023033145410334785,0.18426516328267828,0.18426516328267828,0.004020502568735079,0.004055654153948435,0.003985350983521723,0.0010656528161028167,1000,200,200,10000,10000,10000,10000,-1.2285938201869695,0.6313664564679342,0.924,1.9889363836044103,7.488264320764686e-05,0.0002923015478531684,0.00013981669526373018,0.0001240820964639523,7.488264320764686e-05,0.0002923015478531684,0.00013981669526373018,0.0001240820964639523,-1.2995549442696415,0.9137321200666879,0.778,2.515051904235952,0.00012894482064691975,0.0002012253135689564,-0.0018367173926224078,1.4137085542443388,0.0,0.30585379223532116
0.7833333333333333,0.7333333333333333,0.85,-1.39060359226129,0.01,0.08,2.3451727515422744,0.023451727515422745,0.18761382012338196,0.18761382012338196,0.004018787005839875,0.004018787005839875,0.004018787005839875,0.0011766381635608988,1000,200,200,10000,10000,10000,10000,-1.1982605444894854,0.5568569089152448,0.918,1.8768577242164448,7.635335165214731e-05,0.0003430479371633407,0.00011314229937109329,0.00014525259296591176,7.635335165214731e-05,0.0003430479371633407,0.00011314229937109329,0.00014525259296591176,-1.2096619011056677,0.9348357885696205,0.769,2.514116642907117,0.0001433528872946621,0.00020383976116828754,0.005706835182437773,1.3984203126886285,0.0,0.304146998747429
0.7833333333333333,0.75,0.7,-1.4105481299563067,0.01,0.08,2.1263465398284804,0.021263465398284803,0.17010772318627843,0.17010772318627843,0.0037497858236696345,0.003804210630576383,0.0036953610167628865,0.0007493188268776851,1000,200,200,10000,10000,10000,10000,-1.281194747466944,0.5860428205165142,0.937,2.0540383530097674,3.9412793356786104e-05,0.00015004740247709668,5.6815316117402095e-05,5.627681188103475e-05,3.9412793356786104e-05,0.00015004740247709668,5.6815316117402095e-05,5.627681188103475e-05,-1.2442941862480184,0.9603030858432675,0.783,2.5311961484356704,7.026457937537706e-05,0.00010552976954933707,0.0013196001119563116,1.4140994242755143,0.0,0.30564575627254675
0.7833333333333333,0.75,0.7166666666666667,-1.4213845637317677,0.01,0.08,2.1524859827408687,0.021524859827408687,0.1721988786192695,0.1721988786192695,0.0037657439754199854,0.003800935454748535,0.003730552496091436,0.0007927672497209862,1000,200,200,10000,10000,10000,10000,-1.220469853303787,0.6567190043684211,0.936,2.0796174069315905,4.614112315806126e-05,0.0001930120491856487,8.036511574792063e-05,7.553224630098697e-05,4.614112315806126e-05,0.0001930120491856487,8.036511574792063e-05,7.553224630098697e-05,-1.2480759343850711,0.9436727835032768,0.752,2.4245289247414408,7.55551545512465e-05,0.00012361702474033605,-0.002853391271652826,1.420603965896458,0.0,0.3046870526886268
0.7833333333333333,0.75,0.7333333333333333,-1.4279342815855547,0.01,0.08,2.1721713160068115,0.021721713160068115,0.17377370528054492,0.17377370528054492,0.003802573042662459,0.0037321520031392734,0.003872994082185645,0.0008288462173023477,1000,200,200,10000,10000,10000,10000,-1.2209989481272452,0.6394021094707282,0.909,1.9563383370805512,4.4459031920016044e-05,0.000178976122071022,8.012090981761155e-05,6.574250113624164e-05,4.4459031920016044e-05,0.000178976122071022,8.012090981761155e-05,6.574250113624164e-05,-1.238029159773678,0.9595302877213949,0.756,2.474644335749722,7.840538969967197e-05,0.0001312903797492841,-0.0009608442379229239,1.429077903347444,0.0,0.30507736552439185
0.7833333333333333,0.75,0.75,-1.4301255234382453,0.01,0.08,2.1786903621837714,0.021786903621837713,0.1742952289747017,0.1742952289747017,0.00378333971508426,0.0037657439754199854,0.003800935454748535,0.0008229315206741006,1000,200,200,10000,10000,10000,10000,-1.2267585371983865,0.62976848894326,0.918,2.028319221137299,4.869401031155122e-05,0.00019841635404998684,9.067409959546463e-05,9.756276382209181e-05,4.869401031155122e-05,0.00019841635404998684,9.067409959546463e-05,9.756276382209181e-05,-1.1854845892138353,0.9292196640525069,0.768,2.417183827721291,7.826298691255682e-05,0.00013101493107688363,0.0020993884603886484,1.4344037673924879,0.0,0.3059551890027507
0.7833333333333333,0.75,0.7666666666666666,-1.4279342815855547,0.01,0.08,2.1985243801286423,0.021985243801286424,0.1758819504102914,0.1758819504102914,0.00378333971508426,0.003800935454748535,0.0037657439754199854,0.0007981323260867184,1000,200,200,10000,10000,10000,10000,-1.2714840672654035,0.6089514733156973,0.928,2.0268423024017257,4.339673598355898e-05,0.00016483390804408618,7.207389628862496e-05,3.9304030167474674e-05,4.339673598355898e-05,0.00016483390804408618,7.207389628862496e-05,3.9304030167474674e-05,-1.244918936343008,0.8857277813035433,0.762,2.4455256200722792,7.766810551959494e-05,0.00011416195264862786,0.001726930211079505,1.431694988646319,0.0,0.305508521047102
0.7833333333333333,0.75,0.7833333333333333,-1.4213845637317677,0.01,0.08,2.2261244872016173,0.022261244872016174,0.1780899589761294,0.1780899589761294,0.003948483835413163,0.003909861230294205,0.00398710644053212,0.0009501377473588504,1000,200,200,10000,10000,10000,10000,-1.2763605584160638,0.5895539332805028,0.935,1.9595248607526479,5.801460460087212e-05,0.0002299629491768291,9.766381359941405e-05,8.377754051851667e-05,5.801460460087212e-05,0.0002299629491768291,9.766381359941405e-05,8.377754051851667e-05,-1.1942480950418184,0.9167027729045285,0.774,2.415545379039043,9.829475982670332e-05,0.0001495169410080511,-0.0024559657358221667,1.42099371845547,0.0,0.30583711514212397
0.7833333333333333,0.75,0.7999999999999999,-1.4105481299563067,0.01,0.08,2.2603654000461315,0.022603654000461316,0.18082923200369053,0.18082923200369053,0.003945890544012761,0.003981919857731315,0.003909861230294205,0.0009842458089577757,1000,200,200,10000,10000,10000,10000,-1.2389358732438513,0.6200676509009099,0.937,1.9829406148150066,6.205245630122889e-05,0.0002434390436379655,0.00010177291141284079,9.746783139394863e-05,6.205245630122889e-05,0.0002434390436379655,0.00010177291141284079,9.746783139394863e-05,-1.1817049781404414,0.8840993492028523,0.791,2.425207602070564,0.00010557538683320154,0.0001460583679747827,0.00025942903171680197,1.4129906246240014,0.0,0.30574228471204784
0.7833333333333333,0.75,0.8166666666666667,-1.3955437064952858,0.01,0.08,2.2850305629931444,0.022850305629931445,0.18280244503945156,0.18280244503945156,0.004001231160290794,0.003908185561514194,0.004094276759067393,0.0010486172099289422,1000,200,200,10000,10000,10000,10000,-1.2248816657851564,0.5696446757793341,0.923,1.880405016932166,6.061353573328895e-05,0.0002556113281997127,7.958316396047855e-05,6.244580127964611e-05,6.061353573328895e-05,0.0002556113281997127,7.958316396047855e-05,6.244580127964611e-05,-1.2061016542651326,0.9063164922368206,0.772,2.445336651410524,0.00011527422775298563,0.00015584097548712646,0.0008512447762005029,1.3984962007178017,0.0,0.30579597213251103
0.7833333333333333,0.75,0.8333333333333333,-1.376535684952021,0.01,0.08,2.3252755854940452,0.02325275585494045,0.1860220468395236,0.18602204683952364,0.00394589054401276,0.003872994082185645,0.004018787005839875,0.0011484208789195262,1000,200,200,10000,10000,10000,10000,-1.2072189846326937,0.5669042325394327,0.921,1.8830115197917021,7.261952095975457e-05,0.0003226893486475276,0.0001007078708577555,8.200516999694223e-05,7.261952095975457e-05,0.0003226893486475276,0.0001007078708577555,8.200516999694223e-05,-1.1888732569039855,0.9665650143862549,0.778,2.530730830187484,0.00014398135586611262,0.0002023583028680267,0.0059973141101582125,1.384815953248394,0.0,0.3057365438562279
0.7833333333333333,0.75,0.85,-1.3537323211882244,0.01,0.08,2.3685519481956323,0.023685519481956324,0.1894841558556506,0.18948415585565057,0.004004743973899915,0.003983675314741713,0.004025812633058118,0.0010865429782941495,1000,200,200,10000,10000,10000,10000,-1.1983580207054152,0.5978091435366854,0.934,1.9720140088507319,7.401599511952314e-05,0.00027698395799315433,0.00010848132247586668,6.683576446956029e-05,7.401599511952314e-05,0.00027698395799315433,0.00010848132247586668,6.683576446956029e-05,-1.2057352279803824,0.9055880557471585,0.8,2.429700461244903,0.0001384973508938222,0.00018346204952767004,0.0022917692022066238,1.3582147637962405,0.0,0.3044623756153116
0.7833333333333333,0.7666666666666666,0.7,-1.3731073778850116,0.01,0.08,2.155138866290888,0.02155138866290888,0.17241110930327103,0.17241110930327103,0.00385539834252137,0.003872994082185645,0.0038378026028570954,0.000807811675455618,1000,200,200,10000,10000,10000,10000,-1.2242211490834096,0.6219175667387105,0.916,2.000263862913726,4.23805687586106e-05,0.00017453178315014802,6.228539791014e-05,7.715788110853724e-05,4.23805687586106e-05,0.00017453178315014802,6.228539791014e-05,7.715788110853724e-05,-1.1720254492812539,0.9237889822842672,0.769,2.3985679013967283,7.080588098464112e-05,0.00010520650074243877,0.004910671478132754,1.3803695159820324,0.0,0.30526874100330553
0.7833333333333333,0.7666666666666666,0.7166666666666667,-1.3839438116604725,0.01,0.08,2.171665426079517,0.02171665426079517,0.17373323408636135,0.17373323408636135,0.0038956585355542517,0.003911616687304603,0.003879700383803901,0.0009241252928857905,1000,200,200,10000,10000,10000,10000,-1.1896566208925756,0.6055840775603704,0.916,1.9281540319717472,5.497575596313034e-05,0.00023173617889140214,9.922054671038516e-05,0.00012217046304838103,5.497575596313034e-05,0.00023173617889140214,9.922054671038516e-05,0.00012217046304838103,-1.1487492387447578,0.9375884609067706,0.764,2.453179604206022,8.73307672802963e-05,0.0001478888880390097,-0.005273510432951308,1.3809242322855992,0.0,0.30524999001483594
0.7833333333333333,0.7666666666666666,0.7333333333333333,-1.3904935295142595,0.01,0.08,2.1918387299219453,0.021918387299219452,0.17534709839375562,0.17534709839375562,0.0038562361769113756,0.0038378026028570954,0.003874669750965656,0.0009428180698627978,1000,200,200,10000,10000,10000,10000,-1.1938975270158299,0.609772787265004,0.917,1.9585599352239722,5.620782228072447e-05,0.00023948801304680048,9.113501050698352e-05,7.745312464487437e-05,5.620782228072447e-05,0.00023948801304680048,9.113501050698352e-05,7.745312464487437e-05,-1.2122994171602215,0.9229999485405374,0.779,2.4495577947575087,9.736822203395533e-05,0.0001570982011607686,-0.006402833855832081,1.3861999993947847,0.0,0.3051882216368798
0.7833333333333333,0.7666666666666666,0.75,-1.3926847713669501,0.01,0.08,2.20867951504697,0.022086795150469702,0.17669436120375762,0.17669436120375762,0.0038755474794708545,0.0038378026028570954,0.003913292356084614,0.0009116986784147917,1000,200,200,10000,10000,10000,10000,-1.2036849105177994,0.5832839448671453,0.921,1.9195786698379764,4.838505029693736e-05,0.00021426998726970198,7.333261661663249e-05,9.537927715274641e-05,4.838505029693736e-05,0.00021426998726970198,7.333261661663249e-05,9.537927715274641e-05,-1.2511547173704145,0.8490860768393529,0.814,2.46632468828765,8.932538991991491e-05,0.00012678245068218678,-0.005086402360670605,1.3898092127248185,0.0,0.3051302188241394
0.7833333333333333,0.7666666666666666,0.7666666666666666,-1.3904935295142595,0.01,0.08,2.2259880777465693,0.022259880777465692,0.17807904621972553,0.17807904621972556,0.0038394401907710196,0.003946728378402766,0.0037321520031392734,0.0008322447889898478,1000,200,200,10000,10000,10000,10000,-1.1827925667635477,0.6177662562954159,0.933,1.994648672040311,4.3067739387823075e-05,0.00016736493697715546,5.509032257139136e-05,4.097058650649041e-05,4.3067739387823075e-05,0.00016736493697715546,5.509032257139136e-05,4.097058650649041e-05,-1.1718760233020553,0.9026522241832381,0.795,2.5138971649735633,8.59061947880207e-05,0.00013309175834231617,0.004948949607935815,1.3978131602087147,0.0,0.3057792211899618
0.7833333333333333,0.7666666666666666,0.7833333333333333,-1.3839438116604725,0.01,0.08,2.2445588648268098,0.022445588648268098,0.17956470918614478,0.17956470918614478,0.003872994082185645,0.0038361269340770844,0.003909861230294205,0.0009564065778829842,1000,200,200,10000,10000,10000,10000,-1.1750851225976437,0.6214872527783195,0.932,1.9987713021279212,5.975870809690781e-05,0.00023701765420447793,9.026676397215711e-05,8.754948200330069e-05,5.975870809690781e-05,0.00023701765420447793,9.026676397215711e-05,8.754948200330069e-05,-1.1565080497904472,0.9111256964330693,0.752,2.415057997261142,0.0001036337576655011,0.0001682267742807179,0.0001596601958483187,1.3861358052264876,0.0,0.30444485683071404
0.7833333333333333,0.7666666666666666,0.7999999999999999,-1.3731073778850116,0.01,0.08,2.264742369693794,0.022647423696937938,0.1811793895755035,0.1811793895755035,0.003983635420626519,0.004020542462850272,0.003946728378402766,0.0010610821289508286,1000,200,200,10000,10000,10000,10000,-1.1935485996174882,0.6005283236027819,0.932,1.9309603264641657,6.687045259985447e-05,0.00028504236901781706,0.00010585653597819166,0.00010993648361874585,6.687045259985447e-05,0.00028504236901781706,0.00010585653597819166,0.00010993648361874585,-1.1956862004524387,0.9029745130750295,0.771,2.446969638396077,0.00011254861700509385,0.00016246456859996428,-0.001346288224747166,1.373969353987627,0.0,0.30482583738332925
0.7833333333333333,0.7666666666666666,0.8166666666666667,-1.3581029544239906,0.01,0.08,2.308958205997521,0.02308958205997521,0.18471665647980168,0.1847166564798017,0.0039300502613588825,0.003872994082185645,0.00398710644053212,0.0011005226487400415,1000,200,200,10000,10000,10000,10000,-1.1971921329788209,0.6158567899017681,0.933,2.0410042211393606,8.082136642286504e-05,0.00030439403721108706,0.00011236513112401479,7.790673046876503e-05,8.082136642286504e-05,0.00030439403721108706,0.00011236513112401479,7.790673046876503e-05,-1.1146173866960465,0.9361186511645969,0.774,2.455173529778166,0.0001427627451763821,0.0002006593522764225,-0.0031534339396171577,1.3573301347102638,0.0,0.3049142207076978
0.7833333333333333,0.7666666666666666,0.8333333333333333,-1.3390949328807258,0.01,0.08,2.355947466134251,0.023559474661342512,0.1884757972907401,0.1884757972907401,0.0040600845901779484,0.003945052709622755,0.004175116470733142,0.001219393926352675,1000,200,200,10000,10000,10000,10000,-1.1668525460146886,0.5646830149815448,0.901,1.800065691006562,7.339595812946749e-05,0.00030709159358871486,9.398513326205816e-05,7.8159863887779e-05,7.339595812946749e-05,0.00030709159358871486,9.398513326205816e-05,7.8159863887779e-05,-1.1107224283807737,0.8864029386007698,0.79,2.4637346940032057,0.0001472425728673321,0.00019551695318013656,-0.002013637653342715,1.3394122927016323,0.0,0.30532980752562
0.7833333333333333,0.7666666666666666,0.85,-1.3162915691169292,0.01,0.08,2.389083692661636,0.02389083692661636,0.19112669541293087,0.19112669541293087,0.004094276759067393,0.004094276759067393,0.004094276759067393,0.001166946083738277,1000,200,200,10000,10000,10000,10000,-1.133946677781508,0.5991217825377143,0.939,1.9836715529071183,8.344788979063065e-05,0.000302687230217087,0.00010457337121100302,0.00010381565460338913,8.344788979063065e-05,0.000302687230217087,0.00010457337121100302,0.00010381565460338913,-1.1277768840711901,0.8873763441547236,0.786,2.415081247327724,0.000146224823212525,0.00019169115721371114,0.0004383767858153465,1.3187645556364096,0.0,0.30594276524466396
0.7833333333333333,0.7833333333333333,0.7,-1.3355073535301614,0.01,0.08,2.1853972326350934,0.021853972326350935,0.17483177861080748,0.17483177861080748,0.00383696476846709,0.003872994082185645,0.003800935454748535,0.0008538371353268767,1000,200,200,10000,10000,10000,10000,-1.1587408244560595,0.6061252749822413,0.941,1.961723859560787,4.4866759203973235e-05,0.0001929772337911427,6.366103331160548e-05,5.398095041881281e-05,4.4866759203973235e-05,0.0001929772337911427,6.366103331160548e-05,5.398095041881281e-05,-1.1093287318832445,0.934016047762621,0.765,2.4720307945931026,8.117813691921604e-05,0.0001249275444733385,0.00037262796632679256,1.3381106092472759,0.0,0.30595597430535915
0.7833333333333333,0.7833333333333333,0.7166666666666667,-1.3463437873056223,0.01,0.08,2.1961472176546524,0.021961472176546523,0.17569177741237219,0.17569177741237219,0.003926619135568474,0.003908185561514194,0.003945052709622755,0.0009211325102915964,1000,200,200,10000,10000,10000,10000,-1.1338928253415652,0.6794100441177069,0.92,2.0552666848482053,5.954249205763607e-05,0.00023603688272862098,9.820734134696014e-05,7.02100123944688e-05,5.954249205763607e-05,0.00023603688272862098,9.820734134696014e-05,7.02100123944688e-05,-1.1717119437454744,0.948326241223778,0.774,2.528591311353742,0.00010586821379520738,0.00016105998356206102,-0.0016595867802434497,1.3472594802364428,0.0,0.3051215022546306
0.7833333333333333,0.7833333333333333,0.7333333333333333,-1.3528935051594093,0.01,0.08,2.1954869435435587,0.02195486943543559,0.1756389554834847,0.17563895548348468,0.0038578737648252994,0.003696960523810724,0.004018787005839875,0.0008192267936380846,1000,200,200,10000,10000,10000,10000,-1.1301228521999818,0.6470161280612754,0.923,1.9889429375296863,4.27541754869358e-05,0.00017165420880230697,5.970780648100149e-05,4.938325597955865e-05,4.27541754869358e-05,0.00017165420880230697,5.970780648100149e-05,4.938325597955865e-05,-1.1813513958759145,0.8901178647947797,0.79,2.4416208405763284,7.14994326973995e-05,0.00010025362098150313,0.004535176782843444,1.3596748646932844,0.0,0.3052012860233615
0.7833333333333333,0.7833333333333333,0.75,-1.3550847470121001,0.01,0.08,2.2284822695774196,0.022284822695774194,0.17827858156619356,0.17827858156619358,0.003913214381103333,0.0038042106305763825,0.004022218131630283,0.0009890599004184764,1000,200,200,10000,10000,10000,10000,-1.2088091266562877,0.5880887021412645,0.937,1.9748676237352232,6.286000307332887e-05,0.0002616430586101299,0.00010597956512013525,0.0001403311594445318,6.286000307332887e-05,0.0002616430586101299,0.00010597956512013525,0.0001403311594445318,-1.1613631518333727,0.9555161093501643,0.751,2.4694907158275057,0.00010768951988696126,0.00018183642025182016,-0.003499887137890917,1.35402943574079,0.0,0.3053780247968316
0.7833333333333333,0.7833333333333333,0.7666666666666666,-1.3528935051594093,0.01,0.08,2.241568826868127,0.022415688268681268,0.17932550614945014,0.17932550614945017,0.003910738958799404,0.003911616687304603,0.003909861230294205,0.0009650214246373289,1000,200,200,10000,10000,10000,10000,-1.170305794349443,0.5947170632276741,0.917,1.9367427841074072,5.6479835908473e-05,0.00023993345006498363,8.95851906872448e-05,0.0001071480262086587,5.6479835908473e-05,0.00023993345006498363,8.95851906872448e-05,0.0001071480262086587,-1.1582383958212346,0.8787466934531656,0.803,2.466660490491025,0.00010163129077194956,0.000154292445441995,-0.0011484828374823792,1.3538736950495662,0.0,0.30577507684022054
0.7833333333333333,0.7833333333333333,0.7833333333333333,-1.3463437873056223,0.01,0.08,2.265964471658164,0.02265964471658164,0.18127715773265313,0.18127715773265313,0.003926619135568474,0.003945052709622755,0.003908185561514194,0.0010280280737259898,1000,200,200,10000,10000,10000,10000,-1.15093645914882,0.5932844026547469,0.929,1.9410103519458664,6.27202800041046e-05,0.00025357803595980595,8.445996500971181e-05,6.442332143476386e-05,6.27202800041046e-05,0.00025357803595980595,8.445996500971181e-05,6.442332143476386e-05,-1.1674236810865533,0.8822278104472658,0.799,2.4594937123521956,0.00012080717297982524,0.00020074064334182304,-0.003618719195879022,1.3449601268630216,0.0,0.3043100246074268
0.7833333333333333,0.7833333333333333,0.7999999999999999,-1.3355073535301616,0.01,0.08,2.287654129404442,0.02287654129404442,0.18301233035235537,0.18301233035235537,0.003909861230294205,0.003909861230294205,0.003909861230294205,0.0009049438653297368,1000,200,200,10000,10000,10000,10000,-1.1623391098416556,0.5940417805504146,0.921,1.9485978854641952,4.947264260359361e-05,0.00018106766439690694,6.950557512850096e-05,6.12734790817567e-05,4.947264260359361e-05,0.00018106766439690694,6.950557512850096e-05,6.12734790817567e-05,-1.1509117452715258,0.8476280647691472,0.809,2.4337340813879185,9.468673935590077e-05,0.00012902592520017126,0.0013251423709726734,1.3390710888412207,0.0,0.3045876395898657
0.7833333333333333,0.7833333333333333,0.8166666666666667,-1.3205029300691404,0.01,0.08,2.311030326924036,0.02311030326924036,0.1848824261539229,0.18488242615392292,0.004002068994680799,0.003909861230294205,0.004094276759067393,0.0010389319374312458,1000,200,200,10000,10000,10000,10000,-1.1456833135861848,0.5796408080030656,0.933,1.8782735991862765,6.02933945242472e-05,0.0002454934930282745,8.316423627286068e-05,6.473040311956378e-05,6.02933945242472e-05,0.0002454934930282745,8.316423627286068e-05,6.473040311956378e-05,-1.1284701993256567,0.8844303353265923,0.786,2.4150793756102424,0.00011519973081831829,0.00016328501114903552,-0.0027628874827733104,1.3201256085091189,0.0,0.30593163415145236
0.7833333333333333,0.7833333333333333,0.8333333333333333,-1.3014949085258756,0.01,0.08,2.3570082439538362,0.023570082439538363,0.1885606595163069,0.1885606595163069,0.0039476061069079645,0.003981919857731315,0.003913292356084614,0.0010992058012690333,1000,200,200,10000,10000,10000,10000,-1.1613985668700908,0.6248789268224124,0.92,2.068594247768928,7.844231336169291e-05,0.00031033213401665034,0.00010018470679445265,0.00013006427062816722,7.844231336169291e-05,0.00031033213401665034,0.00010018470679445265,0.00013006427062816722,-1.1079303422456777,0.900612443963339,0.773,2.4624632305927827,0.0001596396243102216,0.0002542767937691965,0.002209331843061011,1.3061661908328885,0.0,0.3052881221935176
0.7833333333333333,0.7833333333333333,0.85,-1.278691544762079,0.01,0.08,2.3991570011097787,0.023991570011097786,0.1919325600887823,0.1919325600887823,0.003946728378402766,0.003946728378402766,0.003946728378402766,0.0011715636122210213,1000,200,200,10000,10000,10000,10000,-1.086141785329338,0.6247445671411518,0.937,2.0490595346176277,9.137573357850657e-05,0.0003315844537074896,0.00012353710117004693,0.00010667389192089436,9.137573357850657e-05,0.0003315844537074896,0.00012353710117004693,0.00010667389192089436,-1.0635763562878715,0.8760460444084691,0.811,2.519003798195095,0.0001796329886179847,0.0002709302074010013,0.004380413631628322,1.2854017345309832,0.0,0.305074632663632
0.7833333333333333,0.7999999999999999,0.7,-1.2981600106268985,0.01,0.08,2.1953631172100607,0.02195363117210061,0.17562904937680487,0.1756290493768049,0.003822722179611943,0.0038394021099049324,0.0038060422493189543,0.0008587658827025569,1000,200,200,10000,10000,10000,10000,-1.1723124206366033,0.6530148082757464,0.929,2.0816416044944877,5.402669816357436e-05,0.00020465769901056532,9.017186703810744e-05,6.491751819359554e-05,5.402669816357436e-05,0.00020465769901056532,9.017186703810744e-05,6.491751819359554e-05,-1.1134435397881712,0.950449428665555,0.772,2.4651650577629223,8.388960740798099e-05,0.00012514466057389915,0.0015650689456326303,1.30199745708655,0.0,0.3053464272311026
0.7833333333333333,0.7999999999999999,0.7166666666666667,-1.3089964444023594,0.01,0.08,2.2072340011026057,0.022072340011026058,0.17657872008820846,0.17657872008820846,0.0037841775494742657,0.003730552496091436,0.0038378026028570954,0.0008587206780841735,1000,200,200,10000,10000,10000,10000,-1.113334134987273,0.6277669256110994,0.931,2.0604608135377953,5.114027389651113e-05,0.00020506679990987708,7.560299411865698e-05,6.443598003468539e-05,5.114027389651113e-05,0.00020506679990987708,7.560299411865698e-05,6.443598003468539e-05,-1.1442977540784334,0.9222846663588793,0.789,2.4464541869103336,8.686432795664756e-05,0.00013515715517023038,0.0018061605324758148,1.3130543918688131,0.0,0.3051493966635191
0.7833333333333333,0.7999999999999999,0.7333333333333333,-1.3155461622561464,0.01,0.08,2.2248791184628685,0.022248791184628684,0.17799032947702947,0.17799032947702945,0.0038201687823267334,0.0038042106305763825,0.0038361269340770844,0.0008702478890258207,1000,200,200,10000,10000,10000,10000,-1.150732619765038,0.6515604691652835,0.936,2.063860251239414,5.200281465034174e-05,0.00019759764276463388,7.330909294301454e-05,6.253760654337821e-05,5.200281465034174e-05,0.00019759764276463388,7.330909294301454e-05,6.253760654337821e-05,-1.1420997373370958,0.8764013844172714,0.785,2.408332818723648,8.988834482786168e-05,0.00013228608757156994,-0.0026651912614439545,1.3153701848581425,0.0,0.30573550976295755
0.7833333333333333,0.7999999999999999,0.75,-1.317737404108837,0.01,0.08,2.2402659763398485,0.022402659763398485,0.17922127810718788,0.17922127810718785,0.0038923053847451238,0.003946808166633152,0.0038378026028570954,0.0009374426962564101,1000,200,200,10000,10000,10000,10000,-1.1339277938690029,0.6227174491027792,0.931,1.9735939711752,5.5171633032437915e-05,0.00022270000628306857,7.898611990421708e-05,6.575684714941291e-05,5.5171633032437915e-05,0.00022270000628306857,7.898611990421708e-05,6.575684714941291e-05,-1.1071531241661237,0.921202017366367,0.789,2.4877302171872064,0.00010087558682216055,0.0001599924467310064,-0.00019331624999862374,1.319988175017325,0.0,0.30545752507376966
0.7833333333333333,0.7999999999999999,0.7666666666666666,-1.3155461622561464,0.01,0.08,2.2747568065330586,0.022747568065330587,0.1819805445226447,0.18198054452264473,0.003946728378402766,0.003983595526511325,0.003909861230294205,0.0010721618635524382,1000,200,200,10000,10000,10000,10000,-1.0901346630234647,0.6026207309706763,0.937,1.9099627451277537,6.94835444514534e-05,0.000276485130233105,0.000115904295459967,0.00011383694728846501,6.94835444514534e-05,0.000276485130233105,0.000115904295459967,0.00011383694728846501,-1.1654808178225557,0.8866643797785019,0.786,2.433700454799441,0.00012005280543534453,0.0001811516213821028,-0.0016944146576947994,1.3160092194815973,0.0,0.30465909496490495
0.7833333333333333,0.7999999999999999,0.7833333333333333,-1.3089964444023594,0.01,0.08,2.287449056332905,0.02287449056332905,0.1829959245066324,0.1829959245066324,0.003872994082185645,0.003800935454748535,0.003945052709622755,0.0009684681565325561,1000,200,200,10000,10000,10000,10000,-1.1487130902107805,0.6251800219885577,0.932,2.015180552378255,6.084318512989873e-05,0.00023433473636465428,8.97560310706293e-05,7.357427537004815e-05,6.084318512989873e-05,0.00023433473636465428,8.97560310706293e-05,7.357427537004815e-05,-1.097068263693829,0.8551932203413656,0.793,2.3737268187881098,0.00011024010766632814,0.00018875538548220982,-0.0009371721450765999,1.3103442645100987,0.0,0.30543554953839896
0.7833333333333333,0.7999999999999999,0.7999999999999999,-1.2981600106268985,0.01,0.08,2.3130874126833083,0.023130874126833085,0.18504699301466468,0.18504699301466468,0.003982797586236514,0.003908185561514194,0.004057409610958833,0.0010932659390075331,1000,200,200,10000,10000,10000,10000,-1.1259314935222968,0.5966978412817717,0.933,1.9406107588873467,6.90725830018929e-05,0.0002929853223088339,9.2611408745826e-05,0.00011299335663812862,6.90725830018929e-05,0.0002929853223088339,9.2611408745826e-05,0.00011299335663812862,-1.0913985031070625,0.9288094840071743,0.768,2.418549626772082,0.00012952478488646398,0.0002145472883735193,-0.0013720157421806226,1.2991012177723755,0.0,0.3056925642739094
0.7833333333333333,0.7999999999999999,0.8166666666666667,-1.2831555871658775,0.01,0.08,2.3502355314157812,0.023502355314157813,0.1880188425132625,0.1880188425132625,0.003929932392262409,0.004018787005839875,0.0038410777786849425,0.0010882333744153916,1000,200,200,10000,10000,10000,10000,-1.1381599927886892,0.5767190434472762,0.932,1.957260592156886,7.000747371080509e-05,0.0002861666448197635,8.891092377577186e-05,7.918071025282537e-05,7.000747371080509e-05,0.0002861666448197635,8.891092377577186e-05,7.918071025282537e-05,-1.102394230337842,0.8770487236309287,0.788,2.4394823543669557,0.0001363162577079553,0.00020277710533839205,0.007046798178520084,1.2924452999047047,0.0,0.3052222668775865
0.7833333333333333,0.7999999999999999,0.8333333333333333,-1.2641475656226127,0.01,0.08,2.3746901715046045,0.023746901715046044,0.18997521372036835,0.18997521372036838,0.004173319220019225,0.004175116470733142,0.004171521969305307,0.001275466568945679,1000,200,200,10000,10000,10000,10000,-1.1413952222095347,0.5404733035643087,0.944,1.7900538940846344,7.866126231103061e-05,0.0003699716672056492,9.872616905601062e-05,7.779599564123386e-05,7.866126231103061e-05,0.0003699716672056492,9.872616905601062e-05,7.779599564123386e-05,-1.0574657245449461,0.8536035267978074,0.8,2.3888836598687715,0.00014822348639015082,0.00019256687862604066,0.003221753097927595,1.2697880608829044,0.0,0.30598369381247215
0.7833333333333333,0.7999999999999999,0.85,-1.241344201858816,0.01,0.08,2.415452447313811,0.024154524473138112,0.1932361957851049,0.1932361957851049,0.00411446579013207,0.00409603221607779,0.00413289936418635,0.0013381376318081996,1000,200,200,10000,10000,10000,10000,-1.0858464489127624,0.5513928597291088,0.949,1.8754703633146497,9.815832701470934e-05,0.00041326084695771564,0.0001339665066849331,0.0001284511207629008,9.815832701470934e-05,0.00041326084695771564,0.0001339665066849331,0.0001284511207629008,-1.1146247911753606,0.9040445746272656,0.81,2.531252373618412,0.00018468814833138474,0.0002503154160617899,-0.0027262805511232015,1.240993355264751,0.0,0.306287327206386
0.7833333333333333,0.8166666666666667,0.7,-1.2614745344795053,0.01,0.08,2.2067793820304606,0.022067793820304608,0.17654235056243686,0.17654235056243686,0.003802611123528546,0.003730552496091436,0.003874669750965656,0.0008596210829976551,1000,200,200,10000,10000,10000,10000,-1.1416330954992433,0.6178241592404894,0.939,2.063279687946472,5.22148381515904e-05,0.00020405034644129508,8.510827376436205e-05,7.0795160799084e-05,5.22148381515904e-05,0.00020405034644129508,8.510827376436205e-05,7.0795160799084e-05,-1.0593620491750275,0.9389939371057255,0.759,2.439330529621882,9.389020010656012e-05,0.0001648373630772648,0.005735406598345626,1.269844095578937,0.0,0.30609518676716774
0.7833333333333333,0.8166666666666667,0.7166666666666667,-1.272310968254966,0.01,0.08,2.221692808776467,0.02221692808776467,0.17773542470211737,0.17773542470211737,0.003872994082185645,0.003872994082185645,0.003872994082185645,0.0009173345539035729,1000,200,200,10000,10000,10000,10000,-1.0806863323561695,0.57891225250509,0.928,1.916209258163955,4.9221958280870564e-05,0.00021391898045584,7.677673998479968e-05,6.55401834467328e-05,4.9221958280870564e-05,0.00021391898045584,7.677673998479968e-05,6.55401834467328e-05,-1.0448189233051748,0.9166009536067331,0.802,2.5131089306938406,9.527804950886255e-05,0.00013023456461748809,-6.418100976993504e-05,1.2747089427069545,0.0,0.3050457134925254
0.7833333333333333,0.8166666666666667,0.7333333333333333,-1.278860686108753,0.01,0.08,2.2489042997782813,0.022489042997782812,0.1799123439822625,0.1799123439822625,0.003909023395904199,0.003908185561514194,0.003909861230294205,0.001036088689475243,1000,200,200,10000,10000,10000,10000,-1.1633785797759273,0.5999185703401049,0.947,2.0633939232476606,7.424858701719752e-05,0.00032046916446582023,0.0001122638591376279,8.735648448213817e-05,7.424858701719752e-05,0.00032046916446582023,0.0001122638591376279,8.735648448213817e-05,-1.0389481404706469,0.9735254234351755,0.769,2.4948604008333453,0.00012981410802906287,0.00020179343907349644,0.0007202406318776054,1.2820761159637164,0.0,0.30562238733940233
0.7833333333333333,0.8166666666666667,0.75,-1.2810519279614438,0.01,0.08,2.2751848109896735,0.022751848109896736,0.18201478487917389,0.18201478487917389,0.0038738718106908435,0.003946808166633152,0.003800935454748535,0.0008743444398938251,1000,200,200,10000,10000,10000,10000,-1.0938426133866785,0.6606018245057209,0.938,2.0441529920498795,5.160134368390254e-05,0.00017991224161670378,7.439720764523195e-05,4.860652730598401e-05,5.160134368390254e-05,0.00017991224161670378,7.439720764523195e-05,4.860652730598401e-05,-1.0995239648100332,0.8716168607997722,0.801,2.38982174200503,9.293517724173658e-05,0.0001339847631395848,0.0056376199146181485,1.28900473155512,0.0,0.30462000283754664
0.7833333333333333,0.8166666666666667,0.7666666666666666,-1.2788606861087533,0.01,0.08,2.2796188109071505,0.022796188109071504,0.18236950487257203,0.18236950487257203,0.0039643241180670405,0.003983595526511325,0.003945052709622755,0.00102070542888862,1000,200,200,10000,10000,10000,10000,-1.1190295185486925,0.6107407421517439,0.93,1.9658886566081821,6.526287739869681e-05,0.00027027666428339816,0.00010618937596012671,0.00012960109890797707,6.526287739869681e-05,0.00027027666428339816,0.00010618937596012671,0.00012960109890797707,-1.0819239163720737,0.8945415185066644,0.792,2.4495849711947324,0.00012323596135726975,0.00018778038663210892,0.0034992058011328857,1.2845892823073939,0.0,0.3047579729965162
0.7833333333333333,0.8166666666666667,0.7833333333333333,-1.272310968254966,0.01,0.08,2.3182546551340244,0.023182546551340246,0.18546037241072197,0.18546037241072197,0.00398275769212132,0.003946728378402766,0.004018787005839875,0.0011368968587820712,1000,200,200,10000,10000,10000,10000,-1.0895915460418446,0.5990982308721218,0.949,1.9145017746043824,7.651115293902142e-05,0.00029521165685793315,0.00011887465420334423,6.243299987336345e-05,7.651115293902142e-05,0.00029521165685793315,0.00011887465420334423,6.243299987336345e-05,-1.0178169273235587,0.908885104721083,0.78,2.423426702897258,0.00013048719624115718,0.00019509112356661911,-0.0012990605392247082,1.2736632691871432,0.0,0.30519628216364103
0.7833333333333333,0.8166666666666667,0.7999999999999999,-1.2614745344795053,0.01,0.08,2.341519869451524,0.023415198694515242,0.18732158955612194,0.18732158955612194,0.003946768272517959,0.003911616687304603,0.003981919857731315,0.0011352248625019201,1000,200,200,10000,10000,10000,10000,-1.0935824678411616,0.5962247077518594,0.942,1.9466452249163038,7.694061243617986e-05,0.0003209556494844548,0.00011596345789712823,8.526835431235468e-05,7.694061243617986e-05,0.0003209556494844548,0.00011596345789712823,8.526835431235468e-05,-1.0658876167168472,0.9163621237660161,0.773,2.421449362456622,0.000143313493392686,0.0001994519274355953,0.0026864390202861544,1.2666355953793893,0.0,0.3058382192770645
0.7833333333333333,0.8166666666666667,0.8166666666666667,-1.2464701110184844,0.01,0.08,2.377605359634381,0.02377605359634381,0.19020842877075048,0.19020842877075048,0.004020542462850272,0.003945052709622755,0.00409603221607779,0.0011319341310823171,1000,200,200,10000,10000,10000,10000,-1.0756316511600708,0.5808120613097476,0.932,1.9658204371002972,7.559218025004201e-05,0.0002982404290104991,9.102527212359088e-05,6.851074607830095e-05,7.559218025004201e-05,0.0002982404290104991,9.102527212359088e-05,6.851074607830095e-05,-1.047184033241056,0.9095717680677354,0.775,2.4062253297074854,0.0001506757831188984,0.00020746211948253183,-0.001043762470542982,1.247984604036808,0.0,0.30575644476111913
0.7833333333333333,0.8166666666666667,0.8333333333333333,-1.2274620894752195,0.01,0.08,2.4062437434765793,0.024062437434765795,0.19249949947812636,0.19249949947812636,0.004134696614900268,0.004173361013722745,0.0040960322160777905,0.001297655758890162,1000,200,200,10000,10000,10000,10000,-1.0587891720995914,0.5489262048524387,0.918,1.810814205721565,8.486402275242093e-05,0.0003624041839354578,0.00011043219524156057,0.00010291063305429856,8.486402275242093e-05,0.0003624041839354578,0.00011043219524156057,0.00010291063305429856,-1.0561052980440944,0.8774268634430213,0.808,2.4850478618778395,0.00015786025153819558,0.00020609888972713205,-0.007402731828605757,1.2223053500865013,0.0,0.3048192910750833
0.7833333333333333,0.8166666666666667,0.85,-1.204658725711423,0.01,0.08,2.439071583217874,0.024390715832178743,0.19512572665742994,0.19512572665742994,0.00411446579013207,0.004057409610958833,0.004171521969305309,0.001315170249405987,1000,200,200,10000,10000,10000,10000,-1.0348934992563306,0.5747721601464474,0.941,1.8884838195603664,9.335211454057232e-05,0.0004122475414850645,0.00012057507133518768,0.0001291990770691461,9.335211454057232e-05,0.0004122475414850645,0.00012057507133518768,0.0001291990770691461,-1.0408771015156097,0.9110307190405371,0.789,2.499897118884581,0.0001831838285924635,0.00024876083720105604,0.0009651553706325399,1.2080711924812473,0.0,0.305030104397917
0.7833333333333333,0.8333333333333333,0.7,-1.225852858841582,0.01,0.08,2.220910475973385,0.022209104759733853,0.17767283807787082,0.17767283807787082,0.0037673815633339092,0.003696960523810723,0.0038378026028570954,0.0008579226369627303,1000,200,200,10000,10000,10000,10000,-1.0165882299792508,0.6458597910064323,0.936,2.0585144763951413,4.945553186035966e-05,0.00018842939478072837,6.577112577922507e-05,4.986938651923116e-05,4.945553186035966e-05,0.00018842939478072837,6.577112577922507e-05,4.986938651923116e-05,-1.0416141604588582,0.939821118801794,0.793,2.4910044991896956,9.299508859776558e-05,0.0001477756536191136,0.0021447354057721,1.2306470823762612,0.0,0.3053928014367583
0.7833333333333333,0.8333333333333333,0.7166666666666667,-1.2366892926170427,0.01,0.08,2.2520059502826193,0.022520059502826192,0.18016047602260954,0.18016047602260954,0.003800935454748535,0.0037657439754199854,0.0038361269340770844,0.0007992460322161995,1000,200,200,10000,10000,10000,10000,-1.0571474927822646,0.6004403280077946,0.938,2.0068656538201135,4.016471098237979e-05,0.00014459152773052032,5.057726731173016e-05,2.9721726011241796e-05,4.016471098237979e-05,0.00014459152773052032,5.057726731173016e-05,2.9721726011241796e-05,-1.058206257361563,0.9050343203743078,0.785,2.4512840650612526,8.035329120364336e-05,0.00011234003109890521,-0.0008994519243988038,1.2382303870114029,0.0,0.30555016178193595
0.7833333333333333,0.8333333333333333,0.7333333333333333,-1.2432390104708297,0.01,0.08,2.2695484051932318,0.022695484051932318,0.18156387241545854,0.18156387241545857,0.003891427656239925,0.003909861230294205,0.003872994082185645,0.0010192461259980762,1000,200,200,10000,10000,10000,10000,-1.081404711820278,0.6001950391153641,0.943,1.999895674733506,6.593456481974278e-05,0.00027209654099022245,9.167995683979712e-05,6.104373085358942e-05,6.593456481974278e-05,0.00027209654099022245,9.167995683979712e-05,6.104373085358942e-05,-1.059933453767316,0.9267383074006889,0.778,2.4646204950976043,0.0001196664266828294,0.00015024068716354042,-0.0015788742192617894,1.2442838944421624,0.0,0.30500726907041853
0.7833333333333333,0.8333333333333333,0.75,-1.2454302523235206,0.01,0.08,2.30219282033246,0.0230219282033246,0.1841754256265968,0.18417542562659683,0.004002068994680799,0.003909861230294205,0.004094276759067393,0.0010073308577326291,1000,200,200,10000,10000,10000,10000,-1.07870138789237,0.5910980776904667,0.926,1.9114974899149288,5.871960925736175e-05,0.00024507126267479313,8.370396000641194e-05,5.837374724926055e-05,5.871960925736175e-05,0.00024507126267479313,8.370396000641194e-05,5.837374724926055e-05,-0.988044101086395,0.9219700089244091,0.792,2.4738468352085303,0.00011267357257989522,0.00017210416458448148,-0.005236611552115196,1.2427884267208404,0.0,0.3050215207828253
0.7833333333333333,0.8333333333333333,0.7666666666666666,-1.24323901047083,0.01,0.08,2.3136993765005673,0.023136993765005675,0.1850959501200454,0.1850959501200454,0.003910660983818123,0.003913136406122052,0.003908185561514194,0.000951503844126376,1000,200,200,10000,10000,10000,10000,-1.0774068617380832,0.6149959074876332,0.943,2.030303012418201,5.678701997288919e-05,0.00021070899142949337,7.767326001875493e-05,0.00010452077390341558,5.678701997288919e-05,0.00021070899142949337,7.767326001875493e-05,0.00010452077390341558,-1.039308647711847,0.8797284422886427,0.786,2.420456805970274,0.00011137874323828362,0.00018416617625563076,-0.0046424726904162284,1.240987657355494,0.0,0.3054914256308787
0.7833333333333333,0.8333333333333333,0.7833333333333333,-1.2366892926170427,0.01,0.08,2.3364664685298453,0.023364664685298454,0.18691731748238763,0.18691731748238763,0.004057409610958833,0.00413289936418635,0.003981919857731315,0.001228068513335856,1000,200,200,10000,10000,10000,10000,-1.050251102179746,0.578940692366738,0.945,1.8818769090476322,8.354833661275601e-05,0.0003524893973372642,0.00011520291935352943,8.405705720644382e-05,8.354833661275601e-05,0.0003524893973372642,0.00011520291935352943,8.405705720644382e-05,-1.0635623827521425,0.8739553111869081,0.795,2.4158723879004675,0.00014467552708659787,0.00020694637638561192,-0.0032554254539143893,1.2360659066950153,0.0,0.30469294691428905
0.7833333333333333,0.8333333333333333,0.7999999999999999,-1.225852858841582,0.01,0.08,2.367536860716689,0.02367536860716689,0.1894029488573351,0.1894029488573351,0.004095154487572592,0.00409603221607779,0.004094276759067393,0.0012056405790184955,1000,200,200,10000,10000,10000,10000,-1.0930059192386572,0.5514505622295248,0.925,1.8183531178471692,7.430873561154502e-05,0.0003197819133741142,9.568449344623294e-05,7.65939222237388e-05,7.430873561154502e-05,0.0003197819133741142,9.568449344623294e-05,7.65939222237388e-05,-1.0628504007559267,0.8968545814546177,0.795,2.4995803830943144,0.0001510400620434319,0.00020566021881050921,0.0006688612980899364,1.2291790552267838,0.0,0.30553973532952
0.7833333333333333,0.8333333333333333,0.8166666666666667,-1.210848435380561,0.01,0.08,2.3976207170077424,0.023976207170077424,0.1918096573606194,0.1918096573606194,0.00405920686167275,0.004020542462850272,0.004097871260495227,0.0011443224959059948,1000,200,200,10000,10000,10000,10000,-1.025901960376253,0.6032908738769106,0.95,1.9767889252652544,8.244514378213353e-05,0.00031153999429678515,0.00011578122292809551,0.00011541184821583731,8.244514378213353e-05,0.00031153999429678515,0.00011578122292809551,0.00011541184821583731,-1.0102786865376239,0.8775383183603374,0.808,2.519387824733006,0.00016430646664837803,0.00026556759764597137,0.0014959547996616978,1.2148745901077826,0.0,0.30573910133036697
0.7833333333333333,0.8333333333333333,0.8333333333333333,-1.1918404138372962,0.01,0.08,2.430203490488057,0.02430203490488057,0.19441627923904456,0.19441627923904456,0.004172399697810506,0.004248767179543223,0.00409603221607779,0.0012943928748838222,1000,200,200,10000,10000,10000,10000,-1.0145485070828868,0.5729003614176539,0.937,1.8865390315567456,9.328199681619159e-05,0.00038025139641596593,0.00012337888644470326,0.00010360444420094219,9.328199681619159e-05,0.00038025139641596593,0.00012337888644470326,0.00010360444420094219,-1.0417737615560545,0.8560393392149805,0.821,2.4856850343495545,0.00017741795913718718,0.00022994725533384243,-0.002070455032022068,1.1923775588944152,0.0,0.30542611940913683
0.7833333333333333,0.8333333333333333,0.85,-1.1690370500734997,0.01,0.08,2.464268094167342,0.02464268094167342,0.19714144753338736,0.19714144753338736,0.004135574343405466,0.004211983618841703,0.004059165067969229,0.0013369397908799784,1000,200,200,10000,10000,10000,10000,-1.0256762603045528,0.5771786303128701,0.936,1.88437858196121,0.00010015328051358789,0.00039371689510932765,0.00013756078655300744,7.541040366351713e-05,0.00010015328051358789,0.00039371689510932765,0.00013756078655300744,7.541040366351713e-05,-0.9978390283322015,0.8861509456607511,0.799,2.4868142030314253,0.0001958422450124722,0.0002481238972076337,-0.0002113058667165449,1.171673259165704,0.0,0.3052217081607472
0.7833333333333333,0.85,0.7,-1.1916852622457315,0.01,0.08,2.2471963116788958,0.022471963116788958,0.17977570493431166,0.17977570493431166,0.003891427656239925,0.003874669750965656,0.003908185561514194,0.0009482742531667159,1000,200,200,10000,10000,10000,10000,-1.050918320119001,0.6423995042019963,0.93,2.0387306719698812,6.34264389275853e-05,0.0002602177670834535,0.00011879164925791957,9.016822766820682e-05,6.34264389275853e-05,0.0002602177670834535,0.00011879164925791957,9.016822766820682e-05,-1.0556633473611987,0.8899372288678833,0.779,2.4470283606811503,9.844313890810115e-05,0.00015317566995416923,-0.00046419637636094404,1.193848685672232,0.0,0.3053057933803984
0.7833333333333333,0.85,0.7166666666666667,-1.2025216960211926,0.01,0.08,2.2664959429390636,0.022664959429390636,0.1813196754351251,0.1813196754351251,0.003821884345221937,0.0038361269340770844,0.0038076417563667904,0.0009321547170150345,1000,200,200,10000,10000,10000,10000,-1.0270013629487136,0.606867755858453,0.949,2.037482565231062,5.912156964810586e-05,0.0002168605188657183,9.336588045092718e-05,4.993815964837128e-05,5.912156964810586e-05,0.0002168605188657183,9.336588045092718e-05,4.993815964837128e-05,-1.0332200254475354,0.9033885806572588,0.812,2.52129703957478,0.00010075031224866983,0.00013040598384762863,0.007027219971107597,1.2122174175620357,0.0,0.3049760769424233
0.7833333333333333,0.85,0.7333333333333333,-1.2090714138749794,0.01,0.08,2.2942983855575294,0.022942983855575295,0.18354387084460236,0.18354387084460236,0.003872994082185645,0.003872994082185645,0.003872994082185645,0.000949582025340284,1000,200,200,10000,10000,10000,10000,-1.0773838355084802,0.6064921609298294,0.948,2.0455859439638546,6.147844134093054e-05,0.00024744565940199573,9.309289983069248e-05,0.00010892349696206094,6.147844134093054e-05,0.00024744565940199573,9.309289983069248e-05,0.00010892349696206094,-1.0422975144295914,0.8867114623141954,0.785,2.448205206769466,0.00011249293201237168,0.00017956879531374955,0.0010394420175097944,1.2128048394765594,0.0,0.305711636554
0.7833333333333333,0.85,0.75,-1.2112626557276704,0.01,0.08,2.321203002147344,0.023212030021473443,0.18569624017178754,0.18569624017178757,0.003946768272517959,0.003948483835413163,0.003945052709622755,0.0011043620507516334,1000,200,200,10000,10000,10000,10000,-1.0711788989939366,0.5840744271313746,0.943,1.9735462294408608,7.690279457232001e-05,0.00030866984718056433,0.00011678005903567148,8.574919597767531e-05,7.690279457232001e-05,0.00030866984718056433,0.00011678005903567148,8.574919597767531e-05,-1.048899117310735,0.9332126428245018,0.789,2.4931458509244027,0.00013941097565270616,0.0002034254987960997,-0.0034087094685168132,1.2103562597615802,0.0,0.3049872027257432
0.7833333333333333,0.85,0.7666666666666666,-1.2090714138749794,0.01,0.08,2.347625382453671,0.02347625382453671,0.18781003059629367,0.18781003059629367,0.004040691599799756,0.004020542462850272,0.004060840736749239,0.0010599344941189617,1000,200,200,10000,10000,10000,10000,-1.0159820188196622,0.6067405457922853,0.924,1.952383960681423,6.520898718378736e-05,0.00026221038252357507,7.827774141463007e-05,0.00010433056663808636,6.520898718378736e-05,0.00026221038252357507,7.827774141463007e-05,0.00010433056663808636,-1.0113742390046478,0.8883356725329679,0.8,2.481999596060337,0.0001249906371728306,0.00016216119862769195,-0.0001688086416839681,1.2113238729829163,0.0,0.30509850592517346
0.7833333333333333,0.85,0.7833333333333333,-1.2025216960211926,0.01,0.08,2.3699679857396587,0.02369967985739659,0.1895974388591727,0.1895974388591727,0.004077558747908316,0.00413289936418635,0.004022218131630282,0.0011274981454896037,1000,200,200,10000,10000,10000,10000,-0.9666951968651846,0.6052867834486348,0.932,1.9325522281803778,7.324455380930253e-05,0.0002792242034967931,9.309486266436411e-05,7.874393283103745e-05,7.324455380930253e-05,0.0002792242034967931,9.309486266436411e-05,7.874393283103745e-05,-1.0147601905104253,0.8518157027710186,0.807,2.4557842103568155,0.0001392503145569385,0.00017195574082080222,0.004976904139589444,1.2102085828178177,0.0,0.30473473290700975
0.7833333333333333,0.85,0.7999999999999999,-1.191685262245732,0.01,0.08,2.3862735894182086,0.023862735894182086,0.19090188715345668,0.1909018871534567,0.004099545029686911,0.004175116470733142,0.004023973588640681,0.001135877951279537,1000,200,200,10000,10000,10000,10000,-1.0104399638849173,0.5668786861778972,0.932,1.9174102649196183,7.418153945874272e-05,0.00029665390287088864,9.819910242871895e-05,0.00011447876985137744,7.418153945874272e-05,0.00029665390287088864,9.819910242871895e-05,0.00011447876985137744,-1.0158587500525396,0.8744096613721604,0.808,2.4531457741199882,0.00014239027847028229,0.00019787251153062806,-0.004167168537003823,1.1901869130303238,0.0,0.30542508775428756
0.7833333333333333,0.85,0.8166666666666667,-1.1766808387847107,0.01,0.08,2.4180397560665607,0.024180397560665607,0.19344318048532486,0.19344318048532486,0.004002986617301191,0.00402229791986067,0.003983675314741713,0.0012880018281224083,1000,200,200,10000,10000,10000,10000,-1.0322836667472992,0.5689035839654116,0.951,1.916392471612267,9.510645438063756e-05,0.0004077429239116841,0.00013431137941027853,0.00011381035796547274,9.510645438063756e-05,0.0004077429239116841,0.00013431137941027853,0.00011381035796547274,-0.9754040095050851,0.8948818610425451,0.774,2.4574835706498903,0.00017288707972428396,0.00023509014724098107,0.004579017345564567,1.1838896953028637,0.0,0.30548025951064467
0.7833333333333333,0.85,0.8333333333333333,-1.1576728172414459,0.01,0.08,2.459490266686775,0.02459490266686775,0.196759221334942,0.196759221334942,0.004001231160290794,0.004057409610958833,0.003945052709622755,0.0011944384407315705,1000,200,200,10000,10000,10000,10000,-0.9574716854269891,0.6084317078743964,0.94,1.986973561379436,8.614555765146168e-05,0.0003357897577696249,0.000103710987087226,7.601286508684576e-05,8.614555765146168e-05,0.0003357897577696249,0.000103710987087226,7.601286508684576e-05,-0.959434922546974,0.8858093218587176,0.822,2.4752429279227,0.0001723065970684822,0.00022855529212476657,0.004698192599621039,1.1651984290362098,0.0,0.3050498674657743
0.7833333333333333,0.85,0.85,-1.1348694534776493,0.01,0.08,2.4855343991906373,0.024855343991906375,0.198842751935251,0.198842751935251,0.0041540079174597466,0.004171521969305308,0.004136493865614184,0.0013247437228628021,1000,200,200,10000,10000,10000,10000,-1.0263921598921888,0.5795017300586688,0.947,1.8946101965786653,9.731684819947053e-05,0.00040592466160649073,0.00012110905818938149,0.00011462961505272808,9.731684819947053e-05,0.00040592466160649073,0.00012110905818938149,0.00011462961505272808,-0.9664216966831999,0.9087554768940371,0.779,2.537674962236371,0.00020292532584512956,0.0002658512644329687,-0.008042015025125554,1.129644426972531,0.0,0.30615661247188625
0.7999999999999999,0.7,0.7,-1.5168893194381836,0.01,0.08,2.103290510750396,0.02103290510750396,0.1682632408600317,0.1682632408600317,0.003697760277334642,0.0035945850999207483,0.003800935454748535,0.0006368211000814999,1000,200,200,10000,10000,10000,10000,-1.3138472927673075,0.677946458135302,0.92,2.2094155133383584,3.22483913592426e-05,0.000121253705559959,4.5980525116675305e-05,4.169905841149993e-05,3.22483913592426e-05,0.000121253705559959,4.5980525116675305e-05,4.169905841149993e-05,-1.3661871738666795,0.9340376441656255,0.788,2.5037335135557997,6.118674318070142e-05,9.81410534871723e-05,0.0031818977872531224,1.5220581093972083,0.0,0.3051561818918489
0.7999999999999999,0.7,0.7166666666666667,-1.5277257532136446,0.01,0.08,2.1260422649863506,0.021260422649863508,0.17008338119890806,0.17008338119890806,0.003714556263474998,0.003730552496091436,0.00369856003085856,0.0006530384093372504,1000,200,200,10000,10000,10000,10000,-1.3226560005528478,0.6768575295891929,0.899,2.114865509943113,3.135091987796287e-05,0.0001062274397104414,4.689660707620803e-05,2.614651132027996e-05,3.135091987796287e-05,0.0001062274397104414,4.689660707620803e-05,2.614651132027996e-05,-1.3263650780113154,0.9266998670188964,0.771,2.5077741021225433,5.666304909381077e-05,8.338505495974471e-05,0.0015596292778458512,1.5311221432472593,0.0,0.30426885849648716
0.7999999999999999,0.7,0.7333333333333333,-1.5342754710674316,0.01,0.08,2.15651992970377,0.0215651992970377,0.1725215943763016,0.17252159437630163,0.0037481482357557107,0.0036953610167628865,0.003800935454748535,0.0007291218882217395,1000,200,200,10000,10000,10000,10000,-1.3731000012095809,0.6625918453641542,0.912,2.1724258520250994,4.345020145135145e-05,0.00014835835626426377,6.950359592604098e-05,6.154560812998077e-05,4.345020145135145e-05,0.00014835835626426377,6.950359592604098e-05,6.154560812998077e-05,-1.3011098884720527,0.9223096717746928,0.768,2.436304864219552,7.29590404543838e-05,0.00011530395742060824,-0.004879243365847297,1.5315272044756782,0.0,0.3048634225468314
0.7999999999999999,0.7,0.75,-1.5364667129201224,0.01,0.08,2.17074965099828,0.0217074965099828,0.1736599720798624,0.1736599720798624,0.003839440190771019,0.0038042106305763825,0.003874669750965656,0.0009056822190704552,1000,200,200,10000,10000,10000,10000,-1.3661993729798727,0.5885191458677598,0.917,1.9689719348262373,5.0916748268548175e-05,0.00022877600027888917,7.813798453805471e-05,7.142072306145329e-05,5.0916748268548175e-05,0.00022877600027888917,7.813798453805471e-05,7.142072306145329e-05,-1.335575530283833,0.9858242604296821,0.757,2.4723784490866176,9.113984980397495e-05,0.00013990951556017405,-0.0023294625498618215,1.5360250632560342,0.0,0.3057507672190055
0.7999999999999999,0.7,0.7666666666666666,-1.5342754710674316,0.01,0.08,2.1879002747494978,0.021879002747494977,0.17503202197995982,0.17503202197995982,0.003804974034068348,0.003872994082185645,0.003736953985951051,0.0008465003875778095,1000,200,200,10000,10000,10000,10000,-1.3454621128644957,0.6521449818864267,0.891,2.106820892445704,5.2128152001587105e-05,0.00019034376616841183,8.099027138447655e-05,5.462400801066915e-05,5.2128152001587105e-05,0.00019034376616841183,8.099027138447655e-05,5.462400801066915e-05,-1.3482596476030269,0.9819560940814976,0.757,2.481906489937002,8.983934216124814e-05,0.0001309144574184564,-0.0003690667405572998,1.5359570156259925,0.0,0.3051783399778477
0.7999999999999999,0.7,0.7833333333333333,-1.5277257532136446,0.01,0.08,2.2215009980134104,0.022215009980134103,0.17772007984107283,0.17772007984107283,0.0038017732891385404,0.0038378026028570954,0.0037657439754199854,0.0008402255291520298,1000,200,200,10000,10000,10000,10000,-1.3427326714970924,0.6907625339431913,0.916,2.1941254738061073,5.861278692020586e-05,0.00019111929066320502,9.306078088675538e-05,5.928326092773805e-05,5.861278692020586e-05,0.00019111929066320502,9.306078088675538e-05,5.928326092773805e-05,-1.306322175288834,0.9185413945280285,0.775,2.482178454552692,9.496563112025928e-05,0.00014342507440780758,0.005361885291970856,1.5351754277385115,0.0,0.30522494223144836
0.7999999999999999,0.7,0.7999999999999999,-1.5168893194381838,0.01,0.08,2.2349514363692498,0.022349514363692497,0.17879611490953998,0.17879611490953998,0.0038923053847451238,0.0038361269340770844,0.003948483835413163,0.000935648476978995,1000,200,200,10000,10000,10000,10000,-1.3226599917159116,0.616002508471574,0.914,2.025363988258901,5.8649685215075497e-05,0.0002122727351054747,8.113610078728693e-05,5.3054812829256184e-05,5.8649685215075497e-05,0.0002122727351054747,8.113610078728693e-05,5.3054812829256184e-05,-1.3810124628305744,0.8653461281427827,0.782,2.415400542614524,9.924372384880954e-05,0.00017106372352082601,0.0036028831826655644,1.522540870146497,0.0,0.30509823198688624
0.7999999999999999,0.7,0.8166666666666667,-1.5018848959771627,0.01,0.08,2.270201451307604,0.02270201451307604,0.18161611610460832,0.18161611610460832,0.003891427656239925,0.0038378026028570954,0.003945052709622755,0.0010090035995323212,1000,200,200,10000,10000,10000,10000,-1.3174411168019071,0.5944900123279127,0.907,1.9239093255028883,6.211600843025001e-05,0.00027257177204074453,9.671411741691248e-05,0.00015807374352391047,6.211600843025001e-05,0.00027257177204074453,9.671411741691248e-05,0.00015807374352391047,-1.2772853549811807,0.8819613827435052,0.793,2.437389154751044,0.00011785758340118991,0.00019852164722236954,-0.011103404616307563,1.4928908489493184,0.0,0.3059561325081984
0.7999999999999999,0.7,0.8333333333333333,-1.4828768744338978,0.01,0.08,2.3004315714776853,0.023004315714776853,0.18403452571821483,0.18403452571821485,0.003968632972362647,0.003951914961203571,0.003985350983521723,0.0011132798131523267,1000,200,200,10000,10000,10000,10000,-1.2935089637736983,0.630059917066666,0.917,1.9930325960898538,7.489975601090693e-05,0.00032180714651472376,0.00010800833505670345,0.00014295368781540023,7.489975601090693e-05,0.00032180714651472376,0.00010800833505670345,0.00014295368781540023,-1.3627234987353265,0.8891782819591861,0.812,2.501393004193034,0.00013504155506934294,0.0002003364041374544,0.003845044734221177,1.4886543426235066,0.0,0.3065523989802504
0.7999999999999999,0.7,0.85,-1.4600735106701013,0.01,0.08,2.351564451919914,0.02351564451919914,0.18812515615359313,0.18812515615359313,0.003945052709622755,0.003945052709622755,0.003945052709622755,0.0010709752296157267,1000,200,200,10000,10000,10000,10000,-1.2457275870276376,0.6136880217315515,0.904,1.939621504669824,6.757677203248782e-05,0.0002883997549509093,9.161252079545787e-05,0.00010866979770761414,6.757677203248782e-05,0.0002883997549509093,9.161252079545787e-05,0.00010866979770761414,-1.2598266137652834,0.9358531204701551,0.763,2.4721953227790765,0.00013407980302199496,0.00019167146528604868,-0.0016296027692536508,1.4605103317245207,0.0,0.30502881337967164
0.7999999999999999,0.7166666666666667,0.7,-1.482358253120784,0.01,0.08,2.1099516098503717,0.021099516098503718,0.16879612878802974,0.16879612878802974,0.0037345149136790746,0.003632902893281065,0.0038361269340770844,0.000695895146165395,1000,200,200,10000,10000,10000,10000,-1.2912336766476011,0.6267578665149909,0.897,2.0092617589742896,3.171050837588632e-05,0.0001266391352510575,4.7020261114306664e-05,5.177825803045533e-05,3.171050837588632e-05,0.0001266391352510575,4.7020261114306664e-05,5.177825803045533e-05,-1.2681266653072059,0.935365311795232,0.762,2.4989044117599777,5.970742814098534e-05,9.85307862956721e-05,-0.006399414575909053,1.4780316221980925,0.0,0.30584790361894587
0.7999999999999999,0.7166666666666667,0.7166666666666667,-1.493194686896245,0.01,0.08,2.134534406979448,0.021345344069794478,0.17076275255835582,0.17076275255835582,0.0037489479892796294,0.0038025349617963724,0.0036953610167628865,0.0007320734429367442,1000,200,200,10000,10000,10000,10000,-1.2709404447542532,0.6427148549112154,0.9,2.0504717533517893,3.7308905886731e-05,0.00015692742754700738,6.681626775024794e-05,6.578208184145182e-05,3.7308905886731e-05,0.00015692742754700738,6.681626775024794e-05,6.578208184145182e-05,-1.3166278210842273,0.9853172223563347,0.765,2.5108704991940822,6.602851611452099e-05,0.00011300572443774312,0.005569011720271442,1.5008419845935228,0.0,0.30486609367050294
0.7999999999999999,0.7166666666666667,0.7333333333333333,-1.499744404750032,0.01,0.08,2.1697551963107946,0.021697551963107947,0.17358041570486357,0.1735804157048636,0.003873793835709563,0.003839402109904932,0.003908185561514194,0.0008938581365680253,1000,200,200,10000,10000,10000,10000,-1.3049503416398045,0.6045799764270398,0.898,1.9383387637625464,4.828961455608959e-05,0.00021235333408086305,7.20768576881421e-05,6.57633864209153e-05,4.828961455608959e-05,0.00021235333408086305,7.20768576881421e-05,6.57633864209153e-05,-1.3366960425206167,0.9415355473744405,0.777,2.4640595365985476,8.461660373415816e-05,0.00012805998598681485,-0.0019381123777768316,1.4998002336926186,0.0,0.30561326238579867
0.7999999999999999,0.7166666666666667,0.75,-1.5019356466027225,0.01,0.08,2.202230341355023,0.022022303413550232,0.17617842730840186,0.17617842730840189,0.00383696476846709,0.003802611123528546,0.003871318413405634,0.0009405083314027167,1000,200,200,10000,10000,10000,10000,-1.3507413647308995,0.6266764709191922,0.927,2.0415146936157007,6.074063406287713e-05,0.0002713458351170725,0.00010067867137361352,0.00013369116053970676,6.074063406287713e-05,0.0002713458351170725,0.00010067867137361352,0.00013369116053970676,-1.2515789079254291,0.9343224502656106,0.753,2.420462957113125,9.683016102802341e-05,0.00016351413026097192,0.0014601604278136797,1.5056159400152476,0.0,0.3044368925423139
0.7999999999999999,0.7166666666666667,0.7666666666666666,-1.499744404750032,0.01,0.08,2.2263730814112623,0.022263730814112623,0.178109846512901,0.17810984651290096,0.00385539834252137,0.0038378026028570954,0.003872994082185645,0.0008963727069794534,1000,200,200,10000,10000,10000,10000,-1.3311622944248982,0.6322735557427902,0.929,2.0666911251471047,5.564180955739858e-05,0.00022407410474647793,8.329270149707886e-05,8.076823428241215e-05,5.564180955739858e-05,0.00022407410474647793,8.329270149707886e-05,8.076823428241215e-05,-1.252095620840284,0.8969145726589984,0.788,2.472585726138247,0.00010014269395253627,0.0001642326576269915,-0.00938913636367824,1.4923802700936313,0.0,0.3050237171078028
0.7999999999999999,0.7166666666666667,0.7833333333333333,-1.493194686896245,0.01,0.08,2.241077664641432,0.022410776646414318,0.17928621317131455,0.17928621317131452,0.0038226822854967504,0.0038394782716371064,0.003805886299356394,0.0009459577382476429,1000,200,200,10000,10000,10000,10000,-1.3229646183737347,0.6265405813674855,0.907,1.9971377996017574,5.9641884327332655e-05,0.0002290226972451801,9.891894823223336e-05,5.97816986515408e-05,5.9641884327332655e-05,0.0002290226972451801,9.891894823223336e-05,5.97816986515408e-05,-1.29051416346001,0.9145867914625456,0.772,2.4135085010817083,9.896169094076179e-05,0.00015342674468099774,0.002389500386733597,1.4974086864937333,0.0,0.30603894271152604
0.7999999999999999,0.7166666666666667,0.7999999999999999,-1.482358253120784,0.01,0.08,2.266148037356521,0.022661480373565208,0.18129184298852166,0.18129184298852163,0.0038386023563810137,0.003872994082185645,0.0038042106305763825,0.0008992483194203002,1000,200,200,10000,10000,10000,10000,-1.2697355052207062,0.6417431683977194,0.904,2.0478647009018096,5.545243961789881e-05,0.0001908426092235644,8.623168638708657e-05,5.343547245981759e-05,5.545243961789881e-05,0.0001908426092235644,8.623168638708657e-05,5.343547245981759e-05,-1.3291564091061354,0.892701237495696,0.806,2.5016119005155852,0.00010123157010945425,0.00013119290217074647,-0.0008879184134625715,1.4834016185060872,0.0,0.3058116371793
0.7999999999999999,0.7166666666666667,0.8166666666666667,-1.467353829659763,0.01,0.08,2.298604446127306,0.02298604446127306,0.18388835569018447,0.18388835569018444,0.003948405860431882,0.003876269258013492,0.004020542462850272,0.0010058439115662404,1000,200,200,10000,10000,10000,10000,-1.2519918765340046,0.6116614423729709,0.907,1.976517024502106,6.151465139169814e-05,0.0002450830819911575,8.334711844662675e-05,8.740232551507047e-05,6.151465139169814e-05,0.0002450830819911575,8.334711844662675e-05,8.740232551507047e-05,-1.2765941692522154,0.8724358527428486,0.775,2.405122817317834,0.00010727557711286733,0.0001538285902178878,-0.004855229206565236,1.4646958917296475,0.0,0.3050739331515277
0.7999999999999999,0.7166666666666667,0.8333333333333333,-1.4483458081164982,0.01,0.08,2.3152564829011224,0.023152564829011225,0.1852205186320898,0.1852205186320898,0.003946768272517959,0.003981919857731315,0.003911616687304603,0.0010414200276600738,1000,200,200,10000,10000,10000,10000,-1.264381427829149,0.5820268721745366,0.912,1.9907164336012593,6.805822648110666e-05,0.0002543621029391979,8.795678867768612e-05,5.012722796089187e-05,6.805822648110666e-05,0.0002543621029391979,8.795678867768612e-05,5.012722796089187e-05,-1.1996880687656517,0.9054590675693185,0.782,2.4868450466093956,0.00012569436631809346,0.00018314355331788083,-0.0008691756274549336,1.4495577905802806,0.0,0.30480766483194177
0.7999999999999999,0.7166666666666667,0.85,-1.4255424443527016,0.01,0.08,2.357354247143843,0.023573542471438433,0.18858833977150746,0.18858833977150746,0.003983675314741713,0.00402229791986067,0.003945052709622755,0.001080018288773775,1000,200,200,10000,10000,10000,10000,-1.2701812312513137,0.5925178469429796,0.914,1.9705850435811192,7.286425156868443e-05,0.0002697069052682108,0.0001023135643744703,0.00011272070419412351,7.286425156868443e-05,0.0002697069052682108,0.0001023135643744703,0.00011272070419412351,-1.2432173574093979,0.9037364431437268,0.8,2.431244936006141,0.00012693505797426734,0.0001969157462813281,0.007209740394904749,1.4350059978718117,0.0,0.3047090649918887
0.7999999999999999,0.7333333333333333,0.7,-1.4461741234782473,0.01,0.08,2.130988750812803,0.02130988750812803,0.17047910006502423,0.17047910006502423,0.0037673815633339097,0.0037321520031392734,0.003802611123528546,0.0008185632518354453,1000,200,200,10000,10000,10000,10000,-1.272295359247663,0.6301824551821833,0.921,1.9510480728559032,4.096393923871797e-05,0.00019682582950363538,6.470758923325446e-05,9.431801164163139e-05,4.096393923871797e-05,0.00019682582950363538,6.470758923325446e-05,9.431801164163139e-05,-1.2617316701684202,1.0047445861470554,0.765,2.539044108654475,7.535720945161324e-05,0.00014598132928114667,-0.004635011749092246,1.4437338173208336,0.0,0.30485226197447707
0.7999999999999999,0.7333333333333333,0.7166666666666667,-1.4570105572537082,0.01,0.08,2.1489072875418396,0.021489072875418395,0.17191258300334716,0.1719125830033472,0.003819369028802815,0.0037657439754199854,0.003872994082185645,0.000781859545503177,1000,200,200,10000,10000,10000,10000,-1.279272177737342,0.6328081232593028,0.924,2.0905616290913858,4.372900218952046e-05,0.0001683665873228669,6.527005770413711e-05,5.535121555635293e-05,4.372900218952046e-05,0.0001683665873228669,6.527005770413711e-05,5.535121555635293e-05,-1.2848184288273206,0.9303317628222527,0.778,2.5093559304904476,8.04853469694772e-05,0.0001299305820740639,0.0024185678730569535,1.461615112687045,0.0,0.30514617446135245
0.7999999999999999,0.7333333333333333,0.7333333333333333,-1.4635602751074952,0.01,0.08,2.1869339018758467,0.02186933901875847,0.17495471215006775,0.17495471215006775,0.003820168782326734,0.0037321520031392734,0.003908185561514194,0.0008613788944144332,1000,200,200,10000,10000,10000,10000,-1.2908119044314752,0.6569421120432247,0.925,2.0888927972096436,5.2446637553894585e-05,0.00020867298119917396,7.854597385465808e-05,5.818680628708292e-05,5.2446637553894585e-05,0.00020867298119917396,7.854597385465808e-05,5.818680628708292e-05,-1.3388902465923407,0.8914950842858601,0.777,2.4665511491406686,9.026295013138974e-05,0.00014294993931124222,-0.002324206805027445,1.463271986892516,0.0,0.304794959259653
0.7999999999999999,0.7333333333333333,0.75,-1.465751516960186,0.01,0.08,2.2133380189582703,0.022133380189582705,0.17706704151666164,0.17706704151666167,0.003819369028802815,0.003800935454748535,0.0038378026028570954,0.0007788955536332712,1000,200,200,10000,10000,10000,10000,-1.2479885334822847,0.6543688014660627,0.915,2.119842362174487,4.386111005865988e-05,0.00015992764381244376,6.12906887258879e-05,3.9112713141519986e-05,4.386111005865988e-05,0.00015992764381244376,6.12906887258879e-05,3.9112713141519986e-05,-1.3120816210214912,0.8837386613402304,0.8,2.517520433039616,8.115701557097246e-05,0.00011463294625072301,0.011430505585380897,1.479149706883425,0.0,0.30609313966685514
0.7999999999999999,0.7333333333333333,0.7666666666666666,-1.4635602751074952,0.01,0.08,2.2245021880179605,0.022245021880179607,0.17796017504143685,0.17796017504143682,0.0038386023563810132,0.003800935454748535,0.003876269258013492,0.0008541783623060047,1000,200,200,10000,10000,10000,10000,-1.2534539834290972,0.6006139874332088,0.917,1.9650255091961675,4.3939557577789265e-05,0.00017337152993741298,5.923804136360284e-05,5.738109323162454e-05,4.3939557577789265e-05,0.00017337152993741298,5.923804136360284e-05,5.738109323162454e-05,-1.2872497069826638,0.8728539448347509,0.778,2.394277090813784,7.739926700980681e-05,0.0001142336595637303,-0.0028154347938598723,1.4628179635995326,0.0,0.3050562838207578
0.7999999999999999,0.7333333333333333,0.7833333333333333,-1.4570105572537082,0.01,0.08,2.251655287853815,0.02251655287853815,0.1801324230283052,0.1801324230283052,0.003926619135568474,0.003945052709622755,0.003908185561514194,0.001077459851255668,1000,200,200,10000,10000,10000,10000,-1.2642321260778115,0.5918895441321257,0.921,1.9699261616961734,7.503543764372298e-05,0.00031904912674048704,0.00013303805860989838,0.00014854412369900643,7.503543764372298e-05,0.00031904912674048704,0.00013303805860989838,0.00014854412369900643,-1.285516235082488,0.8893159168820192,0.797,2.4615129957493913,0.00012183318376743897,0.00019160922114370779,-0.0026673444111122374,1.4562650945502644,0.0,0.3051252574941812
0.7999999999999999,0.7333333333333333,0.7999999999999999,-1.4461741234782475,0.01,0.08,2.2741113284272547,0.022741113284272547,0.18192890627418037,0.18192890627418037,0.004003824451691196,0.003948483835413163,0.004059165067969229,0.0009683085659471241,1000,200,200,10000,10000,10000,10000,-1.2599745683736614,0.6301293769378266,0.901,1.997549145885762,6.202757516996695e-05,0.00023312613612610714,9.305811067007855e-05,0.00011422768018716495,6.202757516996695e-05,0.00023312613612610714,9.305811067007855e-05,0.00011422768018716495,-1.256787860088811,0.8755063881600672,0.801,2.441679365376859,0.00011035343235482266,0.00016921561156200458,-0.003984448547329892,1.4443413967295209,0.0,0.3046324023820474
0.7999999999999999,0.7333333333333333,0.8166666666666667,-1.4311697000172263,0.01,0.08,2.2963063802505643,0.022963063802505644,0.18370451042004515,0.18370451042004515,0.003909023395904199,0.003945052709622755,0.003872994082185645,0.0009669621605564165,1000,200,200,10000,10000,10000,10000,-1.2189442421035364,0.634021138802246,0.914,2.0032833405549932,5.7963130870887614e-05,0.00021873690996270694,7.486964476302508e-05,5.5987553846636235e-05,5.7963130870887614e-05,0.00021873690996270694,7.486964476302508e-05,5.5987553846636235e-05,-1.2367187017089518,0.856649765307378,0.796,2.4729267399618458,0.00011250574375375687,0.00015310253706471652,-0.0025373956981835128,1.4306370364648309,0.0,0.3052953447782474
0.7999999999999999,0.7333333333333333,0.8333333333333333,-1.4121616784739615,0.01,0.08,2.3174007366815124,0.023174007366815123,0.185392058934521,0.185392058934521,0.003985432671340437,0.003909861230294205,0.004061004112386668,0.0010763302959636337,1000,200,200,10000,10000,10000,10000,-1.235813311517846,0.6004962919661961,0.909,1.986603637208863,7.247609071275575e-05,0.00026925070256119353,9.995023202251958e-05,7.921896370181506e-05,7.247609071275575e-05,0.00026925070256119353,9.995023202251958e-05,7.921896370181506e-05,-1.2220599149179223,0.8893847016034077,0.78,2.4249023664473457,0.00012842478426108994,0.00019675470494671333,-0.0026195284044559764,1.4116530496099868,0.0,0.30570061602757903
0.7999999999999999,0.7333333333333333,0.85,-1.389358314710165,0.01,0.08,2.3679385358295053,0.023679385358295054,0.18943508286636043,0.1894350828663604,0.004021380297240277,0.004057409610958833,0.003985350983521723,0.001155878088388945,1000,200,200,10000,10000,10000,10000,-1.207519594012132,0.57894461349833,0.908,1.9450252708832223,8.021204657788342e-05,0.00032158473166407533,0.00010973114343330254,7.93270755601359e-05,8.021204657788342e-05,0.00032158473166407533,0.00010973114343330254,7.93270755601359e-05,-1.258104825014247,0.867738168235141,0.798,2.413114796848592,0.00015212157126942935,0.00023368166889280843,0.002207537404326126,1.3936512160561616,0.0,0.30575598186938036
0.7999999999999999,0.75,0.7,-1.4087333714069517,0.01,0.08,2.1553220830138775,0.021553220830138775,0.1724257666411102,0.1724257666411102,0.0038226822854967495,0.0037674196441999964,0.003877944926793503,0.0008150035636217091,1000,200,200,10000,10000,10000,10000,-1.2742911988520933,0.6512843047744092,0.942,2.2041728880492184,5.511333954860557e-05,0.00020255246605957092,9.259201002074046e-05,9.279198147007486e-05,5.511333954860557e-05,0.00020255246605957092,9.259201002074046e-05,9.279198147007486e-05,-1.232777393655101,0.9879395376785427,0.748,2.453691826801261,8.395732876802463e-05,0.0001354485396710535,-0.0009481602564774311,1.4100270632901892,0.0,0.3056483026760045
0.7999999999999999,0.75,0.7166666666666667,-1.4195698051824124,0.01,0.08,2.161503276530795,0.021615032765307948,0.17292026212246359,0.1729202621224636,0.0037657439754199854,0.003730552496091436,0.003800935454748535,0.0007946765456943965,1000,200,200,10000,10000,10000,10000,-1.2918773109796293,0.6243396715603893,0.929,2.039816765843629,4.2149459269329983e-05,0.0001768867168304322,6.131256088942768e-05,4.6397250132101666e-05,4.2149459269329983e-05,0.0001768867168304322,6.131256088942768e-05,4.6397250132101666e-05,-1.246397232544848,0.9004442232495734,0.77,2.452804550996375,7.529519724135223e-05,0.000106676248800549,-0.0031498045598664045,1.4187348667948925,0.0,0.30549677818921245
0.7999999999999999,0.75,0.7333333333333333,-1.4261195230361994,0.01,0.08,2.198839647276743,0.02198839647276743,0.17590717178213944,0.17590717178213944,0.0038386023563810137,0.003872994082185645,0.0038042106305763825,0.0008965196070335544,1000,200,200,10000,10000,10000,10000,-1.2519746412125294,0.5825561931069991,0.937,1.9829659165494165,5.208829917134322e-05,0.00021295132624930252,7.922077287826924e-05,8.150718996102287e-05,5.208829917134322e-05,0.00021295132624930252,7.922077287826924e-05,8.150718996102287e-05,-1.2701327909264848,0.9147344199255313,0.77,2.396127155075068,8.988052757011794e-05,0.0001561117204926206,-0.0008453029400538683,1.4275607454429542,0.0,0.3044577815635789
0.7999999999999999,0.75,0.75,-1.4283107648888902,0.01,0.08,2.2115576024819195,0.022115576024819197,0.17692460819855357,0.17692460819855357,0.0038738319165756503,0.003802611123528546,0.003945052709622755,0.0008750282174979317,1000,200,200,10000,10000,10000,10000,-1.2522761464119652,0.5873530593870937,0.912,1.9426688768747162,4.8877568516315296e-05,0.00020721441846064593,8.508484634740426e-05,0.00010728273583091267,4.8877568516315296e-05,0.00020721441846064593,8.508484634740426e-05,0.00010728273583091267,-1.211775343157044,0.9173021991963471,0.764,2.3864757961494805,8.251942284419511e-05,0.0001438948890815616,-0.0010842206961935066,1.4293574522519412,0.0,0.3056689362589248
0.7999999999999999,0.75,0.7666666666666666,-1.4261195230361996,0.01,0.08,2.231298994257876,0.02231298994257876,0.17850391954063008,0.17850391954063008,0.0038226442046306627,0.003913136406122052,0.0037321520031392734,0.0008930476777036752,1000,200,200,10000,10000,10000,10000,-1.2529597741088918,0.6501971350667206,0.914,2.0308456301346602,5.355472923070833e-05,0.00020063508421789736,7.72355258975416e-05,6.0746393978693796e-05,5.355472923070833e-05,0.00020063508421789736,7.72355258975416e-05,6.0746393978693796e-05,-1.245482724952494,0.8818304315775963,0.79,2.476856648213416,9.376982683869959e-05,0.00013895893850519398,-0.0001181585282795111,1.428207831221948,0.0,0.30613382981871384
0.7999999999999999,0.75,0.7833333333333333,-1.4195698051824124,0.01,0.08,2.2445457385572714,0.022445457385572715,0.17956365908458172,0.17956365908458172,0.003874709645080849,0.0038764252079760532,0.003872994082185645,0.0010154659058528367,1000,200,200,10000,10000,10000,10000,-1.2360179209841515,0.5920221664933624,0.926,1.9569581332329555,6.225109713153873e-05,0.00028094961180603065,9.51104146789578e-05,0.00013088677562262386,6.225109713153873e-05,0.00028094961180603065,9.51104146789578e-05,0.00013088677562262386,-1.2341104113957444,0.9302031291958823,0.75,2.411753459856023,0.00011330974876454305,0.00018179262255440162,0.004229761205563138,1.4258194110782039,0.0,0.30508294047999646
0.7999999999999999,0.75,0.7999999999999999,-1.4087333714069517,0.01,0.08,2.28875793840155,0.0228875793840155,0.183100635072124,0.183100635072124,0.003928294804348486,0.003874669750965656,0.003981919857731315,0.001075113655062198,1000,200,200,10000,10000,10000,10000,-1.2354714181720639,0.5703494111588248,0.916,1.8865082624406824,6.461091978044198e-05,0.00027720107351369375,9.026223874796791e-05,7.642508402032878e-05,6.461091978044198e-05,0.00027720107351369375,9.026223874796791e-05,7.642508402032878e-05,-1.1947971832707915,0.9319282388970109,0.781,2.5131267546810894,0.0001316845995470869,0.000202851240885235,-0.004390020641186272,1.4065610344521613,0.0,0.3050812961823306
0.7999999999999999,0.75,0.8166666666666667,-1.3937289479459307,0.01,0.08,2.3107096072939224,0.023107096072939225,0.1848567685835138,0.18485676858351383,0.003909901124409398,0.003872994082185645,0.003946808166633152,0.0010381875555692693,1000,200,200,10000,10000,10000,10000,-1.2183282916507354,0.59463834917607,0.934,1.9700685018673219,6.639009006847089e-05,0.00025098933415113826,9.460625273400048e-05,8.269709286302934e-05,6.639009006847089e-05,0.00025098933415113826,9.460625273400048e-05,8.269709286302934e-05,-1.1808072687771007,0.907008297309932,0.788,2.4430289500344133,0.00011453852808099203,0.00016843771097157733,-0.004389557540340481,1.3916021854189635,0.0,0.305469822060083
0.7999999999999999,0.75,0.8333333333333333,-1.3747209264026659,0.01,0.08,2.3475359061972565,0.023475359061972567,0.18780287249578054,0.18780287249578054,0.004038976036904552,0.003981919857731315,0.00409603221607779,0.001181476939472653,1000,200,200,10000,10000,10000,10000,-1.215699837852155,0.5732505735039058,0.934,1.8866117232214805,7.79791445749108e-05,0.0003088730502694647,0.0001047084059750479,8.185212598710907e-05,7.79791445749108e-05,0.0003088730502694647,0.0001047084059750479,8.185212598710907e-05,-1.2486394740015223,0.898242766092774,0.793,2.468327541645433,0.00014257817873260793,0.00019039975375632358,-0.005068037477268897,1.3717395189085442,0.0,0.3062345525723658
0.7999999999999999,0.75,0.85,-1.3519175626388693,0.01,0.08,2.382773487352248,0.023827734873522483,0.19062187898817987,0.19062187898817984,0.004038976036904552,0.004057409610958833,0.004020542462850272,0.001250452136539796,1000,200,200,10000,10000,10000,10000,-1.1867173839839948,0.5746593416112726,0.928,1.8630137478054352,8.617536777871973e-05,0.00038295485197569005,0.0001379779389577789,0.00015937578795563828,8.617536777871973e-05,0.00038295485197569005,0.0001379779389577789,0.00015937578795563828,-1.1531650693436335,0.871182044417652,0.802,2.4559216750141935,0.00016174335286033657,0.00023343759145620676,0.00442875146660174,1.3586946145424947,0.0,0.30442602532369656
0.7999999999999999,0.7666666666666666,0.7,-1.370446205621573,0.01,0.08,2.171825518001161,0.021718255180011612,0.1737460414400929,0.17374604144009287,0.003784977302998184,0.0038042106305763825,0.0037657439754199854,0.0007823914241261257,1000,200,200,10000,10000,10000,10000,-1.1855232015706876,0.6666222619523824,0.927,2.1316752308757096,4.611694809782744e-05,0.0001713286810228443,6.530218818127379e-05,5.8985819326158356e-05,4.611694809782744e-05,0.0001713286810228443,6.530218818127379e-05,5.8985819326158356e-05,-1.2507826625378857,0.8966069999175645,0.783,2.407980834937739,6.893661786403693e-05,9.645432968638505e-05,-0.001057098854985439,1.3715664386650386,0.0,0.30570809354995604
0.7999999999999999,0.7666666666666666,0.7166666666666667,-1.3812826393970337,0.01,0.08,2.1981210859826668,0.02198121085982667,0.17584968687861335,0.17584968687861335,0.0038025730426624587,0.003800935454748535,0.003804210630576383,0.0007779424815526406,1000,200,200,10000,10000,10000,10000,-1.220920742798593,0.6453768868883043,0.926,2.110613955397461,4.524554350815747e-05,0.00016573754590095465,7.528721040747828e-05,9.044123363327388e-05,4.524554350815747e-05,0.00016573754590095465,7.528721040747828e-05,9.044123363327388e-05,-1.2044654520472307,0.9029539187854578,0.774,2.4321808198342945,7.797049593175012e-05,0.00011782000050707415,3.1575683029092834e-05,1.3835686267620695,0.0,0.3045921980454392
0.7999999999999999,0.7666666666666666,0.7333333333333333,-1.3878323572508207,0.01,0.08,2.212910324492907,0.02212910324492907,0.17703282595943257,0.17703282595943257,0.0038931432191351293,0.003948483835413163,0.0038378026028570954,0.0009422018239010748,1000,200,200,10000,10000,10000,10000,-1.2067683242919818,0.5970069571380844,0.92,1.9734838057951942,5.570793983110511e-05,0.0002302087560760826,7.724551140677834e-05,5.239659568983516e-05,5.570793983110511e-05,0.0002302087560760826,7.724551140677834e-05,5.239659568983516e-05,-1.175789562379978,0.9241716098572108,0.778,2.4558389168767127,0.00010533564496363683,0.00017205276622176197,-0.0007663269186355951,1.3893052137822224,0.0,0.30508907925938966
0.7999999999999999,0.7666666666666666,0.75,-1.3900235991035115,0.01,0.08,2.2315471959958506,0.022315471959958505,0.17852377567966804,0.17852377567966804,0.003872994082185645,0.0038378026028570954,0.003908185561514194,0.0008797914551182441,1000,200,200,10000,10000,10000,10000,-1.1729787582289275,0.6389335616453495,0.907,2.0315775774669405,5.320965964132814e-05,0.0001912511972322228,8.020867816831854e-05,6.311598638438812e-05,5.320965964132814e-05,0.0001912511972322228,8.020867816831854e-05,6.311598638438812e-05,-1.178864417920307,0.9079892693300493,0.789,2.496435103347305,9.602313167124015e-05,0.0001662965955180839,0.0019212693852966424,1.3941055127304611,0.0,0.30524522807604687
0.7999999999999999,0.7666666666666666,0.7666666666666666,-1.3878323572508209,0.01,0.08,2.2454185116504357,0.022454185116504356,0.17963348093203485,0.17963348093203485,0.003928334698463679,0.003948483835413163,0.003908185561514194,0.000953266454411468,1000,200,200,10000,10000,10000,10000,-1.2362128209729286,0.6147043967048532,0.923,1.9880681161950369,5.865756824921387e-05,0.0002390933477038462,9.245906787393374e-05,8.142636687680048e-05,5.865756824921387e-05,0.0002390933477038462,9.245906787393374e-05,8.142636687680048e-05,-1.18932325124711,0.8768197015139949,0.776,2.403140306292374,0.00010324934748763678,0.00015811928799231646,-0.0028833691404752744,1.3873261818286768,0.0,0.3059393815476189
0.7999999999999999,0.7666666666666666,0.7833333333333333,-1.3812826393970337,0.01,0.08,2.271284606657334,0.02271284606657334,0.1817027685325867,0.1817027685325867,0.003909861230294205,0.003874669750965656,0.003945052709622755,0.0009735869275616421,1000,200,200,10000,10000,10000,10000,-1.1916093239912922,0.5883901206773423,0.923,1.9580841464551906,5.9172251909109676e-05,0.00022968331632227377,9.085183489582499e-05,6.492517415361601e-05,5.9172251909109676e-05,0.00022968331632227377,9.085183489582499e-05,6.492517415361601e-05,-1.1852548910504876,0.9198709380099218,0.791,2.498272858317774,0.0001146171907747603,0.00017351222409770222,0.0038194460790229516,1.3871881621540758,0.0,0.3051916664928829
0.7999999999999999,0.7666666666666666,0.7999999999999999,-1.370446205621573,0.01,0.08,2.287615193791113,0.02287615193791113,0.18300921550328905,0.18300921550328905,0.0039643241180670405,0.003945052709622755,0.003983595526511325,0.0010661968373639715,1000,200,200,10000,10000,10000,10000,-1.2153199920266589,0.5627464850176659,0.918,1.8702711170262778,6.240058369005877e-05,0.0002692969310818077,9.947304091247075e-05,9.002411138086996e-05,6.240058369005877e-05,0.0002692969310818077,9.947304091247075e-05,9.002411138086996e-05,-1.189532352427633,0.8800907009196949,0.799,2.475237066430268,0.00012063375613617721,0.00016812972396086314,-0.004557272712106573,1.3679723020113874,0.0,0.3047710055643403
0.7999999999999999,0.7666666666666666,0.8166666666666667,-1.355441782160552,0.01,0.08,2.3256470240766975,0.023256470240766977,0.18605176192613582,0.1860517619261358,0.00392745696995848,0.003909861230294205,0.003945052709622755,0.0011143947731928744,1000,200,200,10000,10000,10000,10000,-1.2236868673786123,0.5936310774539068,0.913,1.9894727833557744,7.66849681427358e-05,0.0003180124328100005,0.00010256275077488547,6.446810536581893e-05,7.66849681427358e-05,0.0003180124328100005,0.00010256275077488547,6.446810536581893e-05,-1.137672037877271,0.9152694860705908,0.783,2.4572369989667844,0.00013753711984907657,0.00018405503244722533,0.004381414989974292,1.3619783279738094,0.0,0.3058407663437288
0.7999999999999999,0.7666666666666666,0.8333333333333333,-1.3364337606172871,0.01,0.08,2.3590512945229367,0.023590512945229368,0.18872410356183494,0.18872410356183497,0.003966039680962244,0.003874669750965656,0.004057409610958833,0.0011367834629294905,1000,200,200,10000,10000,10000,10000,-1.1822635290543704,0.5709574147668047,0.922,1.8987348681510676,7.332796440659854e-05,0.00028055973296922806,9.428152623546583e-05,8.233611217980647e-05,7.332796440659854e-05,0.00028055973296922806,9.428152623546583e-05,8.233611217980647e-05,-1.1611931673394782,0.8703697962617811,0.81,2.409256397406752,0.00013778212156626514,0.00022083658678433908,-0.0050894814526849085,1.3336737694287635,0.0,0.3053993195207838
0.7999999999999999,0.7666666666666666,0.85,-1.3136303968534906,0.01,0.08,2.394584718929665,0.023945847189296654,0.19156677751437323,0.19156677751437323,0.004077558747908317,0.00413289936418635,0.004022218131630283,0.0011961294451171833,1000,200,200,10000,10000,10000,10000,-1.1089537079275869,0.6185525090839474,0.919,1.9484179521983707,8.560085879769605e-05,0.0003221360109914586,0.00012686136479253532,8.774994474637098e-05,8.560085879769605e-05,0.0003221360109914586,0.00012686136479253532,8.774994474637098e-05,-1.1578054793978394,0.861946687873492,0.822,2.4109248986474423,0.00015548486479982827,0.0002147603061868867,0.0007662928809507874,1.3165972785976754,0.0,0.3058730624633369
0.7999999999999999,0.7833333333333333,0.7,-1.3317321083225593,0.01,0.08,2.209115105557418,0.02209115105557418,0.17672920844459344,0.17672920844459344,0.0038562361769113756,0.003872994082185645,0.0038394782716371064,0.0009014072071739995,1000,200,200,10000,10000,10000,10000,-1.1762663163199931,0.6192153302278546,0.939,2.0428042513281506,5.410295784005246e-05,0.00021558873150389843,7.748559337426362e-05,5.529454745153243e-05,5.410295784005246e-05,0.00021558873150389843,7.748559337426362e-05,5.529454745153243e-05,-1.1741847291415894,0.9171272626007552,0.788,2.5022890607324375,9.793645920015582e-05,0.00014888112154140323,0.0014882500026220109,1.335458820281587,0.0,0.305291659109832
0.7999999999999999,0.7833333333333333,0.7166666666666667,-1.34256854209802,0.01,0.08,2.216770276748562,0.02216770276748562,0.17734162213988497,0.17734162213988497,0.0037841394686081785,0.003767343482467822,0.003800935454748535,0.0009161293853224775,1000,200,200,10000,10000,10000,10000,-1.1220495093573757,0.6813545800280961,0.922,2.0921025782474914,6.099849613603158e-05,0.0002443351770288336,0.00011238307211335036,8.075116210327574e-05,6.099849613603158e-05,0.0002443351770288336,0.00011238307211335036,8.075116210327574e-05,-1.1601996910671972,0.8878727070477946,0.782,2.4387059111850555,9.84070575867511e-05,0.000145585538651549,0.003205077712678808,1.3480142643142206,0.0,0.30560137584374353
0.7999999999999999,0.7833333333333333,0.7333333333333333,-1.3491182599518072,0.01,0.08,2.2353970198616477,0.022353970198616478,0.17883176158893183,0.17883176158893185,0.003891427656239925,0.003909861230294205,0.003872994082185645,0.0009008796991482682,1000,200,200,10000,10000,10000,10000,-1.178377363563674,0.5693798867557655,0.928,1.8531832192840156,4.328814979156912e-05,0.00018473558358472666,5.7615760174537294e-05,4.483419312719988e-05,4.328814979156912e-05,0.00018473558358472666,5.7615760174537294e-05,4.483419312719988e-05,-1.1421935434595332,0.8629358221039135,0.786,2.464951233285831,8.991123414425635e-05,0.0001248115303417535,-0.003673430892516979,1.3477518214842792,0.0,0.30618917839992743
0.7999999999999999,0.7833333333333333,0.75,-1.3513095018044978,0.01,0.08,2.254608457078961,0.02254608457078961,0.1803686765663169,0.18036867656631692,0.0038947808070490526,0.0038378026028570954,0.00395175901124101,0.0008675783667767675,1000,200,200,10000,10000,10000,10000,-1.1859109791248386,0.6061760393238891,0.931,1.9577403049466287,4.679138072647961e-05,0.00016199970479938855,7.233605735130241e-05,4.10992665732029e-05,4.679138072647961e-05,0.00016199970479938855,7.233605735130241e-05,4.10992665732029e-05,-1.120362230093888,0.9071790985121576,0.766,2.428784726219095,8.677513325368374e-05,0.0001287204688301754,-0.0003773653170761253,1.3533046415407939,0.0,0.30531252785075713
0.7999999999999999,0.7833333333333333,0.7666666666666666,-1.3491182599518072,0.01,0.08,2.281782554132997,0.02281782554132997,0.18254260433063976,0.1825426043306398,0.004000353431785595,0.004055654153948435,0.003945052709622755,0.0010797136843757088,1000,200,200,10000,10000,10000,10000,-1.2281690032310437,0.5694898922919119,0.925,1.8704259389192348,6.543048707308986e-05,0.00028313005280344216,9.44648384298355e-05,0.00010869529184935397,6.543048707308986e-05,0.00028313005280344216,9.44648384298355e-05,0.00010869529184935397,-1.1586080291685563,0.8753361002547975,0.805,2.429331593033927,0.00011955032491404473,0.00017241853253281884,0.0017841248085912016,1.353327440754944,0.0,0.30511560266924437
0.7999999999999999,0.7833333333333333,0.7833333333333333,-1.34256854209802,0.01,0.08,2.297308267272359,0.02297308267272359,0.18378466138178873,0.1837846613817887,0.0039643241180670405,0.004018787005839875,0.003909861230294205,0.0010635233574616482,1000,200,200,10000,10000,10000,10000,-1.1575526684559223,0.5951402249332124,0.923,1.8961895067968162,6.472359769258364e-05,0.0002696652424195945,0.00010193490956712007,0.00011183859183137538,6.472359769258364e-05,0.0002696652424195945,0.00010193490956712007,0.00011183859183137538,-1.1555900845402125,0.8679222315170998,0.803,2.425557474507665,0.00012417466282957287,0.0001907220478741637,0.003570472428794596,1.3483809869086578,0.0,0.30457032719751936
0.7999999999999999,0.7833333333333333,0.7999999999999999,-1.3317321083225593,0.01,0.08,2.3112834886078515,0.023112834886078515,0.18490267908862812,0.18490267908862812,0.003945890544012761,0.003909861230294205,0.003981919857731315,0.00105601970951735,1000,200,200,10000,10000,10000,10000,-1.1382913528572554,0.6292724500322764,0.922,2.0304567215563787,7.315002280191276e-05,0.0002841921935485605,0.00010339396929181272,0.0001088763727531558,7.315002280191276e-05,0.0002841921935485605,0.00010339396929181272,0.0001088763727531558,-1.1364546820330363,0.8768049163318345,0.793,2.442194898032736,0.00013566073817334614,0.00020099989263323346,0.004147173285609435,1.338169021466937,0.0,0.30589519368898616
0.7999999999999999,0.7833333333333333,0.8166666666666667,-1.3167276848615381,0.01,0.08,2.3467121133548208,0.023467121133548208,0.18773696906838566,0.18773696906838566,0.004003824451691196,0.004059165067969229,0.003948483835413163,0.0011413759518922374,1000,200,200,10000,10000,10000,10000,-1.1070640045001092,0.6363618150292412,0.927,1.9715053736670312,8.101218526663817e-05,0.0003041201564845474,0.00011840151839270476,0.00011178851916304636,8.101218526663817e-05,0.0003041201564845474,0.00011840151839270476,0.00011178851916304636,-1.1016917740368786,0.8868500073170693,0.792,2.4492478485984868,0.00014352524638938088,0.000183931595788544,0.005772143585122195,1.3247707926586016,0.0,0.30442327513522766
0.7999999999999999,0.7833333333333333,0.8333333333333333,-1.2977196633182735,0.01,0.08,2.375713316203499,0.023757133162034993,0.19005706529627994,0.19005706529627991,0.0040758431850131125,0.00409603221607779,0.004055654153948435,0.0012246510140895867,1000,200,200,10000,10000,10000,10000,-1.1484736218162896,0.5853138099628996,0.935,1.92864528544768,9.050749761159416e-05,0.00035216746122652693,0.0001372550623629433,0.0001166757974293536,9.050749761159416e-05,0.00035216746122652693,0.0001372550623629433,0.0001166757974293536,-1.0732354701827216,0.9046585316341473,0.794,2.4706750992202684,0.00015615610415024183,0.00022394053509746303,-0.001656631648455178,1.2985404339194977,0.0,0.3056166337130491
0.7999999999999999,0.7833333333333333,0.85,-1.2749162995544767,0.01,0.08,2.4180164237445556,0.024180164237445557,0.19344131389956445,0.19344131389956443,0.004132899364186351,0.004171521969305309,0.004094276759067393,0.0011819174915296137,1000,200,200,10000,10000,10000,10000,-1.102453747227685,0.5910308508948763,0.934,1.9473589854567306,8.17791470280641e-05,0.0003232119813768794,0.00010601761355318405,9.557938600758206e-05,8.17791470280641e-05,0.0003232119813768794,0.00010601761355318405,9.557938600758206e-05,-1.0528314175880533,0.8761840539212076,0.795,2.4560848034972644,0.00015217351773677868,0.00018293072917323225,-0.0026022235136817892,1.2747957208085157,0.0,0.3052247547972867
0.7999999999999999,0.7999999999999999,0.7,-1.2930152392613647,0.01,0.08,2.2439153636841356,0.022439153636841357,0.17951322909473086,0.1795132290947309,0.0038922654906299306,0.003874669750965656,0.003909861230294205,0.000970431141088892,1000,200,200,10000,10000,10000,10000,-1.118901494963697,0.610306046623118,0.942,1.9182402436068975,5.713653947900494e-05,0.00023744163613420387,9.695094786780185e-05,7.213166387822449e-05,5.713653947900494e-05,0.00023744163613420387,9.695094786780185e-05,7.213166387822449e-05,-1.0883593595448977,0.9073835510905547,0.784,2.452697961118223,0.00010244001917983539,0.00017002977047192593,-0.004457905116892173,1.2908435859466536,0.0,0.3046867332451383
0.7999999999999999,0.7999999999999999,0.7166666666666667,-1.3038516730368257,0.01,0.08,2.244809990234062,0.022448099902340618,0.17958479921872494,0.17958479921872494,0.0038386023563810137,0.0038378026028570954,0.003839402109904932,0.0009663006537797128,1000,200,200,10000,10000,10000,10000,-1.13737461564422,0.6285584645216831,0.931,2.063415361814987,6.50658431623244e-05,0.00025951511434897293,9.948275826224427e-05,0.00011119521758396516,6.50658431623244e-05,0.00025951511434897293,9.948275826224427e-05,0.00011119521758396516,-1.1374702020760252,0.9198448727128069,0.766,2.4220287274252477,0.00011065075747045971,0.0001813800232717674,-0.00010803281830668406,1.306050350288637,0.0,0.30556798732607604
0.7999999999999999,0.7999999999999999,0.7333333333333333,-1.3104013908906127,0.01,0.08,2.256639652632652,0.022566396526326523,0.18053117221061218,0.18053117221061218,0.00383696476846709,0.003800935454748535,0.003872994082185645,0.0008750847700469125,1000,200,200,10000,10000,10000,10000,-1.0984790645870908,0.633556231341085,0.931,2.0707226396084266,5.2669779653840966e-05,0.00018283037849714198,7.336937851398278e-05,5.500321985514145e-05,5.2669779653840966e-05,0.00018283037849714198,7.336937851398278e-05,5.500321985514145e-05,-1.1182286936770607,0.858101329663898,0.788,2.4193876580195273,9.397840717327913e-05,0.00012401919068716807,-0.0024665789103206484,1.3101909466000796,0.0,0.30523448706661566
0.7999999999999999,0.7999999999999999,0.75,-1.3125926327433033,0.01,0.08,2.273396251062218,0.02273396251062218,0.18187170008497744,0.18187170008497744,0.003909023395904199,0.003945052709622755,0.003872994082185645,0.0009999504588982665,1000,200,200,10000,10000,10000,10000,-1.1392675459257626,0.5650593121338918,0.927,1.8248330211234933,5.091696009250734e-05,0.0002482956827904987,6.822367555554317e-05,8.162130516999821e-05,5.091696009250734e-05,0.0002482956827904987,6.822367555554317e-05,8.162130516999821e-05,-1.100548565199998,0.8854644460400621,0.776,2.4660722506148924,0.0001021153334864748,0.00014581279966730055,1.1391409048289176e-05,1.3149494531048525,0.0,0.30526616878332796
0.7999999999999999,0.7999999999999999,0.7666666666666666,-1.3104013908906127,0.01,0.08,2.3036786884639016,0.023036786884639015,0.18429429507711212,0.18429429507711212,0.003981919857731315,0.003981919857731315,0.003981919857731315,0.001093738356037177,1000,200,200,10000,10000,10000,10000,-1.1398518698178342,0.5738454846055737,0.915,1.8856798832700086,6.719110492029215e-05,0.00028283542121836514,9.479612826136398e-05,6.124720408139996e-05,6.719110492029215e-05,0.00028283542121836514,9.479612826136398e-05,6.124720408139996e-05,-1.0886124067606195,0.9061281003216994,0.776,2.4831931766559414,0.00013734982163748867,0.00018458021952852098,-0.0003133836620966466,1.3126133218698923,0.0,0.3055722636652644
0.7999999999999999,0.7999999999999999,0.7833333333333333,-1.3038516730368257,0.01,0.08,2.3143649186457758,0.023143649186457758,0.18514919349166206,0.18514919349166206,0.003893942972659047,0.003985350983521723,0.0038025349617963715,0.0010052528937912841,1000,200,200,10000,10000,10000,10000,-1.1218325981599404,0.6040249125405018,0.927,2.0063239326381095,6.546886889241726e-05,0.0002523576666293543,9.459783628383334e-05,0.00010485802593765642,6.546886889241726e-05,0.0002523576666293543,9.459783628383334e-05,0.00010485802593765642,-1.13070230662355,0.8914980653212028,0.796,2.485601725104782,0.00011701649145322507,0.00016414220518068273,-0.0026793777166823074,1.3036815977769174,0.0,0.3054676065154312
0.7999999999999999,0.7999999999999999,0.7999999999999999,-1.2930152392613647,0.01,0.08,2.346020907737615,0.02346020907737615,0.1876816726190092,0.1876816726190092,0.0040196647343450735,0.003981919857731315,0.004057409610958833,0.0011624668414604521,1000,200,200,10000,10000,10000,10000,-1.1208789904937937,0.5847817458561188,0.939,1.8940149831154978,7.517757895429981e-05,0.0003062222762149415,0.00010345517776676056,6.118597792830962e-05,7.517757895429981e-05,0.0003062222762149415,0.00010345517776676056,6.118597792830962e-05,-1.114388815359238,0.8665096963686915,0.792,2.4309298943615647,0.00013808614845805666,0.0001765094331493433,0.0022429367316223994,1.2978764538593603,0.0,0.3052338922802141
0.7999999999999999,0.7999999999999999,0.8166666666666667,-1.2780108158003438,0.01,0.08,2.3727625135100165,0.023727625135100166,0.18982100108080133,0.18982100108080135,0.004037220579894155,0.004055654153948435,0.004018787005839875,0.001263726348627927,1000,200,200,10000,10000,10000,10000,-1.1277704462060107,0.5277821337992689,0.95,1.811345457640773,8.125599338557788e-05,0.00035874470431216537,0.0001114629520328551,9.332304815400036e-05,8.125599338557788e-05,0.00035874470431216537,0.0001114629520328551,9.332304815400036e-05,-1.0843000836437549,0.9109409293075591,0.786,2.497480561648739,0.00016396515709622594,0.00023286088421367352,0.003878031660293985,1.2842500790992672,0.0,0.30511965884268916
0.7999999999999999,0.7999999999999999,0.8333333333333333,-1.259002794257079,0.01,0.08,2.39804086328244,0.023980408632824402,0.19184326906259522,0.19184326906259522,0.004058247445348838,0.004094276759067393,0.004022218131630282,0.0012936148824268384,1000,200,200,10000,10000,10000,10000,-1.0507803645807627,0.5782968527652966,0.932,1.8520222673650941,9.114678427391648e-05,0.00039354827627013857,0.00013236981697613536,0.00010204062543109086,9.114678427391648e-05,0.00039354827627013857,0.00013236981697613536,0.00010204062543109086,-1.0643657579792425,0.9096689695948146,0.786,2.402709390221135,0.0001720544333632337,0.00026938457011043413,-0.004541186629454862,1.256731125331132,0.0,0.305411556019957
0.7999999999999999,0.7999999999999999,0.85,-1.2361994304932824,0.01,0.08,2.435443352211203,0.024354433522112032,0.19483546817689626,0.19483546817689626,0.004076720913518311,0.004057409610958833,0.00409603221607779,0.0012581656406771761,1000,200,200,10000,10000,10000,10000,-1.0703012725215382,0.5808194541905822,0.936,1.9442502938635653,9.290961616620838e-05,0.00035566604531494405,0.00012542273512673293,9.524803331938902e-05,9.290961616620838e-05,0.00035566604531494405,0.00012542273512673293,9.524803331938902e-05,-1.0484617743897562,0.8684916248204763,0.798,2.4437942602446947,0.00017805445565006035,0.0002456597988050698,-0.0009248184192480579,1.2377312881132252,0.0,0.3057665104368133
0.7999999999999999,0.8166666666666667,0.7,-1.2547197885574497,0.01,0.08,2.2454473331112457,0.022454473331112456,0.17963578664889965,0.17963578664889962,0.0038738319165756503,0.003874669750965656,0.003872994082185645,0.0009030386579403123,1000,200,200,10000,10000,10000,10000,-1.0729278683422852,0.6018124672583988,0.937,2.000161665993552,5.1753493783390204e-05,0.00019851325397257272,7.321561687238044e-05,4.074353820562469e-05,5.1753493783390204e-05,0.00019851325397257272,7.321561687238044e-05,4.074353820562469e-05,-1.1039310291915765,0.9227505270524546,0.789,2.512412261059122,0.00010129242466244305,0.00013190538109610997,-0.00015331118218175945,1.2569953165813583,0.0,0.30514951833536313
0.7999999999999999,0.8166666666666667,0.7166666666666667,-1.2655562223329107,0.01,0.08,2.258098444259587,0.022580984442595868,0.18064787554076694,0.18064787554076694,0.0038545605081313646,0.003871318413405634,0.0038378026028570954,0.0008487721931827931,1000,200,200,10000,10000,10000,10000,-1.1000038553419282,0.5661473044397134,0.94,1.96031790812841,4.261779678787078e-05,0.00016334340495328988,5.318055821774736e-05,3.337541045068595e-05,4.261779678787078e-05,0.00016334340495328988,5.318055821774736e-05,3.337541045068595e-05,-1.087131588858143,0.8983410942384996,0.802,2.5115950347174643,8.612688772424778e-05,0.00011449622604565516,-0.0020086839592590488,1.2660392153048199,0.0,0.3047500201787901
0.7999999999999999,0.8166666666666667,0.7333333333333333,-1.2721059401866976,0.01,0.08,2.2835077376441815,0.022835077376441814,0.1826806190115345,0.1826806190115345,0.00394589054401276,0.003872994082185645,0.004018787005839875,0.00110621435834872,1000,200,200,10000,10000,10000,10000,-1.1176615921176947,0.5475354321939081,0.946,1.855508996269074,6.601978063283689e-05,0.00032291769653125415,0.00010007627365805689,0.00011628374264647928,6.601978063283689e-05,0.00032291769653125415,0.00010007627365805689,0.00011628374264647928,-1.1096337842763373,0.9488147950504929,0.771,2.4808287533999307,0.00013524209984417453,0.00022233048912844407,-0.005549061158234643,1.2688620850736387,0.0,0.30587136097760687
0.7999999999999999,0.8166666666666667,0.75,-1.2742971820393885,0.01,0.08,2.2960249609610712,0.02296024960961071,0.1836819968768857,0.1836819968768857,0.0038578737648252994,0.003946728378402766,0.003769019151247833,0.0009352039098225994,1000,200,200,10000,10000,10000,10000,-1.08259917617063,0.6203675955749002,0.916,1.993313298217327,5.533914647651566e-05,0.00020299115260325465,7.647413177994933e-05,5.963103473826914e-05,5.533914647651566e-05,0.00020299115260325465,7.647413177994933e-05,5.963103473826914e-05,-1.103061322088943,0.8658723129866513,0.805,2.444782822052112,0.00010393920134385786,0.00014841169826576383,0.0028202370745773558,1.2793820098346345,0.0,0.30536184271765515
0.7999999999999999,0.8166666666666667,0.7666666666666666,-1.2721059401866976,0.01,0.08,2.315687314600946,0.02315687314600946,0.18525498516807568,0.18525498516807568,0.003909023395904199,0.003872994082185645,0.003945052709622755,0.0010135875170750159,1000,200,200,10000,10000,10000,10000,-1.102922929364484,0.6063624633608957,0.948,2.0381343978026623,6.783271625365428e-05,0.00025252455493319766,9.10554076592477e-05,5.516289406577034e-05,6.783271625365428e-05,0.00025252455493319766,9.10554076592477e-05,5.516289406577034e-05,-1.0862242121000225,0.8581570539656395,0.792,2.423084784442686,0.00011869546388695202,0.00016334444854036948,0.004096709752297082,1.2785058043126127,0.0,0.3062397867866178
0.7999999999999999,0.8166666666666667,0.7833333333333333,-1.2655562223329107,0.01,0.08,2.3467178601673506,0.023467178601673508,0.18773742881338806,0.18773742881338806,0.004038098308399353,0.004057409610958833,0.004018787005839875,0.0011550930165914587,1000,200,200,10000,10000,10000,10000,-1.0961482479247944,0.6222415768168468,0.931,1.9717969051089566,8.228162428044804e-05,0.00030748195288557797,0.00011971861615576025,7.19383512390938e-05,8.228162428044804e-05,0.00030748195288557797,0.00011971861615576025,7.19383512390938e-05,-1.1077939469717883,0.8751887235628688,0.792,2.4453503089260327,0.00014845415256124284,0.0002137526388267232,0.002014161929782527,1.270013651837911,0.0,0.30541374621743544
0.7999999999999999,0.8166666666666667,0.7999999999999999,-1.25471978855745,0.01,0.08,2.3785088210355876,0.023785088210355878,0.19028070568284702,0.19028070568284702,0.0040196647343450735,0.003981919857731315,0.004057409610958833,0.0012960692099197775,1000,200,200,10000,10000,10000,10000,-1.102977136539018,0.5771276517314267,0.94,1.8452627949017857,8.954443970175523e-05,0.00038970643961276847,0.00012280568039217823,7.843812718245236e-05,8.954443970175523e-05,0.00038970643961276847,0.00012280568039217823,7.843812718245236e-05,-0.9725598418952999,0.9237476802135552,0.792,2.512072908430069,0.00017116152300118036,0.0002389808230690657,-0.00101188905152972,1.2561363875325366,0.0,0.30593139536197844
0.7999999999999999,0.8166666666666667,0.8166666666666667,-1.2397153650964288,0.01,0.08,2.4031447013082756,0.024031447013082758,0.19225157610466206,0.19225157610466206,0.004076762707221831,0.004018787005839875,0.004134738408603788,0.0012339540017155318,1000,200,200,10000,10000,10000,10000,-1.0825009954147973,0.5620086053704949,0.943,1.8673428834303964,8.248949751847922e-05,0.000331527531959872,0.00011249389686079221,0.00010155284228139766,8.248949751847922e-05,0.000331527531959872,0.00011249389686079221,0.00010155284228139766,-1.104837634362351,0.8648685975492918,0.805,2.4307123898966454,0.0001642721946980509,0.0002477802216647135,0.0008838007887978099,1.2431111561629609,0.0,0.3043029833404104
0.7999999999999999,0.8166666666666667,0.8333333333333333,-1.220707343553164,0.01,0.08,2.4351152381214036,0.024351152381214037,0.1948092190497123,0.1948092190497123,0.004038976036904552,0.004057409610958833,0.004020542462850272,0.0011684884637574507,1000,200,200,10000,10000,10000,10000,-1.0498814528912543,0.5906060100201181,0.929,1.923591476784122,7.723234960830545e-05,0.00027696971114038633,9.522665655707108e-05,5.996047638090449e-05,7.723234960830545e-05,0.00027696971114038633,9.522665655707108e-05,5.996047638090449e-05,-1.0886661147069212,0.8488602132008295,0.798,2.3966811399951458,0.00014904569988327725,0.00019193308925358475,0.00024253612529620436,1.2234213571071508,0.0,0.3056354049003016
0.7999999999999999,0.8166666666666667,0.85,-1.1979039797893674,0.01,0.08,2.463757144858304,0.024637571448583043,0.19710057158866434,0.19710057158866431,0.0041558907456193585,0.004094276759067393,0.004217504732171323,0.0014484379172950194,1000,200,200,10000,10000,10000,10000,-1.0538455238915727,0.5398479719341053,0.949,1.8496784847712529,0.00011150539964502578,0.0004937635054660994,0.0001597447179871288,0.0002511601339821037,0.00011150539964502578,0.0004937635054660994,0.0001597447179871288,0.0002511601339821037,-1.0432558939018028,0.891819970342706,0.796,2.513704565534617,0.0002237925111817164,0.000335332506410897,-0.0037101318735734204,1.1968593782567567,0.0,0.30589563169961576
0.7999999999999999,0.8333333333333333,0.7,-1.2172653291825637,0.01,0.08,2.250267945152671,0.02250267945152671,0.18002143561221368,0.18002143561221368,0.0038603890812444214,0.0038410777786849425,0.0038797003838039004,0.0009742277381205695,1000,200,200,10000,10000,10000,10000,-1.0478718280802304,0.5997724974104027,0.931,1.947977192123045,5.944373426268846e-05,0.0002340439376412795,9.108161682468582e-05,7.099650717456397e-05,5.944373426268846e-05,0.0002340439376412795,9.108161682468582e-05,7.099650717456397e-05,-1.0777661559427372,0.9197555764767985,0.789,2.4744304875110754,0.0001120977314573945,0.0002450591249315936,0.001801568171883057,1.2214808487807838,0.0,0.3047670883303278
0.7999999999999999,0.8333333333333333,0.7166666666666667,-1.2281017629580249,0.01,0.08,2.271518459536042,0.02271518459536042,0.18172147676288336,0.18172147676288333,0.0038571139054165743,0.003802611123528546,0.003911616687304603,0.000989504410039124,1000,200,200,10000,10000,10000,10000,-1.106021155204318,0.6067967003338991,0.944,2.0064502884546536,6.580021104112766e-05,0.0002629900708026179,0.00010701847079301546,0.00010341322251847556,6.580021104112766e-05,0.0002629900708026179,0.00010701847079301546,0.00010341322251847556,-1.0539001329571525,0.8836266088391523,0.793,2.4514618440712246,0.00011505146938129961,0.00016866601177974695,-0.007153744464254636,1.223568943649152,0.0,0.3052561285857414
0.7999999999999999,0.8333333333333333,0.7333333333333333,-1.2346514808118116,0.01,0.08,2.290695394149675,0.02290695394149675,0.183255631531974,0.183255631531974,0.003822722179611943,0.0038042106305763825,0.0038412337286475038,0.0009410273917558412,1000,200,200,10000,10000,10000,10000,-1.048653444147028,0.6202992867284975,0.932,2.0482708236916674,5.633450512444527e-05,0.00021343670580669478,7.314720455502888e-05,7.829512483984101e-05,5.633450512444527e-05,0.00021343670580669478,7.314720455502888e-05,7.829512483984101e-05,-1.0468335832820341,0.8650275908296192,0.81,2.457630171802313,9.914757423960184e-05,0.00013457440292916843,-0.00814463684615137,1.229023132651538,0.0,0.30542720790753575
0.7999999999999999,0.8333333333333333,0.75,-1.2368427226645027,0.01,0.08,2.335043156540011,0.02335043156540011,0.18680345252320088,0.18680345252320085,0.0039643241180670405,0.003981919857731315,0.003946728378402766,0.0009570086978643791,1000,200,200,10000,10000,10000,10000,-1.0705481638769547,0.6057466150601128,0.928,1.989643677123632,5.931932533627709e-05,0.00021412397772565997,9.204134236039224e-05,7.207148737576561e-05,5.931932533627709e-05,0.00021412397772565997,9.204134236039224e-05,7.207148737576561e-05,-1.0773169290296143,0.8717905905978627,0.805,2.435974431274498,0.0001099860961379336,0.00015698998270766552,0.002314662837362909,1.2415688529991773,0.0,0.3040860444123125
0.7999999999999999,0.8333333333333333,0.7666666666666666,-1.2346514808118116,0.01,0.08,2.3479745156333736,0.023479745156333737,0.1878379612506699,0.1878379612506699,0.004096951738286508,0.00413289936418635,0.004061004112386667,0.0013094257059122886,1000,200,200,10000,10000,10000,10000,-1.078232396196207,0.5683459740817676,0.932,1.827376646263219,8.788663153586908e-05,0.00044532827041297905,0.0001284289306947513,0.00022532770098373646,8.788663153586908e-05,0.00044532827041297905,0.0001284289306947513,0.00022532770098373646,-1.0394159500572593,0.8846128868712876,0.788,2.4358748331805637,0.000162203518033952,0.0002635426892695968,0.0007177520496078976,1.2379331607085509,0.0,0.30623276281821055
0.7999999999999999,0.8333333333333333,0.7833333333333333,-1.2281017629580249,0.01,0.08,2.369881242103621,0.023698812421036212,0.1895904993682897,0.1895904993682897,0.004056531882453634,0.004094276759067393,0.004018787005839875,0.001092399941955325,1000,200,200,10000,10000,10000,10000,-1.008774885785516,0.606541029766581,0.939,1.9723800427263958,7.351957196032627e-05,0.00025832512501845344,9.926166391821185e-05,5.581797824130436e-05,7.351957196032627e-05,0.00025832512501845344,9.926166391821185e-05,5.581797824130436e-05,-0.9894880379463048,0.8843108377727621,0.804,2.4771452939510414,0.00013651346752918174,0.00018388363477345903,-0.007260332070365567,1.2233545867837587,0.0,0.30485224208630507
0.7999999999999999,0.8333333333333333,0.7999999999999999,-1.2172653291825641,0.01,0.08,2.403206480819115,0.02403206480819115,0.1922565184655292,0.19225651846552924,0.004057409610958833,0.004057409610958833,0.004057409610958833,0.0011759825651625575,1000,200,200,10000,10000,10000,10000,-1.0371398372338263,0.5575022907219738,0.939,1.8615462975681463,7.388245150076372e-05,0.0003040239944452096,9.800099122665472e-05,8.862678137315212e-05,7.388245150076372e-05,0.0003040239944452096,9.800099122665472e-05,8.862678137315212e-05,-1.069215717408811,0.8764036201012514,0.792,2.4469437580309306,0.00015709270244527494,0.00023302600803585218,-0.0014058533975201757,1.218496467588989,0.0,0.3058155733651833
0.7999999999999999,0.8333333333333333,0.8166666666666667,-1.202260905721543,0.01,0.08,2.433462074768367,0.02433462074768367,0.19467696598146936,0.19467696598146939,0.004038976036904553,0.004094276759067393,0.003983675314741713,0.0013347606959351324,1000,200,200,10000,10000,10000,10000,-1.029197369755036,0.6068243247473525,0.938,1.9764888667613278,0.00011104699226011425,0.0004435989009647166,0.00015778648785181004,0.00010766502535031662,0.00011104699226011425,0.0004435989009647166,0.00015778648785181004,0.00010766502535031662,-1.008852930796878,0.9152299539436032,0.797,2.468605237182889,0.00018883824702247632,0.00023361277500489596,0.0016353991889619625,1.2063117464309627,0.0,0.30603225050236926
0.7999999999999999,0.8333333333333333,0.8333333333333333,-1.1832528841782781,0.01,0.08,2.4672567411958326,0.024672567411958328,0.19738053929566662,0.1973805392956666,0.0041540079174597466,0.0041346548211967475,0.004173361013722746,0.0012488489895302085,1000,200,200,10000,10000,10000,10000,-0.9871250089434789,0.5786744279155084,0.923,1.9424566459066532,8.977349771109949e-05,0.0003348577095187356,0.00011230862025064987,0.00010093078603441469,8.977349771109949e-05,0.0003348577095187356,0.00011230862025064987,0.00010093078603441469,-0.9758687698196753,0.8746945397939216,0.797,2.4678600639384682,0.00017323880730279196,0.00021992087548457505,-0.0019291746153602873,1.1839105887631425,0.0,0.30553621191143476
0.7999999999999999,0.8333333333333333,0.85,-1.1604495204144816,0.01,0.08,2.4985392844359287,0.024985392844359286,0.1998831427548743,0.19988314275487432,0.004136493865614184,0.004136493865614185,0.004136493865614184,0.0013117103701619794,1000,200,200,10000,10000,10000,10000,-1.0244379393197693,0.5697675072154847,0.955,1.9596905811545187,0.00010101032973311357,0.0003729163245136497,0.00012752469627687275,8.176962337546049e-05,0.00010101032973311357,0.0003729163245136497,0.00012752469627687275,8.176962337546049e-05,-1.0105669788112075,0.8435633383488432,0.804,2.468154449885546,0.00018978692197839118,0.0002648123111953143,-0.0009193963479259622,1.1620265949427324,0.0,0.3058086256058693
0.7999999999999999,0.85,0.7,-1.1810622200314682,0.01,0.08,2.269503614130456,0.02269503614130456,0.18156028913043648,0.1815602891304365,0.003909901124409398,0.003908185561514194,0.003911616687304603,0.0009558694721580076,1000,200,200,10000,10000,10000,10000,-1.0215961700066332,0.6075901548951335,0.938,1.9784100412509193,5.6088950168714124e-05,0.00025897680661198213,8.273907557727563e-05,0.00010190073284671256,5.6088950168714124e-05,0.00025897680661198213,8.273907557727563e-05,0.00010190073284671256,-0.9909723602144748,0.9382903294003021,0.787,2.518503332668617,0.00011279869081701877,0.00019170909558245924,-0.008928594612315762,1.1747226448143893,0.0,0.3048541723913813
0.7999999999999999,0.85,0.7166666666666667,-1.1918986538069292,0.01,0.08,2.2936267624720617,0.022936267624720615,0.18349014099776492,0.18349014099776492,0.003965201846572239,0.004020542462850272,0.003909861230294205,0.001039879399758312,1000,200,200,10000,10000,10000,10000,-1.0145800476092444,0.6234936375743205,0.955,2.0247960591920977,6.923416207771196e-05,0.0003049065025448976,0.00010374560167550912,0.00011379928689826979,6.923416207771196e-05,0.0003049065025448976,0.00010374560167550912,0.00011379928689826979,-1.0155974416870717,0.9124290417375706,0.794,2.5575815920555707,0.0001311263152855722,0.00019622540224455075,0.004850113895742619,1.1993332453879924,0.0,0.30522780105641306
0.7999999999999999,0.85,0.7333333333333333,-1.1984483716607162,0.01,0.08,2.324018723220818,0.023240187232208182,0.18592149785766546,0.18592149785766546,0.003963486283677035,0.003981919857731315,0.003945052709622755,0.0010770252792472658,1000,200,200,10000,10000,10000,10000,-1.019093180566229,0.5692185410558644,0.95,1.9149996298032819,6.698605077312126e-05,0.00028753879044892235,9.490677234299201e-05,0.00010102664345233732,6.698605077312126e-05,0.00028753879044892235,9.490677234299201e-05,0.00010102664345233732,-1.0120978014772406,0.8913011060537074,0.771,2.4503168332704086,0.00012037040777440288,0.00016733602151124518,0.00476926041606364,1.2056748998272935,0.0,0.30520845282452397
0.7999999999999999,0.85,0.75,-1.2006396135134068,0.01,0.08,2.355108781197253,0.023551087811972533,0.18840870249578026,0.1884087024957803,0.0040196647343450735,0.004057409610958833,0.003981919857731315,0.0011848806391741205,1000,200,200,10000,10000,10000,10000,-1.079089401281666,0.5520900674884803,0.945,1.926392754669885,8.089397631357962e-05,0.00034741906634716167,0.00011463868249624625,7.340895622219733e-05,8.089397631357962e-05,0.00034741906634716167,0.00011463868249624625,7.340895622219733e-05,-1.0192147142118109,0.9381807107198639,0.768,2.484497390483133,0.0001595344806215046,0.00023555547570819005,-0.00450560210711904,1.1988400563377763,0.0,0.30579537579587696
0.7999999999999999,0.85,0.7666666666666666,-1.1984483716607162,0.01,0.08,2.386740465537695,0.023867404655376952,0.19093923724301562,0.19093923724301562,0.004039853765409751,0.00409603221607779,0.003983675314741713,0.0011434856246409987,1000,200,200,10000,10000,10000,10000,-1.030165042151508,0.6092406400672093,0.942,2.0424201077650195,8.552493462435297e-05,0.0003097847936313533,0.00010555327767356155,6.845032835657366e-05,8.552493462435297e-05,0.0003097847936313533,0.00010555327767356155,6.845032835657366e-05,-1.0214431084449278,0.9151697242408662,0.797,2.4613822983610896,0.00016120889418984322,0.00022697775624042215,-0.001076388975323877,1.1998787229089116,0.0,0.3052422663742171
0.7999999999999999,0.85,0.7833333333333333,-1.1918986538069292,0.01,0.08,2.4004842330470337,0.024004842330470337,0.1920387386437627,0.1920387386437627,0.004076720913518311,0.00413289936418635,0.004020542462850272,0.0012090791081090266,1000,200,200,10000,10000,10000,10000,-1.0155595865413922,0.5925406705200589,0.941,1.9503347506445121,8.939386504576046e-05,0.0003617023152187017,0.00013832775187348653,0.0001200122870842486,8.939386504576046e-05,0.0003617023152187017,0.00013832775187348653,0.0001200122870842486,-1.05146750749697,0.919983608594755,0.78,2.4919166782324513,0.0001647469880288419,0.00023193657973807422,-0.005362805683505279,1.188942762011368,0.0,0.3058267907490157
0.7999999999999999,0.85,0.7999999999999999,-1.1810622200314682,0.01,0.08,2.424028415919974,0.024240284159199738,0.1939222732735979,0.19392227327359787,0.00413289936418635,0.004171521969305307,0.004094276759067393,0.0013290948457474214,1000,200,200,10000,10000,10000,10000,-1.0523609371068048,0.5807062448403435,0.946,1.9103950397234997,0.00010109330784019197,0.00041261101332516455,0.00013877817412995697,0.00012411302223321838,0.00010109330784019197,0.00041261101332516455,0.00013877817412995697,0.00012411302223321838,-1.0233533916971678,0.9032179683685049,0.802,2.5300215461965316,0.0001911265298863616,0.0002557984049763055,-0.003442927054539537,1.18034514536461,0.0,0.305663181871806
0.7999999999999999,0.85,0.8166666666666667,-1.1660577965704473,0.01,0.08,2.455704254478257,0.02455704254478257,0.19645634035826057,0.19645634035826057,0.004171521969305308,0.004210144574424266,0.00413289936418635,0.0014040056181016856,1000,200,200,10000,10000,10000,10000,-1.0291808306259669,0.5530355663679956,0.945,1.8413125869440072,0.00010234240198537227,0.0004668415366323427,0.00014483734861632733,0.00013583697149389994,0.00010234240198537227,0.0004668415366323427,0.00014483734861632733,0.00013583697149389994,-1.0052137713182097,0.8800836771885752,0.803,2.5389333434201315,0.0002149132906858596,0.00029159859217931015,0.0011599900216003392,1.1698333351201187,0.0,0.30593232059258774
0.7999999999999999,0.85,0.8333333333333333,-1.1470497750271824,0.01,0.08,2.4864701021616,0.024864701021616,0.198917608172928,0.198917608172928,0.004211983618841703,0.004211983618841703,0.004211983618841702,0.0013528353448017763,1000,200,200,10000,10000,10000,10000,-1.00361945424919,0.5699668558714687,0.962,1.9099834463354817,0.00010284855610834946,0.0004028637985271999,0.00013468971528521545,8.840097753896494e-05,0.00010284855610834946,0.0004028637985271999,0.00013468971528521545,8.840097753896494e-05,-0.9758206757462549,0.8804601833155975,0.789,2.4744423028873648,0.00019739138061945703,0.00025154267596252255,-0.0036647856268470255,1.145886994845118,0.0,0.30509987705170316
0.7999999999999999,0.85,0.85,-1.1242464112633859,0.01,0.08,2.524367441988555,0.02524367441988555,0.2019493953590844,0.20194939535908443,0.004211064096632985,0.0042506062239606604,0.004171521969305309,0.0014544482023065377,1000,200,200,10000,10000,10000,10000,-0.9757020592391765,0.5492078849584944,0.947,1.8651056172340166,0.00011371540354828874,0.00047271139709201737,0.00016609896069405466,9.847937378916577e-05,0.00011371540354828874,0.00047271139709201737,0.00016609896069405466,9.847937378916577e-05,-0.9438036429733804,0.9136577567079487,0.792,2.5101935868240055,0.00022287670519339708,0.0002862491219966543,-0.004287804994934866,1.1228321462404514,0.0,0.3044658459699812
0.8166666666666667,0.7,0.7,-1.505510376602544,0.01,0.08,2.142855997065584,0.02142855997065584,0.17142847976524672,0.17142847976524675,0.003734627425443202,0.003805886299356393,0.0036633685515300106,0.0007056140100109244,1000,200,200,10000,10000,10000,10000,-1.3083400476401592,0.6813427990420208,0.915,2.164904451894685,3.876811225238314e-05,0.00014006222908937346,5.814922216522847e-05,3.662911858771892e-05,3.876811225238314e-05,0.00014006222908937346,5.814922216522847e-05,3.662911858771892e-05,-1.3006184610979596,0.9630352351795299,0.747,2.517043453195453,7.21784895016267e-05,0.00010852265542623633,0.00015446587561686193,1.5077340234915084,0.0,0.3047755232142384
0.8166666666666667,0.7,0.7166666666666667,-1.516346810378005,0.01,0.08,2.1473902093577353,0.021473902093577354,0.17179121674861883,0.17179121674861883,0.0038017732891385404,0.003800935454748535,0.003802611123528546,0.0007142178451454546,1000,200,200,10000,10000,10000,10000,-1.368303310716802,0.6298500750046518,0.913,2.1021681007765642,3.7025698150125336e-05,0.00014908744517568741,5.7836294791498476e-05,8.638294217338631e-05,3.7025698150125336e-05,0.00014908744517568741,5.7836294791498476e-05,8.638294217338631e-05,-1.3589126979572466,0.9554091457630229,0.762,2.519184068050792,6.43646367963584e-05,9.8493223613039e-05,-0.002570333320947246,1.515747845950876,0.0,0.3067027978360543
0.8166666666666667,0.7,0.7333333333333333,-1.522896528231792,0.01,0.08,2.1768202750374073,0.021768202750374072,0.17414562200299258,0.1741456220029926,0.003803372796186377,0.003839402109904932,0.003767343482467822,0.0008175792268508876,1000,200,200,10000,10000,10000,10000,-1.3231185120569766,0.6531052999592062,0.894,1.975140362381706,4.253406803335289e-05,0.00017798682885052013,6.546274056456229e-05,6.474399818470919e-05,4.253406803335289e-05,0.00017798682885052013,6.546274056456229e-05,6.474399818470919e-05,-1.315795698951689,0.918859184213506,0.78,2.441364430284208,7.73864297148385e-05,0.00011346277350894664,-0.0028636752573608986,1.5221563632580433,0.0,0.30503428018457757
0.8166666666666667,0.7,0.75,-1.5250877700844825,0.01,0.08,2.189839710525109,0.021898397105251093,0.17518717684200874,0.17518717684200874,0.0037329898375292785,0.0036633685515300106,0.003802611123528546,0.0007550703795238487,1000,200,200,10000,10000,10000,10000,-1.335033727973899,0.7033816747930367,0.902,2.2448022103718404,4.789518380585444e-05,0.00016833538968508347,7.262586716016279e-05,5.0075390300610236e-05,4.789518380585444e-05,0.00016833538968508347,7.262586716016279e-05,5.0075390300610236e-05,-1.2941080980113002,0.9936931621424391,0.756,2.5123055934177416,8.740361158881475e-05,0.00013990045425995445,0.002128195416324124,1.5292813087854045,0.0,0.30592415706741033
0.8166666666666667,0.7,0.7666666666666666,-1.522896528231792,0.01,0.08,2.1959717885917778,0.021959717885917777,0.17567774308734221,0.17567774308734221,0.0038922274097638434,0.003945052709622755,0.0038394021099049324,0.0009361978049627538,1000,200,200,10000,10000,10000,10000,-1.3648330846580181,0.5631938432639932,0.907,1.8951350056840963,4.988411257840358e-05,0.00021637851364758555,6.964951812687955e-05,7.638696532670526e-05,4.988411257840358e-05,0.00021637851364758555,6.964951812687955e-05,7.638696532670526e-05,-1.2973261848683177,0.942972871615363,0.744,2.3695556348058515,7.886945563714389e-05,0.00011698620685037009,-0.007975621430899511,1.5168920680383762,0.0,0.3056750539306433
0.8166666666666667,0.7,0.7833333333333333,-1.516346810378005,0.01,0.08,2.243996913935231,0.02243996913935231,0.1795197531148185,0.1795197531148185,0.003840278025161025,0.003805886299356394,0.003874669750965656,0.0009397768278106023,1000,200,200,10000,10000,10000,10000,-1.3245103111447154,0.599884073982082,0.918,2.0166252289544513,5.7492850838130465e-05,0.00022967700829211853,7.728503747382285e-05,6.738957474979432e-05,5.7492850838130465e-05,0.00022967700829211853,7.728503747382285e-05,6.738957474979432e-05,-1.3366688447238446,0.9293364353602966,0.763,2.4632212327594836,0.00011098840375723427,0.00018111579260129542,0.0003655488808416404,1.518703488827092,0.0,0.30543086504014094
0.8166666666666667,0.7,0.7999999999999999,-1.505510376602544,0.01,0.08,2.2759561912684934,0.022759561912684936,0.18207649530147949,0.18207649530147949,0.00392745696995848,0.003908185561514194,0.003946728378402766,0.0009453903577530769,1000,200,200,10000,10000,10000,10000,-1.3215736371285312,0.6044099785842538,0.923,2.02975940939328,5.768401040284034e-05,0.00022830669911467466,7.638271181433142e-05,5.3568045669303726e-05,5.768401040284034e-05,0.00022830669911467466,7.638271181433142e-05,5.3568045669303726e-05,-1.3166897438462628,0.8777691537394335,0.804,2.4951835403275133,0.00010943914453275768,0.0001492705295652225,0.00026679601985398583,1.507909817842147,0.0,0.3051717545874808
0.8166666666666667,0.7,0.8166666666666667,-1.490505953141523,0.01,0.08,2.2999675131214317,0.022999675131214318,0.18399740104971454,0.18399740104971454,0.0039651619524570456,0.003946728378402766,0.003983595526511325,0.0010478107005395788,1000,200,200,10000,10000,10000,10000,-1.2869179816691458,0.6318629147729588,0.885,1.9827354007338307,6.833821730541513e-05,0.00027075624267526734,0.00010139394179983264,0.00012408448549808702,6.833821730541513e-05,0.00027075624267526734,0.00010139394179983264,0.00012408448549808702,-1.2824850522379867,0.8767609860912056,0.796,2.4388757862452706,0.00011691216113060037,0.00016254298732124473,-0.002891358768670674,1.489699817830771,0.0,0.3045733101741472
0.8166666666666667,0.7,0.8333333333333333,-1.4714979315982581,0.01,0.08,2.331370198964203,0.02331370198964203,0.18650961591713625,0.18650961591713625,0.0039467682725179585,0.004020542462850272,0.003872994082185645,0.001106686425216369,1000,200,200,10000,10000,10000,10000,-1.2708479542384798,0.5799058656894289,0.899,1.9152561527931315,6.890010372379226e-05,0.00028787466391066074,9.152339274854655e-05,9.30990671932062e-05,6.890010372379226e-05,0.00028787466391066074,9.152339274854655e-05,9.30990671932062e-05,-1.268514060736391,0.9215285169898493,0.787,2.510446551879956,0.00013747291603985224,0.0001808556530252459,0.00255335190623927,1.476009155699521,0.0,0.30513402762661873
0.8166666666666667,0.7,0.85,-1.4486945678344616,0.01,0.08,2.3526398753880713,0.023526398753880712,0.1882111900310457,0.1882111900310457,0.003945890544012761,0.003946728378402766,0.003945052709622755,0.0011712265183893623,1000,200,200,10000,10000,10000,10000,-1.265672379814163,0.5894005231657486,0.926,1.9588476071900236,8.279756072920752e-05,0.00035560422604996274,0.00011014671319490751,8.624720323650243e-05,8.279756072920752e-05,0.00035560422604996274,0.00011014671319490751,8.624720323650243e-05,-1.3354355069056478,0.8901973121918826,0.796,2.4691596836537784,0.00015610076081126986,0.00022185958970866352,0.0005462601744262263,1.4513209346504803,0.0,0.3046964528819243
0.8166666666666667,0.7166666666666667,0.7,-1.470693001355758,0.01,0.08,2.1521865614745987,0.021521865614745988,0.1721749249179679,0.1721749249179679,0.003697760277334642,0.0036633685515300106,0.0037321520031392726,0.000717817156142218,1000,200,200,10000,10000,10000,10000,-1.3031244500784602,0.668015063488298,0.901,2.1149170872922274,3.905416358188193e-05,0.0001485621652450758,7.298496725968979e-05,5.3179869959349866e-05,3.905416358188193e-05,0.0001485621652450758,7.298496725968979e-05,5.3179869959349866e-05,-1.1924610897346632,0.9792088196013684,0.764,2.518937364211076,6.689010900283686e-05,9.497761766955507e-05,0.0018345439505846823,1.4746685618851816,0.0,0.30584595729639413
0.8166666666666667,0.7166666666666667,0.7166666666666667,-1.481529435131219,0.01,0.08,2.1712026326745892,0.021712026326745893,0.17369621061396714,0.17369621061396714,0.0037321520031392726,0.0036985600308585597,0.0037657439754199854,0.0007578073828255064,1000,200,200,10000,10000,10000,10000,-1.3118539527759268,0.6250236664466533,0.906,2.018902289027043,3.855301168149196e-05,0.0001476590705566815,5.895053463615839e-05,6.190085951453737e-05,3.855301168149196e-05,0.0001476590705566815,5.895053463615839e-05,6.190085951453737e-05,-1.2418157064815922,0.8900660757353993,0.776,2.4102659523820202,6.836246158909799e-05,0.00010622717253500643,0.0033987236994821412,1.487094497054788,0.0,0.3044317862420596
0.8166666666666667,0.7166666666666667,0.7333333333333333,-1.488079152985006,0.01,0.08,2.185967414619382,0.021859674146193823,0.1748773931695506,0.1748773931695506,0.0038185311944128096,0.0038361269340770844,0.003800935454748535,0.0008998343982184704,1000,200,200,10000,10000,10000,10000,-1.3014632129056671,0.6422352092230973,0.912,2.027146555230886,5.2989457681668535e-05,0.00023005483222061503,7.823354783248526e-05,8.013050530264983e-05,5.2989457681668535e-05,0.00023005483222061503,7.823354783248526e-05,8.013050530264983e-05,-1.2730467150564535,0.9530258985549231,0.768,2.485757240883719,9.584940688737125e-05,0.00014664113237875288,6.536872223505352e-05,1.4902236603254897,0.0,0.3059125746175904
0.8166666666666667,0.7166666666666667,0.75,-1.4902703948376967,0.01,0.08,2.2231040022463295,0.022231040022463296,0.17784832017970637,0.1778483201797064,0.0038378026028570954,0.003800935454748535,0.003874669750965656,0.0008552692366976817,1000,200,200,10000,10000,10000,10000,-1.3010282341773691,0.6423414922550701,0.915,2.0266849984283093,4.7250252185422776e-05,0.00019319802540219877,6.618084912771418e-05,7.482712476233696e-05,4.7250252185422776e-05,0.00019319802540219877,6.618084912771418e-05,7.482712476233696e-05,-1.329472401720003,0.8646690701351605,0.792,2.452312450460051,9.122042232585099e-05,0.00015329497169452386,0.0023361510463512486,1.4950062149650023,0.0,0.30592034785403116
0.8166666666666667,0.7166666666666667,0.7666666666666666,-1.488079152985006,0.01,0.08,2.240745797513212,0.02240745797513212,0.17925966380105696,0.17925966380105696,0.0038545605081313646,0.003872994082185645,0.0038361269340770844,0.0009602064695948293,1000,200,200,10000,10000,10000,10000,-1.2853817440777897,0.6319411166680123,0.92,1.9776609400788434,5.749270347902412e-05,0.0002355737807646908,8.053612675025523e-05,4.9075446494869696e-05,5.749270347902412e-05,0.0002355737807646908,8.053612675025523e-05,4.9075446494869696e-05,-1.2774671869538743,0.9430311603603277,0.766,2.4272293342174978,0.00010474727852117793,0.00015510481576549572,0.002968509121143639,1.4929068483818155,0.0,0.30575715330857367
0.8166666666666667,0.7166666666666667,0.7833333333333333,-1.481529435131219,0.01,0.08,2.2635021364543615,0.022635021364543616,0.18108017091634893,0.18108017091634893,0.0038905898218499196,0.003872994082185645,0.003908185561514194,0.0011718220913947267,1000,200,200,10000,10000,10000,10000,-1.2891863106568389,0.6171482083765427,0.907,1.9110194113846435,8.070446020566736e-05,0.00037637835392353454,0.000128032544921265,0.00013194032483271586,8.070446020566736e-05,0.00037637835392353454,0.000128032544921265,0.00013194032483271586,-1.2498088696218523,0.9329717716636775,0.773,2.4567139291899163,0.0001331512557347886,0.00019582327619365304,-0.00194310818859496,1.4816888593724575,0.0,0.3050862965829657
0.8166666666666667,0.7166666666666667,0.7999999999999999,-1.4706930013557582,0.01,0.08,2.279753432584681,0.02279753432584681,0.18238027460677447,0.1823802746067745,0.0039476061069079645,0.003985350983521723,0.003909861230294205,0.0010668207316328522,1000,200,200,10000,10000,10000,10000,-1.2936754600240161,0.5811912991253557,0.915,1.9018446415833155,6.74095289306572e-05,0.00028307865755796595,0.00010748130603485197,8.059473282259356e-05,6.74095289306572e-05,0.00028307865755796595,0.00010748130603485197,8.059473282259356e-05,-1.2210105542070087,0.9194278415876468,0.757,2.403324067483342,0.00011564355994327593,0.00018165627732317046,0.0009476686017518825,1.4735936814919484,0.0,0.30435577922931445
0.8166666666666667,0.7166666666666667,0.8166666666666667,-1.455688577894737,0.01,0.08,2.321247303275709,0.02321247303275709,0.18569978426205672,0.18569978426205672,0.004002068994680799,0.004018787005839875,0.003985350983521723,0.0011043968192090393,1000,200,200,10000,10000,10000,10000,-1.2577858679681149,0.6157833671012092,0.917,1.9774680070708726,7.546485162481037e-05,0.0002834674051754467,9.973857528704417e-05,5.315934670129269e-05,7.546485162481037e-05,0.0002834674051754467,9.973857528704417e-05,5.315934670129269e-05,-1.2101230915205323,0.9050188194543093,0.79,2.4192553158606485,0.00013035071095824702,0.0001744219173149946,0.0034631187505499046,1.4613917838304855,0.0,0.3057695059256973
0.8166666666666667,0.7166666666666667,0.8333333333333333,-1.4366805563514722,0.01,0.08,2.340197814866764,0.02340197814866764,0.18721582518934113,0.18721582518934113,0.0039643241180670405,0.003981919857731315,0.003946728378402766,0.0010955696702116653,1000,200,200,10000,10000,10000,10000,-1.2439377959839741,0.60337944983806,0.905,1.9593343230824962,7.2351697498581e-05,0.00029593385630859756,9.730140989801693e-05,0.00011868954370422962,7.2351697498581e-05,0.00029593385630859756,9.730140989801693e-05,0.00011868954370422962,-1.2439095629866532,0.880333112407343,0.794,2.4478349750445227,0.00013510851073764737,0.00017960085211176995,-0.0015784233281599862,1.4372451998115316,0.0,0.3053111545159885
0.8166666666666667,0.7166666666666667,0.85,-1.4138771925876756,0.01,0.08,2.372120475958423,0.02372120475958423,0.18976963807667385,0.18976963807667382,0.004003824451691196,0.00409603221607779,0.003911616687304603,0.0010967411097312515,1000,200,200,10000,10000,10000,10000,-1.2530146617192206,0.5977683058795966,0.912,2.034161804557125,7.867225893648445e-05,0.00028898815004743103,0.00010903007264867111,8.312321497936276e-05,7.867225893648445e-05,0.00028898815004743103,0.00010903007264867111,8.312321497936276e-05,-1.2221439976199413,0.9244054706380774,0.783,2.5285212832996806,0.00014485289869350834,0.00020815042914214783,0.0006644109083802045,1.4167295818516719,0.0,0.3056178278304755
0.8166666666666667,0.7333333333333333,0.7,-1.4339393907149915,0.01,0.08,2.176531434609749,0.02176531434609749,0.1741225147687799,0.1741225147687799,0.0037153560169989166,0.0037321520031392734,0.00369856003085856,0.0008121880799312437,1000,200,200,10000,10000,10000,10000,-1.2688062823696367,0.6609353669193809,0.922,2.148483308847441,4.9783988439166936e-05,0.00019209775104211938,7.827307848242472e-05,9.357287475591276e-05,4.9783988439166936e-05,0.00019209775104211938,7.827307848242472e-05,9.357287475591276e-05,-1.264447035239493,0.9250427944759552,0.762,2.459720396437785,8.207879927109158e-05,0.00012387848260651943,-0.0007749254049132742,1.435348604092522,0.0,0.305932915102383
0.8166666666666667,0.7333333333333333,0.7166666666666667,-1.4447758244904523,0.01,0.08,2.1738706564674133,0.021738706564674134,0.17390965251739307,0.17390965251739307,0.0038361269340770844,0.0038361269340770844,0.0038361269340770844,0.0008852394893541527,1000,200,200,10000,10000,10000,10000,-1.2522325684409137,0.6150896640873795,0.894,1.9571791543493184,5.0472881459984505e-05,0.00022034216821844308,8.349637111781819e-05,9.459637293531277e-05,5.0472881459984505e-05,0.00022034216821844308,8.349637111781819e-05,9.459637293531277e-05,-1.2164122336268102,0.962341384914353,0.769,2.465096565829172,8.728180751733274e-05,0.0001494899893770375,-0.0016246460710490549,1.4452841016569864,0.0,0.3058660346403507
0.8166666666666667,0.7333333333333333,0.7333333333333333,-1.4513255423442393,0.01,0.08,2.2047362538514212,0.022047362538514213,0.1763789003081137,0.1763789003081137,0.0038763472329947733,0.003948483835413163,0.003804210630576383,0.0009111739290604871,1000,200,200,10000,10000,10000,10000,-1.265056458165731,0.6223123711908352,0.905,1.9466854521077694,5.191708093797934e-05,0.00022440198914689872,8.434500619868323e-05,7.180555131660333e-05,5.191708093797934e-05,0.00022440198914689872,8.434500619868323e-05,7.180555131660333e-05,-1.2591990642859834,0.9474229927599414,0.754,2.4793929741890084,9.787749481845319e-05,0.00016717152793705193,-0.005488586159371379,1.4479729404474033,0.0,0.30504548544161597
0.8166666666666667,0.7333333333333333,0.75,-1.45351678419693,0.01,0.08,2.253454850293055,0.022534548502930553,0.18027638802344442,0.18027638802344442,0.003891427656239925,0.003908185561514194,0.003874669750965656,0.0009088039120942633,1000,200,200,10000,10000,10000,10000,-1.2588063840946813,0.6129652061566065,0.901,2.017923807252539,5.463107966897082e-05,0.00020133869052968006,7.714218649931067e-05,7.556082697499687e-05,5.463107966897082e-05,0.00020133869052968006,7.714218649931067e-05,7.556082697499687e-05,-1.1857942338346559,0.9481280366227728,0.751,2.4290328259058134,9.891834567505221e-05,0.00014438008472809102,0.001440908443195757,1.4570300707908863,0.0,0.3057669973665151
0.8166666666666667,0.7333333333333333,0.7666666666666666,-1.4513255423442395,0.01,0.08,2.2608073790196026,0.022608073790196026,0.1808645903215682,0.18086459032156818,0.003950241192011887,0.003874669750965656,0.004025812633058117,0.0010203977080186974,1000,200,200,10000,10000,10000,10000,-1.2874166350208922,0.5691563392382414,0.895,1.8808823190159423,5.7862545295491266e-05,0.0002682953112606705,8.283769192886729e-05,0.0001365378979462577,5.7862545295491266e-05,0.0002682953112606705,8.283769192886729e-05,0.0001365378979462577,-1.2617908400899234,0.9191588770462887,0.784,2.4866508732854538,0.00011396580120206292,0.0001945364202757423,0.0011549709722935978,1.4546245597108283,0.0,0.3051672358461092
0.8166666666666667,0.7333333333333333,0.7833333333333333,-1.4447758244904523,0.01,0.08,2.2831671873763,0.022831671873763,0.182653374990104,0.18265337499010403,0.003928294804348486,0.003946728378402766,0.003909861230294205,0.0009695034543880431,1000,200,200,10000,10000,10000,10000,-1.2555820125797772,0.6317470178977618,0.895,2.008970170547594,6.1019969086108784e-05,0.00022883800947575837,8.482885954410443e-05,6.99207587059879e-05,6.1019969086108784e-05,0.00022883800947575837,8.482885954410443e-05,6.99207587059879e-05,-1.2232473381308866,0.9135009457111981,0.772,2.40964665097585,0.0001015126769170747,0.0001396455745178851,-0.0005124926599706168,1.4464029762416857,0.0,0.30533164838868077
0.8166666666666667,0.7333333333333333,0.7999999999999999,-1.4339393907149915,0.01,0.08,2.307413523268969,0.02307413523268969,0.18459308186151752,0.18459308186151752,0.003909023395904199,0.003872994082185645,0.003945052709622755,0.0009439913123566974,1000,200,200,10000,10000,10000,10000,-1.2212868408374917,0.6295802057354973,0.919,2.024708099446758,5.798017959938271e-05,0.00021303456331503974,7.453380866617111e-05,5.2941922267840806e-05,5.798017959938271e-05,0.00021303456331503974,7.453380866617111e-05,5.2941922267840806e-05,-1.238898263552377,0.9022315573857772,0.794,2.472862522014501,0.00011030582139883362,0.00015911725580446847,-0.00028669624816707795,1.4358586551777637,0.0,0.30581911518576893
0.8166666666666667,0.7333333333333333,0.8166666666666667,-1.4189349672539706,0.01,0.08,2.335731778103388,0.02335731778103388,0.18685854224827103,0.18685854224827103,0.004003824451691196,0.003983675314741713,0.004023973588640681,0.0011420580087341367,1000,200,200,10000,10000,10000,10000,-1.2451495206012768,0.6189041453590188,0.911,2.010316496663858,8.380017081806457e-05,0.00031405501512465575,0.00012398841799329986,8.85697062029368e-05,8.380017081806457e-05,0.00031405501512465575,0.00012398841799329986,8.85697062029368e-05,-1.2424291248796795,0.8973217863968209,0.796,2.5100477955310447,0.00015258078657332983,0.0002303714381403943,0.0030268696464137283,1.4240220842907263,0.0,0.3054452023715805
0.8166666666666667,0.7333333333333333,0.8333333333333333,-1.3999269457107058,0.01,0.08,2.3572975304840953,0.023572975304840954,0.18858380243872763,0.1885838024387276,0.003945930438127953,0.004020542462850272,0.003871318413405634,0.0010001771412023093,1000,200,200,10000,10000,10000,10000,-1.1910879131827397,0.655980431106279,0.916,2.074786867389996,6.969850766388667e-05,0.00023692762328161616,0.00010527365372304376,7.124070854655861e-05,6.969850766388667e-05,0.00023692762328161616,0.00010527365372304376,7.124070854655861e-05,-1.141825105161799,0.8951756723483437,0.82,2.4968609163242506,0.00012067624703039208,0.00015102732785997517,0.0032635724524059787,1.405186839662594,0.0,0.305071515470519
0.8166666666666667,0.7333333333333333,0.85,-1.3771235819469092,0.01,0.08,2.3888183537821246,0.023888183537821246,0.19110546830256997,0.19110546830256997,0.0040196647343450735,0.004057409610958833,0.003981919857731315,0.0011239438661432132,1000,200,200,10000,10000,10000,10000,-1.2053950567121219,0.6144782807719762,0.916,1.9778083595263825,7.895426758629874e-05,0.0003081142450760513,0.00011928292708351709,0.00011963450120728696,7.895426758629874e-05,0.0003081142450760513,0.00011928292708351709,0.00011963450120728696,-1.192052123632729,0.8663190226280945,0.833,2.513996549375548,0.00015369122506648283,0.00021262013057135828,-0.00346478407280123,1.375869143454496,0.0,0.3045657865981625
0.8166666666666667,0.75,0.7,-1.3956522249296126,0.01,0.08,2.196411510702303,0.021964115107023032,0.17571292085618426,0.17571292085618426,0.0037841394686081785,0.003767343482467822,0.003800935454748535,0.0008468325777790043,1000,200,200,10000,10000,10000,10000,-1.2589704389324572,0.6349044893522214,0.921,2.0296855387992876,4.978351487412705e-05,0.00020789648974976337,8.64048278556628e-05,6.722603183616377e-05,4.978351487412705e-05,0.00020789648974976337,8.64048278556628e-05,6.722603183616377e-05,-1.1910978852427352,0.9053661344152862,0.793,2.414352964363723,8.480886863053739e-05,0.00012571451630634406,0.0034438938226016365,1.4013210352114545,0.0,0.30501185591834934
0.8166666666666667,0.75,0.7166666666666667,-1.4064886587050736,0.01,0.08,2.198176094352508,0.02198176094352508,0.17585408754820064,0.17585408754820064,0.00385539834252137,0.003802611123528546,0.003908185561514194,0.0008797195115282125,1000,200,200,10000,10000,10000,10000,-1.2524845747509135,0.632903268947075,0.924,2.0984010031072096,5.6214646032504904e-05,0.00021687369854399863,8.722265179205501e-05,6.502949990524264e-05,5.6214646032504904e-05,0.00021687369854399863,8.722265179205501e-05,6.502949990524264e-05,-1.2060510582641728,0.9542223337775293,0.77,2.5196287740616157,0.00010259656183941487,0.000162281099265851,0.005088720666456677,1.4135927941871387,0.0,0.30494177569710235
0.8166666666666667,0.75,0.7333333333333333,-1.4130383765588606,0.01,0.08,2.2177599275023905,0.022177599275023906,0.17742079420019125,0.17742079420019122,0.00383696476846709,0.003908185561514194,0.0037657439754199854,0.000859734129384831,1000,200,200,10000,10000,10000,10000,-1.236174073611545,0.616850460663057,0.919,1.9911797435279055,4.658633010839239e-05,0.00018778591568736894,6.456977851318771e-05,5.216233092648109e-05,4.658633010839239e-05,0.00018778591568736894,6.456977851318771e-05,5.216233092648109e-05,-1.2517790573129224,0.9046448828131523,0.794,2.443670118695851,9.0062768868554e-05,0.00013095892362189167,-0.002482381684851954,1.41269191489404,0.0,0.30500038702289706
0.8166666666666667,0.75,0.75,-1.4152296184115511,0.01,0.08,2.2534310220728373,0.022534310220728375,0.180274481765827,0.18027448176582697,0.0038922654906299306,0.003874669750965656,0.003909861230294205,0.0008770674257264124,1000,200,200,10000,10000,10000,10000,-1.2184900866232304,0.6278895266778699,0.921,2.030045750109828,5.010535273075544e-05,0.0001952611521908909,6.632117643443808e-05,4.3969293875372915e-05,5.010535273075544e-05,0.0001952611521908909,6.632117643443808e-05,4.3969293875372915e-05,-1.221860579142236,0.8651045121221047,0.795,2.434431745254834,9.35591393928655e-05,0.00012274362852809163,0.003983318091903897,1.4212756993662643,0.0,0.30529254931700256
0.8166666666666667,0.75,0.7666666666666666,-1.4130383765588606,0.01,0.08,2.2668637391451822,0.022668637391451824,0.1813490991316146,0.18134909913161457,0.00392745696995848,0.003908185561514194,0.003946728378402766,0.0010020232512245818,1000,200,200,10000,10000,10000,10000,-1.2366607861773027,0.6012031569026707,0.935,2.0005672566427766,6.259453258941131e-05,0.0002781815926659822,8.967502417363615e-05,0.00011157577087256819,6.259453258941131e-05,0.0002781815926659822,8.967502417363615e-05,0.00011157577087256819,-1.2360581079146613,0.9096532778772541,0.777,2.4362288283939493,0.00012230962593795384,0.00019959371252952475,-0.002704619908793927,1.412600094351776,0.0,0.30477706568006446
0.8166666666666667,0.75,0.7833333333333333,-1.4064886587050736,0.01,0.08,2.2744717915449475,0.022744717915449474,0.1819577433235958,0.18195774332359582,0.0038746316700995686,0.0038394021099049324,0.003909861230294205,0.0010013507840136884,1000,200,200,10000,10000,10000,10000,-1.2378233608339588,0.6175623929383225,0.927,1.9778614782862602,6.285357566956283e-05,0.000252028148942659,0.00011712571805519389,9.317723220406165e-05,6.285357566956283e-05,0.000252028148942659,0.00011712571805519389,9.317723220406165e-05,-1.1462292145505746,0.9139950734472139,0.77,2.433223425814712,0.00011053611361790392,0.0001582320264176271,0.004036857932061062,1.4126154199462388,0.0,0.30605222444743
0.8166666666666667,0.75,0.7999999999999999,-1.3956522249296126,0.01,0.08,2.3082029088546374,0.023082029088546376,0.184656232708371,0.18465623270837098,0.003929932392262409,0.004018787005839875,0.0038410777786849425,0.0010224203727381572,1000,200,200,10000,10000,10000,10000,-1.2171345331395438,0.5912064890527792,0.917,1.9074401593288957,6.046732142653319e-05,0.0002420686803518757,8.271997470120971e-05,9.051740064594265e-05,6.046732142653319e-05,0.0002420686803518757,8.271997470120971e-05,9.051740064594265e-05,-1.257062948826098,0.8842181996615003,0.791,2.4694933928607288,0.00011714182735204077,0.00016536708927803476,0.003582920652997354,1.401462284555671,0.0,0.30511051587530774
0.8166666666666667,0.75,0.8166666666666667,-1.3806478014685917,0.01,0.08,2.3411190208385158,0.023411190208385158,0.18728952166708127,0.18728952166708127,0.003965201846572239,0.003948483835413163,0.003981919857731315,0.0010477983343760305,1000,200,200,10000,10000,10000,10000,-1.175045472877028,0.6086370081933784,0.915,1.9616193918472824,6.792322661633954e-05,0.00025735423342199446,9.59058236338408e-05,5.848485019336633e-05,6.792322661633954e-05,0.00025735423342199446,9.59058236338408e-05,5.848485019336633e-05,-1.1659222191468828,0.9028203982942218,0.79,2.4023315932779727,0.0001284914480315938,0.0001932465646850059,2.7811135360110655e-05,1.3827991685604573,0.0,0.3048029190580083
0.8166666666666667,0.75,0.8333333333333333,-1.3616397799253268,0.01,0.08,2.3704299437255565,0.023704299437255567,0.18963439549804453,0.1896343954980445,0.004001231160290794,0.004057409610958833,0.003945052709622755,0.0011403697909138377,1000,200,200,10000,10000,10000,10000,-1.1994166414262513,0.5639589461902752,0.925,1.9128890697366612,7.29118185560768e-05,0.00030093085476960734,9.529442693006052e-05,9.100706801675345e-05,7.29118185560768e-05,0.00030093085476960734,9.529442693006052e-05,9.100706801675345e-05,-1.1678158884822558,0.9086214804066178,0.787,2.447088239955879,0.00013550447351597648,0.0001745891316218573,-0.00039647001505644806,1.3634592693123486,0.0,0.305871835358526
0.8166666666666667,0.75,0.85,-1.3388364161615303,0.01,0.08,2.4002276990270586,0.024002276990270587,0.1920182159221647,0.19201821592216473,0.004003824451691196,0.004059165067969229,0.003948483835413163,0.0012405630212420048,1000,200,200,10000,10000,10000,10000,-1.162004008245021,0.5856697794558339,0.933,1.9628837658006744,9.284203583894918e-05,0.00037808766463619855,0.00013036803734520832,0.0001231039560539867,9.284203583894918e-05,0.00037808766463619855,0.00013036803734520832,0.0001231039560539867,-1.1705322348104792,0.8657117714383312,0.797,2.478600089945731,0.00017790586243198839,0.0002531445051631182,0.00044461099756646673,1.341731767967255,0.0,0.3051681913036661
0.8166666666666667,0.7666666666666666,0.7,-1.3562509862000705,0.01,0.08,2.2019053226510863,0.022019053226510862,0.1761524258120869,0.17615242581208687,0.003750547496327466,0.003767343482467823,0.0037337515101871096,0.0007916356069402666,1000,200,200,10000,10000,10000,10000,-1.166724680520392,0.6101090040377315,0.928,2.0695686585287296,4.399729103208159e-05,0.00015603401335284977,6.512109238035906e-05,5.162323550051598e-05,4.399729103208159e-05,0.00015603401335284977,6.512109238035906e-05,5.162323550051598e-05,-1.193124057550875,0.9131187618497819,0.757,2.4342502890896327,7.809059666458138e-05,0.00013240821694421263,-5.3978363768623524e-05,1.3584243936670761,0.0,0.30532900958547676
0.8166666666666667,0.7666666666666666,0.7166666666666667,-1.3670874199755314,0.01,0.08,2.2206968086831482,0.022206968086831484,0.17765574469465187,0.17765574469465187,0.003800935454748535,0.003871318413405634,0.003730552496091436,0.0008352272194106026,1000,200,200,10000,10000,10000,10000,-1.1761924720078465,0.6249398931245826,0.928,2.0893874923647515,4.93540404347129e-05,0.00017622578627677637,6.900268007813817e-05,4.486942766096133e-05,4.93540404347129e-05,0.00017622578627677637,6.900268007813817e-05,4.486942766096133e-05,-1.2019512944125432,0.9129753540767513,0.791,2.469153149036667,8.646855450292865e-05,0.00013107349286372097,0.0004780513651973406,1.369719079290067,0.0,0.3055533694733246
0.8166666666666667,0.7666666666666666,0.7333333333333333,-1.3736371378293184,0.01,0.08,2.2363704632312897,0.022363704632312898,0.17890963705850318,0.17890963705850318,0.00391157679318941,0.003913292356084614,0.003909861230294205,0.0009419718282509948,1000,200,200,10000,10000,10000,10000,-1.202735815835041,0.6296221216868931,0.923,2.042834648117271,5.779871748338804e-05,0.00023682345740189828,7.867982432190802e-05,8.310473590066032e-05,5.779871748338804e-05,0.00023682345740189828,7.867982432190802e-05,8.310473590066032e-05,-1.2161650709404899,0.905705351066356,0.801,2.4478026094532765,0.00010613130303929521,0.000153398523373065,0.000597544062169955,1.3764868977978515,0.0,0.3052799890853184
0.8166666666666667,0.7666666666666666,0.75,-1.375828379682009,0.01,0.08,2.262848371154532,0.02262848371154532,0.18102786969236256,0.18102786969236256,0.0038755474794708545,0.0038378026028570954,0.003913292356084614,0.0009774731898699995,1000,200,200,10000,10000,10000,10000,-1.234830381154728,0.6106551502435433,0.922,1.9997955223724828,6.12356229058942e-05,0.00026462671831631323,9.011738307210171e-05,0.00011797809852355909,6.12356229058942e-05,0.00026462671831631323,9.011738307210171e-05,0.00011797809852355909,-1.1721965525512017,0.9053688436212147,0.772,2.4539681560863325,0.00011410627607623218,0.00016809244929858014,0.0013076953880091233,1.3792786790168339,0.0,0.30536683891177263
0.8166666666666667,0.7666666666666666,0.7666666666666666,-1.3736371378293184,0.01,0.08,2.2748903689075366,0.022748903689075367,0.18199122951260294,0.18199122951260294,0.003946768272517959,0.003945052709622755,0.003948483835413163,0.0010512548154265101,1000,200,200,10000,10000,10000,10000,-1.1975104988352914,0.6045449939445492,0.929,1.9470746543320532,6.792310606967165e-05,0.0002724853853183577,9.800018008202153e-05,9.070203772029028e-05,6.792310606967165e-05,0.0002724853853183577,9.800018008202153e-05,9.070203772029028e-05,-1.1036813223689517,0.9334681336206788,0.775,2.45152091305549,0.00012250609876196747,0.00018375502314161562,0.0028806306551936393,1.3789044133235828,0.0,0.30558980549310066
0.8166666666666667,0.7666666666666666,0.7833333333333333,-1.3670874199755314,0.01,0.08,2.304014662807731,0.02304014662807731,0.18432117302461848,0.18432117302461845,0.003963486283677035,0.003945052709622755,0.003981919857731315,0.001126185425717452,1000,200,200,10000,10000,10000,10000,-1.1916963818822568,0.5822828824801124,0.922,1.9233559923877668,7.701114472927594e-05,0.0003202137040181853,0.0001252730777884227,8.899990019558881e-05,7.701114472927594e-05,0.0003202137040181853,0.0001252730777884227,8.899990019558881e-05,-1.1393616595171658,0.9009163074230295,0.785,2.430044341309688,0.00013636473728255726,0.00019466537936973027,-0.0035637337951942103,1.3658171754878863,0.0,0.3051749473528094
0.8166666666666667,0.7666666666666666,0.7999999999999999,-1.3562509862000705,0.01,0.08,2.315374866748243,0.023153748667482432,0.18522998933985946,0.18522998933985949,0.003891427656239925,0.0038361269340770844,0.003946728378402766,0.0011132207290025739,1000,200,200,10000,10000,10000,10000,-1.1824411022008137,0.6225733892219775,0.926,1.9952003805463625,7.814933383008738e-05,0.00030198384080690617,0.00010799475247092,6.797744503338557e-05,7.814933383008738e-05,0.00030198384080690617,0.00010799475247092,6.797744503338557e-05,-1.215670169006475,0.9175706633920769,0.788,2.52275606541691,0.00014813278367303384,0.0002198120333445416,0.0029050459404346488,1.361325493185462,0.0,0.3052817771859584
0.8166666666666667,0.7666666666666666,0.8166666666666667,-1.3412465627390495,0.01,0.08,2.3552471697776656,0.023552471697776658,0.18841977358221326,0.18841977358221326,0.0039476061069079645,0.0038378026028570954,0.004057409610958833,0.0010827940826461436,1000,200,200,10000,10000,10000,10000,-1.1455493729191233,0.5622043205225603,0.909,1.8757180606630532,6.347441505099665e-05,0.00026066537093349105,8.362366317742321e-05,0.00010156421067103474,6.347441505099665e-05,0.00026066537093349105,8.362366317742321e-05,0.00010156421067103474,-1.1397617960780049,0.8515836660081951,0.799,2.448918204855066,0.0001294078642506473,0.00018949618610963374,-0.007994942346686679,1.335515557254236,0.0,0.306128367478808
0.8166666666666667,0.7666666666666666,0.8333333333333333,-1.3222385411957847,0.01,0.08,2.3794212401614976,0.023794212401614976,0.1903536992129198,0.1903536992129198,0.004038976036904552,0.004057409610958833,0.004020542462850272,0.001093484164430654,1000,200,200,10000,10000,10000,10000,-1.1787069505028565,0.5671493368916323,0.918,1.9247793860620304,6.962678516029071e-05,0.00025792651998373734,9.64518681663984e-05,6.663871615389222e-05,6.962678516029071e-05,0.00025792651998373734,9.64518681663984e-05,6.663871615389222e-05,-1.1446760829591611,0.8771121202941894,0.799,2.4656967846732605,0.00014318522378977913,0.00020153048707022397,0.0017749999986489257,1.3264373532781686,0.0,0.3054068719664207
0.8166666666666667,0.7666666666666666,0.85,-1.299435177431988,0.01,0.08,2.4206780148043565,0.024206780148043564,0.1936542411843485,0.19365424118434849,0.004022258025745476,0.00409603221607779,0.003948483835413163,0.0013111449125887769,1000,200,200,10000,10000,10000,10000,-1.142177584560672,0.6072405461693977,0.932,1.955169861083415,0.00010310407442594279,0.00044550990755611036,0.00016556122827511238,0.00030246538236544174,0.00010310407442594279,0.00044550990755611036,0.00016556122827511238,0.00030246538236544174,-1.0786261497000513,0.9342290029141319,0.803,2.530150128463804,0.0001946243579417755,0.0002879101147396555,0.0012702622284352318,1.3031886093768061,0.0,0.30631669457088667
0.8166666666666667,0.7833333333333333,0.7,-1.316167362743125,0.01,0.08,2.226168697564516,0.022261686975645158,0.17809349580516126,0.17809349580516126,0.0038738319165756503,0.003874669750965656,0.003872994082185645,0.0008812131324574702,1000,200,200,10000,10000,10000,10000,-1.129663069472692,0.5967948993027927,0.925,1.973460394074444,4.811548839382652e-05,0.00019642746787688854,7.131013207137755e-05,6.693996871629275e-05,4.811548839382652e-05,0.00019642746787688854,7.131013207137755e-05,6.693996871629275e-05,-1.1084305761782354,0.901819866559359,0.798,2.4996045528218955,9.566698319646473e-05,0.00014571050458806422,0.0036004880259797273,1.3223294046208618,0.0,0.3062369791737504
0.8166666666666667,0.7833333333333333,0.7166666666666667,-1.327003796518586,0.01,0.08,2.248624841055438,0.022486248410554383,0.17988998728443506,0.17988998728443503,0.0038361269340770844,0.0038361269340770844,0.0038361269340770844,0.0009289054811276707,1000,200,200,10000,10000,10000,10000,-1.1510055691535102,0.6129145709131761,0.921,2.0200713963411925,5.8622809331281635e-05,0.00023696168066585736,9.540326374965369e-05,8.155681752168162e-05,5.8622809331281635e-05,0.00023696168066585736,9.540326374965369e-05,8.155681752168162e-05,-1.1688547965007747,0.9270234216016559,0.783,2.46331066482267,0.00010617742385092027,0.00017284012240089788,-0.002279128504832828,1.3269399996634252,0.0,0.30459054140189784
0.8166666666666667,0.7833333333333333,0.7333333333333333,-1.333553514372373,0.01,0.08,2.2707085427323235,0.022707085427323234,0.18165668341858587,0.18165668341858587,0.0038939810535251343,0.003878100876756064,0.003909861230294205,0.0009551056265002528,1000,200,200,10000,10000,10000,10000,-1.1664052693931404,0.5982746468144606,0.935,1.9497021889987445,5.5441216525355534e-05,0.00023478093448310055,7.764625404902536e-05,9.029808263724799e-05,5.5441216525355534e-05,0.00023478093448310055,7.764625404902536e-05,9.029808263724799e-05,-1.1476979657822912,0.9159873392655218,0.788,2.467601151437552,0.00010909925251684768,0.0001633897191616318,-0.0006668749882795241,1.3352593825461274,0.0,0.3052900914374155
0.8166666666666667,0.7833333333333333,0.75,-1.3357447562250637,0.01,0.08,2.276688146439489,0.02276688146439489,0.18213505171515912,0.18213505171515912,0.00392745696995848,0.003909861230294205,0.003945052709622755,0.000998829601556215,1000,200,200,10000,10000,10000,10000,-1.2097983143468427,0.5708683124733694,0.934,1.910841807258579,5.648232454470666e-05,0.000237516544643315,7.877561877672572e-05,9.263630373283043e-05,5.648232454470666e-05,0.000237516544643315,7.877561877672572e-05,9.263630373283043e-05,-1.1057747873202073,0.8913708307278588,0.817,2.5022635911721687,0.00011366168101119208,0.00015295389985701624,-0.005816626592962056,1.3322351311222744,0.0,0.3050977305326533
0.8166666666666667,0.7833333333333333,0.7666666666666666,-1.333553514372373,0.01,0.08,2.2972647475814547,0.022972647475814546,0.18378117980651637,0.1837811798065164,0.00392745696995848,0.003981919857731315,0.003872994082185645,0.001031496207403502,1000,200,200,10000,10000,10000,10000,-1.1565969885823728,0.5874596996790606,0.933,1.9380815273935597,6.314500444479182e-05,0.00025614702057762454,9.456876115948392e-05,6.941834892746329e-05,6.314500444479182e-05,0.00025614702057762454,9.456876115948392e-05,6.941834892746329e-05,-1.202197499553733,0.8936843296046552,0.791,2.4464572444740273,0.00011554921537223177,0.00015821038097858507,-0.0030664058061139763,1.332626140795019,0.0,0.3055956961580812
0.8166666666666667,0.7833333333333333,0.7833333333333333,-1.327003796518586,0.01,0.08,2.33792986535865,0.0233792986535865,0.187034389228692,0.187034389228692,0.0039643241180670405,0.003981919857731315,0.003946728378402766,0.0010577720039305326,1000,200,200,10000,10000,10000,10000,-1.1500392972107332,0.5901025945686469,0.929,1.9694167713657706,6.855757730409454e-05,0.0002548875953057972,9.363134265710808e-05,6.908043046783362e-05,6.855757730409454e-05,0.0002548875953057972,9.363134265710808e-05,6.908043046783362e-05,-1.1180118820522484,0.8770236238781992,0.799,2.4408076978132573,0.00012033657543884022,0.00014976074925595297,0.0005516299057159749,1.3299004424825107,0.0,0.30581073749750504
0.8166666666666667,0.7833333333333333,0.7999999999999999,-1.3161673627431252,0.01,0.08,2.345673383918885,0.023456733839188847,0.18765387071351078,0.18765387071351078,0.003946768272517959,0.003948483835413163,0.003945052709622755,0.0010577478941710254,1000,200,200,10000,10000,10000,10000,-1.1689637271444864,0.609283542140916,0.94,2.0244751110042523,7.4070926041568e-05,0.0002679986326193887,0.00010597495447614662,0.00011104813170195713,7.4070926041568e-05,0.0002679986326193887,0.00010597495447614662,0.00011104813170195713,-1.090854052144916,0.858615353279944,0.786,2.3973111913552114,0.00012543897511669452,0.00017800686787491568,0.006580307473489638,1.3251492397867832,0.0,0.30545142555811144
0.8166666666666667,0.7833333333333333,0.8166666666666667,-1.301162939282104,0.01,0.08,2.3637735802695836,0.023637735802695837,0.1891018864215667,0.18910188642156672,0.004078518164232228,0.004175116470733142,0.003981919857731315,0.001232602746998739,1000,200,200,10000,10000,10000,10000,-1.1459286677741793,0.5423331841656139,0.94,1.9068373825163996,8.629132424439974e-05,0.000371199842735767,0.00011776008326663236,0.00012642080439085096,8.629132424439974e-05,0.000371199842735767,0.00011776008326663236,0.00012642080439085096,-1.1213219939057968,0.8761860544640436,0.804,2.4673534445899366,0.00017133036937549306,0.00025449289958552986,-0.007691357727713294,1.295890618204004,0.0,0.30512164591766733
0.8166666666666667,0.7833333333333333,0.8333333333333333,-1.2821549177388392,0.01,0.08,2.403924555135954,0.024039245551359542,0.19231396441087634,0.19231396441087634,0.0040415693283049545,0.004020542462850272,0.004062596193759638,0.0011675713201943542,1000,200,200,10000,10000,10000,10000,-1.1069581319835875,0.6219542264203043,0.931,2.0145166732864515,8.714906250053116e-05,0.00032750931718170627,0.00011590981202582911,8.552943921882334e-05,8.714906250053116e-05,0.00032750931718170627,0.00011590981202582911,8.552943921882334e-05,-1.117851163257911,0.913393409738368,0.761,2.3475036429175358,0.00014387140804052382,0.00018717764878133062,-0.002482816952964922,1.2819837365802556,0.0,0.30430520681193174
0.8166666666666667,0.7833333333333333,0.85,-1.2593515539750426,0.01,0.08,2.4295437328279563,0.024295437328279563,0.1943634986262365,0.1943634986262365,0.0041944277732926215,0.004289228829079618,0.004099626717505625,0.001231796101753164,1000,200,200,10000,10000,10000,10000,-1.0986170348408253,0.5700905634429453,0.932,1.9455407418297448,8.760078777042843e-05,0.0003352348234211085,0.00010872200326835287,8.793076575928459e-05,8.760078777042843e-05,0.0003352348234211085,0.00010872200326835287,8.793076575928459e-05,-1.1143134973234232,0.8658930410929351,0.806,2.4754904880549695,0.00017828967444136255,0.00024832695205938895,-0.006302493207590254,1.2553758852211208,0.0,0.3063610736077769
0.8166666666666667,0.7999999999999999,0.7,-1.2758405191254087,0.01,0.08,2.2515566022939986,0.022515566022939987,0.1801245281835199,0.18012452818351993,0.0038218444511067444,0.0037657439754199854,0.003877944926793503,0.0008643864382306126,1000,200,200,10000,10000,10000,10000,-1.0973057354145224,0.6135452515596128,0.942,2.046432969657667,5.064881513142534e-05,0.0001815270981842454,7.365209768695865e-05,6.722937620826908e-05,5.064881513142534e-05,0.0001815270981842454,7.365209768695865e-05,6.722937620826908e-05,-1.0874000130904906,0.9011413546840065,0.778,2.479470694861831,9.56608026991703e-05,0.00014306522734972295,0.002708974528920334,1.2809181592450471,0.0,0.30561789607307166
0.8166666666666667,0.7999999999999999,0.7166666666666667,-1.2866769529008697,0.01,0.08,2.2721354941679763,0.022721354941679765,0.18177083953343812,0.18177083953343814,0.0038738319165756503,0.003946728378402766,0.003800935454748535,0.0008856553070240778,1000,200,200,10000,10000,10000,10000,-1.0851232793414818,0.5884448817547598,0.941,2.017722611656658,5.1232342528899816e-05,0.0001946359549467972,7.384921172973477e-05,9.541263181745e-05,5.1232342528899816e-05,0.0001946359549467972,7.384921172973477e-05,9.541263181745e-05,-1.0957466820431898,0.8454334124975227,0.827,2.473568696508441,0.00010354853215330819,0.00015609829854021067,0.007029350481358665,1.2960388276353563,0.0,0.3049693375409579
0.8166666666666667,0.7999999999999999,0.7333333333333333,-1.2932266707546567,0.01,0.08,2.280117666632922,0.02280117666632922,0.18240941333063376,0.18240941333063376,0.003965201846572239,0.003945052709622755,0.003985350983521723,0.001090926978789803,1000,200,200,10000,10000,10000,10000,-1.1325074935484318,0.6016233174030344,0.93,1.9295709247859758,6.870121320845174e-05,0.00029618993800780845,9.748436811866086e-05,0.00010547333060032195,6.870121320845174e-05,0.00029618993800780845,9.748436811866086e-05,0.00010547333060032195,-1.0864090275322749,0.9462383702278502,0.773,2.5106325455357665,0.00013603102577189728,0.00021466323349603544,-0.005408145624763304,1.2904005349767207,0.0,0.30490734799191105
0.8166666666666667,0.7999999999999999,0.75,-1.2954179126073473,0.01,0.08,2.312297439498465,0.023122974394984647,0.18498379515987717,0.18498379515987717,0.0038738319165756503,0.003908185561514194,0.0038394782716371064,0.001008205224783003,1000,200,200,10000,10000,10000,10000,-1.1237612332872986,0.5882401010705927,0.92,1.9998807373738252,6.409181584729159e-05,0.0002528915618225152,9.403127784458426e-05,8.697657882403e-05,6.409181584729159e-05,0.0002528915618225152,9.403127784458426e-05,8.697657882403e-05,-1.1040316967192607,0.8327372452776041,0.82,2.392347137180255,0.000117300199835966,0.00018611371354160445,-0.00028185630652562897,1.2974587138321638,0.0,0.3056667351522592
0.8166666666666667,0.7999999999999999,0.7666666666666666,-1.2932266707546567,0.01,0.08,2.3356199805232936,0.023356199805232937,0.1868495984418635,0.18684959844186347,0.003982797586236514,0.003983675314741713,0.003981919857731315,0.0010631030703426652,1000,200,200,10000,10000,10000,10000,-1.1133317777116878,0.5904601340587796,0.924,1.9746494065652067,6.941328428863474e-05,0.00025746697537837055,9.347946872967777e-05,6.000559484811845e-05,6.941328428863474e-05,0.00025746697537837055,9.347946872967777e-05,6.000559484811845e-05,-1.0976157451008361,0.8759997766618433,0.795,2.454126225123844,0.00013496001508397863,0.0001874937218208417,-0.0018784120057112202,1.2937892109658198,0.0,0.3057445264277407
0.8166666666666667,0.7999999999999999,0.7833333333333333,-1.2866769529008697,0.01,0.08,2.3473176114635153,0.023473176114635154,0.18778540891708123,0.18778540891708123,0.003983635420626519,0.003985350983521723,0.003981919857731315,0.00110681730539502,1000,200,200,10000,10000,10000,10000,-1.1206250069278088,0.5966897365780818,0.939,1.9762813959127534,7.76737292249667e-05,0.00029650237352502084,0.00011203075568783326,0.00011661781715694477,7.76737292249667e-05,0.00029650237352502084,0.00011203075568783326,0.00011661781715694477,-1.062597198510547,0.8828914740274678,0.782,2.4545159607090903,0.00014027679251829187,0.00021948057771324696,0.006641999462821739,1.2957413575114185,0.0,0.30563674969460336
0.8166666666666667,0.7999999999999999,0.7999999999999999,-1.2758405191254087,0.01,0.08,2.3672907040840183,0.023672907040840185,0.18938325632672148,0.18938325632672148,0.0040029467231859975,0.00409603221607779,0.003909861230294205,0.0012607601075250966,1000,200,200,10000,10000,10000,10000,-1.0994200363582756,0.5584908717416963,0.928,1.8365644599763735,8.473352274218396e-05,0.0003837609211449964,0.0001288480834802225,0.00017176295418411657,8.473352274218396e-05,0.0003837609211449964,0.0001288480834802225,0.00017176295418411657,-1.099150100485301,0.8935142604936335,0.796,2.47120949992814,0.00015256444689444213,0.00022893997778605603,0.000744655471913276,1.2790149050640431,0.0,0.3051865012453019
0.8166666666666667,0.7999999999999999,0.8166666666666667,-1.2608360956643878,0.01,0.08,2.3869971592026786,0.023869971592026785,0.19095977273621428,0.19095977273621428,0.003983635420626519,0.003946728378402766,0.004020542462850272,0.001074555332487744,1000,200,200,10000,10000,10000,10000,-1.07317737993621,0.590978553002942,0.92,1.9390302334080944,6.671006202109977e-05,0.00025598671367918865,8.079263622373737e-05,5.06045093573272e-05,6.671006202109977e-05,0.00025598671367918865,8.079263622373737e-05,5.06045093573272e-05,-1.0496989789067557,0.8833001942049215,0.796,2.4331389150175005,0.00012975105554686677,0.00015556823906621704,0.0011139323700342862,1.2643021200423807,0.0,0.30577836771994055
0.8166666666666667,0.7999999999999999,0.8333333333333333,-1.241828074121123,0.01,0.08,2.4273464122389736,0.024273464122389735,0.19418771297911788,0.19418771297911788,0.0040582873394640305,0.004059165067969229,0.004057409610958833,0.0013149986981670987,1000,200,200,10000,10000,10000,10000,-1.0857458299520724,0.5880643308346458,0.943,1.9093290260126148,9.985574149405462e-05,0.00042294119950585273,0.00014227684408604983,0.0001498250861708405,9.985574149405462e-05,0.00042294119950585273,0.00014227684408604983,0.0001498250861708405,-1.125169259178403,0.8632895162311028,0.806,2.4469518252372024,0.00018469854714134217,0.0002490003035063943,0.0005848482811534518,1.2448148056256831,0.0,0.30597088269170775
0.8166666666666667,0.7999999999999999,0.85,-1.2190247103573264,0.01,0.08,2.4511382736436165,0.024511382736436164,0.1960910618914893,0.1960910618914893,0.004152210666745829,0.00413289936418635,0.004171521969305307,0.0013459946955626124,1000,200,200,10000,10000,10000,10000,-1.0901141935044136,0.5903744763010073,0.956,1.9280547565873407,0.00010600164379509519,0.00042629449556413847,0.00014209380825581786,0.0001409954523576015,0.00010600164379509519,0.00042629449556413847,0.00014209380825581786,0.0001409954523576015,-1.009129533148727,0.8568491874223605,0.801,2.411469289366818,0.00018243701456968468,0.00023716820770454763,-0.003798880985784796,1.217753812183398,0.0,0.3045936362782639
0.8166666666666667,0.8166666666666667,0.7,-1.235712284684531,0.01,0.08,2.2805363960336926,0.022805363960336927,0.1824429116826954,0.18244291168269544,0.0039476061069079645,0.003913292356084614,0.003981919857731315,0.0010000856289417385,1000,200,200,10000,10000,10000,10000,-1.0960557074806645,0.6134714078410013,0.953,2.064751649798938,6.739149845946216e-05,0.0002598343008439481,9.579790722132824e-05,8.273692821963068e-05,6.739149845946216e-05,0.0002598343008439481,9.579790722132824e-05,8.273692821963068e-05,-1.0582267383453483,0.9261682580046635,0.782,2.470428939534754,0.00011870706147814542,0.00017775697489101356,-0.0009191018378012162,1.2372450344815566,0.0,0.30582999452470466
0.8166666666666667,0.8166666666666667,0.7166666666666667,-1.2465487184599917,0.01,0.08,2.2914203860788542,0.022914203860788542,0.18331363088630834,0.18331363088630834,0.0039643241180670405,0.003981919857731315,0.003946728378402766,0.0010339197206700639,1000,200,200,10000,10000,10000,10000,-1.0678821498045465,0.6132001547926343,0.94,1.9791479016953535,6.758526928136249e-05,0.00026490403951635703,9.861029295731649e-05,6.918875428482616e-05,6.758526928136249e-05,0.00026490403951635703,9.861029295731649e-05,6.918875428482616e-05,-1.0247313912249,0.9093720960058405,0.799,2.5021896573962628,0.0001201243142996657,0.00017486621429558855,-0.0018514398321428792,1.2471144385472561,0.0,0.30623654310769916
0.8166666666666667,0.8166666666666667,0.7333333333333333,-1.253098436313779,0.01,0.08,2.302121119518837,0.023021211195188372,0.18416968956150698,0.184169689561507,0.0040029467231859975,0.004060840736749241,0.003945052709622755,0.0010625491779288148,1000,200,200,10000,10000,10000,10000,-1.0924029595406688,0.5731195592785191,0.945,1.914426134339754,6.383300115924244e-05,0.0002763681507431694,9.57275162846554e-05,0.00011687528656638784,6.383300115924244e-05,0.0002763681507431694,9.57275162846554e-05,0.00011687528656638784,-1.101754402642777,0.8811128933741891,0.795,2.4425854547954917,0.00011915573799887363,0.00017599165631165245,0.0027840198866628326,1.258427304152681,0.0,0.3056158846863215
0.8166666666666667,0.8166666666666667,0.75,-1.2552896781664695,0.01,0.08,2.3355759082192025,0.023355759082192024,0.1868460726575362,0.1868460726575362,0.00398275769212132,0.003981919857731315,0.003983595526511325,0.001138001166241184,1000,200,200,10000,10000,10000,10000,-1.0956616825789616,0.6263741092775741,0.942,2.0132531731222545,8.250635689197703e-05,0.00032472282308715014,0.00011514320581313473,0.00011609956252380887,8.250635689197703e-05,0.00032472282308715014,0.00011514320581313473,0.00011609956252380887,-1.0969420836650143,0.8670267087288693,0.821,2.499836199403717,0.00014544361626995752,0.00019762882985146777,-0.003329314517415124,1.254290698630406,0.0,0.30591304668191316
0.8166666666666667,0.8166666666666667,0.7666666666666666,-1.253098436313779,0.01,0.08,2.3591130004508813,0.023591130004508815,0.18872904003607052,0.18872904003607052,0.0040205025687350794,0.003946728378402766,0.004094276759067393,0.00103430566323764,1000,200,200,10000,10000,10000,10000,-1.0744228251700887,0.5796065976971291,0.941,1.9310962887280134,6.039712046212546e-05,0.0002408628909754565,7.986183450783255e-05,7.991355419917175e-05,6.039712046212546e-05,0.0002408628909754565,7.986183450783255e-05,7.991355419917175e-05,-1.0456024471940941,0.9079586777239955,0.794,2.472843022964324,0.00012183161482937573,0.00016770834927775467,0.003691980661118539,1.2592217747323877,0.0,0.30566196566950415
0.8166666666666667,0.8166666666666667,0.7833333333333333,-1.2465487184599917,0.01,0.08,2.374994496019726,0.023749944960197257,0.18999955968157806,0.18999955968157803,0.004038098308399353,0.004018787005839875,0.004057409610958833,0.001175334087794853,1000,200,200,10000,10000,10000,10000,-1.0797328784793472,0.5776351838074345,0.935,1.9426192259741022,8.146140534756547e-05,0.00030772893677069347,0.00010036258141249067,7.453599547569999e-05,8.146140534756547e-05,0.00030772893677069347,0.00010036258141249067,7.453599547569999e-05,-1.0903014083618021,0.8995361744843479,0.79,2.440897074119551,0.0001598069512155485,0.0002222103754753338,-0.000892924385598367,1.2482218101170162,0.0,0.30663906423477616
0.8166666666666667,0.8166666666666667,0.7999999999999999,-1.235712284684531,0.01,0.08,2.3910004204106783,0.023910004204106782,0.19128003363285426,0.19128003363285426,0.004057409610958833,0.004055654153948435,0.00405916506796923,0.0012090910732172572,1000,200,200,10000,10000,10000,10000,-1.0458343421904253,0.5543262867521915,0.943,1.816988466466161,7.565911998151725e-05,0.0003047736091795569,0.0001045652690799922,7.431063715983257e-05,7.565911998151725e-05,0.0003047736091795569,0.0001045652690799922,7.431063715983257e-05,-1.0407336064265027,0.8893765992924799,0.806,2.4823655853320754,0.00014513242028706252,0.0001859581379149199,-0.002334277734533539,1.2356483525443185,0.0,0.30544653816615447
0.8166666666666667,0.8166666666666667,0.8166666666666667,-1.2207078612235103,0.01,0.08,2.419376471763397,0.02419376471763397,0.19355011774107175,0.19355011774107175,0.004095154487572592,0.004057409610958833,0.00413289936418635,0.0012558917121743107,1000,200,200,10000,10000,10000,10000,-1.0974121576124978,0.5693107655681299,0.957,1.9531173292769797,9.211336311689471e-05,0.00035492216185523226,0.00011336957473911973,9.73226191544961e-05,9.211336311689471e-05,0.00035492216185523226,0.00011336957473911973,9.73226191544961e-05,-1.0897031799257568,0.8434621443044372,0.808,2.489034382739898,0.00017706269851790082,0.0002352409988405107,-0.0023137989127519935,1.220921909243627,0.0,0.3071440576021289
0.8166666666666667,0.8166666666666667,0.8333333333333333,-1.2016998396802454,0.01,0.08,2.459618025082582,0.02459618025082582,0.19676944200660657,0.19676944200660657,0.004155805168173664,0.004061004112386668,0.00425060622396066,0.0012869108230958877,1000,200,200,10000,10000,10000,10000,-1.0428563062113627,0.5497112807121937,0.944,1.869030235492764,8.889913316993281e-05,0.0003587533133961678,0.00011638719962239408,0.00010344284042972278,8.889913316993281e-05,0.0003587533133961678,0.00011638719962239408,0.00010344284042972278,-1.0881932408091572,0.8487777507747666,0.814,2.474497004956366,0.0001865574855265467,0.00025911078241030013,-0.005343167410976749,1.1990291320239073,0.0,0.30519520994334515
0.8166666666666667,0.8166666666666667,0.85,-1.1788964759164486,0.01,0.08,2.48718689667467,0.024871868966746702,0.19897495173397362,0.19897495173397362,0.00411446579013207,0.004210144574424266,0.004018787005839875,0.0013067561958244006,1000,200,200,10000,10000,10000,10000,-1.0517356001113487,0.5745371210967892,0.947,1.9487353989835463,9.877480875717886e-05,0.00039862187432150305,0.00012353786753906978,0.00010307167321630577,9.877480875717886e-05,0.00039862187432150305,0.00012353786753906978,0.00010307167321630577,-1.001905353699942,0.8474894668046982,0.819,2.4588712047096446,0.00019280714754440389,0.00025168651836778955,0.004376386409251775,1.1859181333761322,0.0,0.30550952502818923
0.8166666666666667,0.8333333333333333,0.7,-1.1962223127543998,0.01,0.08,2.303586186918714,0.02303586186918714,0.18428689495349712,0.18428689495349712,0.003909023395904199,0.003872994082185645,0.003945052709622755,0.0010119508466963564,1000,200,200,10000,10000,10000,10000,-0.991415596010224,0.64655386945941,0.921,1.990666763711569,6.432631270362632e-05,0.00025812622261876025,8.800942465167655e-05,8.531482559806645e-05,6.432631270362632e-05,0.00025812622261876025,8.800942465167655e-05,8.531482559806645e-05,-1.0011805652919248,0.8970010169976524,0.79,2.4926226864407757,0.0001202312850980354,0.0001545882050029546,-0.002162751371566126,1.1966121505069787,0.0,0.3054443409603598
0.8166666666666667,0.8333333333333333,0.7166666666666667,-1.2070587465298606,0.01,0.08,2.298537930638649,0.02298537930638649,0.18388303445109191,0.18388303445109191,0.003926619135568474,0.003871318413405634,0.003981919857731315,0.000967438397982987,1000,200,200,10000,10000,10000,10000,-1.0311686926407524,0.6108078540718809,0.945,2.018535119373813,6.214081921165097e-05,0.00023937481660380505,9.905659854731464e-05,8.536642896009436e-05,6.214081921165097e-05,0.00023937481660380505,9.905659854731464e-05,8.536642896009436e-05,-1.080773044236866,0.8939352068556193,0.795,2.5162962246441114,0.00011543564733763838,0.00018775516379507704,0.0010033554258229045,1.2105963409993696,0.0,0.3061379514765652
0.8166666666666667,0.8333333333333333,0.7333333333333333,-1.2136084643836476,0.01,0.08,2.326686029201411,0.02326686029201411,0.1861348823361129,0.1861348823361129,0.003965201846572239,0.004057409610958833,0.003872994082185645,0.0010912443608794356,1000,200,200,10000,10000,10000,10000,-1.0410937894006755,0.6103855067288723,0.94,2.002374818231656,7.316924707274364e-05,0.00029644215221998846,9.177675149726907e-05,7.239003953033341e-05,7.316924707274364e-05,0.00029644215221998846,9.177675149726907e-05,7.239003953033341e-05,-1.0454410086332153,0.8917769687141259,0.792,2.4964320082864773,0.00014016374540480839,0.00021416320335032273,0.0005099913954295432,1.2167114463013127,0.0,0.30571080272395945
0.8166666666666667,0.8333333333333333,0.75,-1.2157997062363384,0.01,0.08,2.3548680149320624,0.023548680149320624,0.188389441194565,0.188389441194565,0.004020542462850272,0.004059165067969229,0.003981919857731315,0.0011157635112980999,1000,200,200,10000,10000,10000,10000,-1.0345236452598014,0.5718752907484154,0.941,1.899344722512031,7.061731664775723e-05,0.0002806390742190955,9.988375633543216e-05,0.00010630190998517926,7.061731664775723e-05,0.0002806390742190955,9.988375633543216e-05,0.00010630190998517926,-1.0093416099776322,0.8991392834604257,0.781,2.42716407706063,0.0001378042221256973,0.00021213149875664133,-0.0026928327285540795,1.2157083617951179,0.0,0.3055242393709493
0.8166666666666667,0.8333333333333333,0.7666666666666666,-1.2136084643836478,0.01,0.08,2.3801252943694777,0.023801252943694777,0.19041002354955822,0.19041002354955822,0.004038098308399353,0.004057409610958833,0.004018787005839875,0.0012670487450801957,1000,200,200,10000,10000,10000,10000,-1.0435740576822095,0.5692049502145876,0.933,1.895014748061941,9.016261891457621e-05,0.00037594944310338253,0.0001267452516292493,0.00012911224269934895,9.016261891457621e-05,0.00037594944310338253,0.0001267452516292493,0.00012911224269934895,-1.000319283645472,0.921497615351433,0.778,2.4648186774047742,0.00015929805994576213,0.00022545180236038882,-0.003214080357863982,1.2128562263112226,0.0,0.306009322227901
0.8166666666666667,0.8333333333333333,0.7833333333333333,-1.2070587465298606,0.01,0.08,2.4023943251787383,0.024023943251787385,0.19219154601429908,0.19219154601429908,0.004039853765409751,0.003983675314741713,0.00409603221607779,0.0011701073872708765,1000,200,200,10000,10000,10000,10000,-1.0608889150662306,0.5765443675587552,0.938,1.9421475281899891,8.151456633372635e-05,0.0002998477632032101,0.00010726621476482497,6.341012626399589e-05,8.151456633372635e-05,0.0002998477632032101,0.00010726621476482497,6.341012626399589e-05,-0.994076722682603,0.8561218102890029,0.806,2.428992124656215,0.0001519014293576033,0.00018711109651297917,-0.002110672077069329,1.2073183013000104,0.0,0.30432500000975815
0.8166666666666667,0.8333333333333333,0.7999999999999999,-1.1962223127543998,0.01,0.08,2.4228716144291242,0.024228716144291243,0.19382972915432994,0.19382972915432994,0.004190833271864787,0.004210144574424266,0.004171521969305309,0.0013391912732069757,1000,200,200,10000,10000,10000,10000,-1.0220825433509535,0.5871253856241742,0.929,1.8593613169382128,9.598567599221932e-05,0.0004386441748635574,0.00012803215999591765,0.00017605276016391562,9.598567599221932e-05,0.0004386441748635574,0.00012803215999591765,0.00017605276016391562,-1.0449411471291452,0.8684903519430615,0.805,2.476573728242284,0.00018339276857119472,0.0002407801052603468,-0.0030859122443400062,1.1957120303844926,0.0,0.3047576438455548
0.8166666666666667,0.8333333333333333,0.8166666666666667,-1.1812178892933787,0.01,0.08,2.45359296790381,0.0245359296790381,0.1962874374323048,0.1962874374323048,0.004058287339464031,0.00402229791986067,0.004094276759067393,0.0012455237169927043,1000,200,200,10000,10000,10000,10000,-0.9931759463574347,0.575357454011918,0.932,1.9203010339234388,8.756258005532563e-05,0.00033802575472773993,0.00011553779719438043,0.00010328980781098554,8.756258005532563e-05,0.00033802575472773993,0.00011553779719438043,0.00010328980781098554,-0.9929044773275124,0.8689681492556747,0.818,2.4940658451262196,0.0001741580412451827,0.0002115892824164643,0.00034179830542057976,1.1842203194911016,0.0,0.30545642462001377
0.8166666666666667,0.8333333333333333,0.8333333333333333,-1.162209867750114,0.01,0.08,2.4845902904714245,0.024845902904714248,0.19876722323771398,0.198767223237714,0.004191752794073506,0.004094276759067393,0.004289228829079618,0.0015497409905916829,1000,200,200,10000,10000,10000,10000,-0.9895656536567977,0.5677226938661957,0.939,1.8973224420809673,0.0001318198862031293,0.0005786879806723909,0.0001719402716181337,0.00018921528173489844,0.0001318198862031293,0.0005786879806723909,0.0001719402716181337,0.00018921528173489844,-0.9861172295093352,0.8905050418741799,0.792,2.4647630563153635,0.00024410985139879397,0.0003576639018060151,-0.0029131286203940487,1.1622748862289691,0.0,0.30459384601445916
0.8166666666666667,0.8333333333333333,0.85,-1.1394065039863173,0.01,0.08,2.514685041338582,0.02514685041338582,0.20117480330708656,0.20117480330708656,0.0041346548211967475,0.004210144574424266,0.004059165067969229,0.0013487094837544918,1000,200,200,10000,10000,10000,10000,-1.0170824603696111,0.5747595085224979,0.943,1.912451683029963,0.00010189294830534241,0.0004035693994548439,0.00012904214646837693,0.00010126702219293395,0.00010189294830534241,0.0004035693994548439,0.00012904214646837693,0.00010126702219293395,-0.9964483044585016,0.8960645120221944,0.782,2.4197497689365033,0.0001933864848951662,0.00023137707505240166,0.004529656764269831,1.1466109236184614,0.0,0.3057042991390779
0.8166666666666667,0.85,0.7,-1.157803263731288,0.01,0.08,2.3148053134429403,0.023148053134429403,0.18518442507543523,0.18518442507543523,0.003945890544012761,0.003909861230294205,0.003981919857731315,0.0011209548772759047,1000,200,200,10000,10000,10000,10000,-1.047597349351707,0.6075865897572604,0.962,2.0014660759392404,8.204946914866405e-05,0.00036855998721646853,0.00012762162032172358,0.0001269295704029139,8.204946914866405e-05,0.00036855998721646853,0.00012762162032172358,0.0001269295704029139,-1.0034694445259562,0.9183824947186338,0.77,2.4825343191542246,0.00014822151406230355,0.0002582794858993672,-0.0004639055994985802,1.1598937556858482,0.0,0.3054743164364787
0.8166666666666667,0.85,0.7166666666666667,-1.168639697506749,0.01,0.08,2.3198518544572035,0.023198518544572035,0.18558814835657628,0.18558814835657628,0.003926619135568474,0.003945052709622755,0.003908185561514194,0.0010437804118708612,1000,200,200,10000,10000,10000,10000,-1.0164310037231452,0.5908914147953979,0.951,1.9960294014545044,7.123435521032632e-05,0.0002866620847443889,0.00011225591262792844,0.0001322113383081824,7.123435521032632e-05,0.0002866620847443889,0.00011225591262792844,0.0001322113383081824,-1.000294455617852,0.9348663029301557,0.77,2.454045399515565,0.00012362982109852432,0.00017544100334174098,-0.002738507847215014,1.1684883499145156,0.0,0.30491675212677116
0.8166666666666667,0.85,0.7333333333333333,-1.175189415360536,0.01,0.08,2.3488658266364286,0.023488658266364287,0.1879092661309143,0.18790926613091427,0.004021380297240277,0.003985350983521723,0.004057409610958833,0.0012368632005641702,1000,200,200,10000,10000,10000,10000,-1.0428185225145912,0.5736141820763566,0.943,1.9302175219442996,9.093099591460209e-05,0.00040897425706335703,0.00013544838326714763,0.00015410391264899338,9.093099591460209e-05,0.00040897425706335703,0.00013544838326714763,0.00015410391264899338,-0.9998359349062641,0.9050733020534965,0.797,2.4520310478413827,0.00016445706260222637,0.0003033935876749882,-0.0026313513481307405,1.175181560246464,0.0,0.30548752573880095
0.8166666666666667,0.85,0.75,-1.1773806572132268,0.01,0.08,2.3740222419887216,0.023740222419887217,0.18992177935909774,0.18992177935909774,0.00404077328761847,0.004173361013722745,0.003908185561514194,0.0011218116929451222,1000,200,200,10000,10000,10000,10000,-0.9872627393711965,0.6128518111365494,0.939,2.0437369110929886,8.481842521505062e-05,0.0003084546791675243,0.00012624656373022488,7.115520610605821e-05,8.481842521505062e-05,0.0003084546791675243,0.00012624656373022488,7.115520610605821e-05,-0.9669218267713141,0.8624492496024848,0.782,2.4007308529947897,0.00013992376484340245,0.0001776006241787832,0.0010851941550103206,1.180942477209933,0.0,0.305388642080827
0.8166666666666667,0.85,0.7666666666666666,-1.175189415360536,0.01,0.08,2.40756440867694,0.0240756440867694,0.1926051526941552,0.1926051526941552,0.0041540079174597466,0.004094276759067393,0.0042137390758521,0.0013336149788204846,1000,200,200,10000,10000,10000,10000,-1.0151451756899892,0.5869048612340535,0.923,1.8785349070181179,9.797774701921344e-05,0.00042386423244913213,0.0001319529131798263,0.00013226651422377212,9.797774701921344e-05,0.00042386423244913213,0.0001319529131798263,0.00013226651422377212,-1.003434413412287,0.9055255983820261,0.785,2.487058897599649,0.00018923367321646122,0.0002809640879822527,0.002016011018928111,1.179925015040752,0.0,0.30533526147374135
0.8166666666666667,0.85,0.7833333333333333,-1.168639697506749,0.01,0.08,2.4299431731454835,0.024299431731454834,0.19439545385163867,0.19439545385163867,0.004038976036904553,0.0040960322160777905,0.003981919857731315,0.0012007524320485966,1000,200,200,10000,10000,10000,10000,-1.0394589990136287,0.6205044214155301,0.94,2.0280866201031156,9.132176325414382e-05,0.00035342790979195945,0.00011258335665211328,0.00010854417426793062,9.132176325414382e-05,0.00035342790979195945,0.00011258335665211328,0.00010854417426793062,-0.9914902240634594,0.9161170681343065,0.798,2.503420790000174,0.00018473240071132925,0.00027642697379884806,0.0026918482717970403,1.1739522658403452,0.0,0.3056364698397532
0.8166666666666667,0.85,0.7999999999999999,-1.1578032637312883,0.01,0.08,2.455860725068325,0.024558607250683248,0.19646885800546598,0.196468858005466,0.00413289936418635,0.004094276759067393,0.004171521969305307,0.0013881715247868768,1000,200,200,10000,10000,10000,10000,-1.002749626159601,0.5862144950757063,0.951,1.947702312632262,0.00011156215075203511,0.00043524128152298315,0.00014350967618830551,0.000121825901781352,0.00011156215075203511,0.00043524128152298315,0.00014350967618830551,0.000121825901781352,-1.0082092329491055,0.8967091692238819,0.791,2.511844771014129,0.00020433233105967232,0.0002663735113542162,-0.0033521753340888787,1.157108162967906,0.0,0.30450739277450356
0.8166666666666667,0.85,0.8166666666666667,-1.1427988402702671,0.01,0.08,2.484135315995532,0.024841353159955323,0.1987308252796426,0.19873082527964261,0.004172441491514026,0.00413289936418635,0.004211983618841703,0.0014081903699163841,1000,200,200,10000,10000,10000,10000,-1.0167841952565788,0.560552414093351,0.938,1.885824893188429,0.00010804924774845384,0.000419049823193603,0.0001467430226643383,0.00011997151467545995,0.00010804924774845384,0.000419049823193603,0.0001467430226643383,0.00011997151467545995,-1.0665554132964745,0.8443763782721043,0.828,2.5477879673930692,0.00022025484994178036,0.00029060250772621653,-0.0010227910208671974,1.1444549831089477,0.0,0.3057500433899851
0.8166666666666667,0.85,0.8333333333333333,-1.1237908187270023,0.01,0.08,2.5107758273398484,0.025107758273398485,0.20086206618718788,0.2008620661871879,0.004173361013722745,0.004094276759067393,0.004252445268378096,0.0012529304629860987,1000,200,200,10000,10000,10000,10000,-0.9312280434583408,0.5717069840288168,0.933,1.9081173981954689,8.689999363000329e-05,0.00033501539082298815,0.00010796984157519496,0.00013708364557940303,8.689999363000329e-05,0.00033501539082298815,0.00010796984157519496,0.00013708364557940303,-0.9023348439886381,0.8500530704689665,0.827,2.50740226014337,0.0001817873663985309,0.00025403594812059153,0.0008779224113963593,1.1273988546791007,0.0,0.3048621462032023
0.8166666666666667,0.85,0.85,-1.1009874549632057,0.01,0.08,2.548628831250176,0.025486288312501763,0.2038903065000141,0.2038903065000141,0.004193550044787422,0.004136493865614184,0.00425060622396066,0.0013952968509649169,1000,200,200,10000,10000,10000,10000,-0.9548656149664992,0.57981976946771,0.949,1.9173913905721918,0.00010727125401974604,0.0004466908387082316,0.00012733805094096204,0.00012165899780603309,0.00010727125401974604,0.0004466908387082316,0.00012733805094096204,0.00012165899780603309,-0.9578130777505698,0.8524850429334508,0.795,2.496699051902138,0.0002108113472988108,0.00025185706440337735,0.003855720899945478,1.1077408629287508,0.0,0.30549691783024263
0.8333333333333333,0.7,0.7,-1.4838361296319087,0.01,0.08,2.1669918810164006,0.021669918810164005,0.17335935048131204,0.17335935048131204,0.003768181316857828,0.0038378026028570954,0.00369856003085856,0.0007364616771264081,1000,200,200,10000,10000,10000,10000,-1.2947476359721481,0.695050518122412,0.899,2.1930160507631387,4.478873965702436e-05,0.00016278173577131066,8.015081288630214e-05,6.580754804484108e-05,4.478873965702436e-05,0.00016278173577131066,8.015081288630214e-05,6.580754804484108e-05,-1.2821593426077207,0.9373086999536562,0.772,2.4553422279414665,7.609612292471821e-05,0.0001358114873900612,0.0059512782258102455,1.491887532353702,0.0,0.305331892844899
0.8333333333333333,0.7,0.7166666666666667,-1.4946725634073696,0.01,0.08,2.182933817062647,0.02182933817062647,0.17463470536501177,0.17463470536501177,0.0038025730426624587,0.0038042106305763825,0.003800935454748535,0.0007536025776365725,1000,200,200,10000,10000,10000,10000,-1.3038854601077354,0.6249370006021613,0.92,2.02394894242853,3.876322384290934e-05,0.00015546542953166388,6.464189857239108e-05,7.102158433889072e-05,3.876322384290934e-05,0.00015546542953166388,6.464189857239108e-05,7.102158433889072e-05,-1.3051156435187599,0.9682309116809886,0.779,2.47491695084657,6.899057723476955e-05,0.00010654682079448931,-0.0023260841587039614,1.4944439922936759,0.0,0.3049685372107503
0.8333333333333333,0.7,0.7333333333333333,-1.5012222812611566,0.01,0.08,2.2038421650792968,0.022038421650792967,0.17630737320634374,0.17630737320634376,0.0037849773029981844,0.0037321520031392734,0.0038378026028570954,0.0008275725591520413,1000,200,200,10000,10000,10000,10000,-1.3529841154070597,0.6408488032641749,0.916,2.1692985484470784,5.217251104060785e-05,0.0001939834816766771,7.487160932783298e-05,4.96942983545209e-05,5.217251104060785e-05,0.0001939834816766771,7.487160932783298e-05,4.96942983545209e-05,-1.305516415976483,0.9557960941274111,0.755,2.4401607922073563,8.359093194066433e-05,0.000135478266323357,0.006037759955487215,1.5092037273245642,0.0,0.30505564035902966
0.8333333333333333,0.7,0.75,-1.5034135231138472,0.01,0.08,2.201793539459409,0.022017935394594092,0.17614348315675274,0.17614348315675274,0.003895778304239052,0.0038378026028570954,0.003953754005621008,0.0008922131393421289,1000,200,200,10000,10000,10000,10000,-1.3325886123783302,0.6150845233034138,0.904,1.9845782095364868,4.815057571801649e-05,0.0002187199618761555,6.49948706751034e-05,0.00011459790867028892,4.815057571801649e-05,0.0002187199618761555,6.49948706751034e-05,0.00011459790867028892,-1.3081887865322996,0.9304156079264823,0.756,2.486626608415363,9.20244698861576e-05,0.00014478037883071274,-0.0020401569885357402,1.5033159026483118,0.0,0.30510694659482834
0.8333333333333333,0.7,0.7666666666666666,-1.5012222812611566,0.01,0.08,2.21892773085587,0.0221892773085587,0.1775142184684696,0.1775142184684696,0.0037657439754199854,0.0037657439754199854,0.0037657439754199854,0.0007930973544481249,1000,200,200,10000,10000,10000,10000,-1.3435804308694423,0.6108631218407908,0.914,2.0333925362239986,4.1193198773033234e-05,0.00017014453593587495,6.0867592221180094e-05,7.974673510495132e-05,4.1193198773033234e-05,0.00017014453593587495,6.0867592221180094e-05,7.974673510495132e-05,-1.3659697230610812,0.8973913999420682,0.809,2.528068959232421,8.718483627568813e-05,0.00013331982643699232,0.00029008444984562063,1.5037777683646547,0.0,0.30545265114172426
0.8333333333333333,0.7,0.7833333333333333,-1.4946725634073696,0.01,0.08,2.2498303399618313,0.022498303399618315,0.17998642719694652,0.17998642719694652,0.00392745696995848,0.003872994082185645,0.003981919857731315,0.001022094343999381,1000,200,200,10000,10000,10000,10000,-1.340323475582644,0.605016894966484,0.9,1.9750015257270883,6.781512994860682e-05,0.0002779673745982562,0.00010649846429381774,7.118047969914021e-05,6.781512994860682e-05,0.0002779673745982562,0.00010649846429381774,7.118047969914021e-05,-1.3037176672386355,0.9177332971558388,0.772,2.470130961215722,0.00011365425076626296,0.0001711433857207633,-0.002858956472572237,1.4939211203577203,0.0,0.3056548036485061
0.8333333333333333,0.7,0.7999999999999999,-1.4838361296319087,0.01,0.08,2.294100534112592,0.022941005341125923,0.18352804272900738,0.18352804272900738,0.0039643241180670405,0.003981919857731315,0.003946728378402766,0.0011110619395039993,1000,200,200,10000,10000,10000,10000,-1.3021887601340671,0.6001239911747966,0.918,1.9331348381788744,7.288016797930265e-05,0.00033705918312750655,0.00011060719188084062,0.0001413187891031888,7.288016797930265e-05,0.00033705918312750655,0.00011060719188084062,0.0001413187891031888,-1.2683294642783183,0.9439499596826076,0.767,2.4631534643058663,0.00013389220253780268,0.0002115397605454716,0.004245523622429148,1.4901095680723306,0.0,0.30527554423956266
0.8333333333333333,0.7,0.8166666666666667,-1.4688317061708878,0.01,0.08,2.328336358182992,0.02328336358182992,0.18626690865463935,0.18626690865463938,0.003928334698463679,0.003983675314741713,0.003872994082185645,0.001094154255869673,1000,200,200,10000,10000,10000,10000,-1.268112931580833,0.5758152872178769,0.914,1.900772642745673,6.647056741700807e-05,0.00030117330630610305,9.491338543166436e-05,8.403028524739734e-05,6.647056741700807e-05,0.00030117330630610305,9.491338543166436e-05,8.403028524739734e-05,-1.2755206994398423,0.8752394757947656,0.783,2.465888045729977,0.00013318353749241675,0.000192017750555741,0.0010394138295818606,1.4719689620630434,0.0,0.30497391039375393
0.8333333333333333,0.7,0.8333333333333333,-1.449823684627623,0.01,0.08,2.3638620218448665,0.023638620218448664,0.18910896174758932,0.18910896174758934,0.003930010367243689,0.004022218131630282,0.0038378026028570954,0.001106702142434629,1000,200,200,10000,10000,10000,10000,-1.2456230370145076,0.6115006594883942,0.904,2.0031751329578475,7.606225419759488e-05,0.00030550699876835875,9.841659871113866e-05,7.422255480644571e-05,7.606225419759488e-05,0.00030550699876835875,9.841659871113866e-05,7.422255480644571e-05,-1.331235663198902,0.8262874554362818,0.807,2.4018440402167522,0.00013611940867163533,0.00017915482471535983,0.002521152745986357,1.4543678201161039,0.0,0.30549207766245356
0.8333333333333333,0.7,0.85,-1.4270203208638264,0.01,0.08,2.3927319424004843,0.023927319424004844,0.19141855539203875,0.19141855539203878,0.00404077328761847,0.003983675314741713,0.004097871260495227,0.0012073419360491143,1000,200,200,10000,10000,10000,10000,-1.2423494419408307,0.5948866628228564,0.91,1.9826059059351484,9.012950135896676e-05,0.00034384887567846854,0.00012052193815197846,9.43455563360325e-05,9.012950135896676e-05,0.00034384887567846854,0.00012052193815197846,9.43455563360325e-05,-1.217955431536844,0.9222162632480133,0.774,2.524483209749971,0.00017407985441608836,0.00025484321519437814,0.003720506447091099,1.4329483998651404,0.0,0.30563269305427243
0.8333333333333333,0.7166666666666667,0.7,-1.4484492733868928,0.01,0.08,2.1870705229639418,0.02187070522963942,0.17496564183711535,0.17496564183711538,0.003801735208272453,0.0038361269340770844,0.003767343482467822,0.0008139047623360043,1000,200,200,10000,10000,10000,10000,-1.2528514839571672,0.644806567644703,0.904,2.044812510723749,4.544090828384679e-05,0.0001845200120723401,6.821762728842647e-05,7.63364742013562e-05,4.544090828384679e-05,0.0001845200120723401,6.821762728842647e-05,7.63364742013562e-05,-1.2657777758790922,0.8939756225718608,0.778,2.4713681479545304,8.596626952198798e-05,0.00014676636761898983,0.0012738559779744815,1.451965439075579,0.0,0.30475725795695274
0.8333333333333333,0.7166666666666667,0.7166666666666667,-1.4592857071623535,0.01,0.08,2.1995869285513807,0.02199586928551381,0.17596695428411047,0.17596695428411047,0.0037313522496153543,0.003730552496091436,0.0037321520031392726,0.0007927887567494041,1000,200,200,10000,10000,10000,10000,-1.301842457296806,0.6360188137332707,0.93,2.0945810876173385,4.554108703536971e-05,0.00016795807063502472,6.866491877315968e-05,5.8465741915046675e-05,4.554108703536971e-05,0.00016795807063502472,6.866491877315968e-05,5.8465741915046675e-05,-1.3011889638560004,0.9251871606079264,0.759,2.460102552835213,7.897365433809089e-05,0.00011665480821710195,-0.0017509062007901042,1.4597268705599897,0.0,0.3042144507571113
0.8333333333333333,0.7166666666666667,0.7333333333333333,-1.4658354250161405,0.01,0.08,2.2094578777982203,0.022094578777982203,0.17675663022385762,0.17675663022385762,0.0038185311944128096,0.0038361269340770844,0.003800935454748535,0.0008325157374905447,1000,200,200,10000,10000,10000,10000,-1.304891359510357,0.6187800885934137,0.918,2.089651332672583,5.044118334849202e-05,0.000177125608390831,7.610863249517368e-05,4.735173197010493e-05,5.044118334849202e-05,0.000177125608390831,7.610863249517368e-05,4.735173197010493e-05,-1.252916064462482,0.9051940653040552,0.787,2.492947005066433,8.988982376033133e-05,0.00013909402370079809,-0.0029329664791956085,1.4650090592081013,0.0,0.30578114648458643
0.8333333333333333,0.7166666666666667,0.75,-1.4680266668688313,0.01,0.08,2.240488629859736,0.02240488629859736,0.1792390903887789,0.1792390903887789,0.003839440190771019,0.003872994082185645,0.003805886299356393,0.000895929846541061,1000,200,200,10000,10000,10000,10000,-1.3001932447326596,0.6333638769043028,0.916,2.0596809763647315,5.5771713699402134e-05,0.00022233495101638397,8.65953013595564e-05,8.135504083985925e-05,5.5771713699402134e-05,0.00022233495101638397,8.65953013595564e-05,8.135504083985925e-05,-1.2425389148152415,0.9506191189139369,0.752,2.4791705129890227,9.94426901339772e-05,0.00015882673020193786,-0.0037884722148406194,1.4662982912282074,0.0,0.3043176625878104
0.8333333333333333,0.7166666666666667,0.7666666666666666,-1.4658354250161407,0.01,0.08,2.2484459637418057,0.022484459637418058,0.17987567709934446,0.17987567709934446,0.003872994082185645,0.003800935454748535,0.003945052709622755,0.000951364932322752,1000,200,200,10000,10000,10000,10000,-1.251375827269974,0.6283660939669461,0.904,2.0014322206641046,5.951420386144665e-05,0.0002321121472472258,0.00010086577144991696,6.363276139124342e-05,5.951420386144665e-05,0.0002321121472472258,0.00010086577144991696,6.363276139124342e-05,-1.2520904952768444,0.9201480597379968,0.77,2.47424857259275,0.0001058102556741615,0.00015719587384258139,-0.0012503625947461014,1.4666309071081631,0.0,0.3052805255040726
0.8333333333333333,0.7166666666666667,0.7833333333333333,-1.4592857071623535,0.01,0.08,2.2769439758851906,0.022769439758851907,0.18215551807081526,0.18215551807081523,0.0039476061069079645,0.003945052709622755,0.003950159504193173,0.0010399134340223434,1000,200,200,10000,10000,10000,10000,-1.303200027309206,0.6078776220729508,0.916,1.9526482225328865,6.502517522129316e-05,0.0002885831738479632,9.491775494894277e-05,0.0001216367606577479,6.502517522129316e-05,0.0002885831738479632,9.491775494894277e-05,0.0001216367606577479,-1.2141809952625497,0.9531347840123605,0.78,2.490499240131428,0.00011525034993919166,0.00016517650278926826,0.0002089363901364176,1.4616569620294115,0.0,0.30584421373323634
0.8333333333333333,0.7166666666666667,0.7999999999999999,-1.4484492733868928,0.01,0.08,2.3077912277287815,0.023077912277287817,0.18462329821830253,0.18462329821830253,0.003965201846572239,0.003872994082185645,0.004057409610958833,0.0010462355031733597,1000,200,200,10000,10000,10000,10000,-1.2931132696896,0.5936745609656305,0.93,2.039859168418792,7.326058042500366e-05,0.00029455823440876247,0.00011001167776376165,0.0001770481518602867,7.326058042500366e-05,0.00029455823440876247,0.00011001167776376165,0.0001770481518602867,-1.274613007344269,0.910910126112303,0.791,2.540452048913323,0.00013584158220906822,0.00021397832719693708,0.0002053727658621372,1.4507906840974256,0.0,0.3056812313993289
0.8333333333333333,0.7166666666666667,0.8166666666666667,-1.4334448499258718,0.01,0.08,2.33049188092601,0.023304918809260097,0.18643935047408078,0.18643935047408075,0.004095154487572592,0.004057409610958833,0.00413289936418635,0.0011359311739766367,1000,200,200,10000,10000,10000,10000,-1.2446219620456773,0.6016724610642379,0.906,1.9200906729501726,7.580837732976332e-05,0.0003036625156489471,0.00011720299225809331,8.331668179057071e-05,7.580837732976332e-05,0.0003036625156489471,0.00011720299225809331,8.331668179057071e-05,-1.255878731326529,0.9219429072230909,0.789,2.4995869331923597,0.00014629471661174774,0.00020218400083868668,-0.005001051827496987,1.4306604042935582,0.0,0.30584572900035123
0.8333333333333333,0.7166666666666667,0.8333333333333333,-1.414436828382607,0.01,0.08,2.3785483086999704,0.023785483086999706,0.19028386469599765,0.19028386469599765,0.004040691599799756,0.00409603221607779,0.003985350983521723,0.001159659845592139,1000,200,200,10000,10000,10000,10000,-1.227329006190533,0.5945151633371336,0.904,1.9430520787854466,8.041685308209432e-05,0.0003035658885472058,0.00010593909342649273,8.239342872166212e-05,8.041685308209432e-05,0.0003035658885472058,0.00010593909342649273,8.239342872166212e-05,-1.2166319206243632,0.8734027139481562,0.791,2.4629897245464503,0.0001555351460384318,0.00023389473419255065,0.009226322887751754,1.4257088657097696,0.0,0.3045681708720896
0.8333333333333333,0.7166666666666667,0.85,-1.3916334646188104,0.01,0.08,2.3999299952405737,0.02399929995240574,0.19199439961924591,0.19199439961924591,0.004038098308399353,0.004018787005839875,0.004057409610958833,0.001216533201671583,1000,200,200,10000,10000,10000,10000,-1.2263568426356126,0.5984244376261059,0.914,1.9334416906344116,8.671708542981099e-05,0.00036179964128998346,0.00012031280983373104,0.00012042313410124475,8.671708542981099e-05,0.00036179964128998346,0.00012031280983373104,0.00012042313410124475,-1.2050855538260632,0.8875840044187613,0.796,2.5336596252599843,0.00017463618768526461,0.0002505384061219582,-0.005214716257602863,1.3884594977737887,0.0,0.305593319968605
0.8333333333333333,0.7333333333333333,0.7,-1.4108492490320426,0.01,0.08,2.21998651508176,0.0221998651508176,0.1775989212065408,0.1775989212065408,0.00385539834252137,0.0038378026028570954,0.003872994082185645,0.0008909146536067822,1000,200,200,10000,10000,10000,10000,-1.1995449842196797,0.6522353977584983,0.93,2.1397329020206186,6.0166876873688914e-05,0.00021643852728291978,9.075213178815611e-05,6.949671347583202e-05,6.0166876873688914e-05,0.00021643852728291978,9.075213178815611e-05,6.949671347583202e-05,-1.2604900500256135,0.8889625662056992,0.779,2.385616963898257,9.598245445255513e-05,0.00017057739105413207,0.008511485662466869,1.4214836771325807,0.0,0.305952276288653
0.8333333333333333,0.7333333333333333,0.7166666666666667,-1.4216856828075035,0.01,0.08,2.220727517741687,0.02220727517741687,0.17765820141933497,0.17765820141933497,0.00385539834252137,0.0038378026028570954,0.003872994082185645,0.0008686738159108187,1000,200,200,10000,10000,10000,10000,-1.2733124020860378,0.6223657378432856,0.929,2.0431505563158407,5.0484684469996266e-05,0.00020136183475572667,7.482297678762261e-05,6.26284049658963e-05,5.0484684469996266e-05,0.00020136183475572667,7.482297678762261e-05,6.26284049658963e-05,-1.258206251707263,0.9214658339447932,0.765,2.4294150871822344,8.699577481462979e-05,0.00012609404614126763,-0.0026641253836069702,1.4211768689904494,0.0,0.3059168620084868
0.8333333333333333,0.7333333333333333,0.7333333333333333,-1.4282354006612905,0.01,0.08,2.227213808947684,0.02227213808947684,0.17817710471581472,0.17817710471581472,0.0039308880957488876,0.00409603221607779,0.0037657439754199854,0.0009294312697597489,1000,200,200,10000,10000,10000,10000,-1.2635391627088666,0.5949333316130462,0.926,1.9397028096644937,5.2496731041608535e-05,0.00022720671299730432,8.32674646329839e-05,9.810909644239645e-05,5.2496731041608535e-05,0.00022720671299730432,8.32674646329839e-05,9.810909644239645e-05,-1.2830754871415866,0.9060203192506265,0.805,2.5409071882089487,0.0001008647362474364,0.00015760685863089698,0.006952939124915648,1.4372663802254497,0.0,0.3052525877965714
0.8333333333333333,0.7333333333333333,0.75,-1.430426642513981,0.01,0.08,2.2590168786774347,0.022590168786774348,0.18072135029419478,0.1807213502941948,0.003929172532853685,0.003983675314741713,0.003874669750965656,0.0009736007632720875,1000,200,200,10000,10000,10000,10000,-1.2614070767446106,0.6035479760690992,0.906,1.9864289676522866,5.955121327628206e-05,0.00024339052567348568,8.432969298254968e-05,9.454900987676822e-05,5.955121327628206e-05,0.00024339052567348568,8.432969298254968e-05,9.454900987676822e-05,-1.258615463939009,0.895560437279004,0.79,2.4049609968876062,9.734760639801501e-05,0.00014046431542261132,-0.0044104289889191454,1.4280623052344537,0.0,0.3054556944888561
0.8333333333333333,0.7333333333333333,0.7666666666666666,-1.4282354006612905,0.01,0.08,2.286943827479389,0.02286943827479389,0.18295550619835113,0.18295550619835113,0.003857035930435294,0.003805886299356393,0.003908185561514194,0.0008629371689672265,1000,200,200,10000,10000,10000,10000,-1.2155450964021741,0.6521267659358361,0.907,2.082547370385814,5.331492885157116e-05,0.00018265146435971408,8.589794138176865e-05,9.351775463312687e-05,5.331492885157116e-05,0.00018265146435971408,8.589794138176865e-05,9.351775463312687e-05,-1.1893284798870034,0.9349747496365928,0.76,2.416809464987185,9.375715911084882e-05,0.00014387761000130974,0.005320811904437263,1.4355712322520566,0.0,0.3055994990970228
0.8333333333333333,0.7333333333333333,0.7833333333333333,-1.4216856828075035,0.01,0.08,2.310240264603641,0.02310240264603641,0.18481922116829128,0.18481922116829128,0.003928294804348486,0.003874669750965656,0.003981919857731315,0.0010831056366728074,1000,200,200,10000,10000,10000,10000,-1.2280853569399857,0.5998955886267616,0.909,2.021668661435909,7.87503308463159e-05,0.00029578712697867984,0.00012030621431089619,9.060162978485322e-05,7.87503308463159e-05,0.00029578712697867984,0.00012030621431089619,9.060162978485322e-05,-1.2452245117398033,0.916757152606423,0.771,2.437786458558433,0.00013405448884331963,0.00019471058347543546,0.0035614144139776583,1.4274341776982353,0.0,0.3052049912167922
0.8333333333333333,0.7333333333333333,0.7999999999999999,-1.4108492490320426,0.01,0.08,2.328103375328335,0.023281033753283352,0.18624827002626682,0.18624827002626682,0.004020542462850272,0.003981919857731315,0.004059165067969229,0.0011218262319261023,1000,200,200,10000,10000,10000,10000,-1.2016896271868454,0.6194034572082922,0.899,1.9802599987212501,7.849009860107102e-05,0.00029557384245503134,0.00010901691477718647,7.754609092676027e-05,7.849009860107102e-05,0.00029557384245503134,0.00010901691477718647,7.754609092676027e-05,-1.235289140987233,0.8960960523004715,0.776,2.481965590242846,0.0001362359936357447,0.00018316422774008608,-0.003866899361492724,1.408968118386429,0.0,0.30517843532560207
0.8333333333333333,0.7333333333333333,0.8166666666666667,-1.3958448255710216,0.01,0.08,2.355915407421073,0.02355915407421073,0.18847323259368584,0.18847323259368584,0.0040196647343450735,0.003981919857731315,0.004057409610958833,0.0012161088243547026,1000,200,200,10000,10000,10000,10000,-1.2404054536134526,0.5893452422882679,0.927,1.8876002655014978,8.591857877971007e-05,0.000355662383011461,0.00012709587221444463,0.00011327132535373517,8.591857877971007e-05,0.000355662383011461,0.00012709587221444463,0.00011327132535373517,-1.203165902978956,0.914314529595768,0.782,2.4296873363503737,0.00014875200383555187,0.0002143895594269729,-0.00044926637139274824,1.397556366093478,0.0,0.305139805520569
0.8333333333333333,0.7333333333333333,0.8333333333333333,-1.3768368040277568,0.01,0.08,2.3918806579216145,0.023918806579216145,0.19135045263372916,0.19135045263372916,0.004061004112386668,0.00417695551515058,0.003945052709622755,0.0011427329392677877,1000,200,200,10000,10000,10000,10000,-1.2142935794230831,0.604788464614164,0.911,1.9293789354061226,7.445465557709801e-05,0.00030407862313891384,0.00010057099133641821,9.145755788823898e-05,7.445465557709801e-05,0.00030407862313891384,0.00010057099133641821,9.145755788823898e-05,-1.2464489495869144,0.8977663208133578,0.796,2.471555249399485,0.00015197012020645888,0.00020559758179933794,0.0019528323995250615,1.3813839255410103,0.0,0.306219495852424
0.8333333333333333,0.7333333333333333,0.85,-1.3540334402639602,0.01,0.08,2.418285469517526,0.02418285469517526,0.1934628375614021,0.1934628375614021,0.0041540079174597466,0.004211983618841703,0.00409603221607779,0.0012415910752313244,1000,200,200,10000,10000,10000,10000,-1.2290746453220533,0.5769250857621713,0.93,1.896371084287689,8.714501931394154e-05,0.00034860056893106823,0.00012665760776226696,0.00013430033681106863,8.714501931394154e-05,0.00034860056893106823,0.00012665760776226696,0.00013430033681106863,-1.2252884409287934,0.8621008174734437,0.806,2.505453067532209,0.00017590398676566675,0.0002873369473467448,-0.004102936130841483,1.3520083313970976,0.0,0.3056871782169792
0.8333333333333333,0.75,0.7,-1.3714480103025004,0.01,0.08,2.2325749225115077,0.022325749225115078,0.17860599380092063,0.17860599380092063,0.00378333971508426,0.003800935454748535,0.0037657439754199854,0.000855911646840013,1000,200,200,10000,10000,10000,10000,-1.1876627165622546,0.6335952221022386,0.924,2.088320505228509,5.22501366206819e-05,0.00020591261842970145,8.115673878864511e-05,8.971749763955699e-05,5.22501366206819e-05,0.00020591261842970145,8.115673878864511e-05,8.971749763955699e-05,-1.1860233297716702,0.9151402020551774,0.787,2.4235896932001033,8.819733084478127e-05,0.0001304337703365028,0.0030431841309779477,1.3765375681687317,0.0,0.3055960827090901
0.8333333333333333,0.75,0.7166666666666667,-1.3822844440779611,0.01,0.08,2.245811070498183,0.02245811070498183,0.17966488563985464,0.17966488563985464,0.0038545605081313646,0.0038361269340770844,0.003872994082185645,0.0008851676377290717,1000,200,200,10000,10000,10000,10000,-1.207865842048185,0.6289459096635694,0.936,2.0494803030638984,5.3767992264661694e-05,0.00020010954950298174,7.908543813540826e-05,4.720129175121709e-05,5.3767992264661694e-05,0.00020010954950298174,7.908543813540826e-05,4.720129175121709e-05,-1.1683275713633932,0.9373121863493892,0.77,2.490108727520505,9.638869310522096e-05,0.00013252703927037483,0.005831759698634234,1.3902966445749314,0.0,0.30559541821769465
0.8333333333333333,0.75,0.7333333333333333,-1.3888341619317484,0.01,0.08,2.247495173906578,0.022474951739065777,0.17979961391252622,0.17979961391252622,0.003802573042662459,0.0038378026028570954,0.003767343482467823,0.0008604760382068873,1000,200,200,10000,10000,10000,10000,-1.1973690532561085,0.6377371652551265,0.933,2.106596007352025,5.1477427651057465e-05,0.00019161433406563407,7.079599164866661e-05,7.910598615081488e-05,5.1477427651057465e-05,0.00019161433406563407,7.079599164866661e-05,7.910598615081488e-05,-1.2026083764759714,0.8772280318884167,0.774,2.409155051084183,9.612673308308596e-05,0.00015260187624401193,-0.005603665399243935,1.3856229123349335,0.0,0.3057608462533103
0.8333333333333333,0.75,0.75,-1.391025403784439,0.01,0.08,2.274841959324766,0.02274841959324766,0.1819873567459813,0.1819873567459813,0.0039643241180670405,0.003872994082185645,0.004055654153948435,0.0010006019818131577,1000,200,200,10000,10000,10000,10000,-1.2116527793464904,0.5919545008679097,0.91,1.9288424423028405,6.0342695438424024e-05,0.0002525320809497699,8.731429164486142e-05,0.0001071839664990617,6.0342695438424024e-05,0.0002525320809497699,8.731429164486142e-05,0.0001071839664990617,-1.2604015760590062,0.8617442808304641,0.819,2.4468286173666556,0.00011388117082024571,0.0001820874488515314,-0.003019994595684612,1.3903772163574875,0.0,0.3060240933238609
0.8333333333333333,0.75,0.7666666666666666,-1.3888341619317484,0.01,0.08,2.3103463503184414,0.023103463503184415,0.18482770802547532,0.18482770802547535,0.004001231160290794,0.003945052709622755,0.004057409610958833,0.0010916881824424153,1000,200,200,10000,10000,10000,10000,-1.2543710986322258,0.5958896953741956,0.901,1.9542239802334829,7.266964097237204e-05,0.00029960553709688437,0.0001126716219199392,0.00011192429479145779,7.266964097237204e-05,0.00029960553709688437,0.0001126716219199392,0.00011192429479145779,-1.1889863617718484,0.8887695892981172,0.792,2.418472840882568,0.00013199116166168388,0.00020852060550065362,-0.0034314917599944073,1.3876472548798737,0.0,0.30495663962068414
0.8333333333333333,0.75,0.7833333333333333,-1.3822844440779611,0.01,0.08,2.321822720469891,0.023218227204698908,0.18574581763759127,0.18574581763759124,0.004038976036904552,0.004057409610958833,0.004020542462850272,0.001144788270640199,1000,200,200,10000,10000,10000,10000,-1.2086330968631847,0.5835600492037992,0.908,1.939771746424965,7.629566974137411e-05,0.0003200045558914404,0.0001004743895712097,8.988961057872277e-05,7.629566974137411e-05,0.0003200045558914404,0.0001004743895712097,8.988961057872277e-05,-1.1684763856771692,0.9445599178614043,0.788,2.4461796506670943,0.0001422839487408745,0.0002035247134614784,-0.0033033056529172076,1.3811900366449665,0.0,0.3059470492489576
0.8333333333333333,0.75,0.7999999999999999,-1.3714480103025004,0.01,0.08,2.3390625839800876,0.023390625839800876,0.187125006718407,0.187125006718407,0.003983675314741713,0.004020542462850272,0.003946808166633152,0.0012181791323823872,1000,200,200,10000,10000,10000,10000,-1.2202164270113136,0.5954687927537029,0.918,1.9369711447263787,8.95595661226806e-05,0.000366397664849407,0.0001305395642748784,0.0001044687699519923,8.95595661226806e-05,0.000366397664849407,0.0001305395642748784,0.0001044687699519923,-1.1635289355203473,0.9106717428411764,0.785,2.4385126934146353,0.00015152406182650057,0.00023222349417982642,0.0002498382080696982,1.373878851046362,0.0,0.3048786348119682
0.8333333333333333,0.75,0.8166666666666667,-1.3564435868414793,0.01,0.08,2.3714492325616536,0.023714492325616537,0.1897159386049323,0.1897159386049323,0.004041651016123669,0.004062759569397065,0.004020542462850272,0.0010740284266786498,1000,200,200,10000,10000,10000,10000,-1.1905798320486265,0.5974309618006743,0.928,1.9304614346351585,6.481203357362218e-05,0.0002719180667734779,7.829655037112973e-05,0.00011044030785976565,6.481203357362218e-05,0.0002719180667734779,7.829655037112973e-05,0.00011044030785976565,-1.2210824970525809,0.862801374007888,0.797,2.4376460552517605,0.00012726464330663366,0.0001768377556368471,0.004051469313318423,1.3627443549969969,0.0,0.30566577056830563
0.8333333333333333,0.75,0.8333333333333333,-1.3374355652982146,0.01,0.08,2.4038692287057213,0.02403869228705721,0.1923095382964577,0.1923095382964577,0.004038976036904552,0.004059165067969229,0.004018787005839875,0.0011151386873999726,1000,200,200,10000,10000,10000,10000,-1.1532420126603053,0.581932133619194,0.919,1.9356231599909326,7.20193478321808e-05,0.0002719959667508117,9.412060916971818e-05,7.85933291805866e-05,7.20193478321808e-05,0.0002719959667508117,9.412060916971818e-05,7.85933291805866e-05,-1.1451397686487526,0.8958420980639553,0.815,2.475961278522324,0.00014639413374590015,0.00019911273940566266,0.0040900108349816635,1.3437670144728886,0.0,0.30464650730399523
0.8333333333333333,0.75,0.85,-1.3146322015344178,0.01,0.08,2.4324563933759986,0.024324563933759986,0.1945965114700799,0.1945965114700799,0.004076720913518312,0.0040960322160777905,0.004057409610958833,0.0011995670516442476,1000,200,200,10000,10000,10000,10000,-1.150087952061881,0.5579578848373731,0.929,1.9238660450782674,8.192844806901796e-05,0.0003148402042129234,0.0001053765439880475,6.215774693697456e-05,8.192844806901796e-05,0.0003148402042129234,0.0001053765439880475,6.215774693697456e-05,-1.111951004309779,0.8854794329093404,0.786,2.456297270580483,0.00015582519321768746,0.000205475693129141,-0.001939903657585275,1.3150347106784397,0.0,0.30518842790624295
0.8333333333333333,0.7666666666666666,0.7,-1.3306772454150269,0.01,0.08,2.230988025152019,0.02230988025152019,0.17847904201216153,0.17847904201216153,0.003821044697582826,0.0038394782716371064,0.003802611123528546,0.0008704856979964232,1000,200,200,10000,10000,10000,10000,-1.168236571376734,0.6153689806166128,0.931,2.0491068658460008,5.076732882850899e-05,0.00020914350295208112,7.452185029035599e-05,8.398961075444208e-05,5.076732882850899e-05,0.00020914350295208112,7.452185029035599e-05,8.398961075444208e-05,-1.1551079723792084,0.9189370863470978,0.784,2.4474649933406276,9.536777658158557e-05,0.00016280511613445448,0.004844440254775345,1.3381695294791165,0.0,0.30520657190466366
0.8333333333333333,0.7666666666666666,0.7166666666666667,-1.3415136791904876,0.01,0.08,2.2599155092900682,0.022599155092900683,0.18079324074320546,0.18079324074320546,0.0038378026028570954,0.0038378026028570954,0.0038378026028570954,0.0009189501655380144,1000,200,200,10000,10000,10000,10000,-1.18666978137101,0.6678287206252901,0.925,2.0536093561813233,5.9799571543289504e-05,0.00022415808563769503,9.850628837501089e-05,6.138844701822023e-05,5.9799571543289504e-05,0.00022415808563769503,9.850628837501089e-05,6.138844701822023e-05,-1.1109002385135318,0.9294891860918885,0.776,2.513919393146552,0.00011017403605555498,0.0001656525462098525,-0.0010215877050085153,1.342748492508458,0.0,0.3050254684564958
0.8333333333333333,0.7666666666666666,0.7333333333333333,-1.3480633970442748,0.01,0.08,2.2688958789023,0.022688958789023,0.181511670312184,0.18151167031218401,0.00385539834252137,0.003872994082185645,0.0038378026028570954,0.000947069582619159,1000,200,200,10000,10000,10000,10000,-1.1830213539684695,0.5970421397962893,0.93,1.9957183421167712,5.611208153258744e-05,0.00021709813192260182,7.295702077653448e-05,5.427196911289597e-05,5.611208153258744e-05,0.00021709813192260182,7.295702077653448e-05,5.427196911289597e-05,-1.1692181377624484,0.8998894840216349,0.801,2.44580782016787,0.00010107909736140499,0.00015167919157478354,-0.0008632827294751703,1.3493963182892708,0.0,0.3054203750981648
0.8333333333333333,0.7666666666666666,0.75,-1.3502546388969654,0.01,0.08,2.2841273625237593,0.022841273625237593,0.18273018900190074,0.18273018900190074,0.003945052709622755,0.003945052709622755,0.003945052709622755,0.0010786683300123715,1000,200,200,10000,10000,10000,10000,-1.1878298846409485,0.5998184243114667,0.937,2.0214103580910847,7.900592078406066e-05,0.0003057156287483803,0.00012276684143450536,8.307160642323065e-05,7.900592078406066e-05,0.0003057156287483803,0.00012276684143450536,8.307160642323065e-05,-1.1936567264768336,0.9289265283345032,0.796,2.436574619813269,0.00012802204013800397,0.00018430854943070953,-0.005665693450088414,1.3468093142417867,0.0,0.30442466492872794
0.8333333333333333,0.7666666666666666,0.7666666666666666,-1.3480633970442748,0.01,0.08,2.311730383461488,0.023117303834614883,0.18493843067691906,0.18493843067691906,0.003965201846572239,0.003948483835413163,0.003981919857731315,0.0010769231375036092,1000,200,200,10000,10000,10000,10000,-1.1839389281700134,0.5787107355500477,0.912,1.925757885292434,6.959819082530682e-05,0.00028056138645857984,0.00010773304982767926,9.238279816113812e-05,6.959819082530682e-05,0.00028056138645857984,0.00010773304982767926,9.238279816113812e-05,-1.193666796021284,0.8815404221248809,0.789,2.5050339695302206,0.00014214553215612653,0.000223307221617817,-0.0008847489341369781,1.3494010943867778,0.0,0.30467879664940845
0.8333333333333333,0.7666666666666666,0.7833333333333333,-1.3415136791904876,0.01,0.08,2.337694281199,0.02337694281199,0.18701554249592,0.18701554249592,0.00392745696995848,0.003945052709622755,0.003909861230294205,0.0010465609115477626,1000,200,200,10000,10000,10000,10000,-1.217367358677543,0.5963384318917281,0.929,1.9923359591143517,7.11777044579309e-05,0.00027121374799480056,0.00010833640194935106,9.535318355380939e-05,7.11777044579309e-05,0.00027121374799480056,0.00010833640194935106,9.535318355380939e-05,-1.1652526263130978,0.8471712793141588,0.812,2.4243344061373446,0.00011753573770889597,0.00015472506791132915,-0.0015859014694135473,1.3421553004279738,0.0,0.30609345727624754
0.8333333333333333,0.7666666666666666,0.7999999999999999,-1.3306772454150269,0.01,0.08,2.347231616625102,0.02347231616625102,0.18777852933000816,0.18777852933000816,0.0040196647343450735,0.003981919857731315,0.004057409610958833,0.001016239632211055,1000,200,200,10000,10000,10000,10000,-1.1423329394342705,0.6062093480392853,0.92,1.995776753687491,6.332143806190955e-05,0.00024060572838315416,8.179025406029617e-05,6.246810473278344e-05,6.332143806190955e-05,0.00024060572838315416,8.179025406029617e-05,6.246810473278344e-05,-1.1606552717914238,0.8947514566491799,0.768,2.4321418190533284,0.00012117606792540474,0.0001749987708975743,0.004777130106856257,1.3377661327914525,0.0,0.3051223940735168
0.8333333333333333,0.7666666666666666,0.8166666666666667,-1.3156728219540057,0.01,0.08,2.3757289485458095,0.023757289485458095,0.19005831588366476,0.19005831588366479,0.004001231160290794,0.003981919857731315,0.004020542462850272,0.0011019724910025007,1000,200,200,10000,10000,10000,10000,-1.1760217208941162,0.6054547103624727,0.94,2.0218674483853976,7.721287510626646e-05,0.00029424910951276735,0.00010306086550486825,0.00013684055707745187,7.721287510626646e-05,0.00029424910951276735,0.00010306086550486825,0.00013684055707745187,-1.0992537416068702,0.8596932244088297,0.807,2.4702568448338944,0.00015804592786427117,0.000245111508977362,-0.002375735644459968,1.3156513168444262,0.0,0.3051240526504733
0.8333333333333333,0.7666666666666666,0.8333333333333333,-1.296664800410741,0.01,0.08,2.3954514936928826,0.023954514936928826,0.1916361194954306,0.1916361194954306,0.004077598642023509,0.00409603221607779,0.004059165067969229,0.001242305782161295,1000,200,200,10000,10000,10000,10000,-1.1739684078291914,0.5556353431966922,0.94,1.9037194158705648,8.579030744579264e-05,0.00035792731805764827,0.00011389726305915279,7.67617472635445e-05,8.579030744579264e-05,0.00035792731805764827,0.00011389726305915279,7.67617472635445e-05,-1.149928216973582,0.9118451674151625,0.797,2.463585602834612,0.00015627553661599385,0.0002061798764763319,0.0006074639369973945,1.2997991543234195,0.0,0.30551331278609106
0.8333333333333333,0.7666666666666666,0.85,-1.2738614366469443,0.01,0.08,2.445211728284172,0.02445211728284172,0.19561693826273377,0.19561693826273374,0.004078518164232228,0.004138249322624582,0.004018787005839875,0.0011877671232866913,1000,200,200,10000,10000,10000,10000,-1.1119990984542885,0.5845942439758471,0.931,1.9413335255916564,8.311910430950114e-05,0.0003276489291989099,0.00010598424655790757,0.0001365112699861353,8.311910430950114e-05,0.0003276489291989099,0.00010598424655790757,0.0001365112699861353,-1.0957044407298484,0.854258924461455,0.779,2.4560753249870007,0.00015475194893750467,0.00020681395042321642,0.00041313742782459335,1.2766532185813917,0.0,0.30550228321958967
0.8333333333333333,0.7833333333333333,0.7,-1.2889836474015595,0.01,0.08,2.250320467458849,0.022503204674588488,0.1800256373967079,0.1800256373967079,0.003946768272517959,0.003981919857731315,0.003911616687304603,0.0010294231841474991,1000,200,200,10000,10000,10000,10000,-1.1359354605628407,0.59553188920876,0.919,1.9425190943792063,6.446940777807344e-05,0.00026791576506585195,9.124685984050834e-05,8.58788401411107e-05,6.446940777807344e-05,0.00026791576506585195,9.124685984050834e-05,8.58788401411107e-05,-1.0668951016721675,0.944915864559195,0.768,2.495613201798433,0.00011673869531767722,0.0001791597199490072,-0.002196275287324254,1.2891884601576646,0.0,0.30530290812047733
0.8333333333333333,0.7833333333333333,0.7166666666666667,-1.2998200811770202,0.01,0.08,2.27461474499676,0.0227461474499676,0.1819691795997408,0.18196917959974082,0.003912414627579415,0.003874669750965656,0.003950159504193173,0.0009440236614689977,1000,200,200,10000,10000,10000,10000,-1.1563851131959981,0.5699231963670257,0.952,1.9399825511416788,5.359375765002164e-05,0.00022041609769752628,7.611500428086105e-05,7.401199156245311e-05,5.359375765002164e-05,0.00022041609769752628,7.611500428086105e-05,7.401199156245311e-05,-1.1232611941843036,0.9098388936141026,0.778,2.494838785852233,0.00010120515615650387,0.00014094623554292913,0.0009318783396446295,1.3030530175802968,0.0,0.30520860400376804
0.8333333333333333,0.7833333333333333,0.7333333333333333,-1.3063697990308072,0.01,0.08,2.3071577096166536,0.023071577096166536,0.1845726167693323,0.1845726167693323,0.003945052709622755,0.003945052709622755,0.003945052709622755,0.0010323490577266487,1000,200,200,10000,10000,10000,10000,-1.157758104242075,0.604171975007445,0.927,1.981833457718776,6.533748269730961e-05,0.00025947783305805557,8.45372865987306e-05,6.392244450875312e-05,6.533748269730961e-05,0.00025947783305805557,8.45372865987306e-05,6.392244450875312e-05,-1.1558898860326081,0.9201304706669593,0.767,2.404141998303991,0.00011851187454268464,0.000168210838724373,-0.0037644125068598813,1.3049280894885447,0.0,0.3055622691440839
0.8333333333333333,0.7833333333333333,0.75,-1.308561040883498,0.01,0.08,2.3124626941153394,0.023124626941153394,0.18499701552922715,0.18499701552922715,0.0038721562477956393,0.003871318413405634,0.003872994082185645,0.0010489052913391693,1000,200,200,10000,10000,10000,10000,-1.1407171354642307,0.6176551129282235,0.933,1.9944566522962095,7.111282244038124e-05,0.000278505603944861,0.00010355708866726294,7.481139673053541e-05,7.111282244038124e-05,0.000278505603944861,0.00010355708866726294,7.481139673053541e-05,-1.0922936094052582,0.8936067187635376,0.79,2.499642249198164,0.0001277505592010141,0.00017426980784536326,0.0010117156521419648,1.3119390112414977,0.0,0.3055324660902024
0.8333333333333333,0.7833333333333333,0.7666666666666666,-1.3063697990308074,0.01,0.08,2.325790249485895,0.023257902494858953,0.18606321995887162,0.18606321995887162,0.00391157679318941,0.003874669750965656,0.003948483835413163,0.0010240079670751682,1000,200,200,10000,10000,10000,10000,-1.1262784873037905,0.5781939655874935,0.932,1.934440666002037,6.032982753248764e-05,0.0002470742887638031,7.827618403404195e-05,5.367003335724995e-05,6.032982753248764e-05,0.0002470742887638031,7.827618403404195e-05,5.367003335724995e-05,-1.09232883218088,0.9030518801303371,0.767,2.414812942510446,0.00012089173931877087,0.00018646719376963204,0.00393295674002196,1.3124767929577612,0.0,0.3047993211518973
0.8333333333333333,0.7833333333333333,0.7833333333333333,-1.2998200811770202,0.01,0.08,2.3624349347112945,0.023624349347112945,0.18899479477690356,0.18899479477690356,0.004022258025745476,0.003909861230294205,0.004134654821196747,0.001230166287609787,1000,200,200,10000,10000,10000,10000,-1.143312416340233,0.5281027818682513,0.933,1.7925407581336348,7.307629208410053e-05,0.0003277527421783245,8.800361046446651e-05,6.136658452176341e-05,7.307629208410053e-05,0.0003277527421783245,8.800361046446651e-05,6.136658452176341e-05,-1.105783835711975,0.880255260338437,0.797,2.45186144351828,0.00015010823871824236,0.00021489235094548895,-0.007107832029128379,1.2951421600983088,0.0,0.3058241976609981
0.8333333333333333,0.7833333333333333,0.7999999999999999,-1.2889836474015595,0.01,0.08,2.3821982137123605,0.023821982137123606,0.19057585709698885,0.19057585709698885,0.0040196647343450735,0.003945052709622755,0.004094276759067393,0.0011402661496503022,1000,200,200,10000,10000,10000,10000,-1.1199404549898662,0.6036019355473047,0.916,1.9779672232859777,8.044236539402348e-05,0.0003036556427718429,0.00011117757801490198,6.799601200463485e-05,8.044236539402348e-05,0.0003036556427718429,0.00011117757801490198,6.799601200463485e-05,-1.0906814263660098,0.8690353626466409,0.827,2.4839268593228723,0.00015237570199297507,0.00020280677243547686,-0.0065014291665586995,1.284957922246002,0.0,0.30454969697090434
0.8333333333333333,0.7833333333333333,0.8166666666666667,-1.2739792239405385,0.01,0.08,2.388972549338936,0.02388972549338936,0.1911178039471149,0.1911178039471149,0.004002068994680799,0.004018787005839875,0.003985350983521723,0.0011487622183894005,1000,200,200,10000,10000,10000,10000,-1.142223047881595,0.5840694382157795,0.948,2.009598953179631,8.135956385104607e-05,0.00030879012668306506,0.00010557093217213814,0.00010582997212747255,8.135956385104607e-05,0.00030879012668306506,0.00010557093217213814,0.00010582997212747255,-1.126773163046966,0.8623418494408268,0.813,2.4448621748480184,0.00015781142577070458,0.00023211475753907913,-0.009240351279416846,1.2670661671447074,0.0,0.3050650252719106
0.8333333333333333,0.7833333333333333,0.8333333333333333,-1.2549712023972737,0.01,0.08,2.4179915337348157,0.024179915337348156,0.19343932269878525,0.19343932269878522,0.004075843185013113,0.004094276759067393,0.004057409610958833,0.001304446928025832,1000,200,200,10000,10000,10000,10000,-1.1037107919329017,0.537496258768129,0.928,1.8939885633528932,9.646108387758393e-05,0.000389211042589827,0.00013636765352911708,0.00010748847933257351,9.646108387758393e-05,0.000389211042589827,0.00013636765352911708,0.00010748847933257351,-1.1362230911600393,0.860219342597459,0.802,2.452037471737323,0.00016644277054592057,0.000224174235880674,0.0020080074792607375,1.259456536192573,0.0,0.3055091799547774
0.8333333333333333,0.7833333333333333,0.85,-1.2321678386334771,0.01,0.08,2.4548658125448446,0.024548658125448448,0.19638926500358758,0.19638926500358758,0.004153130188954548,0.004173361013722745,0.00413289936418635,0.0013522205661964074,1000,200,200,10000,10000,10000,10000,-1.0983976515508456,0.5432057244821594,0.945,1.8821438561101838,9.856624548709143e-05,0.0004344629636238188,0.00013278586820916486,0.00013595628997259006,9.856624548709143e-05,0.0004344629636238188,0.00013278586820916486,0.00013595628997259006,-1.0990215234481124,0.9039463990818851,0.791,2.495236967079357,0.00018897120296852514,0.0002490133925852942,-0.0006799983473642135,1.2339345784328046,0.0,0.30599085510515744
0.8333333333333333,0.7999999999999999,0.7,-1.2468240200468803,0.01,0.08,2.2770320961904416,0.022770320961904417,0.18216256769523534,0.18216256769523537,0.0039484439412979695,0.003946728378402766,0.003950159504193173,0.000982772838913122,1000,200,200,10000,10000,10000,10000,-1.063566972386195,0.580668479379029,0.933,1.9442146018846302,5.5842804628046054e-05,0.00023134647804629637,7.33753935468831e-05,6.763841156551937e-05,5.5842804628046054e-05,0.00023134647804629637,7.33753935468831e-05,6.763841156551937e-05,-1.0718353993379843,0.8776318068960764,0.806,2.4245945193335494,0.00010553711258328394,0.00014574136871832593,-0.002836663867785745,1.2465378336086237,0.0,0.3057090290117598
0.8333333333333333,0.7999999999999999,0.7166666666666667,-1.2576604538223415,0.01,0.08,2.2958222910729162,0.022958222910729163,0.1836657832858333,0.18366578328583327,0.004039813871294558,0.004057409610958833,0.004022218131630283,0.0010687099960894862,1000,200,200,10000,10000,10000,10000,-1.1062900542673888,0.5492475184450807,0.938,1.9015179125133181,6.398990502202801e-05,0.0002571655199924872,8.186987977855556e-05,5.34798910392092e-05,6.398990502202801e-05,0.0002571655199924872,8.186987977855556e-05,5.34798910392092e-05,-1.0867128360562044,0.8954136635163487,0.801,2.411949915268769,0.0001138166354066191,0.00015423972057486459,0.0009171726915880441,1.261027641735326,0.0,0.30539729051232395
0.8333333333333333,0.7999999999999999,0.7333333333333333,-1.2642101716761283,0.01,0.08,2.323750146398272,0.02323750146398272,0.18590001171186177,0.18590001171186177,0.003909023395904199,0.003909861230294205,0.003908185561514194,0.0010704231407045752,1000,200,200,10000,10000,10000,10000,-1.1076151915606613,0.5937097374743384,0.929,1.9655921218501224,6.78349211076672e-05,0.00030112282443036314,9.608258269425697e-05,0.00015614391397177497,6.78349211076672e-05,0.00030112282443036314,9.608258269425697e-05,0.00015614391397177497,-1.0882974167056036,0.905891781591657,0.797,2.476716418747423,0.0001283975704272899,0.00018918970664841443,0.004153400895898532,1.270726729248874,0.0,0.3042517886264672
0.8333333333333333,0.7999999999999999,0.75,-1.2664014135288193,0.01,0.08,2.3409821502620503,0.0234098215026205,0.187278572020964,0.187278572020964,0.003981919857731315,0.003981919857731315,0.003981919857731315,0.0009869224466178463,1000,200,200,10000,10000,10000,10000,-1.1073303834423533,0.5722333071595253,0.93,1.9270264516243505,5.6382262531347915e-05,0.00020982702646839263,7.260373969350119e-05,5.427625629965913e-05,5.6382262531347915e-05,0.00020982702646839263,7.260373969350119e-05,5.427625629965913e-05,-1.1239248465970686,0.8668324131355077,0.793,2.460182642089655,0.00011619777333958017,0.00015807152995704756,-0.002292310806884327,1.2664945951132918,0.0,0.30492801581367857
0.8333333333333333,0.7999999999999999,0.7666666666666666,-1.2642101716761283,0.01,0.08,2.35716115980271,0.0235716115980271,0.1885728927842168,0.1885728927842168,0.004002986617301191,0.003983675314741713,0.00402229791986067,0.0011100515796863067,1000,200,200,10000,10000,10000,10000,-1.097097206444207,0.5836907164181107,0.933,1.9373416585870413,7.233268635452551e-05,0.00028245609983770955,9.635618721170774e-05,7.064897095998626e-05,7.233268635452551e-05,0.00028245609983770955,9.635618721170774e-05,7.064897095998626e-05,-1.101244979456424,0.8241409474017509,0.811,2.375311695195517,0.00012828390885983893,0.0001653792226063452,-0.0035696708934394215,1.263147829602158,0.0,0.30555532346317066
0.8333333333333333,0.7999999999999999,0.7833333333333333,-1.2576604538223415,0.01,0.08,2.3723823490100493,0.023723823490100493,0.18979058792080394,0.18979058792080394,0.003926619135568474,0.003945052709622755,0.003908185561514194,0.0010776210523796548,1000,200,200,10000,10000,10000,10000,-1.090804485535471,0.6020972355040956,0.937,2.0407319724015776,7.407238035236293e-05,0.0002836460577198085,8.803589926853767e-05,8.363776737902923e-05,7.407238035236293e-05,0.0002836460577198085,8.803589926853767e-05,8.363776737902923e-05,-1.078417136015367,0.900325225107397,0.808,2.508020620963158,0.00014463300370812717,0.00019622398378934505,-0.0022637765227653084,1.2577264919882587,0.0,0.3059723259484838
0.8333333333333333,0.7999999999999999,0.7999999999999999,-1.2468240200468808,0.01,0.08,2.4039716218872407,0.02403971621887241,0.19231772975097927,0.19231772975097927,0.0040196647343450735,0.003981919857731315,0.004057409610958833,0.0013190511734675135,1000,200,200,10000,10000,10000,10000,-1.1018936538187876,0.5725926052856896,0.945,1.906271864420777,0.00010159527271152673,0.0004150773902834913,0.00015074707064943938,0.00013401310647767517,0.00010159527271152673,0.0004150773902834913,0.00015074707064943938,0.00013401310647767517,-1.0776351668242319,0.8885106462220462,0.813,2.542687372389172,0.00020155057042447533,0.00028407451479964333,-0.005239821047824983,1.2440689547023842,0.0,0.30542270014905587
0.8333333333333333,0.7999999999999999,0.8166666666666667,-1.2318195965858596,0.01,0.08,2.405755674427418,0.02405755674427418,0.19246045395419345,0.19246045395419345,0.004038976036904552,0.003945052709622755,0.00413289936418635,0.0012021243586915757,1000,200,200,10000,10000,10000,10000,-1.0645915891130304,0.6080077738960619,0.944,1.9711702874096595,8.718381308326738e-05,0.00034538838968330935,0.00011472365556807329,0.00010082001581080811,8.718381308326738e-05,0.00034538838968330935,0.00011472365556807329,0.00010082001581080811,-1.0476368726650664,0.893098098673469,0.805,2.481047576846076,0.0001706159577958306,0.00023065176250858956,0.0028596665746346973,1.2372912366947042,0.0,0.3057732670925562
0.8333333333333333,0.7999999999999999,0.8333333333333333,-1.2128115750425947,0.01,0.08,2.451485732657453,0.02451485732657453,0.19611885861259623,0.19611885861259623,0.00423129492140118,0.004171521969305307,0.004291067873497053,0.0014906967417726903,1000,200,200,10000,10000,10000,10000,-1.049056600556852,0.5442472609430663,0.923,1.770558584403194,0.00010496011273785803,0.000497405367882108,0.0001336767133069569,0.0001621227251283686,0.00010496011273785803,0.000497405367882108,0.0001336767133069569,0.0001621227251283686,-1.034767710498124,0.908672875397593,0.788,2.4868791766156466,0.0002050982097982396,0.00026216833308899255,-0.0004990700279963855,1.2148708535578139,0.0,0.30526415539447865
0.8333333333333333,0.7999999999999999,0.85,-1.1900082112787982,0.01,0.08,2.4735993288728793,0.024735993288728792,0.19788794630983034,0.19788794630983034,0.004134696614900267,0.004173361013722745,0.00409603221607779,0.001312071883693719,1000,200,200,10000,10000,10000,10000,-1.0557340246883031,0.5566030921016158,0.932,1.8498779552969988,8.973852009665341e-05,0.00039032703334072503,0.00012149741836332482,0.0001634894889308027,8.973852009665341e-05,0.00039032703334072503,0.00012149741836332482,0.0001634894889308027,-1.0623225654876305,0.9124207827166441,0.791,2.532327722729728,0.00019124559305394101,0.0002381294634850231,0.00017361133222685407,1.1928131038870617,0.0,0.30529587475539205
0.8333333333333333,0.8166666666666667,0.7,-1.2046602730507574,0.01,0.08,2.312464121391768,0.02312464121391768,0.18499712971134144,0.18499712971134144,0.004004662286081201,0.003909861230294205,0.004099463341868198,0.0011014436147332193,1000,200,200,10000,10000,10000,10000,-1.0671493309459485,0.5834312064721948,0.934,1.865067967643595,6.431843804463925e-05,0.00029261154178564794,8.286896933816751e-05,9.536891554557144e-05,6.431843804463925e-05,0.00029261154178564794,8.286896933816751e-05,9.536891554557144e-05,-1.0237993137539125,0.8596500762335189,0.806,2.443861892672335,0.00012046481489495531,0.00017771777997957627,-0.0008609456303767453,1.2064981013100078,0.0,0.3055867728741294
0.8333333333333333,0.8166666666666667,0.7166666666666667,-1.2154967068262184,0.01,0.08,2.3226171988354265,0.023226171988354267,0.18580937590683413,0.18580937590683416,0.0039476061069079645,0.003981919857731315,0.003913292356084614,0.0010335018202645532,1000,200,200,10000,10000,10000,10000,-1.0578097133727429,0.6238917567628229,0.952,2.0514574186545844,7.023157583430362e-05,0.00027058382741908016,9.351622173112617e-05,0.00013290154395985518,7.023157583430362e-05,0.00027058382741908016,9.351622173112617e-05,0.00013290154395985518,-1.0297622639190256,0.9187764353048541,0.773,2.430660541813869,0.00012589925778050097,0.00019670993794542124,0.0013126620201541872,1.2192459467252215,0.0,0.3057324060805663
0.8333333333333333,0.8166666666666667,0.7333333333333333,-1.2220464246800053,0.01,0.08,2.334174493248911,0.02334174493248911,0.1867339594599129,0.1867339594599129,0.003945890544012761,0.003945052709622755,0.003946728378402766,0.0010563867361505662,1000,200,200,10000,10000,10000,10000,-1.0559233324951516,0.6127519807616296,0.946,1.9699850959858118,6.839658895706956e-05,0.0002555319935845794,8.850926508550734e-05,4.9056217525453846e-05,6.839658895706956e-05,0.0002555319935845794,8.850926508550734e-05,4.9056217525453846e-05,-1.0778897512891126,0.8809825623631353,0.796,2.4940334559616826,0.00013260496827778904,0.00017840523151797146,-0.0010926849686183962,1.2234852159476546,0.0,0.30559154531496385
0.8333333333333333,0.8166666666666667,0.75,-1.224237666532696,0.01,0.08,2.3639807098279944,0.023639807098279945,0.18911845678623956,0.18911845678623956,0.0040960322160777905,0.004057409610958833,0.0041346548211967475,0.0012560970096823737,1000,200,200,10000,10000,10000,10000,-1.0585595187383896,0.5442833998446035,0.94,1.836403882127812,8.095866177385283e-05,0.0003548172483177196,0.00010909102190343264,0.00011955645102438739,8.095866177385283e-05,0.0003548172483177196,0.00010909102190343264,0.00011955645102438739,-1.0478913464927198,0.8925815116072966,0.795,2.4670729562284315,0.00015530262910838728,0.00022847492521204074,-0.0024156766146223685,1.2242755194674748,0.0,0.3052246194034004
0.8333333333333333,0.8166666666666667,0.7666666666666666,-1.2220464246800053,0.01,0.08,2.394340558587677,0.02394340558587677,0.19154724468701417,0.19154724468701417,0.0040029467231859975,0.003985350983521723,0.004020542462850272,0.0011707663328433212,1000,200,200,10000,10000,10000,10000,-1.0672712755366136,0.5885795404728984,0.943,1.9889630733356902,8.327374033162528e-05,0.00032263007411276727,0.0001069667013824699,0.00011813121744644229,8.327374033162528e-05,0.00032263007411276727,0.0001069667013824699,0.00011813121744644229,-1.0819479803240386,0.8678760688545762,0.809,2.440436096852444,0.00015436722338155065,0.00019660093487982737,-0.0020435794488203,1.222417529358718,0.0,0.305811666551838
0.8333333333333333,0.8166666666666667,0.7833333333333333,-1.2154967068262184,0.01,0.08,2.4085204391846444,0.024085204391846443,0.19268163513477155,0.19268163513477155,0.004094276759067393,0.004094276759067393,0.004094276759067393,0.001315958635114189,1000,200,200,10000,10000,10000,10000,-1.0631877239301024,0.5937852343928106,0.937,1.9509456113543837,0.00010601767682125773,0.00042121225343740075,0.00015054038094821758,0.00010379287410821594,0.00010601767682125773,0.00042121225343740075,0.00015054038094821758,0.00010379287410821594,-1.038267187448324,0.922348098831678,0.79,2.4850465747969253,0.00018508124766290838,0.00024041350562428084,-0.004322521923894449,1.2136199196361876,0.0,0.30596802098080306
0.8333333333333333,0.8166666666666667,0.7999999999999999,-1.2046602730507574,0.01,0.08,2.40495217486128,0.0240495217486128,0.1923961739889024,0.1923961739889024,0.004095154487572592,0.004134654821196748,0.004055654153948435,0.0012919807492767397,1000,200,200,10000,10000,10000,10000,-1.0509934662208835,0.573491402149635,0.941,1.866987296751841,8.999009023315444e-05,0.00039122068317913627,0.00012934902016600438,9.828136567636559e-05,8.999009023315444e-05,0.00039122068317913627,0.00012934902016600438,9.828136567636559e-05,-1.095196028665402,0.9151127785569403,0.772,2.4178241216152636,0.00015284843951321561,0.000196624704539035,0.004237521225581932,1.2114690936485846,0.0,0.30471410125290616
0.8333333333333333,0.8166666666666667,0.8166666666666667,-1.1896558495897365,0.01,0.08,2.439271344088035,0.024392713440880353,0.19514170752704282,0.19514170752704282,0.004039853765409751,0.003983675314741713,0.00409603221607779,0.0012224792725952821,1000,200,200,10000,10000,10000,10000,-1.0340814100210018,0.6079850210138902,0.944,1.9888242451661118,9.086288434517292e-05,0.00035862450262907995,0.00012692194245727726,0.00012900750373110855,9.086288434517292e-05,0.00035862450262907995,0.00012692194245727726,0.00012900750373110855,-1.0139909567119318,0.8621638474694255,0.775,2.410986189405442,0.00016695521021879706,0.00023028248774417643,0.0025139362135557244,1.194822874620475,0.0,0.3054727608623973
0.8333333333333333,0.8166666666666667,0.8333333333333333,-1.1706478280464716,0.01,0.08,2.4752301455533887,0.02475230145553389,0.19801841164427111,0.19801841164427111,0.00409603221607779,0.00413289936418635,0.004059165067969229,0.0012993377050821609,1000,200,200,10000,10000,10000,10000,-1.0475662524573268,0.5705366586960616,0.955,1.933753726680742,9.827547097147592e-05,0.0003987249430871714,0.00014017004383542136,0.00010833834211243793,9.827547097147592e-05,0.0003987249430871714,0.00014017004383542136,0.00010833834211243793,-1.0195075386799868,0.8581052393820692,0.807,2.5031325232553674,0.00020021077796630591,0.00027727293974001916,0.008008106253233161,1.1811418257993405,0.0,0.30520819071914657
0.8333333333333333,0.8166666666666667,0.85,-1.147844464282675,0.01,0.08,2.510937837574971,0.02510937837574971,0.2008750270059977,0.20087502700599771,0.004133818886395069,0.004173361013722745,0.004094276759067393,0.0012710072058655856,1000,200,200,10000,10000,10000,10000,-1.0202430777048255,0.5759876349512425,0.936,1.9776460381829353,9.63806783247496e-05,0.0003470552763532724,0.00012073547307680837,7.808353152897387e-05,9.63806783247496e-05,0.0003470552763532724,0.00012073547307680837,7.808353152897387e-05,-1.0177244105122292,0.8564178783863634,0.82,2.5009317608028585,0.00019520069606175912,0.00023784779045553077,0.001523533135282499,1.1518203218265357,0.0,0.3059728689870299
0.8333333333333333,0.8333333333333333,0.7,-1.1629543612486102,0.01,0.08,2.3421593000129004,0.023421593000129005,0.18737274400103204,0.18737274400103207,0.0040037845575760025,0.004022218131630282,0.003985350983521723,0.001076440817444923,1000,200,200,10000,10000,10000,10000,-0.9907759456760922,0.526793890142899,0.938,1.8681428420320996,6.246638225990401e-05,0.00026257844379969943,8.486244235643996e-05,0.00010127735811282385,6.246638225990401e-05,0.00026257844379969943,8.486244235643996e-05,0.00010127735811282385,-1.0115865718487933,0.8475134830547421,0.792,2.420441603174917,0.00013580908100319908,0.00020201536626681454,-0.004630706513405588,1.1610313714697813,0.0,0.304753886005612
0.8333333333333333,0.8333333333333333,0.7166666666666667,-1.1737907950240711,0.01,0.08,2.3459537195652773,0.023459537195652774,0.1876762975652222,0.1876762975652222,0.004060002902359236,0.004134654821196748,0.003985350983521723,0.0012740278755066312,1000,200,200,10000,10000,10000,10000,-1.0623298311456773,0.574582009970216,0.947,1.8914763243224464,8.968871656968849e-05,0.00044104917712181656,0.0001246729793140526,9.172698241361686e-05,8.968871656968849e-05,0.00044104917712181656,0.0001246729793140526,9.172698241361686e-05,-0.995628544119906,0.9410764558497509,0.79,2.540936672684568,0.00018221827097434666,0.0003099627207951116,-0.0016377037116024297,1.1746719851499374,0.0,0.30564859232113256
0.8333333333333333,0.8333333333333333,0.7333333333333333,-1.1803405128778581,0.01,0.08,2.357649288150828,0.02357649288150828,0.18861194305206624,0.18861194305206624,0.003982797586236514,0.003981919857731315,0.003983675314741713,0.0011469831748486573,1000,200,200,10000,10000,10000,10000,-1.00998077760975,0.5688206647938039,0.943,1.9163960872984136,7.597290873076491e-05,0.0003133702434012171,0.00010506473929288561,6.541168891772563e-05,7.597290873076491e-05,0.0003133702434012171,0.00010506473929288561,6.541168891772563e-05,-1.012741755456615,0.905194411597238,0.781,2.5237364925127532,0.0001414682728984513,0.00018621400127084736,-0.006003819146382329,1.1767811332799467,0.0,0.30452925188501667
0.8333333333333333,0.8333333333333333,0.75,-1.182531754730549,0.01,0.08,2.3821035953819685,0.023821035953819684,0.19056828763055747,0.19056828763055747,0.003985350983521723,0.003985350983521723,0.003985350983521723,0.0011180065224685337,1000,200,200,10000,10000,10000,10000,-1.0545626084986852,0.5793069171016154,0.944,1.9856695665097155,7.855520240548581e-05,0.00030541133615664924,0.00011195201304246086,8.112184191423462e-05,7.855520240548581e-05,0.00030541133615664924,0.00011195201304246086,8.112184191423462e-05,-0.9750921482527857,0.9078377064338391,0.792,2.485511206092982,0.0001416915190745759,0.00017140393854939831,-0.0011334776555107652,1.1840289979023757,0.0,0.3052494911150923
0.8333333333333333,0.8333333333333333,0.7666666666666666,-1.1803405128778581,0.01,0.08,2.4228142974546794,0.024228142974546795,0.19382514379637436,0.19382514379637433,0.004057409610958832,0.004018787005839875,0.00409603221607779,0.0012574388181019016,1000,200,200,10000,10000,10000,10000,-1.0267455580365061,0.5970230521940201,0.943,1.969947564322154,0.00010067462656834836,0.00040096844525313,0.00015305076120667103,0.0002010240176240357,0.00010067462656834836,0.00040096844525313,0.00015305076120667103,0.0002010240176240357,-1.0269753093161893,0.847580425383617,0.803,2.425730872065089,0.00017952797242679796,0.0002784594432270285,0.0018494558938042108,1.1847221504010115,0.0,0.30561711147086884
0.8333333333333333,0.8333333333333333,0.7833333333333333,-1.1737907950240711,0.01,0.08,2.4427799817564475,0.024427799817564474,0.1954223985405158,0.1954223985405158,0.0041723996978105075,0.004134654821196748,0.004210144574424266,0.0012345367131428155,1000,200,200,10000,10000,10000,10000,-1.0224624065283572,0.565572261216439,0.928,1.9424758146014722,8.788750294356315e-05,0.0003512238347647587,0.00011395598639128747,0.00014143676275053327,8.788750294356315e-05,0.0003512238347647587,0.00011395598639128747,0.00014143676275053327,-1.0027801929510403,0.8892441064836134,0.802,2.471240617356654,0.00016393599102563158,0.00020952229598632165,-0.0027865434503879394,1.1735859654417902,0.0,0.30602663711316597
0.8333333333333333,0.8333333333333333,0.7999999999999999,-1.1629543612486104,0.01,0.08,2.4483117709764466,0.024483117709764468,0.19586494167811574,0.19586494167811574,0.004076720913518311,0.00409603221607779,0.004057409610958833,0.0012685581294297136,1000,200,200,10000,10000,10000,10000,-0.9845387444416102,0.6091896973316755,0.958,1.9470109529225372,9.732257342945285e-05,0.00037965809105328037,0.00014893723742987966,0.00013712009553633212,9.732257342945285e-05,0.00037965809105328037,0.00014893723742987966,0.00013712009553633212,-0.9769666062566734,0.8806820941115178,0.817,2.5014096495611793,0.00017932735166094194,0.0002589552633285082,0.004909474741406495,1.1706379920479317,0.0,0.30625977966942264
0.8333333333333333,0.8333333333333333,0.8166666666666667,-1.1479499377875892,0.01,0.08,2.463455479206437,0.02463455479206437,0.19707643833651495,0.19707643833651495,0.004191752794073505,0.00425060622396066,0.00413289936418635,0.001311517287364265,1000,200,200,10000,10000,10000,10000,-1.0071808118148977,0.5460077632128767,0.955,1.8883467429000238,9.220127097259224e-05,0.00039595998106447405,0.00011463544276440618,0.00011953045489983338,9.220127097259224e-05,0.00039595998106447405,0.00011463544276440618,0.00011953045489983338,-0.9687930376062842,0.8840894697150912,0.812,2.5657616922488047,0.0002006904075939899,0.00028742137465113216,0.006474641912923763,1.1569678802259946,0.0,0.3053299045456852
0.8333333333333333,0.8333333333333333,0.8333333333333333,-1.1289419162443244,0.01,0.08,2.4958893647147855,0.024958893647147855,0.19967114917718284,0.19967114917718287,0.004249686701751942,0.004289228829079618,0.004210144574424266,0.001425154787068808,1000,200,200,10000,10000,10000,10000,-1.0067266809382072,0.5247998423456239,0.944,1.8127486533897157,0.00010047805366053086,0.0004457865500664133,0.00012808367368483784,0.00012130475471430975,0.00010047805366053086,0.0004457865500664133,0.00012808367368483784,0.00012130475471430975,-0.9253776193049646,0.89430239384589,0.81,2.5161846223712265,0.00020426805693400473,0.00025397115560987104,-0.002012260019577141,1.1299415324755813,0.0,0.3060033197912541
0.8333333333333333,0.8333333333333333,0.85,-1.1061385524805278,0.01,0.08,2.541468673830642,0.025414686738306422,0.20331749390645137,0.20331749390645137,0.004233092172115097,0.004291067873497053,0.004175116470733142,0.0013589630045063362,1000,200,200,10000,10000,10000,10000,-0.9577766364055312,0.605847095501545,0.951,1.9313038614966413,0.00010371452141223056,0.0003888090483503001,0.00012583873502815406,0.0001261958520713274,0.00010371452141223056,0.0003888090483503001,0.00012583873502815406,0.0001261958520713274,-0.9790163603917347,0.85627369457897,0.804,2.489380107383391,0.00020788408178082338,0.0002593476935018954,-0.00789758686656988,1.1010682428805694,0.0,0.30466505788937204
0.8333333333333333,0.85,0.7,-1.1221632233376668,0.01,0.08,2.3680826463942664,0.023680826463942664,0.1894466117115413,0.1894466117115413,0.004076720913518311,0.00413289936418635,0.004020542462850272,0.001167508066714847,1000,200,200,10000,10000,10000,10000,-0.9744442986764101,0.5881250443240368,0.964,1.941063601313732,8.36115988101926e-05,0.00033855522727043965,0.00012582441850140974,9.465610064083198e-05,8.36115988101926e-05,0.00033855522727043965,0.00012582441850140974,9.465610064083198e-05,-1.015727462754452,0.8851157827374041,0.799,2.454728487360655,0.0001492446524725852,0.00022984772862564345,0.003219952654434864,1.1278925412165453,0.0,0.30544930007602866
0.8333333333333333,0.85,0.7166666666666667,-1.1329996571131278,0.01,0.08,2.3656197553476024,0.023656197553476026,0.1892495804278082,0.1892495804278082,0.004021380297240277,0.004057409610958833,0.003985350983521723,0.00118120944747988,1000,200,200,10000,10000,10000,10000,-1.0080130799773073,0.5676382147430163,0.95,1.8705681390993936,7.991198559663552e-05,0.00034826110976454743,0.00013089076497123538,0.00014267053655309946,7.991198559663552e-05,0.00034826110976454743,0.00013089076497123538,0.00014267053655309946,-0.997483358878987,0.9058355160918636,0.8,2.5181649324535966,0.00014420226138251927,0.00020445472776281701,-0.005353514873024008,1.1303420700975602,0.0,0.3049352546508509
0.8333333333333333,0.85,0.7333333333333333,-1.1395493749669148,0.01,0.08,2.3825897461285903,0.023825897461285904,0.19060717969028723,0.19060717969028723,0.003965201846572239,0.003872994082185645,0.004057409610958833,0.0010124146632242155,1000,200,200,10000,10000,10000,10000,-0.9887187760270582,0.6024331103450472,0.961,2.0465134899550845,6.663225798624388e-05,0.00024513169885958814,8.409671244423375e-05,7.718243394134738e-05,6.663225798624388e-05,0.00024513169885958814,8.409671244423375e-05,7.718243394134738e-05,-1.0131827989611943,0.900081579961289,0.792,2.4704818038026364,0.0001243324744452926,0.0001534419591832884,0.0009514688867454699,1.1433628388716524,0.0,0.30596603508117914
0.8333333333333333,0.85,0.75,-1.1417406168196056,0.01,0.08,2.3986065541308053,0.023986065541308055,0.19188852433046444,0.1918885243304644,0.004038976036904552,0.00409603221607779,0.003981919857731315,0.0011992344063365174,1000,200,200,10000,10000,10000,10000,-0.9927631508659972,0.5650679372673718,0.952,1.9489393913374642,8.470155653697693e-05,0.000352161566151645,0.00010847500844656507,0.0001351069331536168,8.470155653697693e-05,0.000352161566151645,0.00010847500844656507,0.0001351069331536168,-1.0015209003291605,0.9225022809872251,0.78,2.5179532046036788,0.00017030644118370817,0.0002451054552976443,0.003570343928053577,1.1478000879754144,0.0,0.3050711862870358
0.8333333333333333,0.85,0.7666666666666666,-1.1395493749669148,0.01,0.08,2.4328490118974933,0.024328490118974932,0.19462792095179945,0.19462792095179945,0.004078476370528709,0.004173277426315705,0.003983675314741713,0.0012501655086244105,1000,200,200,10000,10000,10000,10000,-1.010079638291231,0.5613829401477829,0.958,1.8993983235667198,8.685827296382808e-05,0.0003671372866069093,0.00010793541350683091,9.198407087545452e-05,8.685827296382808e-05,0.0003671372866069093,0.00010793541350683091,9.198407087545452e-05,-0.9849131876090895,0.91329779670867,0.792,2.50420333870784,0.00017290392765832114,0.0002453230270103439,0.0014009442958627604,1.1436186048596488,0.0,0.305818589333706
0.8333333333333333,0.85,0.7833333333333333,-1.1329996571131278,0.01,0.08,2.4698955269184983,0.024698955269184985,0.19759164215347988,0.19759164215347988,0.004115385312340789,0.004094276759067393,0.004136493865614184,0.0013462891502048918,1000,200,200,10000,10000,10000,10000,-0.9766599701248875,0.5670117965329454,0.954,1.9196270350584461,0.00010365390498352673,0.00044158949833645065,0.00017082675917134166,0.00018814523787424772,0.00010365390498352673,0.00044158949833645065,0.00017082675917134166,0.00018814523787424772,-0.9111425131173154,0.885973744589482,0.786,2.505632487176639,0.00020496191610435804,0.0002894810832035345,0.006204307324578888,1.1419619455173395,0.0,0.30568773257354087
0.8333333333333333,0.85,0.7999999999999999,-1.122163223337667,0.01,0.08,2.479634063840937,0.02479634063840937,0.19837072510727496,0.19837072510727496,0.00409603221607779,0.00409603221607779,0.00409603221607779,0.00133760463891597,1000,200,200,10000,10000,10000,10000,-0.9721642475528915,0.5669737880611109,0.946,1.909332538963724,0.00010068690629866677,0.0004151700574812135,0.00013203160637889223,0.00013243428335165525,0.00010068690629866677,0.0004151700574812135,0.00013203160637889223,0.00013243428335165525,-1.0213367610975321,0.8472476973153009,0.826,2.516141919533727,0.0001989692961238206,0.0002781484464821013,-0.0023680890573452846,1.122433995179436,0.0,0.3058992439752043
0.8333333333333333,0.85,0.8166666666666667,-1.107158799876646,0.01,0.08,2.495722215145372,0.02495722215145372,0.19965777721162975,0.19965777721162975,0.004133777092691549,0.004171521969305308,0.00409603221607779,0.0014439703379069272,1000,200,200,10000,10000,10000,10000,-0.9711197101197003,0.5963535102207115,0.95,1.9689442871878309,0.00012276015456360716,0.0005244325590102023,0.00015630423915028815,0.00017046432925522272,0.00012276015456360716,0.0005244325590102023,0.00015630423915028815,0.00017046432925522272,-0.8959326600282119,0.9222687116319054,0.789,2.507689485674932,0.00024060191888249197,0.0003342450625322226,-0.004070478618319274,1.1059753116288775,0.0,0.3050525560547294
0.8333333333333333,0.85,0.8333333333333333,-1.088150778333381,0.01,0.08,2.5359523758611475,0.025359523758611474,0.2028761900688918,0.20287619006889177,0.004171521969305308,0.004171521969305308,0.004171521969305308,0.0015477499840637777,1000,200,200,10000,10000,10000,10000,-0.9804086453821642,0.5408906770454548,0.955,1.8981824473115285,0.00013179253015352613,0.0005493549659830666,0.00016311101539528495,0.00013238131039186409,0.00013179253015352613,0.0005493549659830666,0.00016311101539528495,0.00013238131039186409,-0.9532825765881588,0.914676312602916,0.796,2.5811040770619362,0.00027441769224548576,0.0003546176934010091,0.00013867159768844403,1.090952636862794,0.0,0.30495984975427887
0.8333333333333333,0.85,0.85,-1.0653474145695845,0.01,0.08,2.5618937785985274,0.025618937785985275,0.2049515022878822,0.20495150228788223,0.004251525746169378,0.00425060622396066,0.004252445268378096,0.0014230085419258327,1000,200,200,10000,10000,10000,10000,-0.9368373725925597,0.5470726930489799,0.956,1.9145516029456489,0.00011246316692487994,0.0004518151878386688,0.00014014399694689655,0.0001559858678579161,0.00011246316692487994,0.0004518151878386688,0.00014014399694689655,0.0001559858678579161,-1.0119744547144827,0.8668253913163462,0.811,2.5322945276758015,0.00022982215979119077,0.00028354109652053213,0.0029649934214401367,1.0715441086592652,0.0,0.30502427304775726
0.85,0.7,0.7,-1.4521040461117138,0.01,0.08,2.203395562284345,0.022033955622843448,0.17627164498274758,0.17627164498274758,0.003819369028802815,0.0038378026028570954,0.003800935454748535,0.0008620901425275471,1000,200,200,10000,10000,10000,10000,-1.2997015229319748,0.657350346457848,0.906,2.0750372127043573,5.194742826043054e-05,0.00021944807045240987,9.008303043240491e-05,9.613996009581575e-05,5.194742826043054e-05,0.00021944807045240987,9.008303043240491e-05,9.613996009581575e-05,-1.2651586501304766,0.9707498892217499,0.741,2.479312961686973,8.793037850359422e-05,0.00014307821438289025,0.0007831855864163111,1.4550259570466184,0.0,0.30525670040971803
0.85,0.7,0.7166666666666667,-1.4629404798871748,0.01,0.08,2.2037828422614596,0.022037828422614595,0.17630262738091676,0.17630262738091676,0.00385539834252137,0.003872994082185645,0.0038378026028570954,0.0008162115275759735,1000,200,200,10000,10000,10000,10000,-1.2703934496265705,0.6782163393134096,0.904,2.09804129480901,4.611681628724948e-05,0.00017528905777119397,6.409497078360129e-05,8.190228986901555e-05,4.611681628724948e-05,0.00017528905777119397,6.409497078360129e-05,8.190228986901555e-05,-1.3691283104690126,0.9345290454512032,0.801,2.5645439031321535,8.548313495864301e-05,0.0001298487019495715,-0.00020021485662048602,1.4648689859566493,0.0,0.30483081360974434
0.85,0.7,0.7333333333333333,-1.4694901977409618,0.01,0.08,2.228179209827188,0.022281792098271882,0.17825433678617505,0.17825433678617505,0.0038947808070490526,0.0038764252079760532,0.003913136406122052,0.0009822628402068032,1000,200,200,10000,10000,10000,10000,-1.3014420293689049,0.6158820977553021,0.924,1.9971186335175675,6.056735829937252e-05,0.00027447072298648006,8.976248907720499e-05,0.00012647450696556014,6.056735829937252e-05,0.00027447072298648006,8.976248907720499e-05,0.00012647450696556014,-1.2529484339117374,0.9146279845406616,0.776,2.4711469611542713,9.911376953600515e-05,0.00015471714323438647,0.002955207716277771,1.4744589078392147,0.0,0.30635525554610543
0.85,0.7,0.75,-1.4716814395936526,0.01,0.08,2.227159627157792,0.022271596271577918,0.17817277017262334,0.17817277017262334,0.003770582308263717,0.0036313033862332283,0.003909861230294205,0.0008534026159918676,1000,200,200,10000,10000,10000,10000,-1.3263184630537226,0.6202207056533116,0.923,2.0757169099202364,5.191871152938775e-05,0.00020008559063653956,8.769025664107074e-05,9.091507854809265e-05,5.191871152938775e-05,0.00020008559063653956,8.769025664107074e-05,9.091507854809265e-05,-1.3190330828232053,0.8867243864128563,0.795,2.408485276834961,8.449837404267599e-05,0.00013055021044628196,0.0022723644615923883,1.4760146332485622,0.0,0.30548300963394925
0.85,0.7,0.7666666666666666,-1.4694901977409618,0.01,0.08,2.2436581078830753,0.022436581078830755,0.17949264863064604,0.17949264863064604,0.003839440190771019,0.0038410777786849425,0.0038378026028570954,0.0008730159353353636,1000,200,200,10000,10000,10000,10000,-1.3301701573223998,0.5877198556488695,0.921,1.9689592216825367,4.7097913140690015e-05,0.0002024116008947193,7.23315090368563e-05,8.18948790014063e-05,4.7097913140690015e-05,0.0002024116008947193,7.23315090368563e-05,8.18948790014063e-05,-1.2835642492461317,0.9278694804785287,0.789,2.48063067265596,9.144438395393316e-05,0.0001441384385383795,0.004095143138335616,1.4758086628637954,0.0,0.3052887986848472
0.85,0.7,0.7833333333333333,-1.4629404798871748,0.01,0.08,2.280342413798991,0.02280342413798991,0.18242739310391928,0.18242739310391928,0.003857035930435294,0.003909861230294205,0.0038042106305763825,0.0009382259803382718,1000,200,200,10000,10000,10000,10000,-1.2975882953726596,0.6478630788698412,0.909,2.121951180679048,6.472676531689097e-05,0.00023574865435464857,9.467340938499523e-05,6.460484678540427e-05,6.472676531689097e-05,0.00023574865435464857,9.467340938499523e-05,6.460484678540427e-05,-1.2665804398584806,0.9172601117353186,0.803,2.5287745720057258,0.0001251922826554515,0.00019555490509840393,0.00019086581367928153,1.4651503437384297,0.0,0.30542972815572306
0.85,0.7,0.7999999999999999,-1.452104046111714,0.01,0.08,2.3222423181496286,0.023222423181496286,0.18577938545197029,0.18577938545197026,0.003983675314741713,0.003945052709622755,0.00402229791986067,0.0010930914832878293,1000,200,200,10000,10000,10000,10000,-1.286393751493579,0.5770008749555885,0.902,1.9575743664860208,7.175084568605471e-05,0.00027233590890610886,9.399013468653688e-05,8.392801022596804e-05,7.175084568605471e-05,0.00027233590890610886,9.399013468653688e-05,8.392801022596804e-05,-1.2385481198638124,0.8901849392939333,0.786,2.4525103882826187,0.00012873513404090502,0.00017417872845981283,0.00019087576116629673,1.4544425165498087,0.0,0.30494201100975876
0.85,0.7,0.8166666666666667,-1.437099622650693,0.01,0.08,2.3558637580018678,0.02355863758001868,0.18846910064014943,0.18846910064014946,0.004023177547954195,0.003945052709622755,0.004101302386285635,0.0010721446358429227,1000,200,200,10000,10000,10000,10000,-1.2791417251426542,0.5819795514200167,0.92,1.9573924755386327,6.888062048513448e-05,0.00028172235882206596,9.571289854784286e-05,9.967603395282297e-05,6.888062048513448e-05,0.00028172235882206596,9.571289854784286e-05,9.967603395282297e-05,-1.2380008455517026,0.8829246783110336,0.782,2.4272276405386553,0.0001253232204003779,0.00016458727864837618,-0.005162127222749258,1.434156382821536,0.0,0.305485934816476
0.85,0.7,0.8333333333333333,-1.418091601107428,0.01,0.08,2.3839005552164863,0.023839005552164862,0.1907120444173189,0.1907120444173189,0.004056531882453634,0.004057409610958833,0.004055654153948435,0.0011565916343100346,1000,200,200,10000,10000,10000,10000,-1.2663510705414018,0.598990970296335,0.912,1.9403995055260042,7.923939036513269e-05,0.00032976601000696504,0.0001122495413428265,7.787275315373194e-05,7.923939036513269e-05,0.00032976601000696504,0.0001122495413428265,7.787275315373194e-05,-1.2676374376583996,0.86260410283508,0.794,2.4697315549034005,0.00015176149157318432,0.0002218837169158949,0.0008825510886395658,1.4212389131915926,0.0,0.30517564926396895
0.85,0.7,0.85,-1.3952882373436315,0.01,0.08,2.422122959144538,0.02422122959144538,0.19376983673156303,0.19376983673156303,0.00404077328761847,0.003983675314741713,0.004097871260495227,0.0012406586072011036,1000,200,200,10000,10000,10000,10000,-1.2634394659185864,0.6184165485038602,0.919,2.029180744430354,9.713575012061719e-05,0.00040463027213587244,0.00012895127800958143,0.00014411150744541405,9.713575012061719e-05,0.00040463027213587244,0.00012895127800958143,0.00014411150744541405,-1.2607649556330918,0.8875873573520642,0.796,2.4742438713827406,0.00018013871515064507,0.00025726609014318943,0.007681779490321804,1.4050184886212735,0.0,0.3052030954346686
0.85,0.7166666666666667,0.7,-1.4158707761526148,0.01,0.08,2.213437686929272,0.022134376869292722,0.17707501495434178,0.1770750149543418,0.003874709645080849,0.003948483835413163,0.003800935454748535,0.0009046360017363296,1000,200,200,10000,10000,10000,10000,-1.2262977244953264,0.6303231706070582,0.907,2.022091196181511,5.5311214777008556e-05,0.00022185193130417426,8.35026771567847e-05,7.9676163692627e-05,5.5311214777008556e-05,0.00022185193130417426,8.35026771567847e-05,7.9676163692627e-05,-1.21529610088808,0.8906119269570237,0.788,2.438585731818788,8.997155417115616e-05,0.0001312831861258044,-0.001147499947362434,1.416881933378053,0.0,0.30529512467473857
0.85,0.7166666666666667,0.7166666666666667,-1.4267072099280758,0.01,0.08,2.225888075388363,0.02225888075388363,0.17807104603106905,0.17807104603106905,0.0038905898218499196,0.003871318413405634,0.003909861230294205,0.0009917797289195464,1000,200,200,10000,10000,10000,10000,-1.2992211860841842,0.6125194586009444,0.923,2.000850725432033,6.573117016139115e-05,0.00028231704950867475,0.00010122810660815804,7.606166007831837e-05,6.573117016139115e-05,0.00028231704950867475,0.00010122810660815804,7.606166007831837e-05,-1.2994180705170315,0.9229932888934552,0.761,2.4461291825900897,0.00010239729321175781,0.00015464720408667686,-0.0010245182105598982,1.4277745948417135,0.0,0.305872496144253
0.85,0.7166666666666667,0.7333333333333333,-1.4332569277818628,0.01,0.08,2.2432049556480806,0.02243204955648081,0.17945639645184647,0.17945639645184647,0.0038923053847451238,0.0038378026028570954,0.003946808166633152,0.0009387794509852167,1000,200,200,10000,10000,10000,10000,-1.2952882425198247,0.6207803974391733,0.913,1.9920079425206727,5.586403816499695e-05,0.000225245158271433,7.853965963997075e-05,7.837527295200921e-05,5.586403816499695e-05,0.000225245158271433,7.853965963997075e-05,7.837527295200921e-05,-1.2348802966604944,0.914717299758137,0.771,2.4705655962010873,0.00010321502365740429,0.00015201537910280717,-0.002153152221178192,1.4332020836406356,0.0,0.30532282630957097
0.85,0.7166666666666667,0.75,-1.4354481696345534,0.01,0.08,2.2560513246433382,0.02256051324643338,0.18048410597146705,0.18048410597146705,0.003966039680962244,0.003950159504193173,0.003981919857731315,0.0011050800426817698,1000,200,200,10000,10000,10000,10000,-1.2594371471718468,0.6154028616182381,0.913,1.9518031285027277,7.381436226801525e-05,0.00033955536639737415,0.00010810448072823247,0.0001157508211012848,7.381436226801525e-05,0.00033955536639737415,0.00010810448072823247,0.0001157508211012848,-1.2590949184947184,0.9480750590846666,0.772,2.512106928184575,0.00012886010071075157,0.00020796666958527825,-0.006120268577870177,1.4315924677315277,0.0,0.3048917968037125
0.85,0.7166666666666667,0.7666666666666666,-1.4332569277818628,0.01,0.08,2.2676589970783323,0.022676589970783322,0.18141271976626658,0.18141271976626658,0.00378333971508426,0.0037657439754199854,0.003800935454748535,0.0008946656589606956,1000,200,200,10000,10000,10000,10000,-1.2925582807068956,0.6395710403518393,0.934,2.1462821053832375,5.975844363415052e-05,0.00020834530617493913,8.292630100633913e-05,5.570901459212437e-05,5.975844363415052e-05,0.00020834530617493913,8.292630100633913e-05,5.570901459212437e-05,-1.2514433327236387,0.8918433118452566,0.79,2.496825651950459,0.00010816615585478491,0.00014544874905394803,-0.00461880924539315,1.4308634324617084,0.0,0.30559715946605703
0.85,0.7166666666666667,0.7833333333333333,-1.4267072099280758,0.01,0.08,2.3012328855395445,0.023012328855395444,0.18409863084316355,0.18409863084316358,0.003984473255016524,0.003983595526511325,0.003985350983521723,0.0010289893214700965,1000,200,200,10000,10000,10000,10000,-1.280592956042091,0.5716593265044426,0.91,1.9085300029235426,6.049234014227706e-05,0.0002612636346401018,8.226707693016327e-05,7.4968231042398e-05,6.049234014227706e-05,0.0002612636346401018,8.226707693016327e-05,7.4968231042398e-05,-1.2705984656590816,0.9227202031008025,0.771,2.4443844838358784,0.00011521489127300124,0.00016039382009078068,-0.005590182167348713,1.423329684376705,0.0,0.30506453218328755
0.85,0.7166666666666667,0.7999999999999999,-1.4158707761526148,0.01,0.08,2.330187556080112,0.023301875560801124,0.186415004486409,0.186415004486409,0.003872994082185645,0.003909861230294205,0.0038361269340770844,0.0010455536630652783,1000,200,200,10000,10000,10000,10000,-1.2871392109318245,0.5738736897325362,0.925,1.9847632946968663,6.863970462800681e-05,0.00029026375816734853,0.0001025300240124462,0.00011422832813213316,6.863970462800681e-05,0.00029026375816734853,0.0001025300240124462,0.00011422832813213316,-1.242794513210379,0.8985046207530875,0.778,2.401433771929513,0.00012213627993067872,0.00017719788521340933,-0.0050520646152146095,1.4132474267903536,0.0,0.30527374372734495
0.85,0.7166666666666667,0.8166666666666667,-1.4008663526915939,0.01,0.08,2.3687018257738495,0.023687018257738494,0.18949614606190796,0.18949614606190796,0.003983635420626519,0.003981919857731315,0.003985350983521723,0.0010879517081647928,1000,200,200,10000,10000,10000,10000,-1.2197584569764668,0.5883388990407515,0.923,1.9138986602928638,6.783572313209753e-05,0.00027401535003354,9.023858626293552e-05,5.210681821352378e-05,6.783572313209753e-05,0.00027401535003354,9.023858626293552e-05,5.210681821352378e-05,-1.2448660076941205,0.8845796079627555,0.799,2.4682177739211713,0.00012765003575927202,0.0001722341332605155,0.001156948405277635,1.4040632354319718,0.0,0.30536706882698433
0.85,0.7166666666666667,0.8333333333333333,-1.381858331148329,0.01,0.08,2.4042404916691362,0.02404240491669136,0.1923392393335309,0.1923392393335309,0.004020542462850272,0.0040960322160777905,0.003945052709622755,0.0011652583442976158,1000,200,200,10000,10000,10000,10000,-1.2286694767269384,0.6177098022242179,0.921,2.0158154367038112,8.752080599151568e-05,0.0003215608291216612,0.00011908390176880775,7.703383728599911e-05,8.752080599151568e-05,0.0003215608291216612,0.00011908390176880775,7.703383728599911e-05,-1.2079742120511703,0.8982235282305923,0.783,2.4578135012481024,0.00016064036688971678,0.00021583630386165818,-0.0002370623197337669,1.3838266660774325,0.0,0.30531168725461894
0.85,0.7166666666666667,0.85,-1.3590549673845325,0.01,0.08,2.438526185568847,0.02438526185568847,0.19508209484550776,0.19508209484550776,0.004098748989000426,0.004215578120269537,0.003981919857731315,0.00125264465938863,1000,200,200,10000,10000,10000,10000,-1.214388718289473,0.5590736167096861,0.923,1.9431987897319911,9.136651701666859e-05,0.0003631784362580449,0.00011965549112715952,0.00011684895254269026,9.136651701666859e-05,0.0003631784362580449,0.00011965549112715952,0.00011684895254269026,-1.1724952116578007,0.9250997588920735,0.793,2.49078528380002,0.00017297153528787005,0.0002485494823338592,-0.005543839647598534,1.3558181562772913,0.0,0.30533290136455277
0.85,0.7333333333333333,0.7,-1.3771566788536014,0.01,0.08,2.247498925989061,0.022474989259890613,0.1797999140791249,0.17979991407912493,0.00378333971508426,0.003800935454748535,0.0037657439754199854,0.0007531461670827273,1000,200,200,10000,10000,10000,10000,-1.2187272632414001,0.6352117128316094,0.921,2.1039214679628806,3.9917384136806475e-05,0.0001425152865394049,5.4058952217490624e-05,5.556452775196149e-05,3.9917384136806475e-05,0.0001425152865394049,5.4058952217490624e-05,5.556452775196149e-05,-1.1219452705977575,0.9191399960859747,0.791,2.5101963374474914,7.795114692630268e-05,0.00010091559618199665,-0.002935129326042592,1.3762795084388901,0.0,0.30486117970343707
0.85,0.7333333333333333,0.7166666666666667,-1.387993112629062,0.01,0.08,2.2594313160243584,0.022594313160243584,0.18075450528194867,0.1807545052819487,0.003910738958799404,0.0038378026028570954,0.003983675314741713,0.0009958623321365482,1000,200,200,10000,10000,10000,10000,-1.2212527975050753,0.6361105608526362,0.918,2.0309150776866147,6.606493109351343e-05,0.00026400077066765954,0.00010641134901128463,9.972793785636228e-05,6.606493109351343e-05,0.00026400077066765954,0.00010641134901128463,9.972793785636228e-05,-1.1642537173934153,0.9386053215143242,0.782,2.4795614506638195,0.00011437639870184109,0.00016702603439940465,-0.004187594120022308,1.3861629261507673,0.0,0.30452669486908207
0.85,0.7333333333333333,0.7333333333333333,-1.3945428304828493,0.01,0.08,2.2613507838741453,0.022613507838741453,0.18090806270993162,0.18090806270993162,0.003929094557872404,0.003913136406122053,0.003945052709622755,0.001034180638514359,1000,200,200,10000,10000,10000,10000,-1.2368557006941514,0.5950601761266261,0.904,1.9314034127510036,6.572337025765149e-05,0.0002896877664033451,0.0001007658301694701,0.00013889694539820013,6.572337025765149e-05,0.0002896877664033451,0.0001007658301694701,0.00013889694539820013,-1.2335444904143409,0.8978191642196298,0.783,2.4441164492389347,0.00012368983982405135,0.0002012410179958507,0.003046604720463754,1.399819165465982,0.0,0.30515827387142797
0.85,0.7333333333333333,0.75,-1.39673407233554,0.01,0.08,2.276340044397974,0.02276340044397974,0.18210720355183793,0.18210720355183793,0.003928294804348486,0.003946728378402766,0.003909861230294205,0.0009216868685467553,1000,200,200,10000,10000,10000,10000,-1.2592956442576684,0.605338891322252,0.905,1.984345290215729,5.3807822505074244e-05,0.000194978273372397,7.529297678899298e-05,5.637492548388042e-05,5.3807822505074244e-05,0.000194978273372397,7.529297678899298e-05,5.637492548388042e-05,-1.1912312857881135,0.9143227861510791,0.79,2.4164061582172676,9.36454073541415e-05,0.00012973945284631811,-0.002507913202207023,1.3964615670399858,0.0,0.3052587975604766
0.85,0.7333333333333333,0.7666666666666666,-1.3945428304828493,0.01,0.08,2.3041486909191855,0.023041486909191857,0.18433189527353486,0.18433189527353486,0.003945052709622755,0.003945052709622755,0.003945052709622755,0.0010032495686423846,1000,200,200,10000,10000,10000,10000,-1.2250411209226488,0.6021931728477224,0.914,1.9620634234995085,6.31269706025015e-05,0.0002449600377151872,9.236502033923578e-05,6.30261417544136e-05,6.31269706025015e-05,0.0002449600377151872,9.236502033923578e-05,6.30261417544136e-05,-1.2470683888665732,0.909789380925214,0.79,2.5343071718563577,0.00012015827913705705,0.00017858749433359035,0.003988828975289974,1.4007127113364033,0.0,0.30587367584049174
0.85,0.7333333333333333,0.7833333333333333,-1.387993112629062,0.01,0.08,2.328370015552062,0.023283700155520618,0.18626960124416495,0.18626960124416492,0.004037220579894155,0.004055654153948435,0.004018787005839875,0.001132891388186608,1000,200,200,10000,10000,10000,10000,-1.199934864209523,0.600881809387604,0.916,1.973922223209378,7.817191062880996e-05,0.000325793911652277,0.00010353613723818657,0.00013201797242173323,7.817191062880996e-05,0.000325793911652277,0.00010353613723818657,0.00013201797242173323,-1.2024166089938375,0.9385770873189472,0.773,2.4868338554511578,0.000147431578789408,0.0002174591382121865,-0.000986907248646921,1.3891259442998056,0.0,0.3063213147734754
0.85,0.7333333333333333,0.7999999999999999,-1.3771566788536014,0.01,0.08,2.3625418414432935,0.023625418414432935,0.18900334731546348,0.1890033473154635,0.0040205025687350794,0.003946728378402766,0.004094276759067393,0.001095381199329465,1000,200,200,10000,10000,10000,10000,-1.1930376109784788,0.6081252564033568,0.908,1.98793200995182,7.349914469722302e-05,0.0002920613128266806,0.00010358950767561501,0.00010319615078506611,7.349914469722302e-05,0.0002920613128266806,0.00010358950767561501,0.00010319615078506611,-1.2596384975220927,0.8735005945201554,0.791,2.4432462773899903,0.00013674675266160062,0.00018963656389748483,0.0022728165148126933,1.3816086434925245,0.0,0.3063324441212239
0.85,0.7333333333333333,0.8166666666666667,-1.3621522553925802,0.01,0.08,2.3783579272609874,0.023783579272609875,0.190268634180879,0.190268634180879,0.00411446579013207,0.00409603221607779,0.00413289936418635,0.0012471755985748486,1000,200,200,10000,10000,10000,10000,-1.2032080857781773,0.5887012613925231,0.911,1.9287117800116909,9.173631577742135e-05,0.00036488293490153013,0.00012267917800508257,6.837634552729618e-05,9.173631577742135e-05,0.00036488293490153013,0.00012267917800508257,6.837634552729618e-05,-1.235053318445214,0.8818812557109683,0.798,2.517759775015951,0.00017596697573728543,0.0002538741612677665,-0.00192105146695122,1.3623618333052632,0.0,0.30588056722187407
0.85,0.7333333333333333,0.8333333333333333,-1.3431442338493156,0.01,0.08,2.4206680286693194,0.024206680286693195,0.19365344229354556,0.19365344229354556,0.004057409610958833,0.00413289936418635,0.003981919857731315,0.0012161305716292905,1000,200,200,10000,10000,10000,10000,-1.1634809061267488,0.5867771071608822,0.922,1.9468365313688938,8.788672709499864e-05,0.0003416150598894586,0.00011929646029882719,8.772465074533361e-05,8.788672709499864e-05,0.0003416150598894586,0.00011929646029882719,8.772465074533361e-05,-1.1475818814330134,0.9036403377914549,0.786,2.4656726324307336,0.0001656819309528135,0.00023568440928138632,0.0028077344573044518,1.3482454123649021,0.0,0.3043116150238569
0.85,0.7333333333333333,0.85,-1.3203408700855188,0.01,0.08,2.445589441391003,0.02445589441391003,0.19564715531128024,0.19564715531128024,0.004115385312340789,0.00413289936418635,0.004097871260495227,0.0013534908682144523,1000,200,200,10000,10000,10000,10000,-1.169458968402816,0.58557843295482,0.943,1.9377437930582377,0.00010757165588642599,0.0004380761416012877,0.00014876020087549357,0.00010532060383214591,0.00010757165588642599,0.0004380761416012877,0.00014876020087549357,0.00010532060383214591,-1.1910677481210374,0.8972489129048354,0.775,2.4994489469905674,0.00019930134031417003,0.0002539993945904059,0.001091850215105513,1.323843479635039,0.0,0.3057244115544893
0.85,0.75,0.7,-1.3363859139661272,0.01,0.08,2.2719193509219053,0.022719193509219054,0.18175354807375244,0.18175354807375244,0.00391069906468421,0.003802611123528546,0.004018787005839875,0.0009451627818271035,1000,200,200,10000,10000,10000,10000,-1.163966348133525,0.6311369738274273,0.916,2.0220225078396363,5.9236250858164e-05,0.00022883386362047113,8.42055891271529e-05,6.423821690425873e-05,5.9236250858164e-05,0.00022883386362047113,8.42055891271529e-05,6.423821690425873e-05,-1.1696863975794252,0.8956980803352897,0.765,2.4300650822308962,0.0001028215878194503,0.00015300097644015183,-0.004989574331985448,1.3337541970154319,0.0,0.30551060390838264
0.85,0.75,0.7166666666666667,-1.347222347741588,0.01,0.08,2.2960004224790245,0.022960004224790245,0.18368003379832196,0.18368003379832196,0.0038931432191351293,0.003948483835413163,0.0038378026028570954,0.0010469358080401892,1000,200,200,10000,10000,10000,10000,-1.21532696907251,0.5606244908061645,0.918,1.8954712979744188,6.203037343615633e-05,0.0002813874496391132,0.00010183268746229267,9.325155206907643e-05,6.203037343615633e-05,0.0002813874496391132,0.00010183268746229267,9.325155206907643e-05,-1.1748106022431315,0.9516991192854118,0.786,2.464928073138411,0.00011786378765221398,0.0001665069048213558,-0.006329693377545691,1.3431413362430864,0.0,0.30484624005128946
0.85,0.75,0.7333333333333333,-1.353772065595375,0.01,0.08,2.290499842700397,0.02290499842700397,0.18323998741603176,0.18323998741603176,0.003965201846572239,0.004020542462850272,0.003909861230294205,0.0009910925131050284,1000,200,200,10000,10000,10000,10000,-1.1892761768697109,0.6329165149094516,0.918,2.0149417958406115,6.46697919829263e-05,0.0002566729473863576,9.454783973516282e-05,0.00010152592050818807,6.46697919829263e-05,0.0002566729473863576,9.454783973516282e-05,0.00010152592050818807,-1.1575976180997554,0.934906230941702,0.776,2.460858616582549,0.00011960992638540488,0.00017533655436453066,0.0005897601360515296,1.3566129491252032,0.0,0.30546140340796035
0.85,0.75,0.75,-1.355963307448066,0.01,0.08,2.289578165402526,0.02289578165402526,0.1831662532322021,0.1831662532322021,0.0038922654906299306,0.0038378026028570954,0.003946728378402766,0.0009129519347583703,1000,200,200,10000,10000,10000,10000,-1.2088936183040673,0.6204626631049542,0.936,2.0917838628090335,5.868911244291187e-05,0.00020791672680754516,9.206585990144017e-05,8.709555013430786e-05,5.868911244291187e-05,0.00020791672680754516,9.206585990144017e-05,8.709555013430786e-05,-1.1974062311174452,0.8890000439410687,0.793,2.441520635412378,0.00010296479877513325,0.00014741482645644214,0.0024051567960946614,1.360502148261959,0.0,0.3049844746698295
0.85,0.75,0.7666666666666666,-1.353772065595375,0.01,0.08,2.334881672304382,0.02334881672304382,0.18679053378435057,0.18679053378435054,0.003985350983521723,0.003913292356084614,0.004057409610958833,0.001190341754208146,1000,200,200,10000,10000,10000,10000,-1.198165620122689,0.5968281726536974,0.927,1.979490104147449,8.70866423346652e-05,0.0003637328470232906,0.00011821026244609422,0.00010597919552996683,8.70866423346652e-05,0.0003637328470232906,0.00011821026244609422,0.00010597919552996683,-1.0957706982747517,0.9256318578465056,0.769,2.4489695725224627,0.00015686183183998605,0.0002263847039698738,0.0027780070897156037,1.3588181063343368,0.0,0.30598689325429196
0.85,0.75,0.7833333333333333,-1.347222347741588,0.01,0.08,2.346717207126333,0.02346717207126333,0.18773737657010664,0.18773737657010664,0.003909861230294205,0.003945052709622755,0.003874669750965656,0.0009599360761220832,1000,200,200,10000,10000,10000,10000,-1.166951804724383,0.6033018861144266,0.916,2.030499982705651,5.9687661064166745e-05,0.00021473658096919236,8.293319429214945e-05,8.951768821947435e-05,5.9687661064166745e-05,0.00021473658096919236,8.293319429214945e-05,8.951768821947435e-05,-1.1916088462928722,0.8539760894569871,0.795,2.476750803729101,0.0001202448744234582,0.00017752616564321963,-0.0013147834906537556,1.348337113195296,0.0,0.30515425507043054
0.85,0.75,0.7999999999999999,-1.3363859139661274,0.01,0.08,2.371514082059723,0.023715140820597228,0.18972112656477783,0.18972112656477785,0.004062637987463158,0.004060840736749241,0.004064435238177075,0.001230047613614086,1000,200,200,10000,10000,10000,10000,-1.136283542447626,0.5813035322580415,0.928,1.9213363060243944,8.604557796450462e-05,0.0003647380092453843,0.00011659771247540583,0.0001395843938601717,8.604557796450462e-05,0.0003647380092453843,0.00011659771247540583,0.0001395843938601717,-1.1387123225629463,0.8950073070590169,0.8,2.483613416686891,0.0001685347350978696,0.0002693451249266592,-0.0008558863043933068,1.3378408247832478,0.0,0.304793584136062
0.85,0.75,0.8166666666666667,-1.3213814905051062,0.01,0.08,2.4137183158374356,0.024137183158374355,0.19309746526699484,0.1930974652669948,0.004152210666745829,0.004171521969305307,0.00413289936418635,0.0012425155414515416,1000,200,200,10000,10000,10000,10000,-1.1546137149300648,0.5757189666184237,0.924,1.8819230427123652,8.567212511738908e-05,0.0003634261582996019,0.00012086732229682453,0.0001844429320294779,8.567212511738908e-05,0.0003634261582996019,0.00012086732229682453,0.0001844429320294779,-1.1131372438018008,0.8968942275843689,0.776,2.4473058874794127,0.0001591416220839041,0.00022695118997644875,-0.004500692976865838,1.3194150497357056,0.0,0.30591172302142466
0.85,0.75,0.8333333333333333,-1.3023734689618414,0.01,0.08,2.4396000017906596,0.024396000017906597,0.19516800014325278,0.19516800014325278,0.0040582873394640305,0.004020542462850272,0.00409603221607779,0.0011751782713293683,1000,200,200,10000,10000,10000,10000,-1.123355549687538,0.5944242547183319,0.923,1.9810483333221727,8.53425084501496e-05,0.00031785976763926,0.00011008755638662444,9.907339396467355e-05,8.53425084501496e-05,0.00031785976763926,0.00011008755638662444,9.907339396467355e-05,-1.0930602432002785,0.8969853622645668,0.799,2.511659835029362,0.00017669409227379348,0.00025533640955869967,-0.0013194873539466034,1.3034445258063327,0.0,0.3057022815719678
0.85,0.75,0.85,-1.2795701051980448,0.01,0.08,2.4644979899344173,0.024644979899344173,0.19715983919475338,0.19715983919475338,0.004133777092691549,0.00413289936418635,0.004134654821196747,0.0012559014479092707,1000,200,200,10000,10000,10000,10000,-1.094089316316441,0.5907068875218949,0.94,2.004838135438874,9.860520397122791e-05,0.0003844725779468121,0.00012804684842347363,0.00010559250759109768,9.860520397122791e-05,0.0003844725779468121,0.00012804684842347363,0.00010559250759109768,-1.1548676662031558,0.8518971355342912,0.794,2.476077411336216,0.00018453989243134988,0.00023660627566359955,0.005232714554407736,1.2872639697322095,0.0,0.3058702981866762
0.85,0.7666666666666666,0.7,-1.2940051745221317,0.01,0.08,2.2748734259437753,0.022748734259437752,0.18198987407550202,0.18198987407550204,0.0038595113527392227,0.003946728378402766,0.00377229432707568,0.0009609116783405022,1000,200,200,10000,10000,10000,10000,-1.14164547175226,0.6409504123871438,0.918,2.0123483424137785,5.910118480755848e-05,0.0002455165702237482,8.606590382509452e-05,8.892340217953771e-05,5.910118480755848e-05,0.0002455165702237482,8.606590382509452e-05,8.892340217953771e-05,-1.0561067578814058,0.9477503062184406,0.779,2.550654899941232,0.00011194098447074007,0.00017637579914349952,0.003342031969531724,1.2997881155763007,0.0,0.3047650521874966
0.85,0.7666666666666666,0.7166666666666667,-1.3048416082975927,0.01,0.08,2.2987820465059605,0.022987820465059604,0.18390256372047684,0.18390256372047684,0.004023177547954195,0.003988945484949558,0.004057409610958833,0.0010700658751910971,1000,200,200,10000,10000,10000,10000,-1.1704552411584175,0.5961191970943183,0.929,1.9622860836675167,6.967453153503433e-05,0.00028452753921977785,9.981704131918979e-05,7.317191618327441e-05,6.967453153503433e-05,0.00028452753921977785,9.981704131918979e-05,7.317191618327441e-05,-1.1191746802152778,0.8971010819382973,0.794,2.4585110889034456,0.00012160974586006247,0.00016802981612329236,1.747096474095821e-05,1.3071796903215285,0.0,0.3058513144547177
0.85,0.7666666666666666,0.7333333333333333,-1.3113913261513797,0.01,0.08,2.304608315602275,0.02304608315602275,0.184368665248182,0.18436866524818202,0.0040582873394640305,0.004059165067969229,0.004057409610958833,0.001034901138116781,1000,200,200,10000,10000,10000,10000,-1.1599931784788577,0.6013372853573907,0.911,1.969370300356802,6.80200911953394e-05,0.00027637947784686753,0.0001056586895126179,0.000118366851153582,6.80200911953394e-05,0.00027637947784686753,0.0001056586895126179,0.000118366851153582,-1.133411293578554,0.9306893550238635,0.792,2.5456489593057023,0.00012516630252118238,0.000183495123767582,-0.0009278045597756291,1.3126008866156536,0.0,0.30571997953012925
0.85,0.7666666666666666,0.75,-1.3135825680040705,0.01,0.08,2.3223442659528066,0.023223442659528068,0.18578754127622454,0.18578754127622454,0.003930888095748888,0.003913292356084614,0.003948483835413163,0.000994599186436564,1000,200,200,10000,10000,10000,10000,-1.1844364884608602,0.584583024722115,0.93,1.9881100451307558,6.208713231783734e-05,0.00024029268768541273,8.81297467074399e-05,0.00012106464058121687,6.208713231783734e-05,0.00024029268768541273,8.81297467074399e-05,0.00012106464058121687,-1.1390678826153853,0.890357247598704,0.786,2.4478334449244707,0.000115178631256152,0.0001609679272627151,-0.005889108106094664,1.3099376349337797,0.0,0.3051398218530952
0.85,0.7666666666666666,0.7666666666666666,-1.3113913261513797,0.01,0.08,2.3416232251422553,0.023416232251422555,0.18732985801138044,0.18732985801138047,0.003966079575077438,0.003911616687304603,0.004020542462850272,0.0009691471416662451,1000,200,200,10000,10000,10000,10000,-1.1800375477090388,0.5893875715494565,0.937,2.0420835239003603,6.296639948463357e-05,0.00022010933915803633,8.93401891852273e-05,5.898442990630633e-05,6.296639948463357e-05,0.00022010933915803633,8.93401891852273e-05,5.898442990630633e-05,-1.137060864287685,0.8586340141454546,0.806,2.459860164193034,0.00011063168698174852,0.0001627078187601343,0.0008995954780211692,1.3147056227158118,0.0,0.30572878859236363
0.85,0.7666666666666666,0.7833333333333333,-1.3048416082975927,0.01,0.08,2.3687394205380032,0.023687394205380033,0.18949915364304026,0.18949915364304026,0.003983635420626519,0.003985350983521723,0.003981919857731315,0.0010716647716192715,1000,200,200,10000,10000,10000,10000,-1.146980611516342,0.5865957986476228,0.926,1.9720329913616803,6.878049367960398e-05,0.0002636617475286645,8.761499101067483e-05,7.686011123480145e-05,6.878049367960398e-05,0.0002636617475286645,8.761499101067483e-05,7.686011123480145e-05,-1.095070499172898,0.9528675710249724,0.78,2.4757525275230727,0.00013312107265914968,0.0001752270622810056,0.005256030623149908,1.312426702099127,0.0,0.30569781520491307
0.85,0.7666666666666666,0.7999999999999999,-1.294005174522132,0.01,0.08,2.3833099559361806,0.023833099559361807,0.19066479647489445,0.19066479647489443,0.004040691599799756,0.004022218131630283,0.004059165067969229,0.0011574988043469001,1000,200,200,10000,10000,10000,10000,-1.1149600175235401,0.5831028096093284,0.919,1.9120148285147305,7.499472138469583e-05,0.0003060763274830044,9.259784199425838e-05,0.00011349072147982633,7.499472138469583e-05,0.0003060763274830044,9.259784199425838e-05,0.00011349072147982633,-1.1795347556043019,0.8390338729200117,0.832,2.546305344684306,0.00015757582528701326,0.00023632487376780198,-0.0028807777006609092,1.2934146572862137,0.0,0.3053445721956291
0.85,0.7666666666666666,0.8166666666666667,-1.2790007510611108,0.01,0.08,2.398042045615239,0.02398042045615239,0.1918433636492191,0.1918433636492191,0.004076720913518311,0.004057409610958833,0.00409603221607779,0.001323606896479653,1000,200,200,10000,10000,10000,10000,-1.1341512579869906,0.5635862819850533,0.939,1.8301638190521623,9.058244279252493e-05,0.00042937172433253683,0.00013196848224750747,0.0001436636320075095,9.058244279252493e-05,0.00042937172433253683,0.00013196848224750747,0.0001436636320075095,-1.1293106169632174,0.8878346467296316,0.801,2.5021470541790642,0.00018072392489411907,0.00025747614884930595,0.0054082945717210135,1.286778358471507,0.0,0.305146377365151
0.85,0.7666666666666666,0.8333333333333333,-1.259992729517846,0.01,0.08,2.4356101284570664,0.024356101284570664,0.1948488102765653,0.19484881027656528,0.004095154487572592,0.004094276759067393,0.0040960322160777905,0.0013647440628469939,1000,200,200,10000,10000,10000,10000,-1.120353307552208,0.5543040500674209,0.936,1.8711326793920289,9.904662735971165e-05,0.0004377181895462918,0.00012326783479888422,0.00010175883847200827,9.904662735971165e-05,0.0004377181895462918,0.00012326783479888422,0.00010175883847200827,-1.0987501199243048,0.9235637764442313,0.78,2.475688662173638,0.00019785916567900542,0.00027998169817639116,0.0038244213409472055,1.2662640015377062,0.0,0.30538673931819826
0.85,0.7666666666666666,0.85,-1.2371893657540494,0.01,0.08,2.4658671060576776,0.024658671060576776,0.1972693684846142,0.19726936848461418,0.00411446579013207,0.00413289936418635,0.00409603221607779,0.001343715757186227,1000,200,200,10000,10000,10000,10000,-1.1266920633100828,0.5688887290527702,0.951,1.9620843476691991,0.00010603200836061135,0.00042785062296527926,0.00012335338293993658,0.00010978689386825194,0.00010603200836061135,0.00042785062296527926,0.00012335338293993658,0.00010978689386825194,-1.075611746450855,0.8900903701345028,0.787,2.4252587601646822,0.00019804108260170226,0.0002713999440077519,0.0034936112865205033,1.2430998309545598,0.0,0.30479200250410304
0.85,0.7833333333333333,0.7,-1.2504787927717018,0.01,0.08,2.267826417555675,0.02267826417555675,0.181426113404454,0.181426113404454,0.003909901124409398,0.003983675314741713,0.0038361269340770844,0.0010034060362200143,1000,200,200,10000,10000,10000,10000,-1.1101851216781053,0.5889468455893215,0.948,1.987645326219352,6.339962232907675e-05,0.000257549405330982,8.875244076293484e-05,7.53293830633397e-05,6.339962232907675e-05,0.000257549405330982,8.875244076293484e-05,7.53293830633397e-05,-1.0881872504145162,0.9003154124088024,0.802,2.461624799722776,0.00011187572698040703,0.0001658295976528725,-0.004289842298499578,1.2483373029648173,0.0,0.30476362988951056
0.85,0.7833333333333333,0.7166666666666667,-1.2613152265471625,0.01,0.08,2.310257426797139,0.02310257426797139,0.1848205941437711,0.1848205941437711,0.003984594836950431,0.004024136964278107,0.003945052709622755,0.0009623698600810115,1000,200,200,10000,10000,10000,10000,-1.15111163515329,0.6117407873370965,0.949,1.9885579757006464,5.7761319934003814e-05,0.00022679557197436787,8.377855822207197e-05,7.244753531723738e-05,5.7761319934003814e-05,0.00022679557197436787,8.377855822207197e-05,7.244753531723738e-05,-1.1071463138605155,0.9044425748434798,0.796,2.4954642806976994,0.00011454616398629168,0.00015721099017909095,0.002508535628606086,1.266406532554398,0.0,0.305614530125611
0.85,0.7833333333333333,0.7333333333333333,-1.2678649444009498,0.01,0.08,2.329519729858882,0.02329519729858882,0.18636157838871056,0.1863615783887106,0.0038939030785438544,0.0038410777786849425,0.003946728378402766,0.0009752409949591343,1000,200,200,10000,10000,10000,10000,-1.0891645140286326,0.6079964632853614,0.929,1.9748187147221536,5.8862123603900816e-05,0.0002384824697434545,8.314869578370585e-05,7.746159605981931e-05,5.8862123603900816e-05,0.0002384824697434545,8.314869578370585e-05,7.746159605981931e-05,-1.0967817549905128,0.8580106107262576,0.803,2.440475366361261,0.00011630490510512952,0.000167310373587063,0.0010485319974605422,1.271261006910326,0.0,0.3042796482690014
0.85,0.7833333333333333,0.75,-1.2700561862536404,0.01,0.08,2.352046086452315,0.02352046086452315,0.1881636869161852,0.1881636869161852,0.004095154487572592,0.004057409610958833,0.00413289936418635,0.0012930690715842366,1000,200,200,10000,10000,10000,10000,-1.1050153797908175,0.5542230431126557,0.922,1.8337843043468463,8.849584333322077e-05,0.00038940435207065365,0.00012484257667723706,9.267978392681784e-05,8.849584333322077e-05,0.00038940435207065365,0.00012484257667723706,9.267978392681784e-05,-1.121947582928351,0.8827935333580414,0.782,2.4480967990397104,0.00015197723319676463,0.00021279292973314063,-0.0019080916929094592,1.2707295999039727,0.0,0.30537762200371626
0.85,0.7833333333333333,0.7666666666666666,-1.2678649444009498,0.01,0.08,2.361840660724327,0.02361840660724327,0.18894725285794617,0.1889472528579462,0.004020502568735079,0.004055654153948435,0.003985350983521723,0.0011411201658810934,1000,200,200,10000,10000,10000,10000,-1.1400527405442105,0.5494334323990823,0.96,1.8799185094147464,7.118364905295606e-05,0.00029438646187301574,9.612786137264266e-05,5.275522305033947e-05,7.118364905295606e-05,0.00029438646187301574,9.612786137264266e-05,5.275522305033947e-05,-1.1398161718409894,0.9018421936740907,0.791,2.455413773675797,0.00014194783272160233,0.00022065276831048265,-0.0002025654906927912,1.2701267264050367,0.0,0.30630584963243296
0.85,0.7833333333333333,0.7833333333333333,-1.2613152265471625,0.01,0.08,2.3830369739833808,0.02383036973983381,0.19064295791867047,0.19064295791867047,0.00411538531234079,0.004173361013722746,0.004057409610958833,0.001341475427464814,1000,200,200,10000,10000,10000,10000,-1.1197573904172238,0.5927994976780495,0.939,1.8964880090275658,0.00010255345439951056,0.0004947610510501108,0.00015910201800740356,0.0002837829967702289,0.00010255345439951056,0.0004947610510501108,0.00015910201800740356,0.0002837829967702289,-1.06060947723933,0.9332211157620826,0.784,2.497339216019648,0.0001982228680983839,0.0003438928807203171,0.0053798219517566465,1.269267025246248,0.0,0.3055491390048253
0.85,0.7833333333333333,0.7999999999999999,-1.2504787927717018,0.01,0.08,2.4145504244886524,0.024145504244886526,0.1931640339590922,0.1931640339590922,0.0040758431850131125,0.004018787005839875,0.00413289936418635,0.0012995938469665346,1000,200,200,10000,10000,10000,10000,-1.095282836922237,0.5724357408658819,0.93,1.919838961855312,9.516406350186079e-05,0.00040155182725367506,0.00013099608728953818,0.00015336429421915204,9.516406350186079e-05,0.00040155182725367506,0.00013099608728953818,0.00015336429421915204,-1.0627200592626749,0.8589371016334284,0.799,2.496550945193182,0.0001868544016950291,0.0002589193696717536,0.0015046733148814963,1.254641167681982,0.0,0.30507377925897206
0.85,0.7833333333333333,0.8166666666666667,-1.2354743693106807,0.01,0.08,2.4226296362957926,0.024226296362957925,0.1938103709036634,0.19381037090366338,0.004095154487572592,0.004057409610958833,0.004132899364186351,0.0012752144625519332,1000,200,200,10000,10000,10000,10000,-1.0681634319868316,0.564805134200491,0.943,1.9150273021545112,9.107504175814496e-05,0.00039789306475199816,0.00011475213143727427,0.00013047026950492021,9.107504175814496e-05,0.00039789306475199816,0.00011475213143727427,0.00013047026950492021,-1.0796792758397518,0.8640233138832288,0.805,2.453833506796437,0.00017182335734149633,0.00022430788692726859,-0.000810791494201103,1.2371966288707872,0.0,0.3052182537487479
0.85,0.7833333333333333,0.8333333333333333,-1.2164663477674158,0.01,0.08,2.431960108883284,0.02431960108883284,0.19455680871066272,0.19455680871066275,0.004021380297240277,0.004057409610958833,0.003985350983521723,0.001170863730684485,1000,200,200,10000,10000,10000,10000,-1.0827170818935894,0.6122131214226423,0.938,2.049506261484472,9.043790942292044e-05,0.00032661375809943675,0.0001247245959137782,0.0001025039154222786,9.043790942292044e-05,0.00032661375809943675,0.0001247245959137782,0.0001025039154222786,-1.0671572450631945,0.8810012722656267,0.804,2.4697124706826634,0.0001642894632930431,0.000212384043328941,0.00013531332621367903,1.2189821318503569,0.0,0.3051476224228794
0.85,0.7833333333333333,0.85,-1.1936629840036193,0.01,0.08,2.47163415304644,0.024716341530464397,0.19773073224371518,0.19773073224371518,0.004153130188954548,0.00413289936418635,0.004173361013722745,0.0014325818749277711,1000,200,200,10000,10000,10000,10000,-1.0384324864492998,0.5566334688404919,0.923,1.8721911991750815,0.00011234276957483976,0.00047253696552026976,0.00015215078066842502,0.00015665406673055174,0.00011234276957483976,0.00047253696552026976,0.00015215078066842502,0.00015665406673055174,-1.0301735973559594,0.8811854685844028,0.82,2.5230107593020463,0.00021858188464205552,0.00028482499322930006,0.0015987440893878364,1.1977306020175362,0.0,0.3050087313336948
0.85,0.7999999999999999,0.7,-1.2062836528617775,0.01,0.08,2.3032106848224956,0.023032106848224956,0.18425685478579965,0.18425685478579967,0.004002068994680799,0.004020542462850272,0.003983595526511325,0.0011054634622522873,1000,200,200,10000,10000,10000,10000,-1.064894285281244,0.5845175921439077,0.932,1.8646797586554127,6.494700088863748e-05,0.00030652508468434096,8.538520767581583e-05,7.048604798480652e-05,6.494700088863748e-05,0.00030652508468434096,8.538520767581583e-05,7.048604798480652e-05,-1.0436647454879462,0.9052446725526607,0.759,2.369072996192488,0.00011258412777580275,0.00016306029828463544,-0.004430741252064279,1.2043564552645125,0.0,0.3052053464953788
0.85,0.7999999999999999,0.7166666666666667,-1.2171200866372385,0.01,0.08,2.324579547821168,0.023245795478211678,0.18596636382569343,0.18596636382569343,0.003909023395904199,0.003981919857731315,0.0038361269340770844,0.0010120303344294955,1000,200,200,10000,10000,10000,10000,-1.1034425132700068,0.6169650913022059,0.943,2.0360158595094466,6.614700962105752e-05,0.000279602309001234,8.661238884011305e-05,7.740236845682675e-05,6.614700962105752e-05,0.000279602309001234,8.661238884011305e-05,7.740236845682675e-05,-1.023898119628633,0.9166270349165242,0.779,2.456255231839949,0.00011678079836284601,0.00015998778087038362,0.0028499220515102,1.2225801224413044,0.0,0.3052774187352999
0.85,0.7999999999999999,0.7333333333333333,-1.2236698044910255,0.01,0.08,2.3490336643436316,0.023490336643436315,0.18792269314749052,0.18792269314749055,0.004021380297240277,0.004022218131630283,0.004020542462850272,0.0011892534107287203,1000,200,200,10000,10000,10000,10000,-1.0871747088911528,0.5660971723218096,0.949,1.9273543829719118,8.197634004000688e-05,0.00032745362889988286,0.00010990325304750116,8.061561722563893e-05,8.197634004000688e-05,0.00032745362889988286,0.00010990325304750116,8.061561722563893e-05,-1.0971321378748125,0.8734770591566433,0.797,2.466837321827683,0.00015197620676659303,0.00022100890763354612,-0.0064761843051278295,1.2197834345452998,0.0,0.30525542714680876
0.85,0.7999999999999999,0.75,-1.2258610463437163,0.01,0.08,2.3774503993343177,0.023774503993343177,0.19019603194674542,0.19019603194674545,0.004075843185013113,0.004094276759067393,0.004057409610958833,0.0012116367317523968,1000,200,200,10000,10000,10000,10000,-1.0597990981242082,0.5871131982401563,0.93,1.9516649241124904,8.71378799235881e-05,0.00036892769592003613,0.00011498182517882499,0.00013376685975231798,8.71378799235881e-05,0.00036892769592003613,0.00011498182517882499,0.00013376685975231798,-1.0628879258795514,0.8629557361915366,0.82,2.47609922433311,0.0001664199733282971,0.00023112993176968374,0.002497100639858212,1.2308004277778763,0.0,0.3054157673527258
0.85,0.7999999999999999,0.7666666666666666,-1.2236698044910255,0.01,0.08,2.3906404355616235,0.023906404355616237,0.1912512348449299,0.1912512348449299,0.0040196647343450735,0.004057409610958833,0.003981919857731315,0.0011463801042606897,1000,200,200,10000,10000,10000,10000,-1.0844614637970853,0.5696357888274195,0.945,1.9603874519995401,7.821767125598594e-05,0.00029458267604183806,9.50332574643457e-05,7.270860718533066e-05,7.821767125598594e-05,0.00029458267604183806,9.50332574643457e-05,7.270860718533066e-05,-1.0500809764760513,0.8865262627765006,0.775,2.427234811947563,0.0001436939911428097,0.00018964992126613178,0.0024154913823829912,1.228753367483055,0.0,0.30472118097138434
0.85,0.7999999999999999,0.7833333333333333,-1.2171200866372385,0.01,0.08,2.4075765344644657,0.02407576534464466,0.19260612275715727,0.19260612275715724,0.004056531882453634,0.004057409610958833,0.004055654153948435,0.0013254796281015964,1000,200,200,10000,10000,10000,10000,-1.110399688782681,0.5712835567263621,0.948,1.9023903518680731,9.968326551456793e-05,0.00042253930891301386,0.00013860011260605025,8.11580706773153e-05,9.968326551456793e-05,0.00042253930891301386,0.00013860011260605025,8.11580706773153e-05,-1.0203272169249347,0.8773426758585411,0.803,2.4701552896709704,0.0001873123443693018,0.000237752379304166,0.0006449947831760509,1.2203340132365523,0.0,0.30461849691794907
0.85,0.7999999999999999,0.7999999999999999,-1.2062836528617777,0.01,0.08,2.4330840828260922,0.024330840828260925,0.1946467266260874,0.19464672662608742,0.004057409610958833,0.004057409610958833,0.004057409610958833,0.001263594933272735,1000,200,200,10000,10000,10000,10000,-1.0699631813430481,0.5774223072974869,0.955,1.9465470163984955,9.331674186353188e-05,0.00038872136129420345,0.00012580681133876072,0.0001420221931375133,9.331674186353188e-05,0.00038872136129420345,0.00012580681133876072,0.0001420221931375133,-1.0428054358467418,0.8831582123993867,0.79,2.5089101128205225,0.00017577899600145037,0.00022393691774144056,-0.00036607945119561944,1.20837632833331,0.0,0.3047123056966041
0.85,0.7999999999999999,0.8166666666666667,-1.1912792294007566,0.01,0.08,2.435987757224366,0.024359877572243657,0.19487902057794926,0.19487902057794929,0.00411446579013207,0.00409603221607779,0.00413289936418635,0.0013832095967591686,1000,200,200,10000,10000,10000,10000,-1.1203958683049933,0.5561849866319567,0.943,1.8633734315545676,0.00010600454350623592,0.0004358780606596534,0.0001667501460268838,0.00014703977345264317,0.00010600454350623592,0.0004358780606596534,0.0001667501460268838,0.00014703977345264317,-1.0164713351635442,0.9331390231743419,0.785,2.50448410208389,0.00018976301559056177,0.0002680062042559125,0.004447620255228087,1.1984542780503076,0.0,0.30598247618732793
0.85,0.7999999999999999,0.8333333333333333,-1.1722712078574917,0.01,0.08,2.466803977311142,0.024668039773111418,0.19734431818489134,0.19734431818489134,0.004191752794073505,0.004173361013722745,0.004210144574424266,0.0012823167130182208,1000,200,200,10000,10000,10000,10000,-1.0508701314545947,0.5920173596149146,0.936,2.0038999152384966,0.0001012901231128722,0.00039052559066504885,0.0001350499505674864,0.0001921533746918228,0.0001012901231128722,0.00039052559066504885,0.0001350499505674864,0.0001921533746918228,-0.9953025539637664,0.9308726598417487,0.804,2.5528630596080126,0.0002012909126145787,0.00031436266487965,-0.00647401273602753,1.1684269756188566,0.0,0.3054570986984249
0.85,0.7999999999999999,0.85,-1.1494678440936952,0.01,0.08,2.4861018158371424,0.024861018158371426,0.1988881452669714,0.19888814526697143,0.004134654821196748,0.004097787673088188,0.004171521969305309,0.001319114196386134,1000,200,200,10000,10000,10000,10000,-1.0479910848708722,0.582576767174499,0.948,1.9896232849286848,0.00010748070621290747,0.00042413334963376957,0.0001384583835120238,0.00012725348902220806,0.00010748070621290747,0.00042413334963376957,0.0001384583835120238,0.00012725348902220806,-0.9827849540485951,0.9161257829928605,0.793,2.5181646091972976,0.00021074617372700453,0.0002802362013312312,0.002152078974299661,1.1542446461402143,0.0,0.3062594958329881
0.85,0.8166666666666667,0.7,-1.1619039659936385,0.01,0.08,2.3407453754505303,0.023407453754505304,0.18725963003604243,0.18725963003604243,0.003966039680962244,0.004022218131630282,0.003909861230294205,0.001119961579905716,1000,200,200,10000,10000,10000,10000,-1.0123487995484655,0.6141714344297107,0.942,1.949615575225869,7.921246063867746e-05,0.0003314630627470624,0.00012485092561300193,9.505683661797435e-05,7.921246063867746e-05,0.0003314630627470624,0.00012485092561300193,9.505683661797435e-05,-0.9914281490558378,0.9274102473690269,0.794,2.484894003695712,0.0001328015406371069,0.00019154980808915424,-0.0006275146039902495,1.1639556299138216,0.0,0.30524119701659863
0.85,0.8166666666666667,0.7166666666666667,-1.1727403997690993,0.01,0.08,2.3527505605660792,0.023527505605660793,0.18822004484528634,0.18822004484528634,0.004002108888795992,0.004020542462850272,0.003983675314741713,0.0011436550905953035,1000,200,200,10000,10000,10000,10000,-1.0322714512012856,0.5854181747035422,0.939,1.9201362804761897,7.489574188777975e-05,0.0003270211862773846,0.00010930508849107559,0.00014248979348155833,7.489574188777975e-05,0.0003270211862773846,0.00010930508849107559,0.00014248979348155833,-1.0340432462309068,0.8719567047277936,0.792,2.456339713299653,0.00013728534725234576,0.00018762278964950732,0.0012814617311096377,1.1766691426586087,0.0,0.3059706492241972
0.85,0.8166666666666667,0.7333333333333333,-1.1792901176228865,0.01,0.08,2.3733295344120906,0.023733295344120907,0.18986636275296725,0.18986636275296725,0.004038976036904552,0.004020542462850272,0.004057409610958833,0.001202597825368003,1000,200,200,10000,10000,10000,10000,-1.0279336933199348,0.589695004487136,0.947,1.9653259910300547,8.728917679407558e-05,0.0003672434320939534,0.00013636865674514087,0.0001960020193030098,8.728917679407558e-05,0.0003672434320939534,0.00013636865674514087,0.0001960020193030098,-1.0073744323407987,0.8900818867821453,0.809,2.472638156156516,0.00016145752145898883,0.0002303711345670839,0.004593772472154925,1.186360264618036,0.0,0.3053370419009821
0.85,0.8166666666666667,0.75,-1.181481359475577,0.01,0.08,2.3943396963684638,0.023943396963684638,0.1915471757094771,0.19154717570947707,0.003985273008540442,0.004020542462850272,0.0039500035542306125,0.0011258271859637843,1000,200,200,10000,10000,10000,10000,-1.0658650102367582,0.6105746899428551,0.936,1.9925975393515436,8.003149854536683e-05,0.00031118841304430937,0.000113141951559262,9.382938784002866e-05,8.003149854536683e-05,0.00031118841304430937,0.000113141951559262,9.382938784002866e-05,-1.0553610122908936,0.9102227437478213,0.793,2.487816862947949,0.00014417993064351747,0.00019962498009186606,0.0020111617128298095,1.1860489371885112,0.0,0.3061203669602104
0.85,0.8166666666666667,0.7666666666666666,-1.1792901176228865,0.01,0.08,2.423912947185231,0.024239129471852312,0.1939130357748185,0.19391303577481847,0.004095154487572592,0.00413289936418635,0.004057409610958833,0.00124771287723276,1000,200,200,10000,10000,10000,10000,-1.0584282621105667,0.5391415834006327,0.939,1.8428246958915482,8.044800843058514e-05,0.0003268894390823249,0.00010345988250581281,9.17195842789962e-05,8.044800843058514e-05,0.0003268894390823249,0.00010345988250581281,9.17195842789962e-05,-1.0286245300565577,0.886931586944441,0.809,2.506616081832367,0.00015722943999294073,0.0001907282343977975,-0.0052762598875655395,1.1765430810147985,0.0,0.3053115305396825
0.85,0.8166666666666667,0.7833333333333333,-1.1727403997690993,0.01,0.08,2.4399419988913653,0.024399419988913654,0.19519535991130924,0.19519535991130924,0.004096909944582989,0.004134654821196748,0.004059165067969229,0.001304039085071547,1000,200,200,10000,10000,10000,10000,-1.081722090386846,0.5484290901645495,0.95,1.8966810059120658,9.669974852113275e-05,0.00038607082655107793,0.00014510140863222427,0.00014742489299188216,9.669974852113275e-05,0.00038607082655107793,0.00014510140863222427,0.00014742489299188216,-1.0166299781219745,0.8568207313989736,0.812,2.4765994726326146,0.0001791513003960103,0.00023455572657032786,-0.0029245573438859934,1.1725011730833925,0.0,0.30584307668968713
0.85,0.8166666666666667,0.7999999999999999,-1.1619039659936385,0.01,0.08,2.4457913119594568,0.024457913119594568,0.19566330495675655,0.19566330495675655,0.0040951962812761115,0.004134738408603788,0.004055654153948435,0.001250518119190486,1000,200,200,10000,10000,10000,10000,-1.0215587655865035,0.6002286649868522,0.939,1.9886465506456965,9.82796810161617e-05,0.0003746092606649412,0.0001440693227725465,0.00015911414416386373,9.82796810161617e-05,0.0003746092606649412,0.0001440693227725465,0.00015911414416386373,-1.0289526457770706,0.88817227502109,0.783,2.471270486615829,0.00017624826053233848,0.0002463751346336614,-0.0014204425566985482,1.1630014345086244,0.0,0.3051226495886946
0.85,0.8166666666666667,0.8166666666666667,-1.1468995425326176,0.01,0.08,2.4551400367547247,0.024551400367547247,0.19641120294037798,0.19641120294037798,0.0041540079174597466,0.004175116470733142,0.00413289936418635,0.0013454792366977605,1000,200,200,10000,10000,10000,10000,-1.0502562437950864,0.5525985006753208,0.961,1.9018501581904645,0.00010014955564462221,0.0004276654849923872,0.00013058987839594988,0.00011971650007091171,0.00010014955564462221,0.0004276654849923872,0.00013058987839594988,0.00011971650007091171,-0.9905097390882514,0.890256658518111,0.791,2.5139951047247333,0.00020639739878175562,0.0003055433323584743,-0.003421779404182262,1.146024952291602,0.0,0.3059700544520759
0.85,0.8166666666666667,0.8333333333333333,-1.1278915209893527,0.01,0.08,2.4904096392506823,0.024904096392506823,0.19923277114005458,0.19923277114005458,0.004153130188954548,0.004173361013722745,0.00413289936418635,0.0014129872499336043,1000,200,200,10000,10000,10000,10000,-0.9952190408292572,0.6169273788053183,0.949,2.0270951411542733,0.0001291269860745437,0.0005002159390614533,0.000184444389870745,0.0001869227447170151,0.0001291269860745437,0.0005002159390614533,0.000184444389870745,0.0001869227447170151,-1.008366628388436,0.9217858467300558,0.794,2.5662085726400723,0.000233897126235992,0.0002978485516173148,-0.004274367458685014,1.1264228319235494,0.0,0.3053323756043606
0.85,0.8166666666666667,0.85,-1.1050881572255562,0.01,0.08,2.534897534287224,0.025348975342872244,0.20279180274297795,0.20279180274297792,0.00425060622396066,0.00425060622396066,0.0042506062239606604,0.001430586223667347,1000,200,200,10000,10000,10000,10000,-0.9993377292181789,0.5645516540473361,0.952,1.9549305681460967,0.0001199112249681086,0.0004623710414101387,0.00015149318809516934,0.00010771006982982328,0.0001199112249681086,0.0004623710414101387,0.00015149318809516934,0.00010771006982982328,-0.9812866798502599,0.877551622318138,0.786,2.475868635560783,0.00022299462724928828,0.0002939502765852281,-0.0023143178161514452,1.1056114740937129,0.0,0.30486533988794895
0.85,0.8333333333333333,0.7,-1.1178259653036595,0.01,0.08,2.376456977180375,0.02376456977180375,0.19011655817443,0.19011655817443,0.004038976036904552,0.00405916506796923,0.004018787005839875,0.0012516090712834356,1000,200,200,10000,10000,10000,10000,-1.020266857602976,0.5742733334314442,0.956,1.9199315198917948,8.966357890311209e-05,0.0004057014214885215,0.00012511591824469667,0.00012171534769328041,8.966357890311209e-05,0.0004057014214885215,0.00012511591824469667,0.00012171534769328041,-0.958737752050148,0.9146337890971988,0.803,2.5169955712760514,0.00017107095631158865,0.000229176877077365,-0.0020487623937914595,1.118698115312473,0.0,0.3053791059014633
0.85,0.8333333333333333,0.7166666666666667,-1.1286623990791202,0.01,0.08,2.391255672839735,0.02391255672839735,0.1913004538271788,0.1913004538271788,0.004133777092691549,0.004171521969305309,0.00409603221607779,0.0011810793142631418,1000,200,200,10000,10000,10000,10000,-1.021726460721508,0.5633431739047334,0.943,1.9481817652745013,8.321460164368923e-05,0.0003249095646275673,0.0001164450735114567,9.68138015479659e-05,8.321460164368923e-05,0.0003249095646275673,0.0001164450735114567,9.68138015479659e-05,-0.9810428525229152,0.8932211062989158,0.8,2.4840710833251527,0.00016216244608066363,0.00023481195190008206,0.002679255108739104,1.133868540388585,0.0,0.30633104019723134
0.85,0.8333333333333333,0.7333333333333333,-1.1352121169329075,0.01,0.08,2.3926953426907684,0.023926953426907684,0.19141562741526147,0.1914156274152615,0.0040029467231859975,0.003985350983521723,0.004020542462850272,0.0012077113419671514,1000,200,200,10000,10000,10000,10000,-1.0277332165158473,0.5690784673758872,0.963,1.9629646597072834,8.762234644396929e-05,0.000358837357797392,0.0001238340624401194,0.00010267280306774213,8.762234644396929e-05,0.000358837357797392,0.0001238340624401194,0.00010267280306774213,-0.970174861702526,0.8847908494339226,0.82,2.5395614233549235,0.0001669849146022716,0.00022416388382823335,-0.006741710835688294,1.1312923153798442,0.0,0.3056932957138706
0.85,0.8333333333333333,0.75,-1.137403358785598,0.01,0.08,2.400961662078796,0.02400961662078796,0.19207693296630368,0.19207693296630368,0.0040196647343450735,0.004020542462850272,0.004018787005839875,0.0011307815055118218,1000,200,200,10000,10000,10000,10000,-1.0039961701982967,0.6176380990126078,0.945,2.041297611079536,8.592533297339582e-05,0.00031454995800309353,0.00011682852394369556,6.92974175919508e-05,8.592533297339582e-05,0.00031454995800309353,0.00011682852394369556,6.92974175919508e-05,-1.016861785053273,0.8989670068185401,0.78,2.48107933074336,0.0001565254467130186,0.00021717821286846613,0.0011619272111483678,1.1412076325998504,0.0,0.3058368942594344
0.85,0.8333333333333333,0.7666666666666666,-1.1352121169329075,0.01,0.08,2.4476586612754545,0.024476586612754547,0.19581269290203637,0.19581269290203637,0.004113588061626872,0.00413289936418635,0.004094276759067393,0.0013782840934007845,1000,200,200,10000,10000,10000,10000,-1.0001451979084877,0.5902960268530509,0.948,1.9372144078808007,0.00011331162175589372,0.00043276376649951416,0.00016064648164139237,0.00010040914787146049,0.00011331162175589372,0.00043276376649951416,0.00016064648164139237,0.00010040914787146049,-0.9591150421910309,0.9109844148480979,0.779,2.4721645891180524,0.00020324848242411064,0.0003025993745130521,0.003535161544583464,1.1414622158254195,0.0,0.30501461965484084
0.85,0.8333333333333333,0.7833333333333333,-1.1286623990791202,0.01,0.08,2.47088943744723,0.024708894374472302,0.19767115499577842,0.19767115499577842,0.0041346548211967475,0.00405916506796923,0.004210144574424266,0.0013259215588913547,1000,200,200,10000,10000,10000,10000,-0.982454656570197,0.6054509268203373,0.945,1.9950178830655432,0.00010743104840211509,0.0003898868777755894,0.00013923200502594338,0.00011095899292016904,0.00010743104840211509,0.0003898868777755894,0.00013923200502594338,0.00011095899292016904,-0.9915904343876301,0.9017975571865116,0.797,2.490086851817302,0.00020800978959159954,0.0002837864630323137,-0.002644737794764265,1.1289609843301285,0.0,0.3052296829448415
0.85,0.8333333333333333,0.7999999999999999,-1.1178259653036595,0.01,0.08,2.473852246790682,0.02473852246790682,0.19790817974325456,0.19790817974325456,0.004173319220019225,0.004213739075852099,0.00413289936418635,0.001331788795049874,1000,200,200,10000,10000,10000,10000,-1.014902532716891,0.5501397686928083,0.947,1.8989261398758361,9.706944058728485e-05,0.00037898854064368506,0.00011820317645932185,8.206595164589073e-05,9.706944058728485e-05,0.00037898854064368506,0.00011820317645932185,8.206595164589073e-05,-1.0013331980636415,0.8459098032807789,0.807,2.4595745239596245,0.0001874289026790335,0.0002414640835371449,-0.0019166192944630057,1.1186338301369907,0.0,0.3045200611823054
0.85,0.8333333333333333,0.8166666666666667,-1.1028215418426386,0.01,0.08,2.4800795077222335,0.024800795077222337,0.1984063606177787,0.19840636061777867,0.004173319220019225,0.00425060622396066,0.00409603221607779,0.0013082569917734828,1000,200,200,10000,10000,10000,10000,-0.9607420939782128,0.5609556680148712,0.953,1.9195572191081323,9.604441114879004e-05,0.0003905096041569756,0.00012353728516390286,0.0001451774398072271,9.604441114879004e-05,0.0003905096041569756,0.00012353728516390286,0.0001451774398072271,-0.9565758417864201,0.8916642833647928,0.797,2.4581729370245595,0.00017793577692329723,0.000216431206084134,-0.0015043580522671734,1.1038917974142621,0.0,0.3060206931990924
0.85,0.8333333333333333,0.8333333333333333,-1.0838135202993737,0.01,0.08,2.5147822626736067,0.025147822626736066,0.20118258101388853,0.20118258101388853,0.004193550044787423,0.004252445268378097,0.004134654821196748,0.0014045696785826688,1000,200,200,10000,10000,10000,10000,-0.9910641558966403,0.5412589102113164,0.957,1.9091563444028203,0.00011189898526530233,0.00046445268440179643,0.00014937729175451702,0.00013626498757728374,0.00011189898526530233,0.00046445268440179643,0.00014937729175451702,0.00013626498757728374,-0.9681963657221816,0.9048677542504254,0.808,2.5532236362287044,0.0002285961865141898,0.00031183863908149025,0.00429546819880186,1.0907530106279921,0.0,0.3058986238484971
0.85,0.8333333333333333,0.85,-1.0610101565355772,0.01,0.08,2.5619642912914387,0.025619642912914388,0.2049571433033151,0.2049571433033151,0.0041723996978105075,0.004210144574424266,0.004134654821196748,0.0014117608218667198,1000,200,200,10000,10000,10000,10000,-0.9473463019954271,0.579487859337598,0.944,1.9968056319550558,0.00012244141832118438,0.0004502632050266004,0.00014890992172330558,0.00010751086441680526,0.00012244141832118438,0.0004502632050266004,0.00014890992172330558,0.00010751086441680526,-0.9888155174206286,0.892853859102,0.821,2.5669238667981524,0.00024655483100614667,0.0003065042164628121,0.008111124986135409,1.0722674046055323,0.0,0.30575534420198625
0.85,0.85,0.7,-1.0745325785913136,0.01,0.08,2.394832557195625,0.02394832557195625,0.19158660457565,0.19158660457565,0.0040196647343450735,0.004057409610958833,0.003981919857731315,0.001135529709188876,1000,200,200,10000,10000,10000,10000,-1.014909782685335,0.5768049906639982,0.964,2.0009783081725834,8.01284010800545e-05,0.0003241998672216317,0.00010514109633088034,9.809853091308824e-05,8.01284010800545e-05,0.0003241998672216317,0.00010514109633088034,9.809853091308824e-05,-0.9255748410183583,0.8747571075936313,0.795,2.469243399886626,0.00014894091203389464,0.0001973583334232857,-0.004046423340250199,1.0736745095455789,0.0,0.3052608111175314
0.85,0.85,0.7166666666666667,-1.0853690123667745,0.01,0.08,2.4118839237156244,0.024118839237156246,0.19295071389724996,0.19295071389724996,0.004075843185013113,0.004057409610958833,0.004094276759067393,0.0011756615554327568,1000,200,200,10000,10000,10000,10000,-0.9086638229597038,0.5952507608452766,0.946,1.9687006652059156,8.439120648014627e-05,0.0003263860319989799,0.00011506886839375719,6.89687499452956e-05,8.439120648014627e-05,0.0003263860319989799,0.00011506886839375719,6.89687499452956e-05,-0.9184440433947241,0.887706592367247,0.801,2.459851845392791,0.00015223151869675537,0.0002017032535173841,0.0012151840176636908,1.0894576521271393,0.0,0.3055081051133136
0.85,0.85,0.7333333333333333,-1.0919187302205615,0.01,0.08,2.4249304286547235,0.024249304286547237,0.1939944342923779,0.1939944342923779,0.00411446579013207,0.00413289936418635,0.0040960322160777905,0.0012481160118773826,1000,200,200,10000,10000,10000,10000,-0.9276609184853533,0.5690579234650125,0.944,1.9372044762236138,8.925925571234833e-05,0.0003671080500971117,0.0001229570798373548,0.00011970632981602052,8.925925571234833e-05,0.0003671080500971117,0.0001229570798373548,0.00011970632981602052,-0.9649101013689778,0.9191662489996769,0.772,2.5017998020059404,0.00017384725696589925,0.00023717657190310012,-0.0014024579730657972,1.0934275984513926,0.0,0.30608270223651285
0.85,0.85,0.75,-1.0941099720732523,0.01,0.08,2.428359690668521,0.02428359690668521,0.19426877525348168,0.1942687752534817,0.004038976036904552,0.003981919857731315,0.00409603221607779,0.0011749276481920166,1000,200,200,10000,10000,10000,10000,-0.9486053639985433,0.5542745835863994,0.94,1.910328887040883,7.575620778268189e-05,0.000332034394026598,0.00010187365656299941,0.00011963152657911743,7.575620778268189e-05,0.000332034394026598,0.00010187365656299941,0.00011963152657911743,-0.9491249147301647,0.9304768864965904,0.78,2.517361643118927,0.0001548116855100667,0.0001959963955743751,-0.00241838378513466,1.094572617914973,0.0,0.3056835714885531
0.85,0.85,0.7666666666666666,-1.0919187302205615,0.01,0.08,2.464164259066714,0.024641642590667142,0.19713314072533714,0.19713314072533714,0.004078436476413516,0.004022218131630282,0.004134654821196748,0.001313193529447388,1000,200,200,10000,10000,10000,10000,-0.9664876718443686,0.5433985132423627,0.953,1.9632404567802395,0.00010200293491899196,0.00042847954239549413,0.00013613655595710582,0.0001423422755066559,0.00010200293491899196,0.00042847954239549413,0.00013613655595710582,0.0001423422755066559,-0.9638758844481488,0.8901260677778037,0.803,2.478314464952407,0.00018989530893701715,0.00024838144974632985,-0.0032917162449553027,1.0912932631402832,0.0,0.3057459812828186
0.85,0.85,0.7833333333333333,-1.0853690123667745,0.01,0.08,2.5006890025008914,0.025006890025008915,0.20005512020007132,0.2000551202000713,0.004076720913518311,0.003981919857731315,0.004171521969305307,0.001304636837022151,1000,200,200,10000,10000,10000,10000,-0.9586148711387674,0.5727834952561911,0.958,1.9657398521245393,0.00010016753638865949,0.0003835848821545281,0.00011868194081598608,0.00012808827620972227,0.00010016753638865949,0.0003835848821545281,0.00011868194081598608,0.00012808827620972227,-0.9452636271159405,0.831657292977289,0.821,2.507622281732519,0.0001864590955655218,0.00022072570174255392,0.008256239602497946,1.0965158409717053,0.0,0.30544391996534315
0.85,0.85,0.7999999999999999,-1.0745325785913138,0.01,0.08,2.51643183494432,0.0251643183494432,0.2013145467955456,0.2013145467955456,0.00425060622396066,0.0042506062239606604,0.00425060622396066,0.0014662381721137672,1000,200,200,10000,10000,10000,10000,-0.9282462916086667,0.565495111696757,0.952,1.8991019318253897,0.00012017882656372899,0.0004970185536754714,0.00016473072379565387,0.00010457909688401129,0.00012017882656372899,0.0004970185536754714,0.00016473072379565387,0.00010457909688401129,-0.9697856618830175,0.8956496621365899,0.788,2.5010686749071818,0.0002295285748107555,0.0003086140984873051,-0.0009837894477681163,1.076550363035018,0.0,0.3048740986824147
0.85,0.85,0.8166666666666667,-1.0595281551302926,0.01,0.08,2.526040968338746,0.025260409683387462,0.2020832774670997,0.2020832774670997,0.004230375399192463,0.004248767179543223,0.004211983618841703,0.001525346856096397,1000,200,200,10000,10000,10000,10000,-0.9525770218079492,0.5711412689451412,0.955,1.9319844584481778,0.00013306599050186767,0.0005875914406233147,0.00017708623509511963,0.0001843234653229323,0.00013306599050186767,0.0005875914406233147,0.00017708623509511963,0.0001843234653229323,-0.9744172057912119,0.9027721052711426,0.789,2.4802546720155294,0.00024378494703157182,0.0003281355330064461,0.002842797480572258,1.0653578147625642,0.0,0.30531084295622274
0.85,0.85,0.8333333333333333,-1.0405201335870278,0.01,0.08,2.5472657691560503,0.025472657691560503,0.20378126153248402,0.20378126153248402,0.004191752794073505,0.004211983618841703,0.004171521969305307,0.0014557641717492776,1000,200,200,10000,10000,10000,10000,-0.9091693551954027,0.562917073138763,0.955,1.8630410392666095,0.00011338115655193086,0.00048584719262013254,0.00015156864105026808,0.0001452487385742115,0.00011338115655193086,0.00048584719262013254,0.00015156864105026808,0.0001452487385742115,-0.9719457370974294,0.8732607441512971,0.818,2.5472376563193437,0.000233575822723529,0.000299851987799824,-0.0014782264086446806,1.042055899050257,0.0,0.3058936452067439
0.85,0.85,0.85,-1.0177167698232312,0.01,0.08,2.570252364904608,0.02570252364904608,0.20562018919236863,0.2056201891923686,0.004211983618841703,0.004252445268378096,0.004171521969305308,0.0013963009469228848,1000,200,200,10000,10000,10000,10000,-0.9309213822128272,0.5534487324954901,0.961,1.9612590275892,0.0001127449172956514,0.000468537705069447,0.0001426236276795582,0.00017404464418639757,0.0001127449172956514,0.000468537705069447,0.0001426236276795582,0.00017404464418639757,-0.8990597291469224,0.9067515589058077,0.803,2.536803122624522,0.00022037571694478715,0.0002913538380936262,-0.000515566259853902,1.0205360555173535,0.0,0.3054134502042811
