sex,age,method,n_reps,n_unlab_clusters,coverage,coverage_cluster_se,coverage_cluster_sd,bias,abs_bias,rmse,se_mean,width,emp_sd,theta0_mean,theta_hat_mean,sigma2_Y_mean,sigma2_Y_minus_f_mean,sigma2_f_mean,lambda_factor_mean,h_factor_mean,k_target_mean,R_MB_mean,R_GH_mean,bias_score_mean,bias_budget_mean,gh_gamma_eff_mean,edge_score_mean,pc_ratio_mean,fallback_rate,width_ratio_vs_GH_P1_c22,rmse_ratio_vs_GH_P1_c22,width_ratio_vs_GH_P1_c15,rmse_ratio_vs_GH_P1_c15,theta0,dataset,reference,method_family,bias_rescored,rmse_rescored
1,70,GH_P1_c22,1000,50,0.94,0.0071428571428571,0.0505076272276105,0.0179118415475018,0.0179118415475018,0.5793524836933639,0.5952454614204827,2.333362208768292,0.5793652823775955,6.886993353152679,6.904905194700183,28.92833483816323,22.498863787885814,3.677524948252014,398.1071705534972,1.3999999999999997,4423.92,21.2463828033797,21.57275917059151,21.57275917059151,22.0,0.3821157885682916,0.7321382000421006,20.535295955299507,0.0,1.0,1.0,,,7.188573395937842,income,matern52_0.8h0,PPCI,-0.283668201237659,0.6448225451141233
1,70,LO_GH_P1_c22w,1000,50,0.938,0.0077670155537532,0.0549210936764031,0.0140765344272858,0.0140765344272858,0.6636972572275986,0.6758754794075995,2.6494318792777904,0.663879986945699,6.886993353152679,6.901069887579967,28.9192641812038,,,,,4423.92,21.2463828033797,21.57275917059151,21.57275917059151,22.0,0.3821157885682916,0.7321382000421006,20.535295955299507,,1.135456753915776,1.1455845550131036,,,7.188573395937842,income,matern52_0.8h0,LO,-0.28750350835787497,0.7231557009026764
1,70,PPI_global,1000,50,0.074,0.0083592793361873,0.0591090310445062,-1.600139067351629,1.600139067351629,1.6494561920003006,0.4144192964925353,1.6245236422507383,0.4005260485645975,6.886993353152679,5.286854285801051,,,,,,,,,,,,,,,0.6962158023071235,2.8470684745926014,,,7.188573395937842,income,matern52_0.8h0,PPI,-1.9017191101367912,1.9433981239886644
1,71,GH_P1_c22,1000,50,0.916,0.007618452357699,0.0538705932427565,0.000569465908348,0.000569465908348,0.6102718172982791,0.5893488026414112,2.310247306354332,0.6105769164224859,6.85268486576419,6.853254331672539,28.47602925675125,22.10209232127741,3.673626132163306,396.469582462764,1.3999999999999997,4438.93,22.409543032386825,21.6711852574393,21.6711852574393,22.0,0.3821157885682916,0.7460782462710934,20.29727075999544,0.0,1.0,1.0,,,7.153436818494457,income,matern52_0.8h0,PPCI,-0.3001824868219183,0.6801035892360181
1,71,LO_GH_P1_c22w,1000,50,0.924,0.0065838392124588,0.0465547735337152,-0.0023267956198802,0.0023267956198802,0.6959902195250394,0.6703253329736535,2.627675305256722,0.6963345844852215,6.85268486576419,6.85035807014431,28.46676047033637,,,,,4438.93,22.409543032386825,21.6711852574393,21.6711852574393,22.0,0.3821157885682916,0.7460782462710934,20.29727075999544,,1.1374000082282556,1.1404593818640394,,,7.153436818494457,income,matern52_0.8h0,LO,-0.30307874835014736,0.7591137591943303
1,71,PPI_global,1000,50,0.074,0.0083592793361873,0.0591090310445062,-1.5868705901680935,1.5868705901680935,1.6409198479076372,0.4109109854848167,1.6107710631004817,0.4178927034878894,6.85268486576419,5.265814275596096,,,,,,,,,,,,,,,0.6972288458772609,2.6888343872278377,,,7.153436818494457,income,matern52_0.8h0,PPI,-1.8876225428983613,1.9332818060942032
1,72,GH_P1_c22,1000,50,0.939,0.0083653805554042,0.0591521731793239,0.0495707462831905,0.0495707462831905,0.594429449608603,0.5894002241803353,2.310448878786914,0.5926553399969844,6.819842917392506,6.869413663675697,29.628511432269725,22.96141618942336,3.834951831264168,380.9124956007988,1.3999999999999997,4459.18,23.44498654600419,21.09015609144444,21.09015609144444,22.0,0.3821157885682916,0.759478254155125,19.821902416688825,0.0,1.0,1.0,,,7.119787103468729,income,matern52_0.8h0,PPCI,-0.25037343979303195,0.6430987257246815
1,72,LO_GH_P1_c22w,1000,50,0.932,0.0083004794550479,0.0586932530976403,0.0525484266783418,0.0525484266783418,0.6682648289549591,0.6730461178032893,2.638340781788894,0.6665289230611892,6.819842917392506,6.872391344070848,29.61859098813773,,,,,4459.18,23.44498654600419,21.09015609144444,21.09015609144444,22.0,0.3821157885682916,0.759478254155125,19.821902416688825,,1.141916969473974,1.124212182614728,,,7.119787103468729,income,matern52_0.8h0,LO,-0.2473957593978815,0.7106484406792757
1,72,PPI_global,1000,50,0.09,0.0097937922862872,0.0692525693916618,-1.5338662066230837,1.5338662066230837,1.587523295859909,0.4137927018608471,1.6220673912945207,0.4094536938470871,6.819842917392506,5.285976710769423,,,,,,,,,,,,,,,0.7020572522453631,2.6706673044298195,,,7.119787103468729,income,matern52_0.8h0,PPI,-1.8338103926993066,1.8789212946394545
1,73,GH_P1_c22,1000,50,0.938,0.007222414091294,0.0510701798049127,0.1124841150860924,0.1124841150860924,0.629408730285619,0.5985471879734107,2.3463049768557696,0.619585797265582,6.7883700141781,6.900854129264196,34.576612293661825,26.94573651988432,4.468348123102062,329.3284707427035,1.3999999999999997,4474.7,23.50473662874144,18.82184115032612,18.82184115032612,22.0,0.3821157885682916,0.7716923337801073,19.082059829690383,0.0,1.0,1.0,,,7.087517792054701,income,matern52_0.8h0,PPCI,-0.1866636627905054,0.6467967197036648
1,73,LO_GH_P1_c22w,1000,50,0.948,0.0060541771715477,0.0428094973250619,0.1116216364494864,0.1116216364494864,0.7150278895773133,0.6811673537857523,2.670176026840149,0.7066150281077193,6.7883700141781,6.899991650627589,34.56318355045963,,,,,4474.7,23.50473662874144,18.82184115032612,18.82184115032612,22.0,0.3821157885682916,0.7716923337801073,19.082059829690383,,1.1380345066728672,1.1360310958077136,,,7.087517792054701,income,matern52_0.8h0,LO,-0.18752614142711188,0.7307335676347887
1,73,PPI_global,1000,50,0.098,0.0093634112046708,0.0662093155786083,-1.518723095337574,1.518723095337574,1.577284982083946,0.4114848826402189,1.613020739949658,0.4260159198431102,6.7883700141781,5.269646918840528,,,,,,,,,,,,,,,0.6874727522042897,2.505978875393404,,,7.087517792054701,income,matern52_0.8h0,PPI,-1.817870873214173,1.8670732674633503
1,74,GH_P1_c22,1000,50,0.944,0.0069458547320818,0.0491146098219173,0.1244319662515631,0.1244319662515631,0.6083605116628676,0.5914610091356042,2.318527155811568,0.5957970897021684,6.758177456728083,6.882609422979647,34.64101796076857,26.963452704649686,4.556536732905179,317.0465600622046,1.3999999999999997,4492.59,24.548484435450696,18.428855132858,18.428855132858,22.0,0.3821157885682916,0.7836682222672868,18.61924114489348,0.0,1.0,1.0,,,7.056532194295672,income,matern52_0.8h0,PPCI,-0.17392277131602452,0.6203775691526269
1,74,LO_GH_P1_c22w,1000,50,0.945,0.0064285714285714,0.0454568645048494,0.1176236755663472,0.1176236755663472,0.6881655185230985,0.6730883790446694,2.638506445855104,0.6783779540041869,6.758177456728083,6.875801132294432,34.629538297289635,,,,,4492.59,24.548484435450696,18.428855132858,18.428855132858,22.0,0.3821157885682916,0.7836682222672868,18.61924114489348,,1.13800972278521,1.1311804519364597,,,7.056532194295672,income,matern52_0.8h0,LO,-0.18073106200123945,0.7017123118504646
1,74,PPI_global,1000,50,0.11,0.0108796758655198,0.0769309258162072,-1.48699997349562,1.48699997349562,1.5438216539520406,0.4106705773330557,1.6098286631455785,0.4151972625175205,6.758177456728083,5.2711774832324645,,,,,,,,,,,,,,,0.6943324597731875,2.5376756452061984,,,7.056532194295672,income,matern52_0.8h0,PPI,-1.7853547110632073,1.8329505782619533
1,75,GH_P1_c22,1000,50,0.952,0.0068452277432633,0.0484030695602783,0.1855888969958058,0.1855888969958058,0.6315980532536928,0.6066751859953579,2.3781667291018027,0.6040179632143569,6.729184392914373,6.914773289910178,35.93981726634309,28.171909037603083,4.534238806668473,316.227766016838,1.3999999999999997,4507.67,25.901790881570328,18.56411129158681,18.56411129158681,22.0,0.3821157885682916,0.7936859083904408,18.293619887314133,0.0,1.0,1.0,,,7.026742441111072,income,matern52_0.8h0,PPCI,-0.11196915120089379,0.6140113622779168
1,75,LO_GH_P1_c22w,1000,50,0.951,0.0064665544558607,0.045725445066512,0.1955621323023977,0.1955621323023977,0.7107211490646764,0.6870637992572195,2.6932900930883004,0.6836280797982498,6.729184392914373,6.9247465252167695,35.92563085039373,,,,,4507.67,25.901790881570328,18.56411129158681,18.56411129158681,22.0,0.3821157885682916,0.7936859083904408,18.293619887314133,,1.1325068424052485,1.1252744453586885,,,7.026742441111072,income,matern52_0.8h0,LO,-0.10199591589430224,0.6908568382785765
1,75,PPI_global,1000,50,0.136,0.0122090632109837,0.0863311138842178,-1.4274471712135968,1.4274471712135968,1.4884171713939829,0.4191516254612167,1.64307437180797,0.4218509306644566,6.729184392914373,5.301737221700775,,,,,,,,,,,,,,,0.6908995705395871,2.3565892322282584,,,7.026742441111072,income,matern52_0.8h0,PPI,-1.7250052194102965,1.7757880663208465
1,76,GH_P1_c22,1000,50,0.953,0.0072011903777877,0.0509201054874903,0.1745149597634336,0.1745149597634336,0.622525186401944,0.589213316481093,2.309716200605884,0.5978625060159249,6.7013169697097785,6.87583192947321,33.91593717140534,26.401859628335863,4.499409404004067,316.227766016838,1.3999999999999997,4521.85,27.30019318660746,18.77790238866892,18.77790238866892,22.0,0.3821157885682916,0.8043044701056532,17.81018715823422,0.0,1.0,1.0,,,6.998068586540379,income,matern52_0.8h0,PPCI,-0.12223665706716869,0.6099376499729287
1,76,LO_GH_P1_c22w,1000,50,0.958,0.0054135129489989,0.0382793171627836,0.1677886640146257,0.1677886640146257,0.7022455571180114,0.670631906585004,2.628877073813216,0.6822472044414263,6.7013169697097785,6.869105633724402,33.90644150655756,,,,,4521.85,27.30019318660746,18.77790238866892,18.77790238866892,22.0,0.3821157885682916,0.8043044701056532,17.81018715823422,,1.1381818567682078,1.128059671250947,,,6.998068586540379,income,matern52_0.8h0,LO,-0.1289629528159768,0.6939936814692113
1,76,PPI_global,1000,50,0.144,0.0104627619563431,0.0739828992927088,-1.407309901635644,1.407309901635644,1.4683448980484988,0.410909948358538,1.610766997565469,0.4191554266080598,6.7013169697097785,5.294007068074132,,,,,,,,,,,,,,,0.6973874093894882,2.358691551959854,,,6.998068586540379,income,matern52_0.8h0,PPI,-1.704061518466247,1.7548051855122897
1,77,GH_P1_c22,1000,50,0.946,0.0068273160830562,0.0482764149963308,0.1661638581775255,0.1661638581775255,0.6378510406085365,0.5937325929006406,2.327431764170512,0.6161356550195244,6.674507573728135,6.840671431905657,34.05746648161473,26.624488160981688,4.397341569825854,316.227766016838,1.3999999999999997,4535.38,28.77262142232936,18.95174430729865,18.95174430729865,22.0,0.3821157885682916,0.813075614424055,17.500970445358863,0.0,1.0,1.0,,,6.970437755652658,income,matern52_0.8h0,PPCI,-0.1297663237470008,0.6293511110816945
1,77,LO_GH_P1_c22w,1000,50,0.949,0.006774803257931,0.0479050932488777,0.1604602968441027,0.1604602968441027,0.7126253502704106,0.6737180087571993,2.640974594328221,0.6946725508739103,6.674507573728135,6.834967870572235,34.0485253206531,,,,,4535.38,28.77262142232936,18.95174430729865,18.95174430729865,22.0,0.3821157885682916,0.813075614424055,17.500970445358863,,1.1347162288426766,1.117228482672908,,,6.970437755652658,income,matern52_0.8h0,LO,-0.1354698850804228,0.7074174670931096
1,77,PPI_global,1000,50,0.15,0.010202040612204,0.0721393209883005,-1.4014002985712222,1.4014002985712222,1.4638808849851774,0.4126084869280246,1.6174252687578563,0.4233245235534051,6.674507573728135,5.27310727515691,,,,,,,,,,,,,,,0.6949399306382248,2.2950199839582828,,,6.970437755652658,income,matern52_0.8h0,PPI,-1.697330480495748,1.7492727656398825
1,78,GH_P1_c22,1000,50,0.952,0.0075538880379441,0.0534140545595426,0.1709895187876962,0.1709895187876962,0.6305090601676414,0.5904294050241095,2.3144832676945084,0.6071844302603494,6.64869416044111,6.81968367922881,33.56441626392427,26.336400691522787,4.3731988192030045,316.227766016838,1.3999999999999997,4552.53,30.37242138747307,19.166317847396755,19.166317847396755,22.0,0.3821157885682916,0.8227082114727398,17.01603358591637,0.0,1.0,1.0,,,6.9437833741243,income,matern52_0.8h0,PPCI,-0.12409969489549066,0.6194392574670969
1,78,LO_GH_P1_c22w,1000,50,0.937,0.0081828591380683,0.0578615518602246,0.1606742292533843,0.1606742292533843,0.708014464864538,0.6691494438204146,2.623065819776025,0.6898871057861417,6.64869416044111,6.809368389694496,33.55671087456454,,,,,4552.53,30.37242138747307,19.166317847396755,19.166317847396755,22.0,0.3821157885682916,0.8227082114727398,17.01603358591637,,1.1333267586716669,1.1229251244641738,,,6.9437833741243,income,matern52_0.8h0,LO,-0.13441498442980393,0.702520933887748
1,78,PPI_global,1000,50,0.161,0.0108128796972378,0.0764586055807123,-1.3759768491597115,1.3759768491597115,1.4386097491390453,0.41191174640239,1.6146940458973686,0.4200740209504707,6.64869416044111,5.272717311281402,,,,,,,,,,,,,,,0.6976477507680536,2.281663880859292,,,6.9437833741243,income,matern52_0.8h0,PPI,-1.6710660628428986,1.7230053706473714
1,79,GH_P1_c22,1000,50,0.942,0.0088479214669725,0.0625642526870234,0.1680348061671764,0.1680348061671764,0.6224955846678256,0.583135752421958,2.285892149494076,0.5996871530463417,6.62381966116426,6.791854467331437,32.513622196602554,25.30024710821856,4.288723306078432,316.227766016838,1.3999999999999997,4566.52,31.97035874085056,19.36731825213671,19.36731825213671,22.0,0.3821157885682916,0.8312030370237108,16.507436548157667,0.0,1.0,1.0,,,6.918044472485533,income,matern52_0.8h0,PPCI,-0.12619000515409518,0.612526713089387
1,79,LO_GH_P1_c22w,1000,50,0.937,0.0086673207497814,0.0612872127688932,0.1631109469738772,0.1631109469738772,0.7062917782779002,0.6621169574545479,2.595498473221828,0.687543170027086,6.62381966116426,6.786930608138138,32.50289819509625,,,,,4566.52,31.97035874085056,19.36731825213671,19.36731825213671,22.0,0.3821157885682916,0.8312030370237108,16.507436548157667,,1.1354422271393143,1.1346133140121624,,,6.918044472485533,income,matern52_0.8h0,LO,-0.13111386434739458,0.6995954119806322
1,79,PPI_global,1000,50,0.137,0.0106722986832112,0.0754645476974696,-1.361421166612929,1.361421166612929,1.4243217435620918,0.40940679998972,1.6048746559597025,0.4188081141985762,6.62381966116426,5.262398494551332,,,,,,,,,,,,,,,0.702078029497105,2.2880832870840915,,,6.918044472485533,income,matern52_0.8h0,PPI,-1.655645977934201,1.7077436694456654
1,80,GH_P1_c22,1000,50,0.939,0.008486483851588,0.0600085027988806,0.1788150322561844,0.1788150322561844,0.6339219624955985,0.5864421597217788,2.298853266109373,0.6084837641751466,6.599831460900203,6.778646493156388,32.823618981557594,25.60414180436509,4.230386129989087,316.227766016838,1.3999999999999997,4581.3,33.6974619250976,19.567300188358164,19.567300188358164,22.0,0.3821157885682916,0.839284229946235,15.92871965359845,0.0,1.0,1.0,,,6.893165066369206,income,matern52_0.8h0,PPCI,-0.114518573212818,0.6188673059583857
1,80,LO_GH_P1_c22w,1000,50,0.94,0.0078246079643595,0.0553283335172488,0.1816938611219083,0.1816938611219083,0.7162096786480182,0.666746786923098,2.6136474047385443,0.6931263006757128,6.599831460900203,6.781525322022113,32.81140032481266,,,,,4581.3,33.6974619250976,19.567300188358164,19.567300188358164,22.0,0.3821157885682916,0.839284229946235,15.92871965359845,,1.136935289985661,1.1298073280636511,,,6.893165066369206,income,matern52_0.8h0,LO,-0.11163974434709267,0.7017172344595752
1,80,PPI_global,1000,50,0.174,0.0113605116297548,0.0803309481114831,-1.3334100069403805,1.3334100069403805,1.3988723711058266,0.4122001825438382,1.6158247155718457,0.4231320180974629,6.599831460900203,5.266421453959825,,,,,,,,,,,,,,,0.7028829283682385,2.206694914936852,,,6.893165066369206,income,matern52_0.8h0,PPI,-1.6267436124093813,1.6808201701994225
1,81,GH_P1_c22,1000,50,0.951,0.0073526338471187,0.0519909725287938,0.1917350606170652,0.1917350606170652,0.642076835319959,0.5821344872828961,2.281967190148953,0.613087436822721,6.576680952449951,6.768416013067017,32.226198193616824,25.07036015986503,4.188974433697066,316.227766016838,1.3999999999999997,4594.74,35.38267566895022,19.761017982664665,19.761017982664665,22.0,0.3821157885682916,0.8465658700805613,15.36065306036346,0.0,1.0,1.0,,,6.869093657605527,income,matern52_0.8h0,PPCI,-0.1006776445385098,0.6209962295332289
1,81,LO_GH_P1_c22w,1000,50,0.955,0.0053927388823362,0.0381324223286832,0.189037981341445,0.189037981341445,0.7085823526812073,0.6605230712557317,2.589250439322468,0.6832425722641561,6.576680952449951,6.765718933791397,32.21713240786832,,,,,4594.74,35.38267566895022,19.761017982664665,19.761017982664665,22.0,0.3821157885682916,0.8465658700805613,15.36065306036346,,1.1346571723292207,1.1035787521101077,,,6.869093657605527,income,matern52_0.8h0,LO,-0.10337472381413004,0.6906807697230567
1,81,PPI_global,1000,50,0.184,0.0102459549011663,0.0724498419034626,-1.305040736875979,1.305040736875979,1.371742989743746,0.4105215468493136,1.6092444636493095,0.4227602526687527,6.576680952449951,5.2716402155739726,,,,,,,,,,,,,,,0.7052005263687722,2.136415634836258,,,6.869093657605527,income,matern52_0.8h0,PPI,-1.5974534420315543,1.65239371956679
1,82,GH_P1_c22,1000,50,0.945,0.0053927388823362,0.0381324223286832,0.2097128774102343,0.2097128774102343,0.6384905170584929,0.5776600925685609,2.2644275628687587,0.6033694590597602,6.554323155487665,6.764036032897897,31.525495444310977,24.4136801528933,4.1427479116668025,316.227766016838,1.3999999999999997,4605.1,36.935487018995005,19.94456042437817,19.94456042437817,22.0,0.3821157885682916,0.8526833062220447,14.749158433910178,0.0,1.0,1.0,,,6.845782836729963,income,matern52_0.8h0,PPCI,-0.08174680383206656,0.6085829354810238
1,82,LO_GH_P1_c22w,1000,50,0.947,0.0057870368858654,0.0409205302497214,0.2179195280884258,0.2179195280884258,0.7016232400121601,0.6560994067181714,2.571909674335232,0.6672566835068522,6.554323155487665,6.7722426835760885,31.51426806574452,,,,,4605.1,36.935487018995005,19.94456042437817,19.94456042437817,22.0,0.3821157885682916,0.8526833062220447,14.749158433910178,,1.1357880095210156,1.098878090225236,,,6.845782836729963,income,matern52_0.8h0,LO,-0.07354015315387485,0.6709652780351412
1,82,PPI_global,1000,50,0.197,0.0119018091576234,0.084158499637437,-1.2634599425120911,1.2634599425120911,1.3329411092519965,0.4110842161183539,1.6114501271839472,0.4249488862878023,6.554323155487665,5.290863212975571,,,,,,,,,,,,,,,0.7116368629352103,2.087644332437101,,,6.845782836729963,income,matern52_0.8h0,PPI,-1.554919623754392,1.6118858553687314
1,83,GH_P1_c22,1000,50,0.947,0.0077472839216892,0.05478156996804,0.2374889662141565,0.2374889662141565,0.6360454794983949,0.5867565580624998,2.300085707605,0.5903400242751081,6.53271638582561,6.770205352039769,32.22129153927835,25.13980331544532,4.080659468265667,316.227766016838,1.3999999999999997,4615.82,38.61981893432706,20.1363140002305,20.1363140002305,22.0,0.3821157885682916,0.8589217969792237,14.046474468327585,0.0,1.0,1.0,,,6.823188951436353,income,matern52_0.8h0,PPCI,-0.05298359939658415,0.5924188591882368
1,83,LO_GH_P1_c22w,1000,50,0.948,0.0068452277432633,0.0484030695602783,0.2318146902236655,0.2318146902236655,0.7011368944644881,0.6660838302327649,2.6110486145124376,0.6620371495340545,6.53271638582561,6.764531076049278,32.214182353547635,,,,,4615.82,38.61981893432706,20.1363140002305,20.1363140002305,22.0,0.3821157885682916,0.8589217969792237,14.046474468327585,,1.1351962258968311,1.10233767405662,,,6.823188951436353,income,matern52_0.8h0,LO,-0.05865787538707501,0.6643008659641642
1,83,PPI_global,1000,50,0.218,0.0145518075179963,0.1028968177449663,-1.2343185016309293,1.2343185016309293,1.302607308204945,0.4154636183048134,1.6286173837548683,0.4164337317911265,6.53271638582561,5.298397884194682,,,,,,,,,,,,,,,0.7080681291005856,2.047978250285217,,,6.823188951436353,income,matern52_0.8h0,PPI,-1.5247910672416705,1.580579461672365
1,84,GH_P1_c22,1000,50,0.938,0.0085188865805003,0.0602376246923086,0.2125569746107927,0.2125569746107927,0.6643996135140923,0.5779856167891986,2.265703617813659,0.6297960161861823,6.511821961855987,6.724378936466783,31.213129203738216,24.286059263218792,4.037487567935491,316.227766016838,1.3999999999999997,4628.52,40.44484905099451,20.32239375155615,20.32239375155615,22.0,0.3821157885682916,0.8650263008651946,13.335264881311687,0.0,1.0,1.0,,,6.801271808779809,income,matern52_0.8h0,PPCI,-0.07689287231302622,0.6341599899035963
1,84,LO_GH_P1_c22w,1000,50,0.938,0.0083982505466851,0.0593845991166472,0.2058250507399979,0.2058250507399979,0.7373121751957937,0.6571841452051869,2.576161849204333,0.7083551787338532,6.511821961855987,6.717647012595988,31.205407320781,,,,,4628.52,40.44484905099451,20.32239375155615,20.32239375155615,22.0,0.3821157885682916,0.8650263008651946,13.335264881311687,,1.137025085253762,1.1097420290419162,,,6.801271808779809,income,matern52_0.8h0,LO,-0.08362479618382146,0.712922435273723
1,84,PPI_global,1000,50,0.227,0.0108053274842003,0.0764052033701947,-1.235940114646253,1.235940114646253,1.3136197036975006,0.410907000748249,1.6107554429331363,0.445249375020867,6.511821961855987,5.275881847209736,,,,,,,,,,,,,,,0.7109294570873619,1.9771530220338367,,,6.801271808779809,income,matern52_0.8h0,PPI,-1.525389961570073,1.588981841875251
1,85,GH_P1_c22,1000,50,0.939,0.008117755797243,0.0574012017224698,0.224591119375948,0.224591119375948,0.6413433827632811,0.5771245049045888,2.262328059225988,0.601033613965828,6.491603941585139,6.716195060961085,30.999580947317583,24.043687613047428,3.982665678581888,316.227766016838,1.3999999999999997,4640.16,42.33623227958997,20.48965427344816,20.48965427344816,22.0,0.3821157885682916,0.8704284303119906,12.57335909076212,0.0,1.0,1.0,,,6.77999440029616,income,matern52_0.8h0,PPCI,-0.06379933933507509,0.604111346865211
1,85,LO_GH_P1_c22w,1000,50,0.939,0.0083653805554041,0.0591521731793239,0.2350378625674754,0.2350378625674754,0.7143768798959356,0.6576448833461822,2.577967942717034,0.6749422766180311,6.491603941585139,6.726641804152613,30.98794862827872,,,,,4640.16,42.33623227958997,20.48965427344816,20.48965427344816,22.0,0.3821157885682916,0.8704284303119906,12.57335909076212,,1.1395199437163133,1.1138758098945118,,,6.77999440029616,income,matern52_0.8h0,LO,-0.05335259614354726,0.6767111859610574
1,85,PPI_global,1000,50,0.22,0.0128571428571428,0.0909137290096989,-1.2085559956582643,1.2085559956582643,1.2787179098549943,0.4130379992650016,1.6191089571188062,0.4179552427321772,6.491603941585139,5.283047945926873,,,,,,,,,,,,,,,0.7156826573033591,1.9938116525745264,,,6.77999440029616,income,matern52_0.8h0,PPI,-1.4969464543692874,1.5541430389739443
1,86,GH_P1_c22,1000,50,0.948,0.0063823736867681,0.0451301971398037,0.2552284667298664,0.2552284667298664,0.6283495593888782,0.5769296970246212,2.261564412336515,0.5744663699165373,6.472028886351449,6.727257353081313,30.68187099203492,23.83428491559766,3.950415018015669,316.227766016838,1.3999999999999997,4649.88,44.20531232609067,20.683722349370218,20.683722349370218,22.0,0.3821157885682916,0.8757654851712473,11.817110284129967,0.0,1.0,1.0,,,6.759322647359173,income,matern52_0.8h0,PPCI,-0.03206529427786009,0.5750737184501171
1,86,LO_GH_P1_c22w,1000,50,0.948,0.0076877851697564,0.0543608502584012,0.2710551075350407,0.2710551075350407,0.7158585688721504,0.65608799098136,2.5718649246469303,0.662889162189426,6.472028886351449,6.743083993886488,30.667918680741707,,,,,4649.88,44.20531232609067,20.683722349370218,20.683722349370218,22.0,0.3821157885682916,0.8757654851712473,11.817110284129967,,1.1372061351061988,1.1392680366775174,,,6.759322647359173,income,matern52_0.8h0,LO,-0.01623865347268527,0.6627566017577319
1,86,PPI_global,1000,50,0.255,0.0123097770997243,0.0870432686210995,-1.1628372157199147,1.1628372157199147,1.2342841219037108,0.4158091722831611,1.6299719553499918,0.4140511341151404,6.472028886351449,5.309191670631534,,,,,,,,,,,,,,,0.7207276283879975,1.9643271861353004,,,6.759322647359173,income,matern52_0.8h0,PPI,-1.4501309767276398,1.5080274377429048
1,87,GH_P1_c22,1000,50,0.941,0.0073803379160511,0.0521868698788795,0.2363421143030486,0.2363421143030486,0.6287917035431787,0.571739223165848,2.2412177548101235,0.5829762196901531,6.453065647674776,6.689407761977824,30.031364206173897,23.31863782424391,3.9063899990915294,316.227766016838,1.3999999999999997,4659.98,46.10277981188508,20.88604591095368,20.88604591095368,22.0,0.3821157885682916,0.8810027769232545,11.08314816622205,0.0,1.0,1.0,,,6.7392251639209935,income,matern52_0.8h0,PPCI,-0.049817401943169415,0.5848103837893653
1,87,LO_GH_P1_c22w,1000,50,0.939,0.0087236483661554,0.0616855091639545,0.2265295358938247,0.2265295358938247,0.6965868485895141,0.6519996209946117,2.555838514298878,0.659053836157983,6.453065647674776,6.679595183568599,30.02531449156368,,,,,4659.98,46.10277981188508,20.88604591095368,20.88604591095368,22.0,0.3821157885682916,0.8810027769232545,11.08314816622205,,1.1403793802782047,1.1078181290629576,,,6.7392251639209935,income,matern52_0.8h0,LO,-0.059629980352394085,0.6614176755669793
1,87,PPI_global,1000,50,0.241,0.0111291124020356,0.0786947084806668,-1.1583176410027265,1.1583176410027265,1.228959644519075,0.412402230797791,1.6166167447273407,0.4108659894169753,6.453065647674776,5.294748006672049,,,,,,,,,,,,,,,0.721311769576045,1.954478148477484,,,6.7392251639209935,income,matern52_0.8h0,PPI,-1.4444771572489445,1.5017177858080801
1,88,GH_P1_c22,1000,50,0.94,0.0071428571428571,0.0505076272276105,0.2273663656090359,0.2273663656090359,0.6113193118229774,0.57188935105684,2.241806256142813,0.5677483377099656,6.434685174491137,6.6620515401001725,29.940357037971204,23.20047242992348,3.848937191491336,316.227766016838,1.3999999999999997,4669.56,48.062408648823286,21.07085096603171,21.07085096603171,22.0,0.3821157885682916,0.8857893794210135,10.317812702185794,0.0,1.0,1.0,,,6.719673035123478,income,matern52_0.8h0,PPCI,-0.05762149502330516,0.5703823923353328
1,88,LO_GH_P1_c22w,1000,50,0.943,0.0084527498242782,0.0597699672042057,0.2340297044045009,0.2340297044045009,0.6843034987776052,0.6533783203814598,2.561243015895323,0.6433624881719485,6.434685174491137,6.668714878895639,29.93032542947564,,,,,4669.56,48.062408648823286,21.07085096603171,21.07085096603171,22.0,0.3821157885682916,0.8857893794210135,10.317812702185794,,1.142490796819402,1.119387995018489,,,6.719673035123478,income,matern52_0.8h0,LO,-0.05095815622783828,0.6450566716047161
1,88,PPI_global,1000,50,0.246,0.0135405664126546,0.0957462633149488,-1.1535862959710734,1.1535862959710734,1.2213661739538069,0.4133497065227228,1.6203308495690734,0.4014163969621191,6.434685174491137,5.281098878520064,,,,,,,,,,,,,,,0.7227791630651293,1.9979185187388349,,,6.719673035123478,income,matern52_0.8h0,PPI,-1.4385741566034138,1.4934756752868534
1,89,GH_P1_c22,1000,50,0.959,0.0064980373803109,0.0459480629602153,0.2407028537315843,0.2407028537315843,0.6109868801712985,0.5686126851497245,2.2289617257869203,0.5618565535202574,6.416860337458491,6.657563191190077,29.389270961481643,22.81770971470709,3.810629030180249,316.227766016838,1.3999999999999997,4679.43,50.119696535969325,21.248510036859187,21.248510036859187,22.0,0.3821157885682916,0.8901924803620231,9.743728118160124,0.0,1.0,1.0,,,6.700639606658009,income,matern52_0.8h0,PPCI,-0.04307641546793217,0.5632252493598757
1,89,LO_GH_P1_c22w,1000,50,0.949,0.0072125174636367,0.0510002000796395,0.2352499029325623,0.2352499029325623,0.6945799924455379,0.6474061292951092,2.537832026836828,0.6538550110317385,6.416860337458491,6.652110240391053,29.381676383923672,,,,,4679.43,50.119696535969325,21.248510036859187,21.248510036859187,22.0,0.3821157885682916,0.8901924803620231,9.743728118160124,,1.1385713794349084,1.1368165421994052,,,6.700639606658009,income,matern52_0.8h0,LO,-0.0485293662669557,0.6553273597723018
1,89,PPI_global,1000,50,0.275,0.0145160010235011,0.1026436275942851,-1.1281517060485593,1.1281517060485593,1.1998331883363738,0.4124337242251485,1.616740198962582,0.4087058213698143,6.416860337458491,5.288708631409932,,,,,,,,,,,,,,,0.7253333156233549,1.9637626064899856,,,6.700639606658009,income,matern52_0.8h0,PPI,-1.4119309752480769,1.4698375715833836
1,90,GH_P1_c22,1000,50,0.942,0.0077406955337966,0.05473498303048,0.2574990812818676,0.2574990812818676,0.6331730926225161,0.572141026214874,2.242792822762305,0.5787377002458379,6.399565768644426,6.657064849926295,29.67791887928862,23.03702371806328,3.779807891554925,316.227766016838,1.3999999999999997,4689.68,52.23966938385909,21.39666362874132,21.39666362874132,22.0,0.3821157885682916,0.8941799984382762,9.160938466876374,0.0,1.0,1.0,,,6.682100285045718,income,matern52_0.8h0,PPCI,-0.025035435119423077,0.5789897765693055
1,90,LO_GH_P1_c22w,1000,50,0.953,0.0062938259348316,0.044504069981272,0.244300070043516,0.244300070043516,0.6999175073472852,0.6505686238814377,2.550229005615236,0.6562260475579004,6.399565768644426,6.643865838687944,29.67506696060185,,,,,4689.68,52.23966938385909,21.39666362874132,21.39666362874132,22.0,0.3821157885682916,0.8941799984382762,9.160938466876374,,1.1370773883939405,1.1054125885993085,,,6.682100285045718,income,matern52_0.8h0,LO,-0.038234446357773955,0.6570113132635205
1,90,PPI_global,1000,50,0.287,0.0139100609602678,0.0983589843172364,-1.1101961598486068,1.1101961598486068,1.1843710058799444,0.4138460437268687,1.6222764914093255,0.4127584472330514,6.399565768644426,5.2893696087958215,,,,,,,,,,,,,,,0.7233287332404028,1.8705327495431647,,,6.682100285045718,income,matern52_0.8h0,PPI,-1.3927306762498963,1.4525487609006353
1,91,GH_P1_c22,1000,50,0.937,0.0072576490262174,0.051319328419103,0.2989330816815924,0.2989330816815924,0.6616829283603242,0.5732097066470414,2.246982050056403,0.5906031852964582,6.382777716803456,6.681710798485048,29.723860258674904,23.000850569421303,3.77494679072652,316.227766016838,1.3999999999999997,4695.61,54.03949013098836,21.550776174459592,21.550776174459592,22.0,0.3821157885682916,0.8973340343562516,8.807306624039015,0.0,1.0,1.0,,,6.664032355150796,income,matern52_0.8h0,PPCI,0.01767844333425206,0.5905724661026474
1,91,LO_GH_P1_c22w,1000,50,0.932,0.008422515984562,0.0595561816733595,0.2904953363495215,0.2904953363495215,0.7371223521922174,0.653729158387777,2.562618300880086,0.6778061986316364,6.382777716803456,6.673273053152976,29.71728582855459,,,,,4695.61,54.03949013098836,21.550776174459592,21.550776174459592,22.0,0.3821157885682916,0.8973340343562516,8.807306624039015,,1.1404711937132563,1.114011440523084,,,6.664032355150796,income,matern52_0.8h0,LO,0.009240698002180636,0.6775302297020652
1,91,PPI_global,1000,50,0.314,0.0150536455683651,0.106445348629698,-1.0521733760085907,1.0521733760085907,1.1369328108139682,0.4180124611093843,1.6386088475487863,0.4309676742637379,6.382777716803456,5.330604340794864,,,,,,,,,,,,,,,0.7292487483412048,1.7182441348930244,,,6.664032355150796,income,matern52_0.8h0,PPI,-1.333428014355932,1.401277157664835
1,92,GH_P1_c22,1000,50,0.932,0.0063503173631122,0.0449035247014334,0.2789791467390038,0.2789791467390038,0.6566842963309685,0.5710438149065399,2.238491754433636,0.5947761422517454,6.366473916996397,6.6454530637354,29.37644586178308,22.827237849738683,3.735941834126728,316.227766016838,1.3999999999999997,4706.37,56.344257090678205,21.6942360553054,21.6942360553054,22.0,0.3821157885682916,0.9012399563695586,8.2241999463499,0.0,1.0,1.0,,,6.646414814952517,income,matern52_0.8h0,PPCI,-0.0009617512171171683,0.5944794577593746
1,92,LO_GH_P1_c22w,1000,50,0.93,0.0072843135908468,0.0515078753637712,0.2832733595775407,0.2832733595775407,0.7354391289877076,0.6501550708929722,2.548607877900451,0.6790346119337772,6.366473916996397,6.649747276573936,29.367138322886248,,,,,4706.37,56.344257090678205,21.6942360553054,21.6942360553054,22.0,0.3821157885682916,0.9012399563695586,8.2241999463499,,1.1385379789103929,1.1199279975122882,,,6.646414814952517,income,matern52_0.8h0,LO,0.0033324616214187586,0.6787031910196899
1,92,PPI_global,1000,50,0.322,0.0151966698822539,0.1074566832519513,-1.0594504257773485,1.0594504257773485,1.144723091855271,0.4161942910368649,1.6314816208645104,0.4337555720024015,6.366473916996397,5.307023491219047,,,,,,,,,,,,,,,0.728830748486404,1.7431863351249253,,,6.646414814952517,income,matern52_0.8h0,PPI,-1.3393913237334703,1.407808534723165
1,93,GH_P1_c22,1000,50,0.939,0.0079910664405411,0.0565053726901888,0.2802106047862677,0.2802106047862677,0.6478157176124363,0.5659781016433463,2.218634158441917,0.5843703531671424,6.350633471838759,6.630844076625025,29.70557875565654,23.04138627792692,3.8685407028761,304.5207239009796,1.3999999999999997,4713.26,57.65046998055956,21.292758805626807,21.292758805626807,22.0,0.3821157885682916,0.9047955896720972,7.743248389124317,0.0,1.0,1.0,,,6.62922822136733,income,matern52_0.8h0,PPCI,0.0016158552576950314,0.5840803300396648
1,93,LO_GH_P1_c22w,1000,50,0.946,0.0074010479125649,0.052333311668612,0.2752400499794836,0.2752400499794836,0.7207035598537199,0.6447632617673148,2.5274719861278747,0.6664087609791948,6.350633471838759,6.625873521818241,29.69655186323828,,,,,4713.26,57.65046998055956,21.292758805626807,21.292758805626807,22.0,0.3821157885682916,0.9047955896720972,7.743248389124317,,1.1392017816505833,1.1125132352606637,,,6.62922822136733,income,matern52_0.8h0,LO,-0.0033546995490887355,0.6660839212007601
1,93,PPI_global,1000,50,0.297,0.0143860760346061,0.1017249191873528,-1.0563917459380483,1.0563917459380483,1.1382141008081164,0.4116129436798597,1.61352273922505,0.4239664679645665,6.350633471838759,5.29424172590071,,,,,,,,,,,,,,,0.7272594866916592,1.7570029097211053,,,6.62922822136733,income,matern52_0.8h0,PPI,-1.3349864954666204,1.4006272742848613
1,94,GH_P1_c22,1000,50,0.949,0.0078882501098734,0.0557783514438703,0.3715935734635785,0.3715935734635785,0.675027658633472,0.5767185550006827,2.260736735602676,0.5638248438436272,6.335236742370896,6.706830315834475,34.81338424925639,26.97097170471996,4.524163649861682,255.09099052291103,1.3999999999999997,4727.32,57.49103391805388,19.14766484842489,19.14766484842489,22.0,0.3821157885682916,0.9115249827757492,6.062906487034823,0.0,1.0,1.0,,,6.61245454300112,income,matern52_0.8h0,PPCI,0.09437577283335497,0.5713907092162492
1,94,LO_GH_P1_c22w,1000,50,0.942,0.0067551945243067,0.0477664385637156,0.3706112297764801,0.3706112297764801,0.7390614882585831,0.6566386726386321,2.5740235967434377,0.6397409383952348,6.335236742370896,6.705847972147378,34.80438568641405,,,,,4727.32,57.49103391805388,19.14766484842489,19.14766484842489,22.0,0.3821157885682916,0.9115249827757492,6.062906487034823,,1.1385773302158706,1.0948610457751335,,,6.61245454300112,income,matern52_0.8h0,LO,0.09339342914625792,0.6462054877500298
1,94,PPI_global,1000,50,0.291,0.0119257909505373,0.0843280765213811,-1.062932229893065,1.062932229893065,1.1330717589736408,0.4103192274338239,1.6084513715405897,0.3926587150499547,6.335236742370896,5.272304512477833,,,,,,,,,,,,,,,0.7114722144380081,1.6785560480105874,,,6.61245454300112,income,matern52_0.8h0,PPI,-1.3401500305232874,1.3964343127944634
1,95,GH_P1_c22,1000,50,0.942,0.0089625069379189,0.0633744943223395,0.3732126539681057,0.3732126539681057,0.6948956431826271,0.5810893041388162,2.27787007222416,0.5864607455220838,6.320265248160409,6.693477902128516,35.34565487534888,27.4910889956689,4.532114021856323,253.79020806559345,1.3999999999999997,4729.88,58.7251243572298,19.100165014075987,19.100165014075987,22.0,0.3821157885682916,0.9116140795191,6.730095615913784,0.0,1.0,1.0,,,6.596077022146399,income,matern52_0.8h0,PPCI,0.09740087998211688,0.5942046795958198
1,95,LO_GH_P1_c22w,1000,50,0.94,0.0080812203564176,0.0571428571428571,0.3776376182448505,0.3776376182448505,0.7614524863446178,0.6609289516819624,2.590841490593293,0.6615416506935592,6.320265248160409,6.6979028664052604,35.33396630450945,,,,,4729.88,58.7251243572298,19.100165014075987,19.100165014075987,22.0,0.3821157885682916,0.9116140795191,6.730095615913784,,1.137396518873239,1.0957796236240018,,,6.596077022146399,income,matern52_0.8h0,LO,0.10182584425886176,0.6690053966940676
1,95,PPI_global,1000,50,0.323,0.0137921894489569,0.0975255068676698,-1.0390316787768552,1.0390316787768552,1.1201759848723598,0.4151290591995832,1.627305912062366,0.4187872853529393,6.320265248160409,5.281233569383554,,,,,,,,,,,,,,,0.7143980387228278,1.6120060556746991,,,6.596077022146399,income,matern52_0.8h0,PPI,-1.3148434527628448,1.3798625702787326
1,96,GH_P1_c22,1000,50,0.93,0.0079539490897571,0.0562429133857986,0.4186105046425289,0.4186105046425289,0.7352251577820539,0.5830113016073385,2.285404302300768,0.604720567703445,6.305701577498614,6.724312082141143,35.56433908318893,27.88248686050325,4.559835680418342,251.18864315095823,1.3999999999999997,4736.95,60.76055353020369,19.134958707591068,19.134958707591068,22.0,0.3821157885682916,0.9147156674995842,6.390703776464342,0.0,1.0,1.0,,,6.580080053628551,income,matern52_0.8h0,PPCI,0.14423202851259198,0.6213888927937402
1,96,LO_GH_P1_c22w,1000,50,0.937,0.0080571935155448,0.0569729617217407,0.4036009958662547,0.4036009958662547,0.7897438317726775,0.6598404665026253,2.58657462869029,0.6791633226091763,6.305701577498614,6.7093025733648695,35.558349597942886,,,,,4736.95,60.76055353020369,19.134958707591068,19.134958707591068,22.0,0.3821157885682916,0.9147156674995842,6.390703776464342,,1.131779889486656,1.0741523510363675,,,6.580080053628551,income,matern52_0.8h0,LO,0.12922251973631838,0.6910137593172525
1,96,PPI_global,1000,50,0.361,0.0159264892937674,0.1126172858011792,-0.9939474065207292,0.9939474065207292,1.0840553918244384,0.415151821792886,1.6273951414281131,0.4329342648625129,6.305701577498614,5.311754170977885,,,,,,,,,,,,,,,0.71208194532135,1.4744536151275034,,,6.580080053628551,income,matern52_0.8h0,PPI,-1.2683258826506663,1.3401101410764504
1,97,GH_P1_c22,1000,50,0.939,0.0077314623587056,0.0546696946232927,0.3883392946622568,0.3883392946622568,0.7117474123767018,0.5723209289259688,2.243498041389797,0.5967688868821013,6.291529308079702,6.679868602741959,34.280942780944535,26.74062084706588,4.489977676631716,251.18864315095823,1.3999999999999997,4744.11,63.06402013706517,19.29155979870024,19.29155979870024,22.0,0.3821157885682916,0.9177687102910506,6.03896146279327,0.0,1.0,1.0,,,6.564449085653493,income,matern52_0.8h0,PPCI,0.11541951708846643,0.6075348847359191
1,97,LO_GH_P1_c22w,1000,50,0.932,0.0077932466839919,0.0551065757771025,0.3649383498323383,0.3649383498323383,0.7667768990746784,0.649780106169806,2.5471380161856394,0.6747014419815934,6.291529308079702,6.6564676579120405,34.27664702785983,,,,,4744.11,63.06402013706517,19.29155979870024,19.29155979870024,22.0,0.3821157885682916,0.9177687102910506,6.03896146279327,,1.1353422063197989,1.0773160333863658,,,6.564449085653493,income,matern52_0.8h0,LO,0.09201857225854759,0.6806131290364086
1,97,PPI_global,1000,50,0.357,0.0128579364834426,0.0909193407950819,-1.003994104873259,1.003994104873259,1.0892773458385452,0.412000385591173,1.6150415115173982,0.4227288412327921,6.291529308079702,5.287535203206443,,,,,,,,,,,,,,,0.7198764972029643,1.530426843704534,,,6.564449085653493,income,matern52_0.8h0,PPI,-1.27691388244705,1.3450018723863577
1,98,GH_P1_c22,1000,50,0.936,0.0074285714285714,0.0525279323167149,0.4178918759145464,0.4178918759145464,0.7393075552266157,0.5794957103075585,2.2716231844056294,0.6101756760273161,6.27773293454382,6.695624810458364,35.16248406572595,27.354040780763388,4.473784682303768,251.18864315095823,1.3999999999999997,4750.2,65.19610189108539,19.430520785942427,19.430520785942427,22.0,0.3821157885682916,0.9202736406303584,5.797948155055599,0.0,1.0,1.0,,,6.549170528898805,income,matern52_0.8h0,PPCI,0.14645428155955909,0.6272088151859024
1,98,LO_GH_P1_c22w,1000,50,0.931,0.0076784883716438,0.0542951119685139,0.4209637348456639,0.4209637348456639,0.8069382603120789,0.660431003475074,2.5888895336222904,0.6887766715006234,6.27773293454382,6.698696669389481,35.15075624527833,,,,,4750.2,65.19610189108539,19.430520785942427,19.430520785942427,22.0,0.3821157885682916,0.9202736406303584,5.797948155055599,,1.139665042774105,1.0914784444002237,,,6.549170528898805,income,matern52_0.8h0,LO,0.1495261404906758,0.7044834679325779
1,98,PPI_global,1000,50,0.374,0.0147246842591144,0.1041192409045062,-0.9683334449224684,0.9683334449224684,1.061527009275081,0.4167462839949076,1.633645433260038,0.4351543291238614,6.27773293454382,5.309399489621348,,,,,,,,,,,,,,,0.7191533545153007,1.4358395254728558,,,6.549170528898805,income,matern52_0.8h0,PPI,-1.239771039277457,1.3138501287042554
1,99,GH_P1_c22,1000,50,0.939,0.0079910664405411,0.0565053726901888,0.3994894593122438,0.3994894593122438,0.7019896723462498,0.5754778618925318,2.2558732186187243,0.5775216040828157,6.264297801445152,6.663787260757395,34.44918082948436,26.822807735706377,4.397193642214688,251.18864315095823,1.3999999999999997,4757.96,67.73149107937859,19.574279729298024,19.574279729298024,22.0,0.3821157885682916,0.923109578888236,5.529505075891355,0.0,1.0,1.0,,,6.5342316696018505,income,matern52_0.8h0,PPCI,0.12955559115554482,0.5915930384807354
1,99,LO_GH_P1_c22w,1000,50,0.936,0.0070043718126464,0.049528388066742,0.4247811792797948,0.4247811792797948,0.781323270537262,0.654396105218298,2.565232732455728,0.6560925698961871,6.264297801445152,6.689078980724948,34.428915884594275,,,,,4757.96,67.73149107937859,19.574279729298024,19.574279729298024,22.0,0.3821157885682916,0.923109578888236,5.529505075891355,,1.1371351507184544,1.1130124862462103,,,6.5342316696018505,income,matern52_0.8h0,LO,0.15484731112309724,0.6737987033044539
1,99,PPI_global,1000,50,0.37,0.0166598625567008,0.1178030178747903,-0.9738538539614228,0.9738538539614228,1.0577111469174292,0.4150913696277071,1.6271581689406116,0.4129552923881456,6.264297801445152,5.29044394748373,,,,,,,,,,,,,,,0.7212985887287247,1.5067332021883697,,,6.5342316696018505,income,matern52_0.8h0,PPI,-1.2437877221181202,1.3104844291824491
1,100,GH_P1_c22,1000,50,0.927,0.0079808444134076,0.0564330920431533,0.4355227058029358,0.4355227058029358,0.7367844638023432,0.5775740511678555,2.2640902805779937,0.594579552014926,6.251210041572008,6.686732747374945,34.41157801846087,26.913602863143787,4.390188621810587,251.18864315095823,1.3999999999999997,4762.85,69.92831785893488,19.715526981244803,19.715526981244803,22.0,0.3821157885682916,0.9253795571950656,5.300251274589329,0.0,1.0,1.0,,,6.519620588412416,income,matern52_0.8h0,PPCI,0.16711215896252885,0.6173311854294364
1,100,LO_GH_P1_c22w,1000,50,0.933,0.0079037578249274,0.0558880075486244,0.4337815066111886,0.4337815066111886,0.7951034387854898,0.6566094099232983,2.5739088868993294,0.6666839959389153,6.251210041572008,6.684991548183199,34.402507333023024,,,,,4762.85,69.92831785893488,19.715526981244803,19.715526981244803,22.0,0.3821157885682916,0.9253795571950656,5.300251274589329,,1.13684021745027,1.0791533723202826,,,6.519620588412416,income,matern52_0.8h0,LO,0.1653709597707831,0.686564372237701
1,100,PPI_global,1000,50,0.381,0.0160286732871731,0.1133398357478382,-0.9377931342295532,0.9377931342295532,1.0296116724614444,0.4170313727076887,1.6347629810141395,0.4252352978284881,6.251210041572008,5.313416907342456,,,,,,,,,,,,,,,0.7220396620389208,1.3974394453812178,,,6.519620588412416,income,matern52_0.8h0,PPI,-1.20620368106996,1.2788946609035026
2,70,GH_P1_c15,1000,50,0.936,0.0071485691446838,0.0505480171798689,0.048827283086463,0.048827283086463,0.3994049376296664,0.3864121548024226,1.5147356468254969,0.3966074862221836,4.200841915640374,4.249669198726836,18.52232240882461,14.81766637545132,3.001243581391764,251.18864315095823,1.3999999999999997,4315.49,13.809256277053407,14.161549190746332,14.161549190746332,15.0,0.3821157885682916,0.6810900999613568,19.00831009745512,0.0,,,1.0,1.0,4.304554337927573,income,matern52_0.8h0,PPCI,-0.05488513920073679,0.4001906784701967
2,70,LO_GH_P1_c15w,1000,50,0.933,0.0073692687865879,0.052108599313827,0.0532570558658004,0.0532570558658004,0.4461197889396648,0.4336421315152285,1.699877155539696,0.4431511424097846,4.200841915640374,4.254098971506173,18.515294460383995,,,,,4315.49,13.809256277053407,14.161549190746332,14.161549190746332,15.0,0.3821157885682916,0.6810900999613568,19.00831009745512,,,,1.1222269437589385,1.116961126187461,4.304554337927573,income,matern52_0.8h0,LO,-0.05045536642139936,0.4457940063356569
2,70,PPI_global,1000,50,0.184,0.0148076097369713,0.1047056125817639,-0.8660707128444332,0.8660707128444332,0.9086258505167636,0.2698978487516333,1.0579995671064026,0.2749510040626916,4.200841915640374,3.3347712027959395,,,,,,,,,,,,,,,,,0.698471425904383,2.274948967604536,4.304554337927573,income,matern52_0.8h0,PPI,-0.9697831351316331,1.0079691392925612
2,71,GH_P1_c15,1000,50,0.922,0.0079744489925444,0.0563878695885444,0.0541804447956571,0.0541804447956571,0.4135720536267108,0.3880882993158845,1.5213061333182674,0.4102128685698438,4.1801705254873065,4.234350970282963,18.53428836657208,14.893982458785374,2.960604191100139,251.18864315095823,1.3999999999999997,4339.08,14.77216659158369,14.29191412541836,14.29191412541836,15.0,0.3821157885682916,0.6990063483693789,18.92417865110938,0.0,,,1.0,1.0,4.283875305639669,income,matern52_0.8h0,PPCI,-0.04952433535670586,0.4129878723828136
2,71,LO_GH_P1_c15w,1000,50,0.917,0.0080318244553546,0.056793575376812,0.0541158612905037,0.0541158612905037,0.4659247498734254,0.4351589408598539,1.7058230481706278,0.4630029350006545,4.1801705254873065,4.234286386777811,18.526546814346144,,,,,4339.08,14.77216659158369,14.29191412541836,14.29191412541836,15.0,0.3821157885682916,0.6990063483693789,18.92417865110938,,,,1.121288484159262,1.126586638984964,4.283875305639669,income,matern52_0.8h0,LO,-0.049588918861858566,0.46542067742558346
2,71,PPI_global,1000,50,0.21,0.0130149051130632,0.0920292766194651,-0.8511660084843818,0.8511660084843818,0.8956491939220385,0.2708065907379183,1.0615618356926395,0.2788936827183843,4.1801705254873065,3.3290045170029248,,,,,,,,,,,,,,,,,0.6977963293799158,2.1656424462627,4.283875305639669,income,matern52_0.8h0,PPI,-0.9548707886367445,0.9947271623745483
2,72,GH_P1_c15,1000,50,0.929,0.0079654867768289,0.0563244971534752,0.0904970534158936,0.0904970534158936,0.4316508326828719,0.3926353004763074,1.5391303778671253,0.4222689139808567,4.160599118732094,4.251096172147987,18.79832156508502,15.155799939120456,2.9220876554417474,251.18864315095823,1.3999999999999997,4356.32,15.718712416640455,14.468026743703833,14.468026743703833,15.0,0.3821157885682916,0.7155305743289685,18.65713360564857,0.0,,,1.0,1.0,4.264376316256487,income,matern52_0.8h0,PPCI,-0.013280144108500203,0.42226660643058206
2,72,LO_GH_P1_c15w,1000,50,0.93,0.0083299312783504,0.0589015089373951,0.0875610592912262,0.0875610592912262,0.471749107720712,0.4395905964346967,1.7231951380240111,0.4637837609360577,4.160599118732094,4.248160178023319,18.793077342150333,,,,,4356.32,15.718712416640455,14.468026743703833,14.468026743703833,15.0,0.3821157885682916,0.7155305743289685,18.65713360564857,,,,1.1195901028293371,1.0928951643359848,4.264376316256487,income,matern52_0.8h0,LO,-0.01621613823316803,0.4638353637555933
2,72,PPI_global,1000,50,0.246,0.0139122615130741,0.0983745445753532,-0.8127267780930091,0.8127267780930091,0.8631250708739019,0.2737345694451383,1.073039512224942,0.290765570104841,4.160599118732094,3.3478723406390847,,,,,,,,,,,,,,,,,0.6971725902206699,1.9995908857843632,4.264376316256487,income,matern52_0.8h0,PPI,-0.9165039756174025,0.9614778257787016
2,73,GH_P1_c15,1000,50,0.935,0.0084816729193127,0.0599744843705237,0.0882847299260174,0.0882847299260174,0.4105673650663968,0.3873731789597296,1.5185028615221403,0.4011636823286395,4.14203991040899,4.230324640335009,18.08623255537445,14.551866977008183,2.870109242137928,251.18864315095823,1.3999999999999997,4378.34,16.734709718798126,14.599796567311596,14.599796567311596,15.0,0.3821157885682916,0.7299139378926144,18.550044789028423,0.0,,,1.0,1.0,4.245963471781525,income,matern52_0.8h0,PPCI,-0.015638831446515233,0.4012679164454425
2,73,LO_GH_P1_c15w,1000,50,0.938,0.0074996598562323,0.0530306034093445,0.0879858081690153,0.0879858081690153,0.4572484823056653,0.4339388303080034,1.701040214807373,0.4489278431329689,4.14203991040899,4.230025718578006,18.08082931502536,,,,,4378.34,16.734709718798126,14.599796567311596,14.599796567311596,15.0,0.3821157885682916,0.7299139378926144,18.550044789028423,,,,1.1202087647712815,1.1136990448125832,4.245963471781525,income,matern52_0.8h0,LO,-0.015937753203518312,0.4489862849897041
2,73,PPI_global,1000,50,0.248,0.0150482218083013,0.1064069968544918,-0.7931536468917898,0.7931536468917898,0.8409066996737162,0.2724707649389158,1.0680853985605503,0.2794807318185882,4.14203991040899,3.3488862635172016,,,,,,,,,,,,,,,,,0.7033805635966378,2.048157674533447,4.245963471781525,income,matern52_0.8h0,PPI,-0.897077208264323,0.939563136551082
2,74,GH_P1_c15,1000,50,0.937,0.0072576490262174,0.051319328419103,0.0992946130860791,0.0992946130860791,0.4135215446473686,0.3882524525993337,1.521949614189388,0.4016241397740937,4.1244133352085,4.223707948294577,18.11305745842916,14.610303060149374,2.827498996300589,251.18864315095823,1.3999999999999997,4398.94,17.842242971422056,14.7708321695157,14.7708321695157,15.0,0.3821157885682916,0.7444760510618302,18.28096048690838,0.0,,,1.0,1.0,4.228550183606426,income,matern52_0.8h0,PPCI,-0.00484223531184913,0.40145248154974306
2,74,LO_GH_P1_c15w,1000,50,0.948,0.005707138387268,0.0403555625480729,0.111363838071979,0.111363838071979,0.4588101170978589,0.4355853765009701,1.7074946758838028,0.4453123872558145,4.1244133352085,4.235777173280478,18.107206911458896,,,,,4398.94,17.842242971422056,14.7708321695157,14.7708321695157,15.0,0.3821157885682916,0.7444760510618302,18.28096048690838,,,,1.121912749255657,1.1095192573076458,4.228550183606426,income,matern52_0.8h0,LO,0.007226989674051332,0.445148344376319
2,74,PPI_global,1000,50,0.263,0.0155714285714285,0.1101066273561909,-0.770932998492895,0.770932998492895,0.8192904349367606,0.2739938859354905,1.0740560328671227,0.2774456788604546,4.1244133352085,3.353480336715604,,,,,,,,,,,,,,,,,0.705710637759306,1.9812521150147384,4.228550183606426,income,matern52_0.8h0,PPI,-0.8750698468908222,0.9179577144679091
2,75,GH_P1_c15,1000,50,0.93,0.0074230748895809,0.0524890659167823,0.1258622027052015,0.1258622027052015,0.4328097421109528,0.3914790183021349,1.534597751744369,0.4143122414674396,4.1076472544150295,4.233509457120232,18.8888018053014,15.252489466862857,2.952462317211006,239.8229125870628,1.3999999999999997,4420.34,18.454787539587343,14.370315870344282,14.370315870344282,15.0,0.3821157885682916,0.757942391904366,17.812667039798217,0.0,,,1.0,1.0,4.212056687628025,income,matern52_0.8h0,PPCI,0.02145276949220687,0.4146603430703616
2,75,LO_GH_P1_c15w,1000,50,0.944,0.007645193234434,0.0540596797954985,0.1328720318900657,0.1328720318900657,0.4771234305251791,0.4381180884661272,1.7174229067872189,0.4584779090540911,4.1076472544150295,4.240519286305096,18.88183335569348,,,,,4420.34,18.454787539587343,14.370315870344282,14.370315870344282,15.0,0.3821157885682916,0.757942391904366,17.812667039798217,,,,1.1191355551218771,1.1023860696806271,4.212056687628025,income,matern52_0.8h0,LO,0.028462598677070794,0.4591316920241651
2,75,PPI_global,1000,50,0.279,0.0130219594751108,0.0920791584918727,-0.7487648574086654,0.7487648574086654,0.8018521426143044,0.2754717580941385,1.0798492917290228,0.2870547811347236,4.1076472544150295,3.358882397006365,,,,,,,,,,,,,,,,,0.7036692778296879,1.85266657516398,4.212056687628025,income,matern52_0.8h0,PPI,-0.8531742906216602,0.9001246675337282
2,76,GH_P1_c15,1000,50,0.942,0.0064460080986734,0.0455801603815537,0.1544653102903719,0.1544653102903719,0.4401294142703796,0.3957378046867438,1.5512921943720357,0.4123401431057896,4.091676225765211,4.24614153605558,21.43935939929704,17.446449395407413,3.380322909872438,205.72572089537653,1.3999999999999997,4441.24,18.13582515379312,12.839135055144382,12.839135055144382,15.0,0.3821157885682916,0.7704806908840032,17.021327312613533,0.0,,,1.0,1.0,4.196409554551929,income,matern52_0.8h0,PPCI,0.04973198150365121,0.4151236432765135
2,76,LO_GH_P1_c15w,1000,50,0.941,0.0060084973842323,0.0424864924513229,0.1514690345211441,0.1514690345211441,0.485111631683072,0.4422148632063545,1.7334822637689091,0.461088960836464,4.091676225765211,4.243145260286353,21.43098504446909,,,,,4441.24,18.13582515379312,12.839135055144382,12.839135055144382,15.0,0.3821157885682916,0.7704806908840032,17.021327312613533,,,,1.1174440702131063,1.10220225223361,4.196409554551929,income,matern52_0.8h0,LO,0.04673570573442376,0.46322203419735947
2,76,PPI_global,1000,50,0.289,0.013798106939071,0.097567349841543,-0.7430073123967665,0.7430073123967665,0.79346068975287,0.2727483089211594,1.069173370970945,0.2785634532840581,4.091676225765211,3.348668913368442,,,,,,,,,,,,,,,,,0.6892146913713746,1.8027895069640407,4.196409554551929,income,matern52_0.8h0,PPI,-0.8477406411834867,0.8922915412701296
2,77,GH_P1_c15,1000,50,0.949,0.0069237833234586,0.0489585413948394,0.1602891066863059,0.1602891066863059,0.4316781899574552,0.3913438637299912,1.5340679458215654,0.4010165535721559,4.076440837918264,4.23672994460457,21.180296687848568,17.151889040146354,3.4146002849497545,199.52623149688813,1.3999999999999997,4456.53,18.86496797550541,12.704816455217866,12.704816455217866,15.0,0.3821157885682916,0.7816846667388138,16.621833355379234,0.0,,,1.0,1.0,4.181541215443824,income,matern52_0.8h0,PPCI,0.05518872916074624,0.4045976492628561
2,77,LO_GH_P1_c15w,1000,50,0.94,0.0083299312783504,0.0589015089373951,0.1665344688716687,0.1665344688716687,0.4858660120250848,0.4382604741282149,1.7179810585826023,0.4566624496405444,4.076440837918264,4.2429753067899325,21.173118813505745,,,,,4456.53,18.86496797550541,12.704816455217866,12.704816455217866,15.0,0.3821157885682916,0.7816846667388138,16.621833355379234,,,,1.11988589766312,1.125528283170781,4.181541215443824,income,matern52_0.8h0,LO,0.061434091346108666,0.46054988860959795
2,77,PPI_global,1000,50,0.286,0.0145012314747994,0.1025391911138649,-0.7239146350566805,0.7239146350566805,0.7736204362084025,0.2717120376563042,1.0651111876127124,0.2729664652685257,4.076440837918264,3.3525262028615845,,,,,,,,,,,,,,,,,0.6943050928831548,1.792123054177576,4.181541215443824,income,matern52_0.8h0,PPI,-0.8290150125822393,0.8727554477382324
2,78,GH_P1_c15,1000,50,0.952,0.006220440302022,0.043985155195259,0.1771062392513188,0.1771062392513188,0.4442429449910529,0.3944803718330847,1.546363057585692,0.4076166403841928,4.061887111484032,4.238993350735351,21.174038342281992,17.20211598807872,3.3725752297304967,199.52623149688813,1.3999999999999997,4475.44,20.053259657312324,12.895348163334551,12.895348163334551,15.0,0.3821157885682916,0.793043905171293,16.28650977949024,0.0,,,1.0,1.0,4.167389526107398,income,matern52_0.8h0,PPCI,0.07160382462795312,0.4136572033627952
2,78,LO_GH_P1_c15w,1000,50,0.947,0.0070580681868774,0.0499080787701812,0.1657366275042885,0.1657366275042885,0.4850518885466672,0.4398888018144687,1.7243641031127173,0.4560863071895483,4.061887111484032,4.22762373898832,21.16474456336493,,,,,4475.44,20.053259657312324,12.895348163334551,12.895348163334551,15.0,0.3821157885682916,0.793043905171293,16.28650977949024,,,,1.1151094787565186,1.0918617707174534,4.167389526107398,income,matern52_0.8h0,LO,0.06023421288092212,0.45982047071392707
2,78,PPI_global,1000,50,0.316,0.0132048228666186,0.0933721979335325,-0.7050554928573292,0.7050554928573292,0.7602220084100768,0.2727328613698755,1.0691128165699124,0.2844559179064335,4.061887111484032,3.356831618626702,,,,,,,,,,,,,,,,,0.6913724505544633,1.7112753662872189,4.167389526107398,income,matern52_0.8h0,PPI,-0.8105579074806957,0.8589751890725621
2,79,GH_P1_c15,1000,50,0.955,0.0059333027592271,0.041954786158824,0.1733612915159505,0.1733612915159505,0.428255230344667,0.3916290874719702,1.5351860228901233,0.3917931939535368,4.047965960444721,4.221327251960671,20.68743644611601,16.774674389705773,3.3126707583197,199.52623149688813,1.3999999999999997,4488.92,21.096916695910373,13.070387574394156,13.070387574394156,15.0,0.3821157885682916,0.8025003531183892,16.01497797150717,0.0,,,1.0,1.0,4.153897364403378,income,matern52_0.8h0,PPCI,0.06742988755729229,0.39736028319080213
2,79,LO_GH_P1_c15w,1000,50,0.952,0.007948815853282,0.0562066159225885,0.1872557035913843,0.1872557035913843,0.4703026228338421,0.4387786811775299,1.7200124302159172,0.4316319782888755,4.047965960444721,4.235221664036105,20.680623499344883,,,,,4488.92,21.096916695910373,13.070387574394156,13.070387574394156,15.0,0.3821157885682916,0.8025003531183892,16.01497797150717,,,,1.1203934927559085,1.098183021501768,4.153897364403378,income,matern52_0.8h0,LO,0.08132429963272703,0.4390142369304671
2,79,PPI_global,1000,50,0.315,0.0143747227124986,0.1016446390768407,-0.6955648183707093,0.6955648183707093,0.7463020171483961,0.2724332483706778,1.0679383336130568,0.2706095226677092,4.047965960444721,3.352401142074012,,,,,,,,,,,,,,,,,0.6956409957423717,1.7426570985432208,4.153897364403378,income,matern52_0.8h0,PPI,-0.8014962223293662,0.8459033506571138
2,80,GH_P1_c15,1000,50,0.956,0.0069458547320818,0.0491146098219173,0.2046588413012656,0.2046588413012656,0.4574339190689617,0.3973850074330738,1.5577492291376496,0.4093019387555865,4.034632708558938,4.239291549860203,21.015343950810223,17.211158176519195,3.285955040584104,199.52623149688813,1.3999999999999997,4509.94,22.50573337110413,13.277515923896113,13.277515923896113,15.0,0.3821157885682916,0.8133850051549867,15.709586045742396,0.0,,,1.0,1.0,4.141012257759843,income,matern52_0.8h0,PPCI,0.09827929210036057,0.42073669705382344
2,80,LO_GH_P1_c15w,1000,50,0.948,0.0058832172234211,0.0416006279387458,0.2019057040781193,0.2019057040781193,0.5005078595969664,0.4427657436832836,1.7356417152384718,0.4582053648042447,4.034632708558938,4.236538412637057,21.0054716744471,,,,,4509.94,22.50573337110413,13.277515923896113,13.277515923896113,15.0,0.3821157885682916,0.8133850051549867,15.709586045742396,,,,1.1141984106127925,1.0941642906929054,4.141012257759843,income,matern52_0.8h0,LO,0.09552615487721461,0.46783271630432294
2,80,PPI_global,1000,50,0.358,0.0179204591777905,0.1267167820659239,-0.6690494974299414,0.6690494974299414,0.7246509482329724,0.2751066547535831,1.078418086634046,0.2785127216121175,4.034632708558938,3.3655832111289965,,,,,,,,,,,,,,,,,0.6922924861474942,1.5841653144303136,4.141012257759843,income,matern52_0.8h0,PPI,-0.7754290466308462,0.823882256831953
2,81,GH_P1_c15,1000,50,0.959,0.0060084973842323,0.042486492451323,0.1966186097612271,0.1966186097612271,0.4374841510042932,0.3936747656604034,1.5432050813887812,0.3910068938862536,4.021846654744075,4.218465264505303,20.317633446925203,16.586317719113723,3.226717239972113,199.52623149688813,1.3999999999999997,4519.11,23.592064942758203,13.468292149132042,13.468292149132042,15.0,0.3821157885682916,0.8213441776814242,15.408010496728265,0.0,,,1.0,1.0,4.128686036058374,income,matern52_0.8h0,PPCI,0.08977922844692898,0.4009910404685313
2,81,LO_GH_P1_c15w,1000,50,0.955,0.0057587555344989,0.0407205508963977,0.1889114021390095,0.1889114021390095,0.4709048063594769,0.4378433728547831,1.7163460215907496,0.4315669923235476,4.021846654744075,4.210758056883085,20.309032943177986,,,,,4519.11,23.592064942758203,13.468292149132042,13.468292149132042,15.0,0.3821157885682916,0.8213441776814242,15.408010496728265,,,,1.1121956778720254,1.07639283681126,4.128686036058374,income,matern52_0.8h0,LO,0.08207202082471099,0.43908955282104084
2,81,PPI_global,1000,50,0.334,0.0158719364712356,0.1122315390937277,-0.6689407225936481,0.6689407225936481,0.7177179354012706,0.2727150882576187,1.0690431459698653,0.2602019398506711,4.021846654744075,3.352905932150428,,,,,,,,,,,,,,,,,0.6927421111183732,1.6405575693511862,4.128686036058374,income,matern52_0.8h0,PPI,-0.7757801039079459,0.8182127559944135
2,82,GH_P1_c15,1000,50,0.943,0.0062286369590261,0.0440431143127657,0.1954670349888211,0.1954670349888211,0.4519969968767544,0.3933368340213149,1.5418803893635542,0.4077501485001391,4.009570685579964,4.205037720568786,20.39493460747733,16.628188037567817,3.165603571252167,199.52623149688813,1.3999999999999997,4538.25,24.998268293872066,13.620053209871458,13.620053209871458,15.0,0.3821157885682916,0.8292560091019171,15.091283604180894,0.0,,,1.0,1.0,4.116874519095864,income,matern52_0.8h0,PPCI,0.08816320147292167,0.41697322877163057
2,82,LO_GH_P1_c15w,1000,50,0.949,0.0063067828727554,0.0445956893679656,0.1945117195054543,0.1945117195054543,0.4926317562804546,0.4381459066227934,1.71753195396135,0.4528314195874247,4.009570685579964,4.204082405085417,20.386841359328333,,,,,4538.25,24.998268293872066,13.620053209871458,13.620053209871458,15.0,0.3821157885682916,0.8292560091019171,15.091283604180894,,,,1.1139203571233565,1.0899005074911594,4.116874519095864,income,matern52_0.8h0,LO,0.08720788598955309,0.460929987796155
2,82,PPI_global,1000,50,0.341,0.0144765820749038,0.1023648935356816,-0.6616546077262822,0.6616546077262822,0.7183114219889564,0.2728553335736789,1.0695929076088215,0.2797547886563379,4.009570685579964,3.3479160778536814,,,,,,,,,,,,,,,,,0.6936938266983991,1.5891951206587722,4.116874519095864,income,matern52_0.8h0,PPI,-0.7689584412421828,0.8182185303401431
2,83,GH_P1_c15,1000,50,0.952,0.0076877851697564,0.0543608502584012,0.193307002350245,0.193307002350245,0.4397617993599385,0.3889089582407389,1.524523116303697,0.3951949165167662,3.9977709352061983,4.191077937556443,19.6140546544504,16.03792010854529,3.1249479284000765,199.52623149688813,1.3999999999999997,4552.04,26.26767409653244,13.80370360058719,13.80370360058719,15.0,0.3821157885682916,0.8368175491477766,14.711195348201692,0.0,,,1.0,1.0,4.105537254636165,income,matern52_0.8h0,PPCI,0.0855406829202785,0.40415349986499033
2,83,LO_GH_P1_c15w,1000,50,0.947,0.006762743073454,0.0478198148666172,0.1973013917878512,0.1973013917878512,0.4801571850779925,0.4339847128354449,1.7012200743149442,0.437966777368646,3.9977709352061983,4.195072326994051,19.60752916885448,,,,,4552.04,26.26767409653244,13.80370360058719,13.80370360058719,15.0,0.3821157885682916,0.8368175491477766,14.711195348201692,,,,1.1159031018431915,1.091857423216042,4.105537254636165,income,matern52_0.8h0,LO,0.08953507235788649,0.4468104881968757
2,83,PPI_global,1000,50,0.359,0.0168843605935511,0.119390458716989,-0.6542615358555548,0.6542615358555548,0.7070715245529735,0.2709788223939309,1.0622369837842094,0.2682609689855718,3.9977709352061983,3.343509399350644,,,,,,,,,,,,,,,,,0.696766728181643,1.6078511721165802,4.105537254636165,income,matern52_0.8h0,PPI,-0.7620278552855204,0.8078232701306932
2,84,GH_P1_c15,1000,50,0.949,0.0061428571428571,0.043436559415745,0.1955384965621719,0.1955384965621719,0.4569663541635777,0.3916088729581284,1.5351067819958637,0.4132235459151094,3.9864164836011406,4.181954980163314,19.92331383449006,16.27370884115323,3.08970890408631,199.52623149688813,1.3999999999999997,4566.24,27.70328284500744,14.012265255639798,14.012265255639798,15.0,0.3821157885682916,0.8448161313142885,14.17092491976216,0.0,,,1.0,1.0,4.094637287307949,income,matern52_0.8h0,PPCI,0.08731769285536561,0.42214609400697034
2,84,LO_GH_P1_c15w,1000,50,0.943,0.0069999999999999,0.0494974746830583,0.1974714109862911,0.1974714109862911,0.4975142003281422,0.4358867711080029,1.7086761427433717,0.4568743323133408,3.9864164836011406,4.183887894587432,19.915373285332453,,,,,4566.24,27.70328284500744,14.012265255639798,14.012265255639798,15.0,0.3821157885682916,0.8448161313142885,14.17092491976216,,,,1.1130666366556226,1.088732673193812,4.094637287307949,income,matern52_0.8h0,LO,0.08925060727948342,0.4652860327486639
2,84,PPI_global,1000,50,0.353,0.0148055422606756,0.1046909933166777,-0.6481794646367288,0.6481794646367288,0.7052449939536838,0.2709233516683301,1.062019538539854,0.2780489063353591,3.9864164836011406,3.3382370189644126,,,,,,,,,,,,,,,,,0.691821279793366,1.5433193002678511,4.094637287307949,income,matern52_0.8h0,PPI,-0.756400268343536,0.8058382276053602
2,85,GH_P1_c15,1000,50,0.958,0.0069045976991968,0.0488228785446716,0.2282814693400452,0.2282814693400452,0.4617752795224899,0.3933945555387298,1.5421066577118208,0.4016033675142957,3.975479086161771,4.203760555501818,19.86335376537391,16.21361098141957,3.0549920708729394,199.52623149688813,1.3999999999999997,4578.46,29.05565132811501,14.184144005057318,14.184144005057318,15.0,0.3821157885682916,0.8511092874035112,13.686539987016358,0.0,,,1.0,1.0,4.084140944430607,income,matern52_0.8h0,PPCI,0.11961961107121066,0.41884702563925574
2,85,LO_GH_P1_c15w,1000,50,0.953,0.006762743073454,0.0478198148666172,0.2272336015941514,0.2272336015941514,0.5048209320409093,0.4379998030653479,1.7169592280161636,0.4510127228908429,3.975479086161771,4.202712687755924,19.85628386128591,,,,,4578.46,29.05565132811501,14.184144005057318,14.184144005057318,15.0,0.3821157885682916,0.8511092874035112,13.686539987016358,,,,1.1133855232580276,1.0932177499040914,4.084140944430607,income,matern52_0.8h0,LO,0.11857174332531706,0.4661205016392303
2,85,PPI_global,1000,50,0.396,0.015897631706564,0.1124132318451771,-0.6155609469127785,0.6155609469127785,0.6759963238754437,0.2747662840981997,1.077083833664943,0.2795243896574514,3.975479086161771,3.3599181392489945,,,,,,,,,,,,,,,,,0.6984496359435481,1.4639075625149842,4.084140944430607,income,matern52_0.8h0,PPI,-0.7242228051816126,0.7762437903610447
2,86,GH_P1_c15,1000,50,0.936,0.0079590790155337,0.0562791874388348,0.1977422582847056,0.1977422582847056,0.4627504677451442,0.3878306715479563,1.5202962324679887,0.4185823764717134,3.9649329281602506,4.162675186444955,19.27352758344819,15.790584897622606,3.0116605108213275,199.52623149688813,1.3999999999999997,4591.62,30.483620983451107,14.352147620003011,14.352147620003011,15.0,0.3821157885682916,0.8572619655186825,13.088430351202067,0.0,,,1.0,1.0,4.074017625807611,income,matern52_0.8h0,PPCI,0.08865756063734409,0.42766360348406884
2,86,LO_GH_P1_c15w,1000,50,0.939,0.0078623359461811,0.0555951106351144,0.1945092271834573,0.1945092271834573,0.4936242291806796,0.4323313744875299,1.6947389879911174,0.4539130723519276,3.9649329281602506,4.159442155343707,19.267463610088186,,,,,4591.62,30.483620983451107,14.352147620003011,14.352147620003011,15.0,0.3821157885682916,0.8572619655186825,13.088430351202067,,,,1.114742608576978,1.066717947549518,4.074017625807611,income,matern52_0.8h0,LO,0.08542452953609647,0.46165830483289017
2,86,PPI_global,1000,50,0.385,0.0193385519581155,0.1367442122791189,-0.6272673577894076,0.6272673577894076,0.6891803077507451,0.2718480114726406,1.0656442049727517,0.2856339356387742,3.9649329281602506,3.3376655703708416,,,,,,,,,,,,,,,,,0.7009451067591129,1.4893130440449498,4.074017625807611,income,matern52_0.8h0,PPI,-0.7363520554367691,0.7897591455559483
2,87,GH_P1_c15,1000,50,0.944,0.0079076300017703,0.0559153879736597,0.2100495548727035,0.2100495548727035,0.440207345451418,0.3871460788499195,1.5176126290916847,0.387054909528549,3.954754399430359,4.164803954303063,19.044011566278133,15.520242867236096,2.961420375369694,199.52623149688813,1.3999999999999997,4607.41,32.12757013498313,14.519313112847083,14.519313112847083,15.0,0.3821157885682916,0.8633068109993322,12.495981646990858,0.0,,,1.0,1.0,4.064239589837373,income,matern52_0.8h0,PPCI,0.10056436446568995,0.3997185045598355
2,87,LO_GH_P1_c15w,1000,50,0.94,0.0075592894601845,0.0534522483824848,0.2168990601089556,0.2168990601089556,0.4865852414605551,0.4323264532930564,1.694719696908781,0.4357865358589161,3.954754399430359,4.171653459539316,19.038313437395605,,,,,4607.41,32.12757013498313,14.519313112847083,14.519313112847083,15.0,0.3821157885682916,0.8633068109993322,12.495981646990858,,,,1.1167011030496614,1.1053546618164178,4.064239589837373,income,matern52_0.8h0,LO,0.10741386970194267,0.4486175813935789
2,87,PPI_global,1000,50,0.398,0.0177258027077098,0.1253403529659648,-0.6034306233229756,0.6034306233229756,0.6618484931181311,0.2727396041982001,1.0691392484569442,0.2720090064287657,3.954754399430359,3.3513237761073844,,,,,,,,,,,,,,,,,0.7044875800070542,1.503492615370667,4.064239589837373,income,matern52_0.8h0,PPI,-0.7129158137299889,0.7629966370470307
2,88,GH_P1_c15,1000,50,0.943,0.0071442855714571,0.0505177277431054,0.2127226455711389,0.2127226455711389,0.4476362997752079,0.3862681610075223,1.5141711911494882,0.3940591523530554,3.9449218867425615,4.157644532313701,18.78290724688165,15.30397201132902,2.9389682815054794,199.52623149688813,1.3999999999999997,4617.15,33.65719901371458,14.7374692266162,14.7374692266162,15.0,0.3821157885682916,0.8695482788998468,11.726043893411898,0.0,,,1.0,1.0,4.0547817349590805,income,matern52_0.8h0,PPCI,0.10286279735462056,0.4070725832296656
2,88,LO_GH_P1_c15w,1000,50,0.95,0.0074230748895809,0.0524890659167823,0.2082964009443602,0.2082964009443602,0.474824285136729,0.4296047674290564,1.6840506883219013,0.4269109556726149,3.9449218867425615,4.153218287686922,18.77751411805366,,,,,4617.15,33.65719901371458,14.7374692266162,14.7374692266162,15.0,0.3821157885682916,0.8695482788998468,11.726043893411898,,,,1.112193058595606,1.060736775313294,4.0547817349590805,income,matern52_0.8h0,LO,0.09843655272784169,0.4379046311951647
2,88,PPI_global,1000,50,0.398,0.016534441481406,0.1169161569463435,-0.6019219355590153,0.6019219355590153,0.6647743004872999,0.2722647873236846,1.0672779663088436,0.2823022292329578,3.9449218867425615,3.342999951183547,,,,,,,,,,,,,,,,,0.7048595116240561,1.4850768376495236,4.0547817349590805,income,matern52_0.8h0,PPI,-0.7117817837755336,0.7656684411649392
2,89,GH_P1_c15,1000,50,0.936,0.0078298226320255,0.0553652067859317,0.227516491833172,0.227516491833172,0.4697285237162578,0.3855165031010951,1.5112246921562933,0.4111571258274626,3.935415582995148,4.162932074828319,19.133200577676075,15.637436784287395,3.0311475176257927,192.5499564142561,1.3999999999999997,4626.66,34.379230322587176,14.514980887853692,14.514980887853692,15.0,0.3821157885682916,0.8742735731477942,10.969593759875831,0.0,,,1.0,1.0,4.045621380635064,income,matern52_0.8h0,PPCI,0.11731069419325557,0.4273674424996419
2,89,LO_GH_P1_c15w,1000,50,0.927,0.0082325883052708,0.0582131901737405,0.2266768950106678,0.2266768950106678,0.5091646194311495,0.4296254477784579,1.6841317552915551,0.4561515857892068,3.935415582995148,4.162092478005815,19.12635543460529,,,,,4626.66,34.379230322587176,14.514980887853692,14.514980887853692,15.0,0.3821157885682916,0.8742735731477942,10.969593759875831,,,,1.1144151918855625,1.083955079846744,4.045621380635064,income,matern52_0.8h0,LO,0.11647109737075123,0.47056531052717543
2,89,PPI_global,1000,50,0.415,0.0185851597589395,0.131416924949815,-0.586579172854505,0.586579172854505,0.6501245933675237,0.2714837504058358,1.0642163015908768,0.2804737534975668,3.935415582995148,3.348836410140642,,,,,,,,,,,,,,,,,0.7042078567895804,1.384043251672396,4.045621380635064,income,matern52_0.8h0,PPI,-0.6967849704944218,0.7510633501786153
2,90,GH_P1_c15,1000,50,0.937,0.0084285714285714,0.0595990001285804,0.2982641432631144,0.2982641432631144,0.5166089188366068,0.3952241945964146,1.5492788428179454,0.422020588647391,3.926217313455636,4.22448145671875,21.43680744309048,17.638909649800695,3.4362096219759715,169.15891643131332,1.3999999999999997,4639.91,33.668430148492334,13.404101388268048,13.404101388268048,15.0,0.3821157885682916,0.8793327575321673,10.065273533246138,0.0,,,1.0,1.0,4.036738055635826,income,matern52_0.8h0,PPCI,0.18774340108292353,0.461704299866518
2,90,LO_GH_P1_c15w,1000,50,0.931,0.008192829119394,0.0579320502742617,0.2903190340830595,0.2903190340830595,0.5512918278277922,0.4392506700200056,1.721862626478422,0.4688895341912222,3.926217313455636,4.216536347538693,21.42715597758434,,,,,4639.91,33.668430148492334,13.404101388268048,13.404101388268048,15.0,0.3821157885682916,0.8793327575321673,10.065273533246138,,,,1.1113962050540678,1.0671357147090892,4.036738055635826,income,matern52_0.8h0,LO,0.1797982919028671,0.5019611176674702
2,90,PPI_global,1000,50,0.443,0.0174969385077177,0.1237220386881127,-0.5556324913371488,0.5556324913371488,0.6244755496155611,0.2747283975151027,1.0769353182592023,0.2851728777572276,3.926217313455636,3.370584822118486,,,,,,,,,,,,,,,,,0.6951203931116694,1.208797461379234,4.036738055635826,income,matern52_0.8h0,PPI,-0.6661532335173401,0.7245704777064397
2,91,GH_P1_c15,1000,50,0.947,0.0077472839216892,0.05478156996804,0.2866606081234231,0.2866606081234231,0.4896365501660184,0.3931259384777445,1.541053678832759,0.3971490581421191,3.917310378326564,4.203970986449988,21.61706535807356,17.699336190721418,3.5245387035431968,160.13079573614243,1.3999999999999997,4644.84,33.820967051842935,13.031837073615428,13.031837073615428,15.0,0.3821157885682916,0.8823127820883708,9.648181844246109,0.0,,,1.0,1.0,4.028113297410534,income,matern52_0.8h0,PPCI,0.17585768903945453,0.4341607695348425
2,91,LO_GH_P1_c15w,1000,50,0.944,0.0069458547320818,0.0491146098219173,0.2943930136215248,0.2943930136215248,0.5163967559041631,0.4380708521030442,1.7172377402439334,0.4244744298314814,3.917310378326564,4.211703391948089,21.610797032699693,,,,,4644.84,33.820967051842935,13.031837073615428,13.031837073615428,15.0,0.3821157885682916,0.8823127820883708,9.648181844246109,,,,1.1143270113372183,1.0546532029299511,4.028113297410534,income,matern52_0.8h0,LO,0.18359009453755526,0.46228095986260237
2,91,PPI_global,1000,50,0.437,0.0172502587972305,0.1219777497274459,-0.5622765738769141,0.5622765738769141,0.624270105729438,0.2717763209017562,1.0653631779348844,0.2713518955671966,3.917310378326564,3.35503380444965,,,,,,,,,,,,,,,,,0.6913212645141753,1.274966310251492,4.028113297410534,income,matern52_0.8h0,PPI,-0.6730794929608837,0.7256681219546323
2,92,GH_P1_c15,1000,50,0.947,0.0064539182846151,0.0456360938427522,0.2864567161465798,0.2864567161465798,0.4932379406857759,0.3918730582061518,1.536142388168115,0.4017307599748527,3.908679409521226,4.195136125667807,21.520932172761345,17.612054848080728,3.493376182717376,158.4893192461114,1.3999999999999997,4657.85,35.41847391378471,13.114671558407997,13.114671558407997,15.0,0.3821157885682916,0.8873478131690611,8.973472715281922,0.0,,,1.0,1.0,4.019730460265062,income,matern52_0.8h0,PPCI,0.17540566540274494,0.4381704729461382
2,92,LO_GH_P1_c15w,1000,50,0.939,0.0075983349411269,0.0537283416259756,0.2805311762369605,0.2805311762369605,0.5254205265403772,0.4347478785375266,1.7042116838671044,0.4444845952611847,3.908679409521226,4.189210585758186,21.510810137516287,,,,,4657.85,35.41847391378471,13.114671558407997,13.114671558407997,15.0,0.3821157885682916,0.8873478131690611,8.973472715281922,,,,1.1094099720139976,1.0652475878271976,4.019730460265062,income,matern52_0.8h0,LO,0.1694801254931244,0.47549185251299514
2,92,PPI_global,1000,50,0.439,0.0156028516493568,0.1103288220710791,-0.5716961960046437,0.5716961960046437,0.6343135156703364,0.270632812109051,1.06088062346748,0.2749412452219681,3.908679409521226,3.3369832135165827,,,,,,,,,,,,,,,,,0.6906134689327883,1.2860193090345309,4.019730460265062,income,matern52_0.8h0,PPI,-0.682747246748479,0.735976153539305
2,93,GH_P1_c15,1000,50,0.937,0.0075335982133915,0.0532705838342402,0.3299210205127943,0.3299210205127943,0.5451929099483235,0.4043626869929253,1.5851017330122668,0.4342533883425714,3.90031024048592,4.230231260998713,22.64563967319616,18.74310252292203,3.5049868362906342,158.4893192461114,1.3999999999999997,4666.98,36.94993384842304,13.273440471225218,13.273440471225218,15.0,0.3821157885682916,0.8914885134498461,8.40654472389289,0.0,,,1.0,1.0,4.011574532651265,income,matern52_0.8h0,PPCI,0.21865672834744831,0.48600225733357133
2,93,LO_GH_P1_c15w,1000,50,0.936,0.0085761891541735,0.060642815076546,0.3279573971551493,0.3279573971551493,0.5704790474964571,0.4470222919164849,1.7523273843126213,0.4670207679336819,3.90031024048592,4.228267637641069,22.639036203118064,,,,,4666.98,36.94993384842304,13.273440471225218,13.273440471225218,15.0,0.3821157885682916,0.8914885134498461,8.40654472389289,,,,1.1054983713774416,1.0463801657848602,4.011574532651265,income,matern52_0.8h0,LO,0.21669310498980376,0.5146320928914235
2,93,PPI_global,1000,50,0.491,0.0174782663876703,0.1235900068610661,-0.5312501482284107,0.5312501482284107,0.6081884696919073,0.2779976642628422,1.0897508439103416,0.2962334365367928,3.90031024048592,3.369060092257508,,,,,,,,,,,,,,,,,0.687495837784128,1.1155472835286044,4.011574532651265,income,matern52_0.8h0,PPI,-0.6425144403937568,0.7074540980077634
2,94,GH_P1_c15,1000,50,0.932,0.0068153488239294,0.0481917936955228,0.3479426736073508,0.3479426736073508,0.5336179015555479,0.400679367241541,1.5706631195868406,0.4047811860154409,3.892189787735296,4.240132461342645,21.992214029530828,18.0473677789956,3.4339084272521307,158.4893192461114,1.3999999999999997,4686.7,39.96339140383544,13.737854683200734,13.737854683200734,15.0,0.3821157885682916,0.9025444591642396,5.996837727016876,0.0,,,1.0,1.0,4.003631962647477,income,matern52_0.8h0,PPCI,0.2365004986951682,0.4686325283487886
2,94,LO_GH_P1_c15w,1000,50,0.927,0.0075875838427939,0.0536523198806111,0.3482200047293814,0.3482200047293814,0.5718973155255954,0.4453973376722673,1.745957563675288,0.453889175013953,3.892189787735296,4.240409792464676,21.981795514750065,,,,,4686.7,39.96339140383544,13.737854683200734,13.737854683200734,15.0,0.3821157885682916,0.9025444591642396,5.996837727016876,,,,1.111605373489993,1.0717356255449064,4.003631962647477,income,matern52_0.8h0,LO,0.23677782981719897,0.5117353891461821
2,94,PPI_global,1000,50,0.488,0.0160076512318073,0.1131911873688017,-0.536473424910113,0.536473424910113,0.6034742942893505,0.2743081173181488,1.0752878198871436,0.276503059974783,3.892189787735296,3.3557163628251816,,,,,,,,,,,,,,,,,0.6846075434495436,1.1309108868539914,4.003631962647477,income,matern52_0.8h0,PPI,-0.6479155998222952,0.7043948556926914
2,95,GH_P1_c15,1000,50,0.939,0.008486483851588,0.0600085027988806,0.3003834755165817,0.3003834755165817,0.5178139679709656,0.394700196862441,1.5472247717007688,0.4219942561393815,3.8843059438609866,4.184689419377567,21.49232349150903,17.719942388219575,3.3848263201809585,158.4893192461114,1.3999999999999997,4685.67,40.24749574864771,13.595223229040766,13.595223229040766,15.0,0.3821157885682916,0.89945708451685,7.428493851736379,0.0,,,1.0,1.0,3.9958904952362726,income,matern52_0.8h0,PPCI,0.1887989241412944,0.46211049200307663
2,95,LO_GH_P1_c15w,1000,50,0.933,0.0084043234743329,0.0594275411998614,0.3021151546843507,0.3021151546843507,0.5538931743051825,0.4377069331916742,1.7158111781113627,0.4644780098923906,3.8843059438609866,4.186421098545336,21.48437770224172,,,,,4685.67,40.24749574864771,13.595223229040766,13.595223229040766,15.0,0.3821157885682916,0.89945708451685,7.428493851736379,,,,1.1089605140081085,1.0696760005829735,3.9958904952362726,income,matern52_0.8h0,LO,0.19053060330906302,0.5018226705214079
2,95,PPI_global,1000,50,0.455,0.0154027561806055,0.1089139334426922,-0.5431594964724858,0.5431594964724858,0.6124504298988508,0.2716735716554142,1.0649604008892235,0.2831138356191051,3.8843059438609866,3.3411464473885,,,,,,,,,,,,,,,,,0.6883036132614258,1.1827615085369647,3.9958904952362726,income,matern52_0.8h0,PPI,-0.6547440478477724,0.7132762849465337
2,96,GH_P1_c15,1000,50,0.94,0.0074230748895809,0.0524890659167823,0.3170657828018615,0.3170657828018615,0.517726499446542,0.39122721486315,1.533610682263548,0.4094846704099115,3.876647483781392,4.193713266583254,20.94896631519838,17.159153268971735,3.358256304995697,158.4893192461114,1.3999999999999997,4694.72,42.03553602288884,13.757390266321709,13.757390266321709,15.0,0.3821157885682916,0.9032260604742456,6.974177438878591,0.0,,,1.0,1.0,3.988339033343098,income,matern52_0.8h0,PPCI,0.20537423324015602,0.4579176708584144
2,96,LO_GH_P1_c15w,1000,50,0.931,0.0083164454730445,0.0588061498935793,0.309714173192013,0.309714173192013,0.55253647973034,0.4362925552332909,1.7102668165145003,0.4578026601412628,3.876647483781392,4.186361656973406,20.93846772876003,,,,,4694.72,42.03553602288884,13.757390266321709,13.757390266321709,15.0,0.3821157885682916,0.9032260604742456,6.974177438878591,,,,1.1151896868573028,1.0672362344230215,3.988339033343098,income,matern52_0.8h0,LO,0.1980226236303082,0.4985846486066482
2,96,PPI_global,1000,50,0.482,0.01978249071213,0.1398833333130702,-0.5259755294316735,0.5259755294316735,0.5953446679479426,0.2714800277224547,1.0642017086720226,0.2790392068725987,3.876647483781392,3.3506719543497203,,,,,,,,,,,,,,,,,0.6939190767120267,1.1499211815203116,3.988339033343098,income,matern52_0.8h0,PPI,-0.6376670789933776,0.6959916089473086
2,97,GH_P1_c15,1000,50,0.922,0.0097058787151217,0.0686309265683674,0.3236684197696642,0.3236684197696642,0.532503882512459,0.3931481379948343,1.5411407009397509,0.4230580539969696,3.869203985162173,4.192872404931839,21.10997776023782,17.323461685668313,3.3214845077953377,158.4893192461114,1.3999999999999997,4702.07,43.695063751995455,13.881126859172332,13.881126859172332,15.0,0.3821157885682916,0.906093525140817,6.635519093363361,0.0,,,1.0,1.0,3.980967530839112,income,matern52_0.8h0,PPCI,0.21190487409272674,0.4729723190620203
2,97,LO_GH_P1_c15w,1000,50,0.93,0.0083299312783504,0.0589015089373951,0.3246003746291129,0.3246003746291129,0.5633389023986466,0.4377696522455755,1.716057036802656,0.4606490130887191,3.869203985162173,4.193804359791288,21.101810123397893,,,,,4702.07,43.695063751995455,13.881126859172332,13.881126859172332,15.0,0.3821157885682916,0.906093525140817,6.635519093363361,,,,1.1134979666400642,1.0579057184347689,3.980967530839112,income,matern52_0.8h0,LO,0.21283682895217648,0.5072325221284311
2,97,PPI_global,1000,50,0.512,0.0141103522569894,0.0997752576584812,-0.5094012239497954,0.5094012239497954,0.5875316628909505,0.2749653566964943,1.0778641982502577,0.2928986814163412,3.869203985162173,3.359802761212378,,,,,,,,,,,,,,,,,0.6993937656652646,1.1033378012548185,3.980967530839112,income,matern52_0.8h0,PPI,-0.6211647696267337,0.6866946329798196
2,98,GH_P1_c15,1000,50,0.935,0.006738557951469,0.0476488002290226,0.3150076280667969,0.3150076280667969,0.5085673366906749,0.3908028323035848,1.5319471026300526,0.3994627651096982,3.8619657565991545,4.176973384665953,20.70966406937672,16.980286697670554,3.2901363641182315,158.4893192461114,1.3999999999999997,4712.66,45.72766866227821,14.05552548045434,14.05552548045434,15.0,0.3821157885682916,0.9100138754412082,6.245824896648118,0.0,,,1.0,1.0,3.9737668936351214,income,matern52_0.8h0,PPCI,0.20320649103083133,0.44799978594352047
2,98,LO_GH_P1_c15w,1000,50,0.952,0.0069927075717259,0.0494459094282193,0.3120375402032331,0.3120375402032331,0.5387740754656846,0.4343495723533636,1.702650323625185,0.4394350703788874,3.8619657565991545,4.17400329680239,20.70297159478656,,,,,4712.66,45.72766866227821,14.05552548045434,14.05552548045434,15.0,0.3821157885682916,0.9100138754412082,6.245824896648118,,,,1.11142892643099,1.059395750760498,3.9737668936351214,income,matern52_0.8h0,LO,0.20023640316726832,0.48270559873610713
2,98,PPI_global,1000,50,0.494,0.0142599768153917,0.1008332630572645,-0.5095263139150756,0.5095263139150756,0.5786665181872986,0.273737065493923,1.0730492967361789,0.2744324832941865,3.8619657565991545,3.352439442684081,,,,,,,,,,,,,,,,,0.7004480082203647,1.1378365782450164,3.9737668936351214,income,matern52_0.8h0,PPI,-0.6213274509510405,0.6791801498898835
2,99,GH_P1_c15,1000,50,0.935,0.0077261813045656,0.0546323519313512,0.3109951395591388,0.3109951395591388,0.5089890341653704,0.3873185131375072,1.5182885714990282,0.403130716326149,3.8549237712979982,4.165918910857139,20.30413026480783,16.586770583916255,3.2331602080145,158.4893192461114,1.3999999999999997,4720.42,47.56762269034553,14.181881424544434,14.181881424544434,15.0,0.3821157885682916,0.9127973221236908,5.952964017459306,0.0,,,1.0,1.0,3.9667288819945394,income,matern52_0.8h0,PPCI,0.19919002886259918,0.4494758365802009
2,99,LO_GH_P1_c15w,1000,50,0.935,0.0077261813045656,0.0546323519313512,0.3172822432144823,0.3172822432144823,0.5436386492662926,0.4328232451118209,1.6966671208383377,0.4416673285924725,3.8549237712979982,4.172206014512482,20.297260520036883,,,,,4720.42,47.56762269034553,14.181881424544434,14.181881424544434,15.0,0.3821157885682916,0.9127973221236908,5.952964017459306,,,,1.117486591605701,1.068075366609302,3.9667288819945394,income,matern52_0.8h0,LO,0.20547713251794253,0.4869248515989517
2,99,PPI_global,1000,50,0.501,0.0121630084892761,0.0860054578239672,-0.5074477683717371,0.5074477683717371,0.5792993546876618,0.2724246660201879,1.067904690799137,0.2795758705315403,3.8549237712979982,3.3474760029262627,,,,,,,,,,,,,,,,,0.7033608174661944,1.1381372010058817,3.9667288819945394,income,matern52_0.8h0,PPI,-0.6192528790682768,0.6793810660817939
2,100,GH_P1_c15,1000,50,0.93,0.0086896607575688,0.0614451804788759,0.3219165067067736,0.3219165067067736,0.5073901211493026,0.3886117634844587,1.5233581128590783,0.3923881575886658,3.848069606500353,4.169986113207124,20.224224180539228,16.575836038966308,3.205667437117255,158.4893192461114,1.3999999999999997,4727.4,49.38710199837477,14.340268150917629,14.340268150917629,15.0,0.3821157885682916,0.9158580042404572,5.664113975904291,0.0,,,1.0,1.0,3.9598460176532657,income,matern52_0.8h0,PPCI,0.2101400955538586,0.44494197094564664
2,100,LO_GH_P1_c15w,1000,50,0.924,0.008111468323759,0.0573567425710992,0.3335942813978245,0.3335942813978245,0.5561411357304387,0.4334644520132084,1.699180651891777,0.4452033516209259,3.848069606500353,4.181663887898176,20.21557975557785,,,,,4727.4,49.38710199837477,14.340268150917629,14.340268150917629,15.0,0.3821157885682916,0.9158580042404572,5.664113975904291,,,,1.1154177324087704,1.0960819151754648,3.9598460176532657,income,matern52_0.8h0,LO,0.22181787024491006,0.49720316353599264
2,100,PPI_global,1000,50,0.519,0.0147696600212346,0.1044372675683487,-0.493861637976163,0.493861637976163,0.5631763261374346,0.2732723958041838,1.0712277915524009,0.2708165402179396,3.848069606500353,3.354207968524189,,,,,,,,,,,,,,,,,0.7032015535348365,1.1099473613356312,3.9598460176532657,income,matern52_0.8h0,PPI,-0.6056380491290767,0.6633744820311023
1,70,GH_P1_c22,1000,50,0.94,0.0071428571428571,0.0505076272276105,0.0179118415475018,0.0179118415475018,0.5793524836933639,0.5952454614204827,2.333362208768292,0.5793652823775955,6.886993353152679,6.904905194700183,28.92833483816323,22.498863787885814,3.677524948252014,398.1071705534972,1.3999999999999997,4423.92,21.2463828033797,21.57275917059151,21.57275917059151,22.0,0.3821157885682916,0.7321382000421006,20.535295955299507,0.0,1.0,1.0,,,6.886993353152678,income,matern52_h0,PPCI,0.017911841547505247,0.5793524836933639
1,70,LO_GH_P1_c22w,1000,50,0.938,0.0077670155537532,0.0549210936764031,0.0140765344272858,0.0140765344272858,0.6636972572275986,0.6758754794075995,2.6494318792777904,0.663879986945699,6.886993353152679,6.901069887579967,28.9192641812038,,,,,4423.92,21.2463828033797,21.57275917059151,21.57275917059151,22.0,0.3821157885682916,0.7321382000421006,20.535295955299507,,1.135456753915776,1.1455845550131036,,,6.886993353152678,income,matern52_h0,LO,0.014076534427289289,0.6636972572275986
1,70,PPI_global,1000,50,0.074,0.0083592793361873,0.0591090310445062,-1.600139067351629,1.600139067351629,1.6494561920003006,0.4144192964925353,1.6245236422507383,0.4005260485645975,6.886993353152679,5.286854285801051,,,,,,,,,,,,,,,0.6962158023071235,2.8470684745926014,,,6.886993353152678,income,matern52_h0,PPI,-1.600139067351627,1.6494561920002986
1,71,GH_P1_c22,1000,50,0.916,0.007618452357699,0.0538705932427565,0.000569465908348,0.000569465908348,0.6102718172982791,0.5893488026414112,2.310247306354332,0.6105769164224859,6.85268486576419,6.853254331672539,28.47602925675125,22.10209232127741,3.673626132163306,396.469582462764,1.3999999999999997,4438.93,22.409543032386825,21.6711852574393,21.6711852574393,22.0,0.3821157885682916,0.7460782462710934,20.29727075999544,0.0,1.0,1.0,,,6.85268486576419,income,matern52_h0,PPCI,0.0005694659083488318,0.6102718172982791
1,71,LO_GH_P1_c22w,1000,50,0.924,0.0065838392124588,0.0465547735337152,-0.0023267956198802,0.0023267956198802,0.6959902195250394,0.6703253329736535,2.627675305256722,0.6963345844852215,6.85268486576419,6.85035807014431,28.46676047033637,,,,,4438.93,22.409543032386825,21.6711852574393,21.6711852574393,22.0,0.3821157885682916,0.7460782462710934,20.29727075999544,,1.1374000082282556,1.1404593818640394,,,6.85268486576419,income,matern52_h0,LO,-0.002326795619880251,0.6959902195250394
1,71,PPI_global,1000,50,0.074,0.0083592793361873,0.0591090310445062,-1.5868705901680935,1.5868705901680935,1.6409198479076372,0.4109109854848167,1.6107710631004817,0.4178927034878894,6.85268486576419,5.265814275596096,,,,,,,,,,,,,,,0.6972288458772609,2.6888343872278377,,,6.85268486576419,income,matern52_h0,PPI,-1.5868705901680942,1.6409198479076375
1,72,GH_P1_c22,1000,50,0.939,0.0083653805554042,0.0591521731793239,0.0495707462831905,0.0495707462831905,0.594429449608603,0.5894002241803353,2.310448878786914,0.5926553399969844,6.819842917392506,6.869413663675697,29.628511432269725,22.96141618942336,3.834951831264168,380.9124956007988,1.3999999999999997,4459.18,23.44498654600419,21.09015609144444,21.09015609144444,22.0,0.3821157885682916,0.759478254155125,19.821902416688825,0.0,1.0,1.0,,,6.819842917392506,income,matern52_h0,PPCI,0.049570746283190914,0.594429449608603
1,72,LO_GH_P1_c22w,1000,50,0.932,0.0083004794550479,0.0586932530976403,0.0525484266783418,0.0525484266783418,0.6682648289549591,0.6730461178032893,2.638340781788894,0.6665289230611892,6.819842917392506,6.872391344070848,29.61859098813773,,,,,4459.18,23.44498654600419,21.09015609144444,21.09015609144444,22.0,0.3821157885682916,0.759478254155125,19.821902416688825,,1.141916969473974,1.124212182614728,,,6.819842917392506,income,matern52_h0,LO,0.052548426678341364,0.6682648289549589
1,72,PPI_global,1000,50,0.09,0.0097937922862872,0.0692525693916618,-1.5338662066230837,1.5338662066230837,1.587523295859909,0.4137927018608471,1.6220673912945207,0.4094536938470871,6.819842917392506,5.285976710769423,,,,,,,,,,,,,,,0.7020572522453631,2.6706673044298195,,,6.819842917392506,income,matern52_h0,PPI,-1.5338662066230837,1.5875232958599088
1,73,GH_P1_c22,1000,50,0.938,0.007222414091294,0.0510701798049127,0.1124841150860924,0.1124841150860924,0.629408730285619,0.5985471879734107,2.3463049768557696,0.619585797265582,6.7883700141781,6.900854129264196,34.576612293661825,26.94573651988432,4.468348123102062,329.3284707427035,1.3999999999999997,4474.7,23.50473662874144,18.82184115032612,18.82184115032612,22.0,0.3821157885682916,0.7716923337801073,19.082059829690383,0.0,1.0,1.0,,,6.788370014178103,income,matern52_h0,PPCI,0.1124841150860929,0.629408730285619
1,73,LO_GH_P1_c22w,1000,50,0.948,0.0060541771715477,0.0428094973250619,0.1116216364494864,0.1116216364494864,0.7150278895773133,0.6811673537857523,2.670176026840149,0.7066150281077193,6.7883700141781,6.899991650627589,34.56318355045963,,,,,4474.7,23.50473662874144,18.82184115032612,18.82184115032612,22.0,0.3821157885682916,0.7716923337801073,19.082059829690383,,1.1380345066728672,1.1360310958077136,,,6.788370014178103,income,matern52_h0,LO,0.11162163644948642,0.7150278895773132
1,73,PPI_global,1000,50,0.098,0.0093634112046708,0.0662093155786083,-1.518723095337574,1.518723095337574,1.577284982083946,0.4114848826402189,1.613020739949658,0.4260159198431102,6.7883700141781,5.269646918840528,,,,,,,,,,,,,,,0.6874727522042897,2.505978875393404,,,6.788370014178103,income,matern52_h0,PPI,-1.5187230953375748,1.5772849820839467
1,74,GH_P1_c22,1000,50,0.944,0.0069458547320818,0.0491146098219173,0.1244319662515631,0.1244319662515631,0.6083605116628676,0.5914610091356042,2.318527155811568,0.5957970897021684,6.758177456728083,6.882609422979647,34.64101796076857,26.963452704649686,4.556536732905179,317.0465600622046,1.3999999999999997,4492.59,24.548484435450696,18.428855132858,18.428855132858,22.0,0.3821157885682916,0.7836682222672868,18.61924114489348,0.0,1.0,1.0,,,6.758177456728086,income,matern52_h0,PPCI,0.12443196625156094,0.6083605116628673
1,74,LO_GH_P1_c22w,1000,50,0.945,0.0064285714285714,0.0454568645048494,0.1176236755663472,0.1176236755663472,0.6881655185230985,0.6730883790446694,2.638506445855104,0.6783779540041869,6.758177456728083,6.875801132294432,34.629538297289635,,,,,4492.59,24.548484435450696,18.428855132858,18.428855132858,22.0,0.3821157885682916,0.7836682222672868,18.61924114489348,,1.13800972278521,1.1311804519364597,,,6.758177456728086,income,matern52_h0,LO,0.11762367556634601,0.6881655185230984
1,74,PPI_global,1000,50,0.11,0.0108796758655198,0.0769309258162072,-1.48699997349562,1.48699997349562,1.5438216539520406,0.4106705773330557,1.6098286631455785,0.4151972625175205,6.758177456728083,5.2711774832324645,,,,,,,,,,,,,,,0.6943324597731875,2.5376756452061984,,,6.758177456728086,income,matern52_h0,PPI,-1.4869999734956219,1.5438216539520426
1,75,GH_P1_c22,1000,50,0.952,0.0068452277432633,0.0484030695602783,0.1855888969958058,0.1855888969958058,0.6315980532536928,0.6066751859953579,2.3781667291018027,0.6040179632143569,6.729184392914373,6.914773289910178,35.93981726634309,28.171909037603083,4.534238806668473,316.227766016838,1.3999999999999997,4507.67,25.901790881570328,18.56411129158681,18.56411129158681,22.0,0.3821157885682916,0.7936859083904408,18.293619887314133,0.0,1.0,1.0,,,6.729184392914373,income,matern52_h0,PPCI,0.18558889699580483,0.6315980532536923
1,75,LO_GH_P1_c22w,1000,50,0.951,0.0064665544558607,0.045725445066512,0.1955621323023977,0.1955621323023977,0.7107211490646764,0.6870637992572195,2.6932900930883004,0.6836280797982498,6.729184392914373,6.9247465252167695,35.92563085039373,,,,,4507.67,25.901790881570328,18.56411129158681,18.56411129158681,22.0,0.3821157885682916,0.7936859083904408,18.293619887314133,,1.1325068424052485,1.1252744453586885,,,6.729184392914373,income,matern52_h0,LO,0.19556213230239639,0.7107211490646761
1,75,PPI_global,1000,50,0.136,0.0122090632109837,0.0863311138842178,-1.4274471712135968,1.4274471712135968,1.4884171713939829,0.4191516254612167,1.64307437180797,0.4218509306644566,6.729184392914373,5.301737221700775,,,,,,,,,,,,,,,0.6908995705395871,2.3565892322282584,,,6.729184392914373,income,matern52_h0,PPI,-1.4274471712135979,1.4884171713939838
1,76,GH_P1_c22,1000,50,0.953,0.0072011903777877,0.0509201054874903,0.1745149597634336,0.1745149597634336,0.622525186401944,0.589213316481093,2.309716200605884,0.5978625060159249,6.7013169697097785,6.87583192947321,33.91593717140534,26.401859628335863,4.499409404004067,316.227766016838,1.3999999999999997,4521.85,27.30019318660746,18.77790238866892,18.77790238866892,22.0,0.3821157885682916,0.8043044701056532,17.81018715823422,0.0,1.0,1.0,,,6.701316969709773,income,matern52_h0,PPCI,0.174514959763437,0.622525186401945
1,76,LO_GH_P1_c22w,1000,50,0.958,0.0054135129489989,0.0382793171627836,0.1677886640146257,0.1677886640146257,0.7022455571180114,0.670631906585004,2.628877073813216,0.6822472044414263,6.7013169697097785,6.869105633724402,33.90644150655756,,,,,4521.85,27.30019318660746,18.77790238866892,18.77790238866892,22.0,0.3821157885682916,0.8043044701056532,17.81018715823422,,1.1381818567682078,1.128059671250947,,,6.701316969709773,income,matern52_h0,LO,0.16778866401462889,0.7022455571180121
1,76,PPI_global,1000,50,0.144,0.0104627619563431,0.0739828992927088,-1.407309901635644,1.407309901635644,1.4683448980484988,0.410909948358538,1.610766997565469,0.4191554266080598,6.7013169697097785,5.294007068074132,,,,,,,,,,,,,,,0.6973874093894882,2.358691551959854,,,6.701316969709773,income,matern52_h0,PPI,-1.4073099016356414,1.468344898048496
1,77,GH_P1_c22,1000,50,0.946,0.0068273160830562,0.0482764149963308,0.1661638581775255,0.1661638581775255,0.6378510406085365,0.5937325929006406,2.327431764170512,0.6161356550195244,6.674507573728135,6.840671431905657,34.05746648161473,26.624488160981688,4.397341569825854,316.227766016838,1.3999999999999997,4535.38,28.77262142232936,18.95174430729865,18.95174430729865,22.0,0.3821157885682916,0.813075614424055,17.500970445358863,0.0,1.0,1.0,,,6.674507573728134,income,matern52_h0,PPCI,0.16616385817752377,0.637851040608536
1,77,LO_GH_P1_c22w,1000,50,0.949,0.006774803257931,0.0479050932488777,0.1604602968441027,0.1604602968441027,0.7126253502704106,0.6737180087571993,2.640974594328221,0.6946725508739103,6.674507573728135,6.834967870572235,34.0485253206531,,,,,4535.38,28.77262142232936,18.95174430729865,18.95174430729865,22.0,0.3821157885682916,0.813075614424055,17.500970445358863,,1.1347162288426766,1.117228482672908,,,6.674507573728134,income,matern52_h0,LO,0.1604602968441018,0.7126253502704104
1,77,PPI_global,1000,50,0.15,0.010202040612204,0.0721393209883005,-1.4014002985712222,1.4014002985712222,1.4638808849851774,0.4126084869280246,1.6174252687578563,0.4233245235534051,6.674507573728135,5.27310727515691,,,,,,,,,,,,,,,0.6949399306382248,2.2950199839582828,,,6.674507573728134,income,matern52_h0,PPI,-1.4014002985712235,1.4638808849851788
1,78,GH_P1_c22,1000,50,0.952,0.0075538880379441,0.0534140545595426,0.1709895187876962,0.1709895187876962,0.6305090601676414,0.5904294050241095,2.3144832676945084,0.6071844302603494,6.64869416044111,6.81968367922881,33.56441626392427,26.336400691522787,4.3731988192030045,316.227766016838,1.3999999999999997,4552.53,30.37242138747307,19.166317847396755,19.166317847396755,22.0,0.3821157885682916,0.8227082114727398,17.01603358591637,0.0,1.0,1.0,,,6.648694160441111,income,matern52_h0,PPCI,0.17098951878769864,0.6305090601676421
1,78,LO_GH_P1_c22w,1000,50,0.937,0.0081828591380683,0.0578615518602246,0.1606742292533843,0.1606742292533843,0.708014464864538,0.6691494438204146,2.623065819776025,0.6898871057861417,6.64869416044111,6.809368389694496,33.55671087456454,,,,,4552.53,30.37242138747307,19.166317847396755,19.166317847396755,22.0,0.3821157885682916,0.8227082114727398,17.01603358591637,,1.1333267586716669,1.1229251244641738,,,6.648694160441111,income,matern52_h0,LO,0.16067422925338537,0.7080144648645382
1,78,PPI_global,1000,50,0.161,0.0108128796972378,0.0764586055807123,-1.3759768491597115,1.3759768491597115,1.4386097491390453,0.41191174640239,1.6146940458973686,0.4200740209504707,6.64869416044111,5.272717311281402,,,,,,,,,,,,,,,0.6976477507680536,2.281663880859292,,,6.648694160441111,income,matern52_h0,PPI,-1.3759768491597093,1.438609749139043
1,79,GH_P1_c22,1000,50,0.942,0.0088479214669725,0.0625642526870234,0.1680348061671764,0.1680348061671764,0.6224955846678256,0.583135752421958,2.285892149494076,0.5996871530463417,6.62381966116426,6.791854467331437,32.513622196602554,25.30024710821856,4.288723306078432,316.227766016838,1.3999999999999997,4566.52,31.97035874085056,19.36731825213671,19.36731825213671,22.0,0.3821157885682916,0.8312030370237108,16.507436548157667,0.0,1.0,1.0,,,6.623819661164262,income,matern52_h0,PPCI,0.16803480616717525,0.6224955846678254
1,79,LO_GH_P1_c22w,1000,50,0.937,0.0086673207497814,0.0612872127688932,0.1631109469738772,0.1631109469738772,0.7062917782779002,0.6621169574545479,2.595498473221828,0.687543170027086,6.62381966116426,6.786930608138138,32.50289819509625,,,,,4566.52,31.97035874085056,19.36731825213671,19.36731825213671,22.0,0.3821157885682916,0.8312030370237108,16.507436548157667,,1.1354422271393143,1.1346133140121624,,,6.623819661164262,income,matern52_h0,LO,0.16311094697387585,0.7062917782778999
1,79,PPI_global,1000,50,0.137,0.0106722986832112,0.0754645476974696,-1.361421166612929,1.361421166612929,1.4243217435620918,0.40940679998972,1.6048746559597025,0.4188081141985762,6.62381966116426,5.262398494551332,,,,,,,,,,,,,,,0.702078029497105,2.2880832870840915,,,6.623819661164262,income,matern52_h0,PPI,-1.3614211666129306,1.4243217435620934
1,80,GH_P1_c22,1000,50,0.939,0.008486483851588,0.0600085027988806,0.1788150322561844,0.1788150322561844,0.6339219624955985,0.5864421597217788,2.298853266109373,0.6084837641751466,6.599831460900203,6.778646493156388,32.823618981557594,25.60414180436509,4.230386129989087,316.227766016838,1.3999999999999997,4581.3,33.6974619250976,19.567300188358164,19.567300188358164,22.0,0.3821157885682916,0.839284229946235,15.92871965359845,0.0,1.0,1.0,,,6.599831460900203,income,matern52_h0,PPCI,0.17881503225618456,0.6339219624955985
1,80,LO_GH_P1_c22w,1000,50,0.94,0.0078246079643595,0.0553283335172488,0.1816938611219083,0.1816938611219083,0.7162096786480182,0.666746786923098,2.6136474047385443,0.6931263006757128,6.599831460900203,6.781525322022113,32.81140032481266,,,,,4581.3,33.6974619250976,19.567300188358164,19.567300188358164,22.0,0.3821157885682916,0.839284229946235,15.92871965359845,,1.136935289985661,1.1298073280636511,,,6.599831460900203,income,matern52_h0,LO,0.18169386112190988,0.7162096786480185
1,80,PPI_global,1000,50,0.174,0.0113605116297548,0.0803309481114831,-1.3334100069403805,1.3334100069403805,1.3988723711058266,0.4122001825438382,1.6158247155718457,0.4231320180974629,6.599831460900203,5.266421453959825,,,,,,,,,,,,,,,0.7028829283682385,2.206694914936852,,,6.599831460900203,income,matern52_h0,PPI,-1.3334100069403787,1.398872371105825
1,81,GH_P1_c22,1000,50,0.951,0.0073526338471187,0.0519909725287938,0.1917350606170652,0.1917350606170652,0.642076835319959,0.5821344872828961,2.281967190148953,0.613087436822721,6.576680952449951,6.768416013067017,32.226198193616824,25.07036015986503,4.188974433697066,316.227766016838,1.3999999999999997,4594.74,35.38267566895022,19.761017982664665,19.761017982664665,22.0,0.3821157885682916,0.8465658700805613,15.36065306036346,0.0,1.0,1.0,,,6.576680952449955,income,matern52_h0,PPCI,0.19173506061706203,0.6420768353199581
1,81,LO_GH_P1_c22w,1000,50,0.955,0.0053927388823362,0.0381324223286832,0.189037981341445,0.189037981341445,0.7085823526812073,0.6605230712557317,2.589250439322468,0.6832425722641561,6.576680952449951,6.765718933791397,32.21713240786832,,,,,4594.74,35.38267566895022,19.761017982664665,19.761017982664665,22.0,0.3821157885682916,0.8465658700805613,15.36065306036346,,1.1346571723292207,1.1035787521101077,,,6.576680952449955,income,matern52_h0,LO,0.18903798134144179,0.7085823526812065
1,81,PPI_global,1000,50,0.184,0.0102459549011663,0.0724498419034626,-1.305040736875979,1.305040736875979,1.371742989743746,0.4105215468493136,1.6092444636493095,0.4227602526687527,6.576680952449951,5.2716402155739726,,,,,,,,,,,,,,,0.7052005263687722,2.136415634836258,,,6.576680952449955,income,matern52_h0,PPI,-1.3050407368759824,1.3717429897437488
1,82,GH_P1_c22,1000,50,0.945,0.0053927388823362,0.0381324223286832,0.2097128774102343,0.2097128774102343,0.6384905170584929,0.5776600925685609,2.2644275628687587,0.6033694590597602,6.554323155487665,6.764036032897897,31.525495444310977,24.4136801528933,4.1427479116668025,316.227766016838,1.3999999999999997,4605.1,36.935487018995005,19.94456042437817,19.94456042437817,22.0,0.3821157885682916,0.8526833062220447,14.749158433910178,0.0,1.0,1.0,,,6.554323155487662,income,matern52_h0,PPCI,0.2097128774102348,0.6384905170584931
1,82,LO_GH_P1_c22w,1000,50,0.947,0.0057870368858654,0.0409205302497214,0.2179195280884258,0.2179195280884258,0.7016232400121601,0.6560994067181714,2.571909674335232,0.6672566835068522,6.554323155487665,6.7722426835760885,31.51426806574452,,,,,4605.1,36.935487018995005,19.94456042437817,19.94456042437817,22.0,0.3821157885682916,0.8526833062220447,14.749158433910178,,1.1357880095210156,1.098878090225236,,,6.554323155487662,income,matern52_h0,LO,0.21791952808842652,0.7016232400121603
1,82,PPI_global,1000,50,0.197,0.0119018091576234,0.084158499637437,-1.2634599425120911,1.2634599425120911,1.3329411092519965,0.4110842161183539,1.6114501271839472,0.4249488862878023,6.554323155487665,5.290863212975571,,,,,,,,,,,,,,,0.7116368629352103,2.087644332437101,,,6.554323155487662,income,matern52_h0,PPI,-1.2634599425120907,1.332941109251996
1,83,GH_P1_c22,1000,50,0.947,0.0077472839216892,0.05478156996804,0.2374889662141565,0.2374889662141565,0.6360454794983949,0.5867565580624998,2.300085707605,0.5903400242751081,6.53271638582561,6.770205352039769,32.22129153927835,25.13980331544532,4.080659468265667,316.227766016838,1.3999999999999997,4615.82,38.61981893432706,20.1363140002305,20.1363140002305,22.0,0.3821157885682916,0.8589217969792237,14.046474468327585,0.0,1.0,1.0,,,6.532716385825616,income,matern52_h0,PPCI,0.23748896621415305,0.6360454794983935
1,83,LO_GH_P1_c22w,1000,50,0.948,0.0068452277432633,0.0484030695602783,0.2318146902236655,0.2318146902236655,0.7011368944644881,0.6660838302327649,2.6110486145124376,0.6620371495340545,6.53271638582561,6.764531076049278,32.214182353547635,,,,,4615.82,38.61981893432706,20.1363140002305,20.1363140002305,22.0,0.3821157885682916,0.8589217969792237,14.046474468327585,,1.1351962258968311,1.10233767405662,,,6.532716385825616,income,matern52_h0,LO,0.2318146902236622,0.701136894464487
1,83,PPI_global,1000,50,0.218,0.0145518075179963,0.1028968177449663,-1.2343185016309293,1.2343185016309293,1.302607308204945,0.4154636183048134,1.6286173837548683,0.4164337317911265,6.53271638582561,5.298397884194682,,,,,,,,,,,,,,,0.7080681291005856,2.047978250285217,,,6.532716385825616,income,matern52_h0,PPI,-1.2343185016309333,1.302607308204949
1,84,GH_P1_c22,1000,50,0.938,0.0085188865805003,0.0602376246923086,0.2125569746107927,0.2125569746107927,0.6643996135140923,0.5779856167891986,2.265703617813659,0.6297960161861823,6.511821961855987,6.724378936466783,31.213129203738216,24.286059263218792,4.037487567935491,316.227766016838,1.3999999999999997,4628.52,40.44484905099451,20.32239375155615,20.32239375155615,22.0,0.3821157885682916,0.8650263008651946,13.335264881311687,0.0,1.0,1.0,,,6.511821961855993,income,matern52_h0,PPCI,0.2125569746107896,0.6643996135140913
1,84,LO_GH_P1_c22w,1000,50,0.938,0.0083982505466851,0.0593845991166472,0.2058250507399979,0.2058250507399979,0.7373121751957937,0.6571841452051869,2.576161849204333,0.7083551787338532,6.511821961855987,6.717647012595988,31.205407320781,,,,,4628.52,40.44484905099451,20.32239375155615,20.32239375155615,22.0,0.3821157885682916,0.8650263008651946,13.335264881311687,,1.137025085253762,1.1097420290419162,,,6.511821961855993,income,matern52_h0,LO,0.20582505073999435,0.7373121751957927
1,84,PPI_global,1000,50,0.227,0.0108053274842003,0.0764052033701947,-1.235940114646253,1.235940114646253,1.3136197036975006,0.410907000748249,1.6107554429331363,0.445249375020867,6.511821961855987,5.275881847209736,,,,,,,,,,,,,,,0.7109294570873619,1.9771530220338367,,,6.511821961855993,income,matern52_h0,PPI,-1.2359401146462572,1.3136197036975046
1,85,GH_P1_c22,1000,50,0.939,0.008117755797243,0.0574012017224698,0.224591119375948,0.224591119375948,0.6413433827632811,0.5771245049045888,2.262328059225988,0.601033613965828,6.491603941585139,6.716195060961085,30.999580947317583,24.043687613047428,3.982665678581888,316.227766016838,1.3999999999999997,4640.16,42.33623227958997,20.48965427344816,20.48965427344816,22.0,0.3821157885682916,0.8704284303119906,12.57335909076212,0.0,1.0,1.0,,,6.491603941585136,income,matern52_h0,PPCI,0.22459111937594933,0.6413433827632815
1,85,LO_GH_P1_c22w,1000,50,0.939,0.0083653805554041,0.0591521731793239,0.2350378625674754,0.2350378625674754,0.7143768798959356,0.6576448833461822,2.577967942717034,0.6749422766180311,6.491603941585139,6.726641804152613,30.98794862827872,,,,,4640.16,42.33623227958997,20.48965427344816,20.48965427344816,22.0,0.3821157885682916,0.8704284303119906,12.57335909076212,,1.1395199437163133,1.1138758098945118,,,6.491603941585136,income,matern52_h0,LO,0.23503786256747716,0.7143768798959361
1,85,PPI_global,1000,50,0.22,0.0128571428571428,0.0909137290096989,-1.2085559956582643,1.2085559956582643,1.2787179098549943,0.4130379992650016,1.6191089571188062,0.4179552427321772,6.491603941585139,5.283047945926873,,,,,,,,,,,,,,,0.7156826573033591,1.9938116525745264,,,6.491603941585136,income,matern52_h0,PPI,-1.208555995658263,1.2787179098549928
1,86,GH_P1_c22,1000,50,0.948,0.0063823736867681,0.0451301971398037,0.2552284667298664,0.2552284667298664,0.6283495593888782,0.5769296970246212,2.261564412336515,0.5744663699165373,6.472028886351449,6.727257353081313,30.68187099203492,23.83428491559766,3.950415018015669,316.227766016838,1.3999999999999997,4649.88,44.20531232609067,20.683722349370218,20.683722349370218,22.0,0.3821157885682916,0.8757654851712473,11.817110284129967,0.0,1.0,1.0,,,6.472028886351448,income,matern52_h0,PPCI,0.2552284667298652,0.6283495593888777
1,86,LO_GH_P1_c22w,1000,50,0.948,0.0076877851697564,0.0543608502584012,0.2710551075350407,0.2710551075350407,0.7158585688721504,0.65608799098136,2.5718649246469303,0.662889162189426,6.472028886351449,6.743083993886488,30.667918680741707,,,,,4649.88,44.20531232609067,20.683722349370218,20.683722349370218,22.0,0.3821157885682916,0.8757654851712473,11.817110284129967,,1.1372061351061988,1.1392680366775174,,,6.472028886351448,income,matern52_h0,LO,0.27105510753504003,0.7158585688721502
1,86,PPI_global,1000,50,0.255,0.0123097770997243,0.0870432686210995,-1.1628372157199147,1.1628372157199147,1.2342841219037108,0.4158091722831611,1.6299719553499918,0.4140511341151404,6.472028886351449,5.309191670631534,,,,,,,,,,,,,,,0.7207276283879975,1.9643271861353004,,,6.472028886351448,income,matern52_h0,PPI,-1.1628372157199145,1.234284121903711
1,87,GH_P1_c22,1000,50,0.941,0.0073803379160511,0.0521868698788795,0.2363421143030486,0.2363421143030486,0.6287917035431787,0.571739223165848,2.2412177548101235,0.5829762196901531,6.453065647674776,6.689407761977824,30.031364206173897,23.31863782424391,3.9063899990915294,316.227766016838,1.3999999999999997,4659.98,46.10277981188508,20.88604591095368,20.88604591095368,22.0,0.3821157885682916,0.8810027769232545,11.08314816622205,0.0,1.0,1.0,,,6.453065647674777,income,matern52_h0,PPCI,0.23634211430304664,0.6287917035431779
1,87,LO_GH_P1_c22w,1000,50,0.939,0.0087236483661554,0.0616855091639545,0.2265295358938247,0.2265295358938247,0.6965868485895141,0.6519996209946117,2.555838514298878,0.659053836157983,6.453065647674776,6.679595183568599,30.02531449156368,,,,,4659.98,46.10277981188508,20.88604591095368,20.88604591095368,22.0,0.3821157885682916,0.8810027769232545,11.08314816622205,,1.1403793802782047,1.1078181290629576,,,6.453065647674777,income,matern52_h0,LO,0.22652953589382196,0.6965868485895131
1,87,PPI_global,1000,50,0.241,0.0111291124020356,0.0786947084806668,-1.1583176410027265,1.1583176410027265,1.228959644519075,0.412402230797791,1.6166167447273407,0.4108659894169753,6.453065647674776,5.294748006672049,,,,,,,,,,,,,,,0.721311769576045,1.954478148477484,,,6.453065647674777,income,matern52_h0,PPI,-1.1583176410027285,1.2289596445190771
1,88,GH_P1_c22,1000,50,0.94,0.0071428571428571,0.0505076272276105,0.2273663656090359,0.2273663656090359,0.6113193118229774,0.57188935105684,2.241806256142813,0.5677483377099656,6.434685174491137,6.6620515401001725,29.940357037971204,23.20047242992348,3.848937191491336,316.227766016838,1.3999999999999997,4669.56,48.062408648823286,21.07085096603171,21.07085096603171,22.0,0.3821157885682916,0.8857893794210135,10.317812702185794,0.0,1.0,1.0,,,6.434685174491138,income,matern52_h0,PPCI,0.22736636560903456,0.6113193118229767
1,88,LO_GH_P1_c22w,1000,50,0.943,0.0084527498242782,0.0597699672042057,0.2340297044045009,0.2340297044045009,0.6843034987776052,0.6533783203814598,2.561243015895323,0.6433624881719485,6.434685174491137,6.668714878895639,29.93032542947564,,,,,4669.56,48.062408648823286,21.07085096603171,21.07085096603171,22.0,0.3821157885682916,0.8857893794210135,10.317812702185794,,1.142490796819402,1.119387995018489,,,6.434685174491138,income,matern52_h0,LO,0.23402970440450144,0.6843034987776053
1,88,PPI_global,1000,50,0.246,0.0135405664126546,0.0957462633149488,-1.1535862959710734,1.1535862959710734,1.2213661739538069,0.4133497065227228,1.6203308495690734,0.4014163969621191,6.434685174491137,5.281098878520064,,,,,,,,,,,,,,,0.7227791630651293,1.9979185187388349,,,6.434685174491138,income,matern52_h0,PPI,-1.153586295971074,1.2213661739538073
1,89,GH_P1_c22,1000,50,0.959,0.0064980373803109,0.0459480629602153,0.2407028537315843,0.2407028537315843,0.6109868801712985,0.5686126851497245,2.2289617257869203,0.5618565535202574,6.416860337458491,6.657563191190077,29.389270961481643,22.81770971470709,3.810629030180249,316.227766016838,1.3999999999999997,4679.43,50.119696535969325,21.248510036859187,21.248510036859187,22.0,0.3821157885682916,0.8901924803620231,9.743728118160124,0.0,1.0,1.0,,,6.416860337458489,income,matern52_h0,PPCI,0.2407028537315874,0.6109868801712998
1,89,LO_GH_P1_c22w,1000,50,0.949,0.0072125174636367,0.0510002000796395,0.2352499029325623,0.2352499029325623,0.6945799924455379,0.6474061292951092,2.537832026836828,0.6538550110317385,6.416860337458491,6.652110240391053,29.381676383923672,,,,,4679.43,50.119696535969325,21.248510036859187,21.248510036859187,22.0,0.3821157885682916,0.8901924803620231,9.743728118160124,,1.1385713794349084,1.1368165421994052,,,6.416860337458489,income,matern52_h0,LO,0.23524990293256387,0.6945799924455385
1,89,PPI_global,1000,50,0.275,0.0145160010235011,0.1026436275942851,-1.1281517060485593,1.1281517060485593,1.1998331883363738,0.4124337242251485,1.616740198962582,0.4087058213698143,6.416860337458491,5.288708631409932,,,,,,,,,,,,,,,0.7253333156233549,1.9637626064899856,,,6.416860337458489,income,matern52_h0,PPI,-1.1281517060485573,1.199833188336372
1,90,GH_P1_c22,1000,50,0.942,0.0077406955337966,0.05473498303048,0.2574990812818676,0.2574990812818676,0.6331730926225161,0.572141026214874,2.242792822762305,0.5787377002458379,6.399565768644426,6.657064849926295,29.67791887928862,23.03702371806328,3.779807891554925,316.227766016838,1.3999999999999997,4689.68,52.23966938385909,21.39666362874132,21.39666362874132,22.0,0.3821157885682916,0.8941799984382762,9.160938466876374,0.0,1.0,1.0,,,6.399565768644427,income,matern52_h0,PPCI,0.2574990812818676,0.6331730926225161
1,90,LO_GH_P1_c22w,1000,50,0.953,0.0062938259348316,0.044504069981272,0.244300070043516,0.244300070043516,0.6999175073472852,0.6505686238814377,2.550229005615236,0.6562260475579004,6.399565768644426,6.643865838687944,29.67506696060185,,,,,4689.68,52.23966938385909,21.39666362874132,21.39666362874132,22.0,0.3821157885682916,0.8941799984382762,9.160938466876374,,1.1370773883939405,1.1054125885993085,,,6.399565768644427,income,matern52_h0,LO,0.24430007004351673,0.6999175073472855
1,90,PPI_global,1000,50,0.287,0.0139100609602678,0.0983589843172364,-1.1101961598486068,1.1101961598486068,1.1843710058799444,0.4138460437268687,1.6222764914093255,0.4127584472330514,6.399565768644426,5.2893696087958215,,,,,,,,,,,,,,,0.7233287332404028,1.8705327495431647,,,6.399565768644427,income,matern52_h0,PPI,-1.1101961598486056,1.184371005879943
1,91,GH_P1_c22,1000,50,0.937,0.0072576490262174,0.051319328419103,0.2989330816815924,0.2989330816815924,0.6616829283603242,0.5732097066470414,2.246982050056403,0.5906031852964582,6.382777716803456,6.681710798485048,29.723860258674904,23.000850569421303,3.77494679072652,316.227766016838,1.3999999999999997,4695.61,54.03949013098836,21.550776174459592,21.550776174459592,22.0,0.3821157885682916,0.8973340343562516,8.807306624039015,0.0,1.0,1.0,,,6.3827777168034565,income,matern52_h0,PPCI,0.29893308168159116,0.6616829283603235
1,91,LO_GH_P1_c22w,1000,50,0.932,0.008422515984562,0.0595561816733595,0.2904953363495215,0.2904953363495215,0.7371223521922174,0.653729158387777,2.562618300880086,0.6778061986316364,6.382777716803456,6.673273053152976,29.71728582855459,,,,,4695.61,54.03949013098836,21.550776174459592,21.550776174459592,22.0,0.3821157885682916,0.8973340343562516,8.807306624039015,,1.1404711937132563,1.114011440523084,,,6.3827777168034565,income,matern52_h0,LO,0.29049533634951974,0.7371223521922168
1,91,PPI_global,1000,50,0.314,0.0150536455683651,0.106445348629698,-1.0521733760085907,1.0521733760085907,1.1369328108139682,0.4180124611093843,1.6386088475487863,0.4309676742637379,6.382777716803456,5.330604340794864,,,,,,,,,,,,,,,0.7292487483412048,1.7182441348930244,,,6.3827777168034565,income,matern52_h0,PPI,-1.052173376008593,1.1369328108139702
1,92,GH_P1_c22,1000,50,0.932,0.0063503173631122,0.0449035247014334,0.2789791467390038,0.2789791467390038,0.6566842963309685,0.5710438149065399,2.238491754433636,0.5947761422517454,6.366473916996397,6.6454530637354,29.37644586178308,22.827237849738683,3.735941834126728,316.227766016838,1.3999999999999997,4706.37,56.344257090678205,21.6942360553054,21.6942360553054,22.0,0.3821157885682916,0.9012399563695586,8.2241999463499,0.0,1.0,1.0,,,6.366473916996396,income,matern52_h0,PPCI,0.2789791467390037,0.6566842963309684
1,92,LO_GH_P1_c22w,1000,50,0.93,0.0072843135908468,0.0515078753637712,0.2832733595775407,0.2832733595775407,0.7354391289877076,0.6501550708929722,2.548607877900451,0.6790346119337772,6.366473916996397,6.649747276573936,29.367138322886248,,,,,4706.37,56.344257090678205,21.6942360553054,21.6942360553054,22.0,0.3821157885682916,0.9012399563695586,8.2241999463499,,1.1385379789103929,1.1199279975122882,,,6.366473916996396,income,matern52_h0,LO,0.28327335957753963,0.7354391289877072
1,92,PPI_global,1000,50,0.322,0.0151966698822539,0.1074566832519513,-1.0594504257773485,1.0594504257773485,1.144723091855271,0.4161942910368649,1.6314816208645104,0.4337555720024015,6.366473916996397,5.307023491219047,,,,,,,,,,,,,,,0.728830748486404,1.7431863351249253,,,6.366473916996396,income,matern52_h0,PPI,-1.0594504257773494,1.1447230918552724
1,93,GH_P1_c22,1000,50,0.939,0.0079910664405411,0.0565053726901888,0.2802106047862677,0.2802106047862677,0.6478157176124363,0.5659781016433463,2.218634158441917,0.5843703531671424,6.350633471838759,6.630844076625025,29.70557875565654,23.04138627792692,3.8685407028761,304.5207239009796,1.3999999999999997,4713.26,57.65046998055956,21.292758805626807,21.292758805626807,22.0,0.3821157885682916,0.9047955896720972,7.743248389124317,0.0,1.0,1.0,,,6.350633471838761,income,matern52_h0,PPCI,0.28021060478626403,0.6478157176124347
1,93,LO_GH_P1_c22w,1000,50,0.946,0.0074010479125649,0.052333311668612,0.2752400499794836,0.2752400499794836,0.7207035598537199,0.6447632617673148,2.5274719861278747,0.6664087609791948,6.350633471838759,6.625873521818241,29.69655186323828,,,,,4713.26,57.65046998055956,21.292758805626807,21.292758805626807,22.0,0.3821157885682916,0.9047955896720972,7.743248389124317,,1.1392017816505833,1.1125132352606637,,,6.350633471838761,income,matern52_h0,LO,0.27524004997948026,0.7207035598537186
1,93,PPI_global,1000,50,0.297,0.0143860760346061,0.1017249191873528,-1.0563917459380483,1.0563917459380483,1.1382141008081164,0.4116129436798597,1.61352273922505,0.4239664679645665,6.350633471838759,5.29424172590071,,,,,,,,,,,,,,,0.7272594866916592,1.7570029097211053,,,6.350633471838761,income,matern52_h0,PPI,-1.0563917459380514,1.1382141008081195
1,94,GH_P1_c22,1000,50,0.949,0.0078882501098734,0.0557783514438703,0.3715935734635785,0.3715935734635785,0.675027658633472,0.5767185550006827,2.260736735602676,0.5638248438436272,6.335236742370896,6.706830315834475,34.81338424925639,26.97097170471996,4.524163649861682,255.09099052291103,1.3999999999999997,4727.32,57.49103391805388,19.14766484842489,19.14766484842489,22.0,0.3821157885682916,0.9115249827757492,6.062906487034823,0.0,1.0,1.0,,,6.335236742370897,income,matern52_h0,PPCI,0.3715935734635778,0.6750276586334716
1,94,LO_GH_P1_c22w,1000,50,0.942,0.0067551945243067,0.0477664385637156,0.3706112297764801,0.3706112297764801,0.7390614882585831,0.6566386726386321,2.5740235967434377,0.6397409383952348,6.335236742370896,6.705847972147378,34.80438568641405,,,,,4727.32,57.49103391805388,19.14766484842489,19.14766484842489,22.0,0.3821157885682916,0.9115249827757492,6.062906487034823,,1.1385773302158706,1.0948610457751335,,,6.335236742370897,income,matern52_h0,LO,0.37061122977648076,0.7390614882585834
1,94,PPI_global,1000,50,0.291,0.0119257909505373,0.0843280765213811,-1.062932229893065,1.062932229893065,1.1330717589736408,0.4103192274338239,1.6084513715405897,0.3926587150499547,6.335236742370896,5.272304512477833,,,,,,,,,,,,,,,0.7114722144380081,1.6785560480105874,,,6.335236742370897,income,matern52_h0,PPI,-1.0629322298930646,1.1330717589736405
1,95,GH_P1_c22,1000,50,0.942,0.0089625069379189,0.0633744943223395,0.3732126539681057,0.3732126539681057,0.6948956431826271,0.5810893041388162,2.27787007222416,0.5864607455220838,6.320265248160409,6.693477902128516,35.34565487534888,27.4910889956689,4.532114021856323,253.79020806559345,1.3999999999999997,4729.88,58.7251243572298,19.100165014075987,19.100165014075987,22.0,0.3821157885682916,0.9116140795191,6.730095615913784,0.0,1.0,1.0,,,6.320265248160407,income,matern52_h0,PPCI,0.37321265396810865,0.6948956431826288
1,95,LO_GH_P1_c22w,1000,50,0.94,0.0080812203564176,0.0571428571428571,0.3776376182448505,0.3776376182448505,0.7614524863446178,0.6609289516819624,2.590841490593293,0.6615416506935592,6.320265248160409,6.6979028664052604,35.33396630450945,,,,,4729.88,58.7251243572298,19.100165014075987,19.100165014075987,22.0,0.3821157885682916,0.9116140795191,6.730095615913784,,1.137396518873239,1.0957796236240018,,,6.320265248160407,income,matern52_h0,LO,0.37763761824485353,0.7614524863446192
1,95,PPI_global,1000,50,0.323,0.0137921894489569,0.0975255068676698,-1.0390316787768552,1.0390316787768552,1.1201759848723598,0.4151290591995832,1.627305912062366,0.4187872853529393,6.320265248160409,5.281233569383554,,,,,,,,,,,,,,,0.7143980387228278,1.6120060556746991,,,6.320265248160407,income,matern52_h0,PPI,-1.039031678776853,1.1201759848723576
1,96,GH_P1_c22,1000,50,0.93,0.0079539490897571,0.0562429133857986,0.4186105046425289,0.4186105046425289,0.7352251577820539,0.5830113016073385,2.285404302300768,0.604720567703445,6.305701577498614,6.724312082141143,35.56433908318893,27.88248686050325,4.559835680418342,251.18864315095823,1.3999999999999997,4736.95,60.76055353020369,19.134958707591068,19.134958707591068,22.0,0.3821157885682916,0.9147156674995842,6.390703776464342,0.0,1.0,1.0,,,6.305701577498618,income,matern52_h0,PPCI,0.41861050464252525,0.7352251577820518
1,96,LO_GH_P1_c22w,1000,50,0.937,0.0080571935155448,0.0569729617217407,0.4036009958662547,0.4036009958662547,0.7897438317726775,0.6598404665026253,2.58657462869029,0.6791633226091763,6.305701577498614,6.7093025733648695,35.558349597942886,,,,,4736.95,60.76055353020369,19.134958707591068,19.134958707591068,22.0,0.3821157885682916,0.9147156674995842,6.390703776464342,,1.131779889486656,1.0741523510363675,,,6.305701577498618,income,matern52_h0,LO,0.40360099586625164,0.7897438317726759
1,96,PPI_global,1000,50,0.361,0.0159264892937674,0.1126172858011792,-0.9939474065207292,0.9939474065207292,1.0840553918244384,0.415151821792886,1.6273951414281131,0.4329342648625129,6.305701577498614,5.311754170977885,,,,,,,,,,,,,,,0.71208194532135,1.4744536151275034,,,6.305701577498618,income,matern52_h0,PPI,-0.993947406520733,1.0840553918244415
1,97,GH_P1_c22,1000,50,0.939,0.0077314623587056,0.0546696946232927,0.3883392946622568,0.3883392946622568,0.7117474123767018,0.5723209289259688,2.243498041389797,0.5967688868821013,6.291529308079702,6.679868602741959,34.280942780944535,26.74062084706588,4.489977676631716,251.18864315095823,1.3999999999999997,4744.11,63.06402013706517,19.29155979870024,19.29155979870024,22.0,0.3821157885682916,0.9177687102910506,6.03896146279327,0.0,1.0,1.0,,,6.291529308079699,income,matern52_h0,PPCI,0.38833929466226014,0.7117474123767036
1,97,LO_GH_P1_c22w,1000,50,0.932,0.0077932466839919,0.0551065757771025,0.3649383498323383,0.3649383498323383,0.7667768990746784,0.649780106169806,2.5471380161856394,0.6747014419815934,6.291529308079702,6.6564676579120405,34.27664702785983,,,,,4744.11,63.06402013706517,19.29155979870024,19.29155979870024,22.0,0.3821157885682916,0.9177687102910506,6.03896146279327,,1.1353422063197989,1.0773160333863658,,,6.291529308079699,income,matern52_h0,LO,0.3649383498323413,0.7667768990746798
1,97,PPI_global,1000,50,0.357,0.0128579364834426,0.0909193407950819,-1.003994104873259,1.003994104873259,1.0892773458385452,0.412000385591173,1.6150415115173982,0.4227288412327921,6.291529308079702,5.287535203206443,,,,,,,,,,,,,,,0.7198764972029643,1.530426843704534,,,6.291529308079699,income,matern52_h0,PPI,-1.0039941048732564,1.089277345838543
1,98,GH_P1_c22,1000,50,0.936,0.0074285714285714,0.0525279323167149,0.4178918759145464,0.4178918759145464,0.7393075552266157,0.5794957103075585,2.2716231844056294,0.6101756760273161,6.27773293454382,6.695624810458364,35.16248406572595,27.354040780763388,4.473784682303768,251.18864315095823,1.3999999999999997,4750.2,65.19610189108539,19.430520785942427,19.430520785942427,22.0,0.3821157885682916,0.9202736406303584,5.797948155055599,0.0,1.0,1.0,,,6.277732934543818,income,matern52_h0,PPCI,0.41789187591454624,0.7393075552266156
1,98,LO_GH_P1_c22w,1000,50,0.931,0.0076784883716438,0.0542951119685139,0.4209637348456639,0.4209637348456639,0.8069382603120789,0.660431003475074,2.5888895336222904,0.6887766715006234,6.27773293454382,6.698696669389481,35.15075624527833,,,,,4750.2,65.19610189108539,19.430520785942427,19.430520785942427,22.0,0.3821157885682916,0.9202736406303584,5.797948155055599,,1.139665042774105,1.0914784444002237,,,6.277732934543818,income,matern52_h0,LO,0.42096373484566296,0.8069382603120785
1,98,PPI_global,1000,50,0.374,0.0147246842591144,0.1041192409045062,-0.9683334449224684,0.9683334449224684,1.061527009275081,0.4167462839949076,1.633645433260038,0.4351543291238614,6.27773293454382,5.309399489621348,,,,,,,,,,,,,,,0.7191533545153007,1.4358395254728558,,,6.277732934543818,income,matern52_h0,PPI,-0.9683334449224699,1.0615270092750824
1,99,GH_P1_c22,1000,50,0.939,0.0079910664405411,0.0565053726901888,0.3994894593122438,0.3994894593122438,0.7019896723462498,0.5754778618925318,2.2558732186187243,0.5775216040828157,6.264297801445152,6.663787260757395,34.44918082948436,26.822807735706377,4.397193642214688,251.18864315095823,1.3999999999999997,4757.96,67.73149107937859,19.574279729298024,19.574279729298024,22.0,0.3821157885682916,0.923109578888236,5.529505075891355,0.0,1.0,1.0,,,6.264297801445149,income,matern52_h0,PPCI,0.399489459312246,0.701989672346251
1,99,LO_GH_P1_c22w,1000,50,0.936,0.0070043718126464,0.049528388066742,0.4247811792797948,0.4247811792797948,0.781323270537262,0.654396105218298,2.565232732455728,0.6560925698961871,6.264297801445152,6.689078980724948,34.428915884594275,,,,,4757.96,67.73149107937859,19.574279729298024,19.574279729298024,22.0,0.3821157885682916,0.923109578888236,5.529505075891355,,1.1371351507184544,1.1130124862462103,,,6.264297801445149,income,matern52_h0,LO,0.4247811792797984,0.7813232705372639
1,99,PPI_global,1000,50,0.37,0.0166598625567008,0.1178030178747903,-0.9738538539614228,0.9738538539614228,1.0577111469174292,0.4150913696277071,1.6271581689406116,0.4129552923881456,6.264297801445152,5.29044394748373,,,,,,,,,,,,,,,0.7212985887287247,1.5067332021883697,,,6.264297801445149,income,matern52_h0,PPI,-0.973853853961419,1.0577111469174258
1,100,GH_P1_c22,1000,50,0.927,0.0079808444134076,0.0564330920431533,0.4355227058029358,0.4355227058029358,0.7367844638023432,0.5775740511678555,2.2640902805779937,0.594579552014926,6.251210041572008,6.686732747374945,34.41157801846087,26.913602863143787,4.390188621810587,251.18864315095823,1.3999999999999997,4762.85,69.92831785893488,19.715526981244803,19.715526981244803,22.0,0.3821157885682916,0.9253795571950656,5.300251274589329,0.0,1.0,1.0,,,6.25121004157201,income,matern52_h0,PPCI,0.43552270580293495,0.7367844638023426
1,100,LO_GH_P1_c22w,1000,50,0.933,0.0079037578249274,0.0558880075486244,0.4337815066111886,0.4337815066111886,0.7951034387854898,0.6566094099232983,2.5739088868993294,0.6666839959389153,6.251210041572008,6.684991548183199,34.402507333023024,,,,,4762.85,69.92831785893488,19.715526981244803,19.715526981244803,22.0,0.3821157885682916,0.9253795571950656,5.300251274589329,,1.13684021745027,1.0791533723202826,,,6.25121004157201,income,matern52_h0,LO,0.4337815066111892,0.7951034387854901
1,100,PPI_global,1000,50,0.381,0.0160286732871731,0.1133398357478382,-0.9377931342295532,0.9377931342295532,1.0296116724614444,0.4170313727076887,1.6347629810141395,0.4252352978284881,6.251210041572008,5.313416907342456,,,,,,,,,,,,,,,0.7220396620389208,1.3974394453812178,,,6.25121004157201,income,matern52_h0,PPI,-0.9377931342295538,1.0296116724614448
2,70,GH_P1_c15,1000,50,0.936,0.0071485691446838,0.0505480171798689,0.048827283086463,0.048827283086463,0.3994049376296664,0.3864121548024226,1.5147356468254969,0.3966074862221836,4.200841915640374,4.249669198726836,18.52232240882461,14.81766637545132,3.001243581391764,251.18864315095823,1.3999999999999997,4315.49,13.809256277053407,14.161549190746332,14.161549190746332,15.0,0.3821157885682916,0.6810900999613568,19.00831009745512,0.0,,,1.0,1.0,4.200841915640371,income,matern52_h0,PPCI,0.04882728308646467,0.39940493762966656
2,70,LO_GH_P1_c15w,1000,50,0.933,0.0073692687865879,0.052108599313827,0.0532570558658004,0.0532570558658004,0.4461197889396648,0.4336421315152285,1.699877155539696,0.4431511424097846,4.200841915640374,4.254098971506173,18.515294460383995,,,,,4315.49,13.809256277053407,14.161549190746332,14.161549190746332,15.0,0.3821157885682916,0.6810900999613568,19.00831009745512,,,,1.1222269437589385,1.116961126187461,4.200841915640371,income,matern52_h0,LO,0.053257055865802094,0.446119788939665
2,70,PPI_global,1000,50,0.184,0.0148076097369713,0.1047056125817639,-0.8660707128444332,0.8660707128444332,0.9086258505167636,0.2698978487516333,1.0579995671064026,0.2749510040626916,4.200841915640374,3.3347712027959395,,,,,,,,,,,,,,,,,0.698471425904383,2.274948967604536,4.200841915640371,income,matern52_h0,PPI,-0.8660707128444316,0.908625850516762
2,71,GH_P1_c15,1000,50,0.922,0.0079744489925444,0.0563878695885444,0.0541804447956571,0.0541804447956571,0.4135720536267108,0.3880882993158845,1.5213061333182674,0.4102128685698438,4.1801705254873065,4.234350970282963,18.53428836657208,14.893982458785374,2.960604191100139,251.18864315095823,1.3999999999999997,4339.08,14.77216659158369,14.29191412541836,14.29191412541836,15.0,0.3821157885682916,0.6990063483693789,18.92417865110938,0.0,,,1.0,1.0,4.180170525487306,income,matern52_h0,PPCI,0.054180444795657756,0.41357205362671084
2,71,LO_GH_P1_c15w,1000,50,0.917,0.0080318244553546,0.056793575376812,0.0541158612905037,0.0541158612905037,0.4659247498734254,0.4351589408598539,1.7058230481706278,0.4630029350006545,4.1801705254873065,4.234286386777811,18.526546814346144,,,,,4339.08,14.77216659158369,14.29191412541836,14.29191412541836,15.0,0.3821157885682916,0.6990063483693789,18.92417865110938,,,,1.121288484159262,1.126586638984964,4.180170525487306,income,matern52_h0,LO,0.05411586129050505,0.4659247498734256
2,71,PPI_global,1000,50,0.21,0.0130149051130632,0.0920292766194651,-0.8511660084843818,0.8511660084843818,0.8956491939220385,0.2708065907379183,1.0615618356926395,0.2788936827183843,4.1801705254873065,3.3290045170029248,,,,,,,,,,,,,,,,,0.6977963293799158,2.1656424462627,4.180170525487306,income,matern52_h0,PPI,-0.8511660084843808,0.8956491939220376
2,72,GH_P1_c15,1000,50,0.929,0.0079654867768289,0.0563244971534752,0.0904970534158936,0.0904970534158936,0.4316508326828719,0.3926353004763074,1.5391303778671253,0.4222689139808567,4.160599118732094,4.251096172147987,18.79832156508502,15.155799939120456,2.9220876554417474,251.18864315095823,1.3999999999999997,4356.32,15.718712416640455,14.468026743703833,14.468026743703833,15.0,0.3821157885682916,0.7155305743289685,18.65713360564857,0.0,,,1.0,1.0,4.160599118732095,income,matern52_h0,PPCI,0.0904970534158922,0.4316508326828716
2,72,LO_GH_P1_c15w,1000,50,0.93,0.0083299312783504,0.0589015089373951,0.0875610592912262,0.0875610592912262,0.471749107720712,0.4395905964346967,1.7231951380240111,0.4637837609360577,4.160599118732094,4.248160178023319,18.793077342150333,,,,,4356.32,15.718712416640455,14.468026743703833,14.468026743703833,15.0,0.3821157885682916,0.7155305743289685,18.65713360564857,,,,1.1195901028293371,1.0928951643359848,4.160599118732095,income,matern52_h0,LO,0.08756105929122437,0.4717491077207117
2,72,PPI_global,1000,50,0.246,0.0139122615130741,0.0983745445753532,-0.8127267780930091,0.8127267780930091,0.8631250708739019,0.2737345694451383,1.073039512224942,0.290765570104841,4.160599118732094,3.3478723406390847,,,,,,,,,,,,,,,,,0.6971725902206699,1.9995908857843632,4.160599118732095,income,matern52_h0,PPI,-0.8127267780930101,0.8631250708739028
2,73,GH_P1_c15,1000,50,0.935,0.0084816729193127,0.0599744843705237,0.0882847299260174,0.0882847299260174,0.4105673650663968,0.3873731789597296,1.5185028615221403,0.4011636823286395,4.14203991040899,4.230324640335009,18.08623255537445,14.551866977008183,2.870109242137928,251.18864315095823,1.3999999999999997,4378.34,16.734709718798126,14.599796567311596,14.599796567311596,15.0,0.3821157885682916,0.7299139378926144,18.550044789028423,0.0,,,1.0,1.0,4.142039910408992,income,matern52_h0,PPCI,0.08828472992601721,0.4105673650663968
2,73,LO_GH_P1_c15w,1000,50,0.938,0.0074996598562323,0.0530306034093445,0.0879858081690153,0.0879858081690153,0.4572484823056653,0.4339388303080034,1.701040214807373,0.4489278431329689,4.14203991040899,4.230025718578006,18.08082931502536,,,,,4378.34,16.734709718798126,14.599796567311596,14.599796567311596,15.0,0.3821157885682916,0.7299139378926144,18.550044789028423,,,,1.1202087647712815,1.1136990448125832,4.142039910408992,income,matern52_h0,LO,0.08798580816901413,0.45724848230566506
2,73,PPI_global,1000,50,0.248,0.0150482218083013,0.1064069968544918,-0.7931536468917898,0.7931536468917898,0.8409066996737162,0.2724707649389158,1.0680853985605503,0.2794807318185882,4.14203991040899,3.3488862635172016,,,,,,,,,,,,,,,,,0.7033805635966378,2.048157674533447,4.142039910408992,income,matern52_h0,PPI,-0.7931536468917906,0.840906699673717
2,74,GH_P1_c15,1000,50,0.937,0.0072576490262174,0.051319328419103,0.0992946130860791,0.0992946130860791,0.4135215446473686,0.3882524525993337,1.521949614189388,0.4016241397740937,4.1244133352085,4.223707948294577,18.11305745842916,14.610303060149374,2.827498996300589,251.18864315095823,1.3999999999999997,4398.94,17.842242971422056,14.7708321695157,14.7708321695157,15.0,0.3821157885682916,0.7444760510618302,18.28096048690838,0.0,,,1.0,1.0,4.124413335208498,income,matern52_h0,PPCI,0.09929461308607923,0.41352154464736857
2,74,LO_GH_P1_c15w,1000,50,0.948,0.005707138387268,0.0403555625480729,0.111363838071979,0.111363838071979,0.4588101170978589,0.4355853765009701,1.7074946758838028,0.4453123872558145,4.1244133352085,4.235777173280478,18.107206911458896,,,,,4398.94,17.842242971422056,14.7708321695157,14.7708321695157,15.0,0.3821157885682916,0.7444760510618302,18.28096048690838,,,,1.121912749255657,1.1095192573076458,4.124413335208498,income,matern52_h0,LO,0.11136383807197969,0.45881011709785907
2,74,PPI_global,1000,50,0.263,0.0155714285714285,0.1101066273561909,-0.770932998492895,0.770932998492895,0.8192904349367606,0.2739938859354905,1.0740560328671227,0.2774456788604546,4.1244133352085,3.353480336715604,,,,,,,,,,,,,,,,,0.705710637759306,1.9812521150147384,4.124413335208498,income,matern52_h0,PPI,-0.7709329984928939,0.8192904349367595
2,75,GH_P1_c15,1000,50,0.93,0.0074230748895809,0.0524890659167823,0.1258622027052015,0.1258622027052015,0.4328097421109528,0.3914790183021349,1.534597751744369,0.4143122414674396,4.1076472544150295,4.233509457120232,18.8888018053014,15.252489466862857,2.952462317211006,239.8229125870628,1.3999999999999997,4420.34,18.454787539587343,14.370315870344282,14.370315870344282,15.0,0.3821157885682916,0.757942391904366,17.812667039798217,0.0,,,1.0,1.0,4.10764725441503,income,matern52_h0,PPCI,0.12586220270520165,0.43280974211095286
2,75,LO_GH_P1_c15w,1000,50,0.944,0.007645193234434,0.0540596797954985,0.1328720318900657,0.1328720318900657,0.4771234305251791,0.4381180884661272,1.7174229067872189,0.4584779090540911,4.1076472544150295,4.240519286305096,18.88183335569348,,,,,4420.34,18.454787539587343,14.370315870344282,14.370315870344282,15.0,0.3821157885682916,0.757942391904366,17.812667039798217,,,,1.1191355551218771,1.1023860696806271,4.10764725441503,income,matern52_h0,LO,0.13287203189006558,0.4771234305251791
2,75,PPI_global,1000,50,0.279,0.0130219594751108,0.0920791584918727,-0.7487648574086654,0.7487648574086654,0.8018521426143044,0.2754717580941385,1.0798492917290228,0.2870547811347236,4.1076472544150295,3.358882397006365,,,,,,,,,,,,,,,,,0.7036692778296879,1.85266657516398,4.10764725441503,income,matern52_h0,PPI,-0.7487648574086654,0.8018521426143044
2,76,GH_P1_c15,1000,50,0.942,0.0064460080986734,0.0455801603815537,0.1544653102903719,0.1544653102903719,0.4401294142703796,0.3957378046867438,1.5512921943720357,0.4123401431057896,4.091676225765211,4.24614153605558,21.43935939929704,17.446449395407413,3.380322909872438,205.72572089537653,1.3999999999999997,4441.24,18.13582515379312,12.839135055144382,12.839135055144382,15.0,0.3821157885682916,0.7704806908840032,17.021327312613533,0.0,,,1.0,1.0,4.09167622576521,income,matern52_h0,PPCI,0.15446531029037036,0.44012941427037905
2,76,LO_GH_P1_c15w,1000,50,0.941,0.0060084973842323,0.0424864924513229,0.1514690345211441,0.1514690345211441,0.485111631683072,0.4422148632063545,1.7334822637689091,0.461088960836464,4.091676225765211,4.243145260286353,21.43098504446909,,,,,4441.24,18.13582515379312,12.839135055144382,12.839135055144382,15.0,0.3821157885682916,0.7704806908840032,17.021327312613533,,,,1.1174440702131063,1.10220225223361,4.09167622576521,income,matern52_h0,LO,0.1514690345211429,0.48511163168307164
2,76,PPI_global,1000,50,0.289,0.013798106939071,0.097567349841543,-0.7430073123967665,0.7430073123967665,0.79346068975287,0.2727483089211594,1.069173370970945,0.2785634532840581,4.091676225765211,3.348668913368442,,,,,,,,,,,,,,,,,0.6892146913713746,1.8027895069640407,4.09167622576521,income,matern52_h0,PPI,-0.7430073123967675,0.793460689752871
2,77,GH_P1_c15,1000,50,0.949,0.0069237833234586,0.0489585413948394,0.1602891066863059,0.1602891066863059,0.4316781899574552,0.3913438637299912,1.5340679458215654,0.4010165535721559,4.076440837918264,4.23672994460457,21.180296687848568,17.151889040146354,3.4146002849497545,199.52623149688813,1.3999999999999997,4456.53,18.86496797550541,12.704816455217866,12.704816455217866,15.0,0.3821157885682916,0.7816846667388138,16.621833355379234,0.0,,,1.0,1.0,4.076440837918264,income,matern52_h0,PPCI,0.1602891066863057,0.4316781899574552
2,77,LO_GH_P1_c15w,1000,50,0.94,0.0083299312783504,0.0589015089373951,0.1665344688716687,0.1665344688716687,0.4858660120250848,0.4382604741282149,1.7179810585826023,0.4566624496405444,4.076440837918264,4.2429753067899325,21.173118813505745,,,,,4456.53,18.86496797550541,12.704816455217866,12.704816455217866,15.0,0.3821157885682916,0.7816846667388138,16.621833355379234,,,,1.11988589766312,1.125528283170781,4.076440837918264,income,matern52_h0,LO,0.16653446887166812,0.4858660120250846
2,77,PPI_global,1000,50,0.286,0.0145012314747994,0.1025391911138649,-0.7239146350566805,0.7239146350566805,0.7736204362084025,0.2717120376563042,1.0651111876127124,0.2729664652685257,4.076440837918264,3.3525262028615845,,,,,,,,,,,,,,,,,0.6943050928831548,1.792123054177576,4.076440837918264,income,matern52_h0,PPI,-0.7239146350566799,0.7736204362084019
2,78,GH_P1_c15,1000,50,0.952,0.006220440302022,0.043985155195259,0.1771062392513188,0.1771062392513188,0.4442429449910529,0.3944803718330847,1.546363057585692,0.4076166403841928,4.061887111484032,4.238993350735351,21.174038342281992,17.20211598807872,3.3725752297304967,199.52623149688813,1.3999999999999997,4475.44,20.053259657312324,12.895348163334551,12.895348163334551,15.0,0.3821157885682916,0.793043905171293,16.28650977949024,0.0,,,1.0,1.0,4.0618871114840305,income,matern52_h0,PPCI,0.1771062392513203,0.44424294499105343
2,78,LO_GH_P1_c15w,1000,50,0.947,0.0070580681868774,0.0499080787701812,0.1657366275042885,0.1657366275042885,0.4850518885466672,0.4398888018144687,1.7243641031127173,0.4560863071895483,4.061887111484032,4.22762373898832,21.16474456336493,,,,,4475.44,20.053259657312324,12.895348163334551,12.895348163334551,15.0,0.3821157885682916,0.793043905171293,16.28650977949024,,,,1.1151094787565186,1.0918617707174534,4.0618871114840305,income,matern52_h0,LO,0.1657366275042893,0.48505188854666753
2,78,PPI_global,1000,50,0.316,0.0132048228666186,0.0933721979335325,-0.7050554928573292,0.7050554928573292,0.7602220084100768,0.2727328613698755,1.0691128165699124,0.2844559179064335,4.061887111484032,3.356831618626702,,,,,,,,,,,,,,,,,0.6913724505544633,1.7112753662872189,4.0618871114840305,income,matern52_h0,PPI,-0.7050554928573285,0.7602220084100763
2,79,GH_P1_c15,1000,50,0.955,0.0059333027592271,0.041954786158824,0.1733612915159505,0.1733612915159505,0.428255230344667,0.3916290874719702,1.5351860228901233,0.3917931939535368,4.047965960444721,4.221327251960671,20.68743644611601,16.774674389705773,3.3126707583197,199.52623149688813,1.3999999999999997,4488.92,21.096916695910373,13.070387574394156,13.070387574394156,15.0,0.3821157885682916,0.8025003531183892,16.01497797150717,0.0,,,1.0,1.0,4.047965960444719,income,matern52_h0,PPCI,0.1733612915159517,0.42825523034466745
2,79,LO_GH_P1_c15w,1000,50,0.952,0.007948815853282,0.0562066159225885,0.1872557035913843,0.1872557035913843,0.4703026228338421,0.4387786811775299,1.7200124302159172,0.4316319782888755,4.047965960444721,4.235221664036105,20.680623499344883,,,,,4488.92,21.096916695910373,13.070387574394156,13.070387574394156,15.0,0.3821157885682916,0.8025003531183892,16.01497797150717,,,,1.1203934927559085,1.098183021501768,4.047965960444719,income,matern52_h0,LO,0.18725570359138644,0.47030262283384294
2,79,PPI_global,1000,50,0.315,0.0143747227124986,0.1016446390768407,-0.6955648183707093,0.6955648183707093,0.7463020171483961,0.2724332483706778,1.0679383336130568,0.2706095226677092,4.047965960444721,3.352401142074012,,,,,,,,,,,,,,,,,0.6956409957423717,1.7426570985432208,4.047965960444719,income,matern52_h0,PPI,-0.6955648183707068,0.7463020171483937
2,80,GH_P1_c15,1000,50,0.956,0.0069458547320818,0.0491146098219173,0.2046588413012656,0.2046588413012656,0.4574339190689617,0.3973850074330738,1.5577492291376496,0.4093019387555865,4.034632708558938,4.239291549860203,21.015343950810223,17.211158176519195,3.285955040584104,199.52623149688813,1.3999999999999997,4509.94,22.50573337110413,13.277515923896113,13.277515923896113,15.0,0.3821157885682916,0.8133850051549867,15.709586045742396,0.0,,,1.0,1.0,4.034632708558937,income,matern52_h0,PPCI,0.20465884130126621,0.457433919068962
2,80,LO_GH_P1_c15w,1000,50,0.948,0.0058832172234211,0.0416006279387458,0.2019057040781193,0.2019057040781193,0.5005078595969664,0.4427657436832836,1.7356417152384718,0.4582053648042447,4.034632708558938,4.236538412637057,21.0054716744471,,,,,4509.94,22.50573337110413,13.277515923896113,13.277515923896113,15.0,0.3821157885682916,0.8133850051549867,15.709586045742396,,,,1.1141984106127925,1.0941642906929054,4.034632708558937,income,matern52_h0,LO,0.20190570407812025,0.5005078595969668
2,80,PPI_global,1000,50,0.358,0.0179204591777905,0.1267167820659239,-0.6690494974299414,0.6690494974299414,0.7246509482329724,0.2751066547535831,1.078418086634046,0.2785127216121175,4.034632708558938,3.3655832111289965,,,,,,,,,,,,,,,,,0.6922924861474942,1.5841653144303136,4.034632708558937,income,matern52_h0,PPI,-0.6690494974299406,0.7246509482329717
2,81,GH_P1_c15,1000,50,0.959,0.0060084973842323,0.042486492451323,0.1966186097612271,0.1966186097612271,0.4374841510042932,0.3936747656604034,1.5432050813887812,0.3910068938862536,4.021846654744075,4.218465264505303,20.317633446925203,16.586317719113723,3.226717239972113,199.52623149688813,1.3999999999999997,4519.11,23.592064942758203,13.468292149132042,13.468292149132042,15.0,0.3821157885682916,0.8213441776814242,15.408010496728265,0.0,,,1.0,1.0,4.021846654744076,income,matern52_h0,PPCI,0.19661860976122725,0.43748415100429316
2,81,LO_GH_P1_c15w,1000,50,0.955,0.0057587555344989,0.0407205508963977,0.1889114021390095,0.1889114021390095,0.4709048063594769,0.4378433728547831,1.7163460215907496,0.4315669923235476,4.021846654744075,4.210758056883085,20.309032943177986,,,,,4519.11,23.592064942758203,13.468292149132042,13.468292149132042,15.0,0.3821157885682916,0.8213441776814242,15.408010496728265,,,,1.1121956778720254,1.07639283681126,4.021846654744076,income,matern52_h0,LO,0.18891140213900925,0.47090480635947674
2,81,PPI_global,1000,50,0.334,0.0158719364712356,0.1122315390937277,-0.6689407225936481,0.6689407225936481,0.7177179354012706,0.2727150882576187,1.0690431459698653,0.2602019398506711,4.021846654744075,3.352905932150428,,,,,,,,,,,,,,,,,0.6927421111183732,1.6405575693511862,4.021846654744076,income,matern52_h0,PPI,-0.6689407225936477,0.71771793540127
2,82,GH_P1_c15,1000,50,0.943,0.0062286369590261,0.0440431143127657,0.1954670349888211,0.1954670349888211,0.4519969968767544,0.3933368340213149,1.5418803893635542,0.4077501485001391,4.009570685579964,4.205037720568786,20.39493460747733,16.628188037567817,3.165603571252167,199.52623149688813,1.3999999999999997,4538.25,24.998268293872066,13.620053209871458,13.620053209871458,15.0,0.3821157885682916,0.8292560091019171,15.091283604180894,0.0,,,1.0,1.0,4.0095706855799635,income,matern52_h0,PPCI,0.19546703498882234,0.4519969968767548
2,82,LO_GH_P1_c15w,1000,50,0.949,0.0063067828727554,0.0445956893679656,0.1945117195054543,0.1945117195054543,0.4926317562804546,0.4381459066227934,1.71753195396135,0.4528314195874247,4.009570685579964,4.204082405085417,20.386841359328333,,,,,4538.25,24.998268293872066,13.620053209871458,13.620053209871458,15.0,0.3821157885682916,0.8292560091019171,15.091283604180894,,,,1.1139203571233565,1.0899005074911594,4.0095706855799635,income,matern52_h0,LO,0.19451171950545376,0.4926317562804544
2,82,PPI_global,1000,50,0.341,0.0144765820749038,0.1023648935356816,-0.6616546077262822,0.6616546077262822,0.7183114219889564,0.2728553335736789,1.0695929076088215,0.2797547886563379,4.009570685579964,3.3479160778536814,,,,,,,,,,,,,,,,,0.6936938266983991,1.5891951206587722,4.0095706855799635,income,matern52_h0,PPI,-0.6616546077262822,0.7183114219889563
2,83,GH_P1_c15,1000,50,0.952,0.0076877851697564,0.0543608502584012,0.193307002350245,0.193307002350245,0.4397617993599385,0.3889089582407389,1.524523116303697,0.3951949165167662,3.9977709352061983,4.191077937556443,19.6140546544504,16.03792010854529,3.1249479284000765,199.52623149688813,1.3999999999999997,4552.04,26.26767409653244,13.80370360058719,13.80370360058719,15.0,0.3821157885682916,0.8368175491477766,14.711195348201692,0.0,,,1.0,1.0,3.9977709352061988,income,matern52_h0,PPCI,0.19330700235024434,0.43976179935993814
2,83,LO_GH_P1_c15w,1000,50,0.947,0.006762743073454,0.0478198148666172,0.1973013917878512,0.1973013917878512,0.4801571850779925,0.4339847128354449,1.7012200743149442,0.437966777368646,3.9977709352061983,4.195072326994051,19.60752916885448,,,,,4552.04,26.26767409653244,13.80370360058719,13.80370360058719,15.0,0.3821157885682916,0.8368175491477766,14.711195348201692,,,,1.1159031018431915,1.091857423216042,3.9977709352061988,income,matern52_h0,LO,0.19730139178785233,0.480157185077993
2,83,PPI_global,1000,50,0.359,0.0168843605935511,0.119390458716989,-0.6542615358555548,0.6542615358555548,0.7070715245529735,0.2709788223939309,1.0622369837842094,0.2682609689855718,3.9977709352061983,3.343509399350644,,,,,,,,,,,,,,,,,0.696766728181643,1.6078511721165802,3.9977709352061988,income,matern52_h0,PPI,-0.6542615358555546,0.7070715245529733
2,84,GH_P1_c15,1000,50,0.949,0.0061428571428571,0.043436559415745,0.1955384965621719,0.1955384965621719,0.4569663541635777,0.3916088729581284,1.5351067819958637,0.4132235459151094,3.9864164836011406,4.181954980163314,19.92331383449006,16.27370884115323,3.08970890408631,199.52623149688813,1.3999999999999997,4566.24,27.70328284500744,14.012265255639798,14.012265255639798,15.0,0.3821157885682916,0.8448161313142885,14.17092491976216,0.0,,,1.0,1.0,3.986416483601141,income,matern52_h0,PPCI,0.19553849656217315,0.4569663541635783
2,84,LO_GH_P1_c15w,1000,50,0.943,0.0069999999999999,0.0494974746830583,0.1974714109862911,0.1974714109862911,0.4975142003281422,0.4358867711080029,1.7086761427433717,0.4568743323133408,3.9864164836011406,4.183887894587432,19.915373285332453,,,,,4566.24,27.70328284500744,14.012265255639798,14.012265255639798,15.0,0.3821157885682916,0.8448161313142885,14.17092491976216,,,,1.1130666366556226,1.088732673193812,3.986416483601141,income,matern52_h0,LO,0.19747141098629095,0.4975142003281422
2,84,PPI_global,1000,50,0.353,0.0148055422606756,0.1046909933166777,-0.6481794646367288,0.6481794646367288,0.7052449939536838,0.2709233516683301,1.062019538539854,0.2780489063353591,3.9864164836011406,3.3382370189644126,,,,,,,,,,,,,,,,,0.691821279793366,1.5433193002678511,3.986416483601141,income,matern52_h0,PPI,-0.6481794646367285,0.7052449939536835
2,85,GH_P1_c15,1000,50,0.958,0.0069045976991968,0.0488228785446716,0.2282814693400452,0.2282814693400452,0.4617752795224899,0.3933945555387298,1.5421066577118208,0.4016033675142957,3.975479086161771,4.203760555501818,19.86335376537391,16.21361098141957,3.0549920708729394,199.52623149688813,1.3999999999999997,4578.46,29.05565132811501,14.184144005057318,14.184144005057318,15.0,0.3821157885682916,0.8511092874035112,13.686539987016358,0.0,,,1.0,1.0,3.9754790861617724,income,matern52_h0,PPCI,0.22828146934004545,0.46177527952249
2,85,LO_GH_P1_c15w,1000,50,0.953,0.006762743073454,0.0478198148666172,0.2272336015941514,0.2272336015941514,0.5048209320409093,0.4379998030653479,1.7169592280161636,0.4510127228908429,3.975479086161771,4.202712687755924,19.85628386128591,,,,,4578.46,29.05565132811501,14.184144005057318,14.184144005057318,15.0,0.3821157885682916,0.8511092874035112,13.686539987016358,,,,1.1133855232580276,1.0932177499040914,3.9754790861617724,income,matern52_h0,LO,0.22723360159415185,0.5048209320409095
2,85,PPI_global,1000,50,0.396,0.015897631706564,0.1124132318451771,-0.6155609469127785,0.6155609469127785,0.6759963238754437,0.2747662840981997,1.077083833664943,0.2795243896574514,3.975479086161771,3.3599181392489945,,,,,,,,,,,,,,,,,0.6984496359435481,1.4639075625149842,3.9754790861617724,income,matern52_h0,PPI,-0.6155609469127779,0.6759963238754432
2,86,GH_P1_c15,1000,50,0.936,0.0079590790155337,0.0562791874388348,0.1977422582847056,0.1977422582847056,0.4627504677451442,0.3878306715479563,1.5202962324679887,0.4185823764717134,3.9649329281602506,4.162675186444955,19.27352758344819,15.790584897622606,3.0116605108213275,199.52623149688813,1.3999999999999997,4591.62,30.483620983451107,14.352147620003011,14.352147620003011,15.0,0.3821157885682916,0.8572619655186825,13.088430351202067,0.0,,,1.0,1.0,3.9649329281602483,income,matern52_h0,PPCI,0.19774225828470637,0.4627504677451445
2,86,LO_GH_P1_c15w,1000,50,0.939,0.0078623359461811,0.0555951106351144,0.1945092271834573,0.1945092271834573,0.4936242291806796,0.4323313744875299,1.6947389879911174,0.4539130723519276,3.9649329281602506,4.159442155343707,19.267463610088186,,,,,4591.62,30.483620983451107,14.352147620003011,14.352147620003011,15.0,0.3821157885682916,0.8572619655186825,13.088430351202067,,,,1.114742608576978,1.066717947549518,3.9649329281602483,income,matern52_h0,LO,0.19450922718345875,0.49362422918068016
2,86,PPI_global,1000,50,0.385,0.0193385519581155,0.1367442122791189,-0.6272673577894076,0.6272673577894076,0.6891803077507451,0.2718480114726406,1.0656442049727517,0.2856339356387742,3.9649329281602506,3.3376655703708416,,,,,,,,,,,,,,,,,0.7009451067591129,1.4893130440449498,3.9649329281602483,income,matern52_h0,PPI,-0.6272673577894068,0.6891803077507442
2,87,GH_P1_c15,1000,50,0.944,0.0079076300017703,0.0559153879736597,0.2100495548727035,0.2100495548727035,0.440207345451418,0.3871460788499195,1.5176126290916847,0.387054909528549,3.954754399430359,4.164803954303063,19.044011566278133,15.520242867236096,2.961420375369694,199.52623149688813,1.3999999999999997,4607.41,32.12757013498313,14.519313112847083,14.519313112847083,15.0,0.3821157885682916,0.8633068109993322,12.495981646990858,0.0,,,1.0,1.0,3.9547543994303616,income,matern52_h0,PPCI,0.21004955487270172,0.44020734545141704
2,87,LO_GH_P1_c15w,1000,50,0.94,0.0075592894601845,0.0534522483824848,0.2168990601089556,0.2168990601089556,0.4865852414605551,0.4323264532930564,1.694719696908781,0.4357865358589161,3.954754399430359,4.171653459539316,19.038313437395605,,,,,4607.41,32.12757013498313,14.519313112847083,14.519313112847083,15.0,0.3821157885682916,0.8633068109993322,12.495981646990858,,,,1.1167011030496614,1.1053546618164178,3.9547543994303616,income,matern52_h0,LO,0.21689906010895443,0.48658524146055465
2,87,PPI_global,1000,50,0.398,0.0177258027077098,0.1253403529659648,-0.6034306233229756,0.6034306233229756,0.6618484931181311,0.2727396041982001,1.0691392484569442,0.2720090064287657,3.954754399430359,3.3513237761073844,,,,,,,,,,,,,,,,,0.7044875800070542,1.503492615370667,3.9547543994303616,income,matern52_h0,PPI,-0.6034306233229771,0.6618484931181324
2,88,GH_P1_c15,1000,50,0.943,0.0071442855714571,0.0505177277431054,0.2127226455711389,0.2127226455711389,0.4476362997752079,0.3862681610075223,1.5141711911494882,0.3940591523530554,3.9449218867425615,4.157644532313701,18.78290724688165,15.30397201132902,2.9389682815054794,199.52623149688813,1.3999999999999997,4617.15,33.65719901371458,14.7374692266162,14.7374692266162,15.0,0.3821157885682916,0.8695482788998468,11.726043893411898,0.0,,,1.0,1.0,3.9449218867425624,income,matern52_h0,PPCI,0.21272264557113862,0.4476362997752077
2,88,LO_GH_P1_c15w,1000,50,0.95,0.0074230748895809,0.0524890659167823,0.2082964009443602,0.2082964009443602,0.474824285136729,0.4296047674290564,1.6840506883219013,0.4269109556726149,3.9449218867425615,4.153218287686922,18.77751411805366,,,,,4617.15,33.65719901371458,14.7374692266162,14.7374692266162,15.0,0.3821157885682916,0.8695482788998468,11.726043893411898,,,,1.112193058595606,1.060736775313294,3.9449218867425624,income,matern52_h0,LO,0.20829640094435975,0.4748242851367288
2,88,PPI_global,1000,50,0.398,0.016534441481406,0.1169161569463435,-0.6019219355590153,0.6019219355590153,0.6647743004872999,0.2722647873236846,1.0672779663088436,0.2823022292329578,3.9449218867425615,3.342999951183547,,,,,,,,,,,,,,,,,0.7048595116240561,1.4850768376495236,3.9449218867425624,income,matern52_h0,PPI,-0.6019219355590155,0.6647743004873001
2,89,GH_P1_c15,1000,50,0.936,0.0078298226320255,0.0553652067859317,0.227516491833172,0.227516491833172,0.4697285237162578,0.3855165031010951,1.5112246921562933,0.4111571258274626,3.935415582995148,4.162932074828319,19.133200577676075,15.637436784287395,3.0311475176257927,192.5499564142561,1.3999999999999997,4626.66,34.379230322587176,14.514980887853692,14.514980887853692,15.0,0.3821157885682916,0.8742735731477942,10.969593759875831,0.0,,,1.0,1.0,3.9354155829951476,income,matern52_h0,PPCI,0.22751649183317157,0.4697285237162577
2,89,LO_GH_P1_c15w,1000,50,0.927,0.0082325883052708,0.0582131901737405,0.2266768950106678,0.2266768950106678,0.5091646194311495,0.4296254477784579,1.6841317552915551,0.4561515857892068,3.935415582995148,4.162092478005815,19.12635543460529,,,,,4626.66,34.379230322587176,14.514980887853692,14.514980887853692,15.0,0.3821157885682916,0.8742735731477942,10.969593759875831,,,,1.1144151918855625,1.083955079846744,3.9354155829951476,income,matern52_h0,LO,0.22667689501066723,0.5091646194311493
2,89,PPI_global,1000,50,0.415,0.0185851597589395,0.131416924949815,-0.586579172854505,0.586579172854505,0.6501245933675237,0.2714837504058358,1.0642163015908768,0.2804737534975668,3.935415582995148,3.348836410140642,,,,,,,,,,,,,,,,,0.7042078567895804,1.384043251672396,3.9354155829951476,income,matern52_h0,PPI,-0.5865791728545058,0.6501245933675245
2,90,GH_P1_c15,1000,50,0.937,0.0084285714285714,0.0595990001285804,0.2982641432631144,0.2982641432631144,0.5166089188366068,0.3952241945964146,1.5492788428179454,0.422020588647391,3.926217313455636,4.22448145671875,21.43680744309048,17.638909649800695,3.4362096219759715,169.15891643131332,1.3999999999999997,4639.91,33.668430148492334,13.404101388268048,13.404101388268048,15.0,0.3821157885682916,0.8793327575321673,10.065273533246138,0.0,,,1.0,1.0,3.926217313455636,income,matern52_h0,PPCI,0.2982641432631139,0.5166089188366064
2,90,LO_GH_P1_c15w,1000,50,0.931,0.008192829119394,0.0579320502742617,0.2903190340830595,0.2903190340830595,0.5512918278277922,0.4392506700200056,1.721862626478422,0.4688895341912222,3.926217313455636,4.216536347538693,21.42715597758434,,,,,4639.91,33.668430148492334,13.404101388268048,13.404101388268048,15.0,0.3821157885682916,0.8793327575321673,10.065273533246138,,,,1.1113962050540678,1.0671357147090892,3.926217313455636,income,matern52_h0,LO,0.2903190340830575,0.551291827827791
2,90,PPI_global,1000,50,0.443,0.0174969385077177,0.1237220386881127,-0.5556324913371488,0.5556324913371488,0.6244755496155611,0.2747283975151027,1.0769353182592023,0.2851728777572276,3.926217313455636,3.370584822118486,,,,,,,,,,,,,,,,,0.6951203931116694,1.208797461379234,3.926217313455636,income,matern52_h0,PPI,-0.5556324913371498,0.624475549615562
2,91,GH_P1_c15,1000,50,0.947,0.0077472839216892,0.05478156996804,0.2866606081234231,0.2866606081234231,0.4896365501660184,0.3931259384777445,1.541053678832759,0.3971490581421191,3.917310378326564,4.203970986449988,21.61706535807356,17.699336190721418,3.5245387035431968,160.13079573614243,1.3999999999999997,4644.84,33.820967051842935,13.031837073615428,13.031837073615428,15.0,0.3821157885682916,0.8823127820883708,9.648181844246109,0.0,,,1.0,1.0,3.917310378326564,income,matern52_h0,PPCI,0.2866606081234244,0.4896365501660192
2,91,LO_GH_P1_c15w,1000,50,0.944,0.0069458547320818,0.0491146098219173,0.2943930136215248,0.2943930136215248,0.5163967559041631,0.4380708521030442,1.7172377402439334,0.4244744298314814,3.917310378326564,4.211703391948089,21.610797032699693,,,,,4644.84,33.820967051842935,13.031837073615428,13.031837073615428,15.0,0.3821157885682916,0.8823127820883708,9.648181844246109,,,,1.1143270113372183,1.0546532029299511,3.917310378326564,income,matern52_h0,LO,0.29439301362152515,0.5163967559041632
2,91,PPI_global,1000,50,0.437,0.0172502587972305,0.1219777497274459,-0.5622765738769141,0.5622765738769141,0.624270105729438,0.2717763209017562,1.0653631779348844,0.2713518955671966,3.917310378326564,3.35503380444965,,,,,,,,,,,,,,,,,0.6913212645141753,1.274966310251492,3.917310378326564,income,matern52_h0,PPI,-0.5622765738769138,0.6242701057294376
2,92,GH_P1_c15,1000,50,0.947,0.0064539182846151,0.0456360938427522,0.2864567161465798,0.2864567161465798,0.4932379406857759,0.3918730582061518,1.536142388168115,0.4017307599748527,3.908679409521226,4.195136125667807,21.520932172761345,17.612054848080728,3.493376182717376,158.4893192461114,1.3999999999999997,4657.85,35.41847391378471,13.114671558407997,13.114671558407997,15.0,0.3821157885682916,0.8873478131690611,8.973472715281922,0.0,,,1.0,1.0,3.908679409521226,income,matern52_h0,PPCI,0.2864567161465805,0.49323794068577625
2,92,LO_GH_P1_c15w,1000,50,0.939,0.0075983349411269,0.0537283416259756,0.2805311762369605,0.2805311762369605,0.5254205265403772,0.4347478785375266,1.7042116838671044,0.4444845952611847,3.908679409521226,4.189210585758186,21.510810137516287,,,,,4657.85,35.41847391378471,13.114671558407997,13.114671558407997,15.0,0.3821157885682916,0.8873478131690611,8.973472715281922,,,,1.1094099720139976,1.0652475878271976,3.908679409521226,income,matern52_h0,LO,0.28053117623696,0.5254205265403771
2,92,PPI_global,1000,50,0.439,0.0156028516493568,0.1103288220710791,-0.5716961960046437,0.5716961960046437,0.6343135156703364,0.270632812109051,1.06088062346748,0.2749412452219681,3.908679409521226,3.3369832135165827,,,,,,,,,,,,,,,,,0.6906134689327883,1.2860193090345309,3.908679409521226,income,matern52_h0,PPI,-0.5716961960046434,0.6343135156703362
2,93,GH_P1_c15,1000,50,0.937,0.0075335982133915,0.0532705838342402,0.3299210205127943,0.3299210205127943,0.5451929099483235,0.4043626869929253,1.5851017330122668,0.4342533883425714,3.90031024048592,4.230231260998713,22.64563967319616,18.74310252292203,3.5049868362906342,158.4893192461114,1.3999999999999997,4666.98,36.94993384842304,13.273440471225218,13.273440471225218,15.0,0.3821157885682916,0.8914885134498461,8.40654472389289,0.0,,,1.0,1.0,3.9003102404859185,income,matern52_h0,PPCI,0.3299210205127947,0.5451929099483237
2,93,LO_GH_P1_c15w,1000,50,0.936,0.0085761891541735,0.060642815076546,0.3279573971551493,0.3279573971551493,0.5704790474964571,0.4470222919164849,1.7523273843126213,0.4670207679336819,3.90031024048592,4.228267637641069,22.639036203118064,,,,,4666.98,36.94993384842304,13.273440471225218,13.273440471225218,15.0,0.3821157885682916,0.8914885134498461,8.40654472389289,,,,1.1054983713774416,1.0463801657848602,3.9003102404859185,income,matern52_h0,LO,0.32795739715515015,0.5704790474964576
2,93,PPI_global,1000,50,0.491,0.0174782663876703,0.1235900068610661,-0.5312501482284107,0.5312501482284107,0.6081884696919073,0.2779976642628422,1.0897508439103416,0.2962334365367928,3.90031024048592,3.369060092257508,,,,,,,,,,,,,,,,,0.687495837784128,1.1155472835286044,3.9003102404859185,income,matern52_h0,PPI,-0.5312501482284104,0.608188469691907
2,94,GH_P1_c15,1000,50,0.932,0.0068153488239294,0.0481917936955228,0.3479426736073508,0.3479426736073508,0.5336179015555479,0.400679367241541,1.5706631195868406,0.4047811860154409,3.892189787735296,4.240132461342645,21.992214029530828,18.0473677789956,3.4339084272521307,158.4893192461114,1.3999999999999997,4686.7,39.96339140383544,13.737854683200734,13.737854683200734,15.0,0.3821157885682916,0.9025444591642396,5.996837727016876,0.0,,,1.0,1.0,3.892189787735293,income,matern52_h0,PPCI,0.34794267360735187,0.5336179015555484
2,94,LO_GH_P1_c15w,1000,50,0.927,0.0075875838427939,0.0536523198806111,0.3482200047293814,0.3482200047293814,0.5718973155255954,0.4453973376722673,1.745957563675288,0.453889175013953,3.892189787735296,4.240409792464676,21.981795514750065,,,,,4686.7,39.96339140383544,13.737854683200734,13.737854683200734,15.0,0.3821157885682916,0.9025444591642396,5.996837727016876,,,,1.111605373489993,1.0717356255449064,3.892189787735293,income,matern52_h0,LO,0.34822000472938264,0.5718973155255961
2,94,PPI_global,1000,50,0.488,0.0160076512318073,0.1131911873688017,-0.536473424910113,0.536473424910113,0.6034742942893505,0.2743081173181488,1.0752878198871436,0.276503059974783,3.892189787735296,3.3557163628251816,,,,,,,,,,,,,,,,,0.6846075434495436,1.1309108868539914,3.892189787735293,income,matern52_h0,PPI,-0.5364734249101115,0.6034742942893493
2,95,GH_P1_c15,1000,50,0.939,0.008486483851588,0.0600085027988806,0.3003834755165817,0.3003834755165817,0.5178139679709656,0.394700196862441,1.5472247717007688,0.4219942561393815,3.8843059438609866,4.184689419377567,21.49232349150903,17.719942388219575,3.3848263201809585,158.4893192461114,1.3999999999999997,4685.67,40.24749574864771,13.595223229040766,13.595223229040766,15.0,0.3821157885682916,0.89945708451685,7.428493851736379,0.0,,,1.0,1.0,3.884305943860986,income,matern52_h0,PPCI,0.30038347551658084,0.517813967970965
2,95,LO_GH_P1_c15w,1000,50,0.933,0.0084043234743329,0.0594275411998614,0.3021151546843507,0.3021151546843507,0.5538931743051825,0.4377069331916742,1.7158111781113627,0.4644780098923906,3.8843059438609866,4.186421098545336,21.48437770224172,,,,,4685.67,40.24749574864771,13.595223229040766,13.595223229040766,15.0,0.3821157885682916,0.89945708451685,7.428493851736379,,,,1.1089605140081085,1.0696760005829735,3.884305943860986,income,matern52_h0,LO,0.30211515468434946,0.5538931743051818
2,95,PPI_global,1000,50,0.455,0.0154027561806055,0.1089139334426922,-0.5431594964724858,0.5431594964724858,0.6124504298988508,0.2716735716554142,1.0649604008892235,0.2831138356191051,3.8843059438609866,3.3411464473885,,,,,,,,,,,,,,,,,0.6883036132614258,1.1827615085369647,3.884305943860986,income,matern52_h0,PPI,-0.543159496472486,0.6124504298988508
2,96,GH_P1_c15,1000,50,0.94,0.0074230748895809,0.0524890659167823,0.3170657828018615,0.3170657828018615,0.517726499446542,0.39122721486315,1.533610682263548,0.4094846704099115,3.876647483781392,4.193713266583254,20.94896631519838,17.159153268971735,3.358256304995697,158.4893192461114,1.3999999999999997,4694.72,42.03553602288884,13.757390266321709,13.757390266321709,15.0,0.3821157885682916,0.9032260604742456,6.974177438878591,0.0,,,1.0,1.0,3.8766474837813947,income,matern52_h0,PPCI,0.31706578280185926,0.5177264994465407
2,96,LO_GH_P1_c15w,1000,50,0.931,0.0083164454730445,0.0588061498935793,0.309714173192013,0.309714173192013,0.55253647973034,0.4362925552332909,1.7102668165145003,0.4578026601412628,3.876647483781392,4.186361656973406,20.93846772876003,,,,,4694.72,42.03553602288884,13.757390266321709,13.757390266321709,15.0,0.3821157885682916,0.9032260604742456,6.974177438878591,,,,1.1151896868573028,1.0672362344230215,3.8766474837813947,income,matern52_h0,LO,0.30971417319201144,0.5525364797303391
2,96,PPI_global,1000,50,0.482,0.01978249071213,0.1398833333130702,-0.5259755294316735,0.5259755294316735,0.5953446679479426,0.2714800277224547,1.0642017086720226,0.2790392068725987,3.876647483781392,3.3506719543497203,,,,,,,,,,,,,,,,,0.6939190767120267,1.1499211815203116,3.8766474837813947,income,matern52_h0,PPI,-0.5259755294316744,0.5953446679479434
2,97,GH_P1_c15,1000,50,0.922,0.0097058787151217,0.0686309265683674,0.3236684197696642,0.3236684197696642,0.532503882512459,0.3931481379948343,1.5411407009397509,0.4230580539969696,3.869203985162173,4.192872404931839,21.10997776023782,17.323461685668313,3.3214845077953377,158.4893192461114,1.3999999999999997,4702.07,43.695063751995455,13.881126859172332,13.881126859172332,15.0,0.3821157885682916,0.906093525140817,6.635519093363361,0.0,,,1.0,1.0,3.8692039851621747,income,matern52_h0,PPCI,0.323668419769664,0.5325038825124588
2,97,LO_GH_P1_c15w,1000,50,0.93,0.0083299312783504,0.0589015089373951,0.3246003746291129,0.3246003746291129,0.5633389023986466,0.4377696522455755,1.716057036802656,0.4606490130887191,3.869203985162173,4.193804359791288,21.101810123397893,,,,,4702.07,43.695063751995455,13.881126859172332,13.881126859172332,15.0,0.3821157885682916,0.906093525140817,6.635519093363361,,,,1.1134979666400642,1.0579057184347689,3.8692039851621747,income,matern52_h0,LO,0.32460037462911373,0.5633389023986469
2,97,PPI_global,1000,50,0.512,0.0141103522569894,0.0997752576584812,-0.5094012239497954,0.5094012239497954,0.5875316628909505,0.2749653566964943,1.0778641982502577,0.2928986814163412,3.869203985162173,3.359802761212378,,,,,,,,,,,,,,,,,0.6993937656652646,1.1033378012548185,3.8692039851621747,income,matern52_h0,PPI,-0.5094012239497965,0.5875316628909515
2,98,GH_P1_c15,1000,50,0.935,0.006738557951469,0.0476488002290226,0.3150076280667969,0.3150076280667969,0.5085673366906749,0.3908028323035848,1.5319471026300526,0.3994627651096982,3.8619657565991545,4.176973384665953,20.70966406937672,16.980286697670554,3.2901363641182315,158.4893192461114,1.3999999999999997,4712.66,45.72766866227821,14.05552548045434,14.05552548045434,15.0,0.3821157885682916,0.9100138754412082,6.245824896648118,0.0,,,1.0,1.0,3.8619657565991563,income,matern52_h0,PPCI,0.3150076280667964,0.5085673366906746
2,98,LO_GH_P1_c15w,1000,50,0.952,0.0069927075717259,0.0494459094282193,0.3120375402032331,0.3120375402032331,0.5387740754656846,0.4343495723533636,1.702650323625185,0.4394350703788874,3.8619657565991545,4.17400329680239,20.70297159478656,,,,,4712.66,45.72766866227821,14.05552548045434,14.05552548045434,15.0,0.3821157885682916,0.9100138754412082,6.245824896648118,,,,1.11142892643099,1.059395750760498,3.8619657565991563,income,matern52_h0,LO,0.3120375402032334,0.5387740754656847
2,98,PPI_global,1000,50,0.494,0.0142599768153917,0.1008332630572645,-0.5095263139150756,0.5095263139150756,0.5786665181872986,0.273737065493923,1.0730492967361789,0.2744324832941865,3.8619657565991545,3.352439442684081,,,,,,,,,,,,,,,,,0.7004480082203647,1.1378365782450164,3.8619657565991563,income,matern52_h0,PPI,-0.5095263139150754,0.5786665181872984
2,99,GH_P1_c15,1000,50,0.935,0.0077261813045656,0.0546323519313512,0.3109951395591388,0.3109951395591388,0.5089890341653704,0.3873185131375072,1.5182885714990282,0.403130716326149,3.8549237712979982,4.165918910857139,20.30413026480783,16.586770583916255,3.2331602080145,158.4893192461114,1.3999999999999997,4720.42,47.56762269034553,14.181881424544434,14.181881424544434,15.0,0.3821157885682916,0.9127973221236908,5.952964017459306,0.0,,,1.0,1.0,3.854923771298002,income,matern52_h0,PPCI,0.3109951395591368,0.5089890341653692
2,99,LO_GH_P1_c15w,1000,50,0.935,0.0077261813045656,0.0546323519313512,0.3172822432144823,0.3172822432144823,0.5436386492662926,0.4328232451118209,1.6966671208383377,0.4416673285924725,3.8549237712979982,4.172206014512482,20.297260520036883,,,,,4720.42,47.56762269034553,14.181881424544434,14.181881424544434,15.0,0.3821157885682916,0.9127973221236908,5.952964017459306,,,,1.117486591605701,1.068075366609302,3.854923771298002,income,matern52_h0,LO,0.3172822432144802,0.5436386492662912
2,99,PPI_global,1000,50,0.501,0.0121630084892761,0.0860054578239672,-0.5074477683717371,0.5074477683717371,0.5792993546876618,0.2724246660201879,1.067904690799137,0.2795758705315403,3.8549237712979982,3.3474760029262627,,,,,,,,,,,,,,,,,0.7033608174661944,1.1381372010058817,3.854923771298002,income,matern52_h0,PPI,-0.5074477683717391,0.5792993546876635
2,100,GH_P1_c15,1000,50,0.93,0.0086896607575688,0.0614451804788759,0.3219165067067736,0.3219165067067736,0.5073901211493026,0.3886117634844587,1.5233581128590783,0.3923881575886658,3.848069606500353,4.169986113207124,20.224224180539228,16.575836038966308,3.205667437117255,158.4893192461114,1.3999999999999997,4727.4,49.38710199837477,14.340268150917629,14.340268150917629,15.0,0.3821157885682916,0.9158580042404572,5.664113975904291,0.0,,,1.0,1.0,3.8480696065003497,income,matern52_h0,PPCI,0.32191650670677463,0.5073901211493033
2,100,LO_GH_P1_c15w,1000,50,0.924,0.008111468323759,0.0573567425710992,0.3335942813978245,0.3335942813978245,0.5561411357304387,0.4334644520132084,1.699180651891777,0.4452033516209259,3.848069606500353,4.181663887898176,20.21557975557785,,,,,4727.4,49.38710199837477,14.340268150917629,14.340268150917629,15.0,0.3821157885682916,0.9158580042404572,5.664113975904291,,,,1.1154177324087704,1.0960819151754648,3.8480696065003497,income,matern52_h0,LO,0.3335942813978261,0.5561411357304397
2,100,PPI_global,1000,50,0.519,0.0147696600212346,0.1044372675683487,-0.493861637976163,0.493861637976163,0.5631763261374346,0.2732723958041838,1.0712277915524009,0.2708165402179396,3.848069606500353,3.354207968524189,,,,,,,,,,,,,,,,,0.7032015535348365,1.1099473613356312,3.8480696065003497,income,matern52_h0,PPI,-0.4938616379761607,0.5631763261374324
1,70,GH_P1_c22,1000,50,0.94,0.0071428571428571,0.0505076272276105,0.0179118415475018,0.0179118415475018,0.5793524836933639,0.5952454614204827,2.333362208768292,0.5793652823775955,6.886993353152679,6.904905194700183,28.92833483816323,22.498863787885814,3.677524948252014,398.1071705534972,1.3999999999999997,4423.92,21.2463828033797,21.57275917059151,21.57275917059151,22.0,0.3821157885682916,0.7321382000421006,20.535295955299507,0.0,1.0,1.0,,,6.618107050477001,income,matern52_1.2h0,PPCI,0.28679814422318195,0.6462055724178705
1,70,LO_GH_P1_c22w,1000,50,0.938,0.0077670155537532,0.0549210936764031,0.0140765344272858,0.0140765344272858,0.6636972572275986,0.6758754794075995,2.6494318792777904,0.663879986945699,6.886993353152679,6.901069887579967,28.9192641812038,,,,,4423.92,21.2463828033797,21.57275917059151,21.57275917059151,22.0,0.3821157885682916,0.7321382000421006,20.535295955299507,,1.135456753915776,1.1455845550131036,,,6.618107050477001,income,matern52_1.2h0,LO,0.282962837102966,0.7213625077665974
1,70,PPI_global,1000,50,0.074,0.0083592793361873,0.0591090310445062,-1.600139067351629,1.600139067351629,1.6494561920003006,0.4144192964925353,1.6245236422507383,0.4005260485645975,6.886993353152679,5.286854285801051,,,,,,,,,,,,,,,0.6962158023071235,2.8470684745926014,,,6.618107050477001,income,matern52_1.2h0,PPI,-1.3312527646759502,1.3901419416450078
1,71,GH_P1_c22,1000,50,0.916,0.007618452357699,0.0538705932427565,0.000569465908348,0.000569465908348,0.6102718172982791,0.5893488026414112,2.310247306354332,0.6105769164224859,6.85268486576419,6.853254331672539,28.47602925675125,22.10209232127741,3.673626132163306,396.469582462764,1.3999999999999997,4438.93,22.409543032386825,21.6711852574393,21.6711852574393,22.0,0.3821157885682916,0.7460782462710934,20.29727075999544,0.0,1.0,1.0,,,6.586370468653638,income,matern52_1.2h0,PPCI,0.26688386301890077,0.6660768446936245
1,71,LO_GH_P1_c22w,1000,50,0.924,0.0065838392124588,0.0465547735337152,-0.0023267956198802,0.0023267956198802,0.6959902195250394,0.6703253329736535,2.627675305256722,0.6963345844852215,6.85268486576419,6.85035807014431,28.46676047033637,,,,,4438.93,22.409543032386825,21.6711852574393,21.6711852574393,22.0,0.3821157885682916,0.7460782462710934,20.29727075999544,,1.1374000082282556,1.1404593818640394,,,6.586370468653638,income,matern52_1.2h0,LO,0.2639876014906717,0.7443698176561524
1,71,PPI_global,1000,50,0.074,0.0083592793361873,0.0591090310445062,-1.5868705901680935,1.5868705901680935,1.6409198479076372,0.4109109854848167,1.6107710631004817,0.4178927034878894,6.85268486576419,5.265814275596096,,,,,,,,,,,,,,,0.6972288458772609,2.6888343872278377,,,6.586370468653638,income,matern52_1.2h0,PPI,-1.3205561930575422,1.3850373050352893
1,72,GH_P1_c22,1000,50,0.939,0.0083653805554042,0.0591521731793239,0.0495707462831905,0.0495707462831905,0.594429449608603,0.5894002241803353,2.310448878786914,0.5926553399969844,6.819842917392506,6.869413663675697,29.628511432269725,22.96141618942336,3.834951831264168,380.9124956007988,1.3999999999999997,4459.18,23.44498654600419,21.09015609144444,21.09015609144444,22.0,0.3821157885682916,0.759478254155125,19.821902416688825,0.0,1.0,1.0,,,6.556085357256946,income,matern52_1.2h0,PPCI,0.3133283064187511,0.6701221823504704
1,72,LO_GH_P1_c22w,1000,50,0.932,0.0083004794550479,0.0586932530976403,0.0525484266783418,0.0525484266783418,0.6682648289549591,0.6730461178032893,2.638340781788894,0.6665289230611892,6.819842917392506,6.872391344070848,29.61859098813773,,,,,4459.18,23.44498654600419,21.09015609144444,21.09015609144444,22.0,0.3821157885682916,0.759478254155125,19.821902416688825,,1.141916969473974,1.124212182614728,,,6.556085357256946,income,matern52_1.2h0,LO,0.31630598681390154,0.7374727261168019
1,72,PPI_global,1000,50,0.09,0.0097937922862872,0.0692525693916618,-1.5338662066230837,1.5338662066230837,1.587523295859909,0.4137927018608471,1.6220673912945207,0.4094536938470871,6.819842917392506,5.285976710769423,,,,,,,,,,,,,,,0.7020572522453631,2.6706673044298195,,,6.556085357256946,income,matern52_1.2h0,PPI,-1.2701086464875235,1.3344139721091008
1,73,GH_P1_c22,1000,50,0.938,0.007222414091294,0.0510701798049127,0.1124841150860924,0.1124841150860924,0.629408730285619,0.5985471879734107,2.3463049768557696,0.619585797265582,6.7883700141781,6.900854129264196,34.576612293661825,26.94573651988432,4.468348123102062,329.3284707427035,1.3999999999999997,4474.7,23.50473662874144,18.82184115032612,18.82184115032612,22.0,0.3821157885682916,0.7716923337801073,19.082059829690383,0.0,1.0,1.0,,,6.527153687404221,income,matern52_1.2h0,PPCI,0.37370044185997475,0.7232943341817314
1,73,LO_GH_P1_c22w,1000,50,0.948,0.0060541771715477,0.0428094973250619,0.1116216364494864,0.1116216364494864,0.7150278895773133,0.6811673537857523,2.670176026840149,0.7066150281077193,6.7883700141781,6.899991650627589,34.56318355045963,,,,,4474.7,23.50473662874144,18.82184115032612,18.82184115032612,22.0,0.3821157885682916,0.7716923337801073,19.082059829690383,,1.1380345066728672,1.1360310958077136,,,6.527153687404221,income,matern52_1.2h0,LO,0.37283796322336826,0.7986323559500171
1,73,PPI_global,1000,50,0.098,0.0093634112046708,0.0662093155786083,-1.518723095337574,1.518723095337574,1.577284982083946,0.4114848826402189,1.613020739949658,0.4260159198431102,6.7883700141781,5.269646918840528,,,,,,,,,,,,,,,0.6874727522042897,2.505978875393404,,,6.527153687404221,income,matern52_1.2h0,PPI,-1.257506768563693,1.327641272098496
1,74,GH_P1_c22,1000,50,0.944,0.0069458547320818,0.0491146098219173,0.1244319662515631,0.1244319662515631,0.6083605116628676,0.5914610091356042,2.318527155811568,0.5957970897021684,6.758177456728083,6.882609422979647,34.64101796076857,26.963452704649686,4.556536732905179,317.0465600622046,1.3999999999999997,4492.59,24.548484435450696,18.428855132858,18.428855132858,22.0,0.3821157885682916,0.7836682222672868,18.61924114489348,0.0,1.0,1.0,,,6.499486256614792,income,matern52_1.2h0,PPCI,0.38312316636485555,0.7080978453087603
1,74,LO_GH_P1_c22w,1000,50,0.945,0.0064285714285714,0.0454568645048494,0.1176236755663472,0.1176236755663472,0.6881655185230985,0.6730883790446694,2.638506445855104,0.6783779540041869,6.758177456728083,6.875801132294432,34.629538297289635,,,,,4492.59,24.548484435450696,18.428855132858,18.428855132858,22.0,0.3821157885682916,0.7836682222672868,18.61924114489348,,1.13800972278521,1.1311804519364597,,,6.499486256614792,income,matern52_1.2h0,LO,0.3763148756796406,0.7754671737012542
1,74,PPI_global,1000,50,0.11,0.0108796758655198,0.0769309258162072,-1.48699997349562,1.48699997349562,1.5438216539520406,0.4106705773330557,1.6098286631455785,0.4151972625175205,6.758177456728083,5.2711774832324645,,,,,,,,,,,,,,,0.6943324597731875,2.5376756452061984,,,6.499486256614792,income,matern52_1.2h0,PPI,-1.2283087733823272,1.2965179600773906
1,75,GH_P1_c22,1000,50,0.952,0.0068452277432633,0.0484030695602783,0.1855888969958058,0.1855888969958058,0.6315980532536928,0.6066751859953579,2.3781667291018027,0.6040179632143569,6.729184392914373,6.914773289910178,35.93981726634309,28.171909037603083,4.534238806668473,316.227766016838,1.3999999999999997,4507.67,25.901790881570328,18.56411129158681,18.56411129158681,22.0,0.3821157885682916,0.7936859083904408,18.293619887314133,0.0,1.0,1.0,,,6.473001705084577,income,matern52_1.2h0,PPCI,0.4417715848256005,0.7480875586086547
1,75,LO_GH_P1_c22w,1000,50,0.951,0.0064665544558607,0.045725445066512,0.1955621323023977,0.1955621323023977,0.7107211490646764,0.6870637992572195,2.6932900930883004,0.6836280797982498,6.729184392914373,6.9247465252167695,35.92563085039373,,,,,4507.67,25.901790881570328,18.56411129158681,18.56411129158681,22.0,0.3821157885682916,0.7936859083904408,18.293619887314133,,1.1325068424052485,1.1252744453586885,,,6.473001705084577,income,matern52_1.2h0,LO,0.4517448201321921,0.8191174437487094
1,75,PPI_global,1000,50,0.136,0.0122090632109837,0.0863311138842178,-1.4274471712135968,1.4274471712135968,1.4884171713939829,0.4191516254612167,1.64307437180797,0.4218509306644566,6.729184392914373,5.301737221700775,,,,,,,,,,,,,,,0.6908995705395871,2.3565892322282584,,,6.473001705084577,income,matern52_1.2h0,PPI,-1.1712644833838022,1.2448456689610528
1,76,GH_P1_c22,1000,50,0.953,0.0072011903777877,0.0509201054874903,0.1745149597634336,0.1745149597634336,0.622525186401944,0.589213316481093,2.309716200605884,0.5978625060159249,6.7013169697097785,6.87583192947321,33.91593717140534,26.401859628335863,4.499409404004067,316.227766016838,1.3999999999999997,4521.85,27.30019318660746,18.77790238866892,18.77790238866892,22.0,0.3821157885682916,0.8043044701056532,17.81018715823422,0.0,1.0,1.0,,,6.447625654780669,income,matern52_1.2h0,PPCI,0.428206274692541,0.7351481144705508
1,76,LO_GH_P1_c22w,1000,50,0.958,0.0054135129489989,0.0382793171627836,0.1677886640146257,0.1677886640146257,0.7022455571180114,0.670631906585004,2.628877073813216,0.6822472044414263,6.7013169697097785,6.869105633724402,33.90644150655756,,,,,4521.85,27.30019318660746,18.77790238866892,18.77790238866892,22.0,0.3821157885682916,0.8043044701056532,17.81018715823422,,1.1381818567682078,1.128059671250947,,,6.447625654780669,income,matern52_1.2h0,LO,0.4214799789437329,0.8016490250543455
1,76,PPI_global,1000,50,0.144,0.0104627619563431,0.0739828992927088,-1.407309901635644,1.407309901635644,1.4683448980484988,0.410909948358538,1.610766997565469,0.4191554266080598,6.7013169697097785,5.294007068074132,,,,,,,,,,,,,,,0.6973874093894882,2.358691551959854,,,6.447625654780669,income,matern52_1.2h0,PPI,-1.1536185867065374,1.227335090339276
1,77,GH_P1_c22,1000,50,0.946,0.0068273160830562,0.0482764149963308,0.1661638581775255,0.1661638581775255,0.6378510406085365,0.5937325929006406,2.327431764170512,0.6161356550195244,6.674507573728135,6.840671431905657,34.05746648161473,26.624488160981688,4.397341569825854,316.227766016838,1.3999999999999997,4535.38,28.77262142232936,18.95174430729865,18.95174430729865,22.0,0.3821157885682916,0.813075614424055,17.500970445358863,0.0,1.0,1.0,,,6.423289954795654,income,matern52_1.2h0,PPCI,0.41738147711000373,0.7439427529558176
1,77,LO_GH_P1_c22w,1000,50,0.949,0.006774803257931,0.0479050932488777,0.1604602968441027,0.1604602968441027,0.7126253502704106,0.6737180087571993,2.640974594328221,0.6946725508739103,6.674507573728135,6.834967870572235,34.0485253206531,,,,,4535.38,28.77262142232936,18.95174430729865,18.95174430729865,22.0,0.3821157885682916,0.813075614424055,17.500970445358863,,1.1347162288426766,1.117228482672908,,,6.423289954795654,income,matern52_1.2h0,LO,0.41167791577658175,0.8071964378779667
1,77,PPI_global,1000,50,0.15,0.010202040612204,0.0721393209883005,-1.4014002985712222,1.4014002985712222,1.4638808849851774,0.4126084869280246,1.6174252687578563,0.4233245235534051,6.674507573728135,5.27310727515691,,,,,,,,,,,,,,,0.6949399306382248,2.2950199839582828,,,6.423289954795654,income,matern52_1.2h0,PPI,-1.1501826796387435,1.2255385122999751
1,78,GH_P1_c22,1000,50,0.952,0.0075538880379441,0.0534140545595426,0.1709895187876962,0.1709895187876962,0.6305090601676414,0.5904294050241095,2.3144832676945084,0.6071844302603494,6.64869416044111,6.81968367922881,33.56441626392427,26.336400691522787,4.3731988192030045,316.227766016838,1.3999999999999997,4552.53,30.37242138747307,19.166317847396755,19.166317847396755,22.0,0.3821157885682916,0.8227082114727398,17.01603358591637,0.0,1.0,1.0,,,6.399932021581311,income,matern52_1.2h0,PPCI,0.4197516576474989,0.7378995280633114
1,78,LO_GH_P1_c22w,1000,50,0.937,0.0081828591380683,0.0578615518602246,0.1606742292533843,0.1606742292533843,0.708014464864538,0.6691494438204146,2.623065819776025,0.6898871057861417,6.64869416044111,6.809368389694496,33.55671087456454,,,,,4552.53,30.37242138747307,19.166317847396755,19.166317847396755,22.0,0.3821157885682916,0.8227082114727398,17.01603358591637,,1.1333267586716669,1.1229251244641738,,,6.399932021581311,income,matern52_1.2h0,LO,0.4094363681131856,0.8019391585681329
1,78,PPI_global,1000,50,0.161,0.0108128796972378,0.0764586055807123,-1.3759768491597115,1.3759768491597115,1.4386097491390453,0.41191174640239,1.6146940458973686,0.4200740209504707,6.64869416044111,5.272717311281402,,,,,,,,,,,,,,,0.6976477507680536,2.281663880859292,,,6.399932021581311,income,matern52_1.2h0,PPI,-1.127214710299909,1.2028710338232138
1,79,GH_P1_c22,1000,50,0.942,0.0088479214669725,0.0625642526870234,0.1680348061671764,0.1680348061671764,0.6224955846678256,0.583135752421958,2.285892149494076,0.5996871530463417,6.62381966116426,6.791854467331437,32.513622196602554,25.30024710821856,4.288723306078432,316.227766016838,1.3999999999999997,4566.52,31.97035874085056,19.36731825213671,19.36731825213671,22.0,0.3821157885682916,0.8312030370237108,16.507436548157667,0.0,1.0,1.0,,,6.37749426060979,income,matern52_1.2h0,PPCI,0.4143602067216472,0.7286696355425439
1,79,LO_GH_P1_c22w,1000,50,0.937,0.0086673207497814,0.0612872127688932,0.1631109469738772,0.1631109469738772,0.7062917782779002,0.6621169574545479,2.595498473221828,0.687543170027086,6.62381966116426,6.786930608138138,32.50289819509625,,,,,4566.52,31.97035874085056,19.36731825213671,19.36731825213671,22.0,0.3821157885682916,0.8312030370237108,16.507436548157667,,1.1354422271393143,1.1346133140121624,,,6.37749426060979,income,matern52_1.2h0,LO,0.4094363475283478,0.7999256326169312
1,79,PPI_global,1000,50,0.137,0.0106722986832112,0.0754645476974696,-1.361421166612929,1.361421166612929,1.4243217435620918,0.40940679998972,1.6048746559597025,0.4188081141985762,6.62381966116426,5.262398494551332,,,,,,,,,,,,,,,0.702078029497105,2.2880832870840915,,,6.37749426060979,income,matern52_1.2h0,PPI,-1.1150957660584586,1.191076573425718
1,80,GH_P1_c22,1000,50,0.939,0.008486483851588,0.0600085027988806,0.1788150322561844,0.1788150322561844,0.6339219624955985,0.5864421597217788,2.298853266109373,0.6084837641751466,6.599831460900203,6.778646493156388,32.823618981557594,25.60414180436509,4.230386129989087,316.227766016838,1.3999999999999997,4581.3,33.6974619250976,19.567300188358164,19.567300188358164,22.0,0.3821157885682916,0.839284229946235,15.92871965359845,0.0,1.0,1.0,,,6.355923559158584,income,matern52_1.2h0,PPCI,0.4227229339978038,0.7406597853948884
1,80,LO_GH_P1_c22w,1000,50,0.94,0.0078246079643595,0.0553283335172488,0.1816938611219083,0.1816938611219083,0.7162096786480182,0.666746786923098,2.6136474047385443,0.6931263006757128,6.599831460900203,6.781525322022113,32.81140032481266,,,,,4581.3,33.6974619250976,19.567300188358164,19.567300188358164,22.0,0.3821157885682916,0.839284229946235,15.92871965359845,,1.136935289985661,1.1298073280636511,,,6.355923559158584,income,matern52_1.2h0,LO,0.42560176286352913,0.8130685734747433
1,80,PPI_global,1000,50,0.174,0.0113605116297548,0.0803309481114831,-1.3334100069403805,1.3334100069403805,1.3988723711058266,0.4122001825438382,1.6158247155718457,0.4231320180974629,6.599831460900203,5.266421453959825,,,,,,,,,,,,,,,0.7028829283682385,2.206694914936852,,,6.355923559158584,income,matern52_1.2h0,PPI,-1.0895021051987595,1.1687071922714523
1,81,GH_P1_c22,1000,50,0.951,0.0073526338471187,0.0519909725287938,0.1917350606170652,0.1917350606170652,0.642076835319959,0.5821344872828961,2.281967190148953,0.613087436822721,6.576680952449951,6.768416013067017,32.226198193616824,25.07036015986503,4.188974433697066,316.227766016838,1.3999999999999997,4594.74,35.38267566895022,19.761017982664665,19.761017982664665,22.0,0.3821157885682916,0.8465658700805613,15.36065306036346,0.0,1.0,1.0,,,6.335170845415267,income,matern52_1.2h0,PPCI,0.4332451676517497,0.7504676570500936
1,81,LO_GH_P1_c22w,1000,50,0.955,0.0053927388823362,0.0381324223286832,0.189037981341445,0.189037981341445,0.7085823526812073,0.6605230712557317,2.589250439322468,0.6832425722641561,6.576680952449951,6.765718933791397,32.21713240786832,,,,,4594.74,35.38267566895022,19.761017982664665,19.761017982664665,22.0,0.3821157885682916,0.8465658700805613,15.36065306036346,,1.1346571723292207,1.1035787521101077,,,6.335170845415267,income,matern52_1.2h0,LO,0.43054808837612946,0.807295019522557
1,81,PPI_global,1000,50,0.184,0.0102459549011663,0.0724498419034626,-1.305040736875979,1.305040736875979,1.371742989743746,0.4105215468493136,1.6092444636493095,0.4227602526687527,6.576680952449951,5.2716402155739726,,,,,,,,,,,,,,,0.7052005263687722,2.136415634836258,,,6.335170845415267,income,matern52_1.2h0,PPI,-1.0635306298412948,1.144397180010477
1,82,GH_P1_c22,1000,50,0.945,0.0053927388823362,0.0381324223286832,0.2097128774102343,0.2097128774102343,0.6384905170584929,0.5776600925685609,2.2644275628687587,0.6033694590597602,6.554323155487665,6.764036032897897,31.525495444310977,24.4136801528933,4.1427479116668025,316.227766016838,1.3999999999999997,4605.1,36.935487018995005,19.94456042437817,19.94456042437817,22.0,0.3821157885682916,0.8526833062220447,14.749158433910178,0.0,1.0,1.0,,,6.315190704262289,income,matern52_1.2h0,PPCI,0.448845328635608,0.7517664387693485
1,82,LO_GH_P1_c22w,1000,50,0.947,0.0057870368858654,0.0409205302497214,0.2179195280884258,0.2179195280884258,0.7016232400121601,0.6560994067181714,2.571909674335232,0.6672566835068522,6.554323155487665,6.7722426835760885,31.51426806574452,,,,,4605.1,36.935487018995005,19.94456042437817,19.94456042437817,22.0,0.3821157885682916,0.8526833062220447,14.749158433910178,,1.1357880095210156,1.098878090225236,,,6.315190704262289,income,matern52_1.2h0,LO,0.4570519793137997,0.8085065008999872
1,82,PPI_global,1000,50,0.197,0.0119018091576234,0.084158499637437,-1.2634599425120911,1.2634599425120911,1.3329411092519965,0.4110842161183539,1.6114501271839472,0.4249488862878023,6.554323155487665,5.290863212975571,,,,,,,,,,,,,,,0.7116368629352103,2.087644332437101,,,6.315190704262289,income,matern52_1.2h0,PPI,-1.0243274912867175,1.1088948479486351
1,83,GH_P1_c22,1000,50,0.947,0.0077472839216892,0.05478156996804,0.2374889662141565,0.2374889662141565,0.6360454794983949,0.5867565580624998,2.300085707605,0.5903400242751081,6.53271638582561,6.770205352039769,32.22129153927835,25.13980331544532,4.080659468265667,316.227766016838,1.3999999999999997,4615.82,38.61981893432706,20.1363140002305,20.1363140002305,22.0,0.3821157885682916,0.8589217969792237,14.046474468327585,0.0,1.0,1.0,,,6.295941039786368,income,matern52_1.2h0,PPCI,0.4742643122534007,0.7570201323571688
1,83,LO_GH_P1_c22w,1000,50,0.948,0.0068452277432633,0.0484030695602783,0.2318146902236655,0.2318146902236655,0.7011368944644881,0.6660838302327649,2.6110486145124376,0.6620371495340545,6.53271638582561,6.764531076049278,32.214182353547635,,,,,4615.82,38.61981893432706,20.1363140002305,20.1363140002305,22.0,0.3821157885682916,0.8589217969792237,14.046474468327585,,1.1351962258968311,1.10233767405662,,,6.295941039786368,income,matern52_1.2h0,LO,0.46859003626290985,0.810821507028944
1,83,PPI_global,1000,50,0.218,0.0145518075179963,0.1028968177449663,-1.2343185016309293,1.2343185016309293,1.302607308204945,0.4154636183048134,1.6286173837548683,0.4164337317911265,6.53271638582561,5.298397884194682,,,,,,,,,,,,,,,0.7080681291005856,2.047978250285217,,,6.295941039786368,income,matern52_1.2h0,PPI,-0.9975431555916856,1.0808959169079733
1,84,GH_P1_c22,1000,50,0.938,0.0085188865805003,0.0602376246923086,0.2125569746107927,0.2125569746107927,0.6643996135140923,0.5779856167891986,2.265703617813659,0.6297960161861823,6.511821961855987,6.724378936466783,31.213129203738216,24.286059263218792,4.037487567935491,316.227766016838,1.3999999999999997,4628.52,40.44484905099451,20.32239375155615,20.32239375155615,22.0,0.3821157885682916,0.8650263008651946,13.335264881311687,0.0,1.0,1.0,,,6.277382775949003,income,matern52_1.2h0,PPCI,0.4469961605177799,0.7720440055460692
1,84,LO_GH_P1_c22w,1000,50,0.938,0.0083982505466851,0.0593845991166472,0.2058250507399979,0.2058250507399979,0.7373121751957937,0.6571841452051869,2.576161849204333,0.7083551787338532,6.511821961855987,6.717647012595988,31.205407320781,,,,,4628.52,40.44484905099451,20.32239375155615,20.32239375155615,22.0,0.3821157885682916,0.8650263008651946,13.335264881311687,,1.137025085253762,1.1097420290419162,,,6.277382775949003,income,matern52_1.2h0,LO,0.44026423664698466,0.833725308629996
1,84,PPI_global,1000,50,0.227,0.0108053274842003,0.0764052033701947,-1.235940114646253,1.235940114646253,1.3136197036975006,0.410907000748249,1.6107554429331363,0.445249375020867,6.511821961855987,5.275881847209736,,,,,,,,,,,,,,,0.7109294570873619,1.9771530220338367,,,6.277382775949003,income,matern52_1.2h0,PPI,-1.0015009287392669,1.095925576495106
1,85,GH_P1_c22,1000,50,0.939,0.008117755797243,0.0574012017224698,0.224591119375948,0.224591119375948,0.6413433827632811,0.5771245049045888,2.262328059225988,0.601033613965828,6.491603941585139,6.716195060961085,30.999580947317583,24.043687613047428,3.982665678581888,316.227766016838,1.3999999999999997,4640.16,42.33623227958997,20.48965427344816,20.48965427344816,22.0,0.3821157885682916,0.8704284303119906,12.57335909076212,0.0,1.0,1.0,,,6.259479589734695,income,matern52_1.2h0,PPCI,0.45671547122639033,0.7546318210685599
1,85,LO_GH_P1_c22w,1000,50,0.939,0.0083653805554041,0.0591521731793239,0.2350378625674754,0.2350378625674754,0.7143768798959356,0.6576448833461822,2.577967942717034,0.6749422766180311,6.491603941585139,6.726641804152613,30.98794862827872,,,,,4640.16,42.33623227958997,20.48965427344816,20.48965427344816,22.0,0.3821157885682916,0.8704284303119906,12.57335909076212,,1.1395199437163133,1.1138758098945118,,,6.259479589734695,income,matern52_1.2h0,LO,0.46716221441791816,0.8205681350560826
1,85,PPI_global,1000,50,0.22,0.0128571428571428,0.0909137290096989,-1.2085559956582643,1.2085559956582643,1.2787179098549943,0.4130379992650016,1.6191089571188062,0.4179552427321772,6.491603941585139,5.283047945926873,,,,,,,,,,,,,,,0.7156826573033591,1.9938116525745264,,,6.259479589734695,income,matern52_1.2h0,PPI,-0.976431643807822,1.0620407964723535
1,86,GH_P1_c22,1000,50,0.948,0.0063823736867681,0.0451301971398037,0.2552284667298664,0.2552284667298664,0.6283495593888782,0.5769296970246212,2.261564412336515,0.5744663699165373,6.472028886351449,6.727257353081313,30.68187099203492,23.83428491559766,3.950415018015669,316.227766016838,1.3999999999999997,4649.88,44.20531232609067,20.683722349370218,20.683722349370218,22.0,0.3821157885682916,0.8757654851712473,11.817110284129967,0.0,1.0,1.0,,,6.242197672534695,income,matern52_1.2h0,PPCI,0.48505968054661874,0.7516411991415229
1,86,LO_GH_P1_c22w,1000,50,0.948,0.0076877851697564,0.0543608502584012,0.2710551075350407,0.2710551075350407,0.7158585688721504,0.65608799098136,2.5718649246469303,0.662889162189426,6.472028886351449,6.743083993886488,30.667918680741707,,,,,4649.88,44.20531232609067,20.683722349370218,20.683722349370218,22.0,0.3821157885682916,0.8757654851712473,11.817110284129967,,1.1372061351061988,1.1392680366775174,,,6.242197672534695,income,matern52_1.2h0,LO,0.5008863213517936,0.8305839669920092
1,86,PPI_global,1000,50,0.255,0.0123097770997243,0.0870432686210995,-1.1628372157199147,1.1628372157199147,1.2342841219037108,0.4158091722831611,1.6299719553499918,0.4140511341151404,6.472028886351449,5.309191670631534,,,,,,,,,,,,,,,0.7207276283879975,1.9643271861353004,,,6.242197672534695,income,matern52_1.2h0,PPI,-0.933006001903161,1.0206699284821186
1,87,GH_P1_c22,1000,50,0.941,0.0073803379160511,0.0521868698788795,0.2363421143030486,0.2363421143030486,0.6287917035431787,0.571739223165848,2.2412177548101235,0.5829762196901531,6.453065647674776,6.689407761977824,30.031364206173897,23.31863782424391,3.9063899990915294,316.227766016838,1.3999999999999997,4659.98,46.10277981188508,20.88604591095368,20.88604591095368,22.0,0.3821157885682916,0.8810027769232545,11.08314816622205,0.0,1.0,1.0,,,6.225505516069955,income,matern52_1.2h0,PPCI,0.4639022459078692,0.7447997752482627
1,87,LO_GH_P1_c22w,1000,50,0.939,0.0087236483661554,0.0616855091639545,0.2265295358938247,0.2265295358938247,0.6965868485895141,0.6519996209946117,2.555838514298878,0.659053836157983,6.453065647674776,6.679595183568599,30.02531449156368,,,,,4659.98,46.10277981188508,20.88604591095368,20.88604591095368,22.0,0.3821157885682916,0.8810027769232545,11.08314816622205,,1.1403793802782047,1.1078181290629576,,,6.225505516069955,income,matern52_1.2h0,LO,0.45408966749864454,0.800071892472563
1,87,PPI_global,1000,50,0.241,0.0111291124020356,0.0786947084806668,-1.1583176410027265,1.1583176410027265,1.228959644519075,0.412402230797791,1.6166167447273407,0.4108659894169753,6.453065647674776,5.294748006672049,,,,,,,,,,,,,,,0.721311769576045,1.954478148477484,,,6.225505516069955,income,matern52_1.2h0,PPI,-0.9307575093979059,1.017325705808579
1,88,GH_P1_c22,1000,50,0.94,0.0071428571428571,0.0505076272276105,0.2273663656090359,0.2273663656090359,0.6113193118229774,0.57188935105684,2.241806256142813,0.5677483377099656,6.434685174491137,6.6620515401001725,29.940357037971204,23.20047242992348,3.848937191491336,316.227766016838,1.3999999999999997,4669.56,48.062408648823286,21.07085096603171,21.07085096603171,22.0,0.3821157885682916,0.8857893794210135,10.317812702185794,0.0,1.0,1.0,,,6.209373719820048,income,matern52_1.2h0,PPCI,0.45267782028012427,0.7259015399976922
1,88,LO_GH_P1_c22w,1000,50,0.943,0.0084527498242782,0.0597699672042057,0.2340297044045009,0.2340297044045009,0.6843034987776052,0.6533783203814598,2.561243015895323,0.6433624881719485,6.434685174491137,6.668714878895639,29.93032542947564,,,,,4669.56,48.062408648823286,21.07085096603171,21.07085096603171,22.0,0.3821157885682916,0.8857893794210135,10.317812702185794,,1.142490796819402,1.119387995018489,,,6.209373719820048,income,matern52_1.2h0,LO,0.45934115907559114,0.7902503883684724
1,88,PPI_global,1000,50,0.246,0.0135405664126546,0.0957462633149488,-1.1535862959710734,1.1535862959710734,1.2213661739538069,0.4133497065227228,1.6203308495690734,0.4014163969621191,6.434685174491137,5.281098878520064,,,,,,,,,,,,,,,0.7227791630651293,1.9979185187388349,,,6.209373719820048,income,matern52_1.2h0,PPI,-0.9282748412999844,1.0112705719127848
1,89,GH_P1_c22,1000,50,0.959,0.0064980373803109,0.0459480629602153,0.2407028537315843,0.2407028537315843,0.6109868801712985,0.5686126851497245,2.2289617257869203,0.5618565535202574,6.416860337458491,6.657563191190077,29.389270961481643,22.81770971470709,3.810629030180249,316.227766016838,1.3999999999999997,4679.43,50.119696535969325,21.248510036859187,21.248510036859187,22.0,0.3821157885682916,0.8901924803620231,9.743728118160124,0.0,1.0,1.0,,,6.193774817047353,income,matern52_1.2h0,PPCI,0.463788374142724,0.72833149041963
1,89,LO_GH_P1_c22w,1000,50,0.949,0.0072125174636367,0.0510002000796395,0.2352499029325623,0.2352499029325623,0.6945799924455379,0.6474061292951092,2.537832026836828,0.6538550110317385,6.416860337458491,6.652110240391053,29.381676383923672,,,,,4679.43,50.119696535969325,21.248510036859187,21.248510036859187,22.0,0.3821157885682916,0.8901924803620231,9.743728118160124,,1.1385713794349084,1.1368165421994052,,,6.193774817047353,income,matern52_1.2h0,LO,0.4583354233437005,0.7982294215120818
1,89,PPI_global,1000,50,0.275,0.0145160010235011,0.1026436275942851,-1.1281517060485593,1.1281517060485593,1.1998331883363738,0.4124337242251485,1.616740198962582,0.4087058213698143,6.416860337458491,5.288708631409932,,,,,,,,,,,,,,,0.7253333156233549,1.9637626064899856,,,6.193774817047353,income,matern52_1.2h0,PPI,-0.9050661856374207,0.9929844955272077
1,90,GH_P1_c22,1000,50,0.942,0.0077406955337966,0.05473498303048,0.2574990812818676,0.2574990812818676,0.6331730926225161,0.572141026214874,2.242792822762305,0.5787377002458379,6.399565768644426,6.657064849926295,29.67791887928862,23.03702371806328,3.779807891554925,316.227766016838,1.3999999999999997,4689.68,52.23966938385909,21.39666362874132,21.39666362874132,22.0,0.3821157885682916,0.8941799984382762,9.160938466876374,0.0,1.0,1.0,,,6.178683117308365,income,matern52_1.2h0,PPCI,0.4783817326179296,0.7506340456325491
1,90,LO_GH_P1_c22w,1000,50,0.953,0.0062938259348316,0.044504069981272,0.244300070043516,0.244300070043516,0.6999175073472852,0.6505686238814377,2.550229005615236,0.6562260475579004,6.399565768644426,6.643865838687944,29.67506696060185,,,,,4689.68,52.23966938385909,21.39666362874132,21.39666362874132,22.0,0.3821157885682916,0.8941799984382762,9.160938466876374,,1.1370773883939405,1.1054125885993085,,,6.178683117308365,income,matern52_1.2h0,LO,0.4651827213795787,0.8041125276589596
1,90,PPI_global,1000,50,0.287,0.0139100609602678,0.0983589843172364,-1.1101961598486068,1.1101961598486068,1.1843710058799444,0.4138460437268687,1.6222764914093255,0.4127584472330514,6.399565768644426,5.2893696087958215,,,,,,,,,,,,,,,0.7233287332404028,1.8705327495431647,,,6.178683117308365,income,matern52_1.2h0,PPI,-0.8893135085125436,0.9803456954816334
1,91,GH_P1_c22,1000,50,0.937,0.0072576490262174,0.051319328419103,0.2989330816815924,0.2989330816815924,0.6616829283603242,0.5732097066470414,2.246982050056403,0.5906031852964582,6.382777716803456,6.681710798485048,29.723860258674904,23.000850569421303,3.77494679072652,316.227766016838,1.3999999999999997,4695.61,54.03949013098836,21.550776174459592,21.550776174459592,22.0,0.3821157885682916,0.8973340343562516,8.807306624039015,0.0,1.0,1.0,,,6.1640745642294705,income,matern52_1.2h0,PPCI,0.5176362342555771,0.7851181957986548
1,91,LO_GH_P1_c22w,1000,50,0.932,0.008422515984562,0.0595561816733595,0.2904953363495215,0.2904953363495215,0.7371223521922174,0.653729158387777,2.562618300880086,0.6778061986316364,6.382777716803456,6.673273053152976,29.71728582855459,,,,,4695.61,54.03949013098836,21.550776174459592,21.550776174459592,22.0,0.3821157885682916,0.8973340343562516,8.807306624039015,,1.1404711937132563,1.114011440523084,,,6.1640745642294705,income,matern52_1.2h0,LO,0.5091984889235057,0.8474933172494916
1,91,PPI_global,1000,50,0.314,0.0150536455683651,0.106445348629698,-1.0521733760085907,1.0521733760085907,1.1369328108139682,0.4180124611093843,1.6386088475487863,0.4309676742637379,6.382777716803456,5.330604340794864,,,,,,,,,,,,,,,0.7292487483412048,1.7182441348930244,,,6.1640745642294705,income,matern52_1.2h0,PPI,-0.833470223434607,0.9382004138115526
1,92,GH_P1_c22,1000,50,0.932,0.0063503173631122,0.0449035247014334,0.2789791467390038,0.2789791467390038,0.6566842963309685,0.5710438149065399,2.238491754433636,0.5947761422517454,6.366473916996397,6.6454530637354,29.37644586178308,22.827237849738683,3.735941834126728,316.227766016838,1.3999999999999997,4706.37,56.344257090678205,21.6942360553054,21.6942360553054,22.0,0.3821157885682916,0.9012399563695586,8.2241999463499,0.0,1.0,1.0,,,6.149926607001687,income,matern52_1.2h0,PPCI,0.495526456733713,0.7739194855122494
1,92,LO_GH_P1_c22w,1000,50,0.93,0.0072843135908468,0.0515078753637712,0.2832733595775407,0.2832733595775407,0.7354391289877076,0.6501550708929722,2.548607877900451,0.6790346119337772,6.366473916996397,6.649747276573936,29.367138322886248,,,,,4706.37,56.344257090678205,21.6942360553054,21.6942360553054,22.0,0.3821157885682916,0.9012399563695586,8.2241999463499,,1.1385379789103929,1.1199279975122882,,,6.149926607001687,income,matern52_1.2h0,LO,0.4998206695722489,0.8428805478426363
1,92,PPI_global,1000,50,0.322,0.0151966698822539,0.1074566832519513,-1.0594504257773485,1.0594504257773485,1.144723091855271,0.4161942910368649,1.6314816208645104,0.4337555720024015,6.366473916996397,5.307023491219047,,,,,,,,,,,,,,,0.728830748486404,1.7431863351249253,,,6.149926607001687,income,matern52_1.2h0,PPI,-0.8429031157826401,0.9478614956537533
1,93,GH_P1_c22,1000,50,0.939,0.0079910664405411,0.0565053726901888,0.2802106047862677,0.2802106047862677,0.6478157176124363,0.5659781016433463,2.218634158441917,0.5843703531671424,6.350633471838759,6.630844076625025,29.70557875565654,23.04138627792692,3.8685407028761,304.5207239009796,1.3999999999999997,4713.26,57.65046998055956,21.292758805626807,21.292758805626807,22.0,0.3821157885682916,0.9047955896720972,7.743248389124317,0.0,1.0,1.0,,,6.136218083690469,income,matern52_1.2h0,PPCI,0.494625992934556,0.7653770925743241
1,93,LO_GH_P1_c22w,1000,50,0.946,0.0074010479125649,0.052333311668612,0.2752400499794836,0.2752400499794836,0.7207035598537199,0.6447632617673148,2.5274719861278747,0.6664087609791948,6.350633471838759,6.625873521818241,29.69655186323828,,,,,4713.26,57.65046998055956,21.292758805626807,21.292758805626807,22.0,0.3821157885682916,0.9047955896720972,7.743248389124317,,1.1392017816505833,1.1125132352606637,,,6.136218083690469,income,matern52_1.2h0,LO,0.48965543812777224,0.8266915895067617
1,93,PPI_global,1000,50,0.297,0.0143860760346061,0.1017249191873528,-1.0563917459380483,1.0563917459380483,1.1382141008081164,0.4116129436798597,1.61352273922505,0.4239664679645665,6.350633471838759,5.29424172590071,,,,,,,,,,,,,,,0.7272594866916592,1.7570029097211053,,,6.136218083690469,income,matern52_1.2h0,PPI,-0.8419763577897594,0.9425985388643993
1,94,GH_P1_c22,1000,50,0.949,0.0078882501098734,0.0557783514438703,0.3715935734635785,0.3715935734635785,0.675027658633472,0.5767185550006827,2.260736735602676,0.5638248438436272,6.335236742370896,6.706830315834475,34.81338424925639,26.97097170471996,4.524163649861682,255.09099052291103,1.3999999999999997,4727.32,57.49103391805388,19.14766484842489,19.14766484842489,22.0,0.3821157885682916,0.9115249827757492,6.062906487034823,0.0,1.0,1.0,,,6.122929114828953,income,matern52_1.2h0,PPCI,0.5839012010055225,0.8114931722549776
1,94,LO_GH_P1_c22w,1000,50,0.942,0.0067551945243067,0.0477664385637156,0.3706112297764801,0.3706112297764801,0.7390614882585831,0.6566386726386321,2.5740235967434377,0.6397409383952348,6.335236742370896,6.705847972147378,34.80438568641405,,,,,4727.32,57.49103391805388,19.14766484842489,19.14766484842489,22.0,0.3821157885682916,0.9115249827757492,6.062906487034823,,1.1385773302158706,1.0948610457751335,,,6.122929114828953,income,matern52_1.2h0,LO,0.5829188573184254,0.8652477067337282
1,94,PPI_global,1000,50,0.291,0.0119257909505373,0.0843280765213811,-1.062932229893065,1.062932229893065,1.1330717589736408,0.4103192274338239,1.6084513715405897,0.3926587150499547,6.335236742370896,5.272304512477833,,,,,,,,,,,,,,,0.7114722144380081,1.6785560480105874,,,6.122929114828953,income,matern52_1.2h0,PPI,-0.8506246023511199,0.9367971497411688
1,95,GH_P1_c22,1000,50,0.942,0.0089625069379189,0.0633744943223395,0.3732126539681057,0.3732126539681057,0.6948956431826271,0.5810893041388162,2.27787007222416,0.5864607455220838,6.320265248160409,6.693477902128516,35.34565487534888,27.4910889956689,4.532114021856323,253.79020806559345,1.3999999999999997,4729.88,58.7251243572298,19.100165014075987,19.100165014075987,22.0,0.3821157885682916,0.9116140795191,6.730095615913784,0.0,1.0,1.0,,,6.110041006379178,income,matern52_1.2h0,PPCI,0.5834368957493377,0.8270374121851464
1,95,LO_GH_P1_c22w,1000,50,0.94,0.0080812203564176,0.0571428571428571,0.3776376182448505,0.3776376182448505,0.7614524863446178,0.6609289516819624,2.590841490593293,0.6615416506935592,6.320265248160409,6.6979028664052604,35.33396630450945,,,,,4729.88,58.7251243572298,19.100165014075987,19.100165014075987,22.0,0.3821157885682916,0.9116140795191,6.730095615913784,,1.137396518873239,1.0957796236240018,,,6.110041006379178,income,matern52_1.2h0,LO,0.5878618600260825,0.8847492778861603
1,95,PPI_global,1000,50,0.323,0.0137921894489569,0.0975255068676698,-1.0390316787768552,1.0390316787768552,1.1201759848723598,0.4151290591995832,1.627305912062366,0.4187872853529393,6.320265248160409,5.281233569383554,,,,,,,,,,,,,,,0.7143980387228278,1.6120060556746991,,,6.110041006379178,income,matern52_1.2h0,PPI,-0.828807436995624,0.928509114226762
1,96,GH_P1_c22,1000,50,0.93,0.0079539490897571,0.0562429133857986,0.4186105046425289,0.4186105046425289,0.7352251577820539,0.5830113016073385,2.285404302300768,0.604720567703445,6.305701577498614,6.724312082141143,35.56433908318893,27.88248686050325,4.559835680418342,251.18864315095823,1.3999999999999997,4736.95,60.76055353020369,19.134958707591068,19.134958707591068,22.0,0.3821157885682916,0.9147156674995842,6.390703776464342,0.0,1.0,1.0,,,6.0975361616129256,income,matern52_1.2h0,PPCI,0.6267759205282175,0.8707291958999466
1,96,LO_GH_P1_c22w,1000,50,0.937,0.0080571935155448,0.0569729617217407,0.4036009958662547,0.4036009958662547,0.7897438317726775,0.6598404665026253,2.58657462869029,0.6791633226091763,6.305701577498614,6.7093025733648695,35.558349597942886,,,,,4736.95,60.76055353020369,19.134958707591068,19.134958707591068,22.0,0.3821157885682916,0.9147156674995842,6.390703776464342,,1.131779889486656,1.0741523510363675,,,6.0975361616129256,income,matern52_1.2h0,LO,0.6117664117519439,0.9138160091104814
1,96,PPI_global,1000,50,0.361,0.0159264892937674,0.1126172858011792,-0.9939474065207292,0.9939474065207292,1.0840553918244384,0.415151821792886,1.6273951414281131,0.4329342648625129,6.305701577498614,5.311754170977885,,,,,,,,,,,,,,,0.71208194532135,1.4744536151275034,,,6.0975361616129256,income,matern52_1.2h0,PPI,-0.7857819906350407,0.897049598640298
1,97,GH_P1_c22,1000,50,0.939,0.0077314623587056,0.0546696946232927,0.3883392946622568,0.3883392946622568,0.7117474123767018,0.5723209289259688,2.243498041389797,0.5967688868821013,6.291529308079702,6.679868602741959,34.280942780944535,26.74062084706588,4.489977676631716,251.18864315095823,1.3999999999999997,4744.11,63.06402013706517,19.29155979870024,19.29155979870024,22.0,0.3821157885682916,0.9177687102910506,6.03896146279327,0.0,1.0,1.0,,,6.085398001407976,income,matern52_1.2h0,PPCI,0.5944706013339838,0.8421236649664584
1,97,LO_GH_P1_c22w,1000,50,0.932,0.0077932466839919,0.0551065757771025,0.3649383498323383,0.3649383498323383,0.7667768990746784,0.649780106169806,2.5471380161856394,0.6747014419815934,6.291529308079702,6.6564676579120405,34.27664702785983,,,,,4744.11,63.06402013706517,19.29155979870024,19.29155979870024,22.0,0.3821157885682916,0.9177687102910506,6.03896146279327,,1.1353422063197989,1.0773160333863658,,,6.085398001407976,income,matern52_1.2h0,LO,0.5710696565040649,0.8836783161059799
1,97,PPI_global,1000,50,0.357,0.0128579364834426,0.0909193407950819,-1.003994104873259,1.003994104873259,1.0892773458385452,0.412000385591173,1.6150415115173982,0.4227288412327921,6.291529308079702,5.287535203206443,,,,,,,,,,,,,,,0.7198764972029643,1.530426843704534,,,6.085398001407976,income,matern52_1.2h0,PPI,-0.7978627982015327,0.9028322204544922
1,98,GH_P1_c22,1000,50,0.936,0.0074285714285714,0.0525279323167149,0.4178918759145464,0.4178918759145464,0.7393075552266157,0.5794957103075585,2.2716231844056294,0.6101756760273161,6.27773293454382,6.695624810458364,35.16248406572595,27.354040780763388,4.473784682303768,251.18864315095823,1.3999999999999997,4750.2,65.19610189108539,19.430520785942427,19.430520785942427,22.0,0.3821157885682916,0.9202736406303584,5.797948155055599,0.0,1.0,1.0,,,6.073610891361607,income,matern52_1.2h0,PPCI,0.6220139190967569,0.8711161557507033
1,98,LO_GH_P1_c22w,1000,50,0.931,0.0076784883716438,0.0542951119685139,0.4209637348456639,0.4209637348456639,0.8069382603120789,0.660431003475074,2.5888895336222904,0.6887766715006234,6.27773293454382,6.698696669389481,35.15075624527833,,,,,4750.2,65.19610189108539,19.430520785942427,19.430520785942427,22.0,0.3821157885682916,0.9202736406303584,5.797948155055599,,1.139665042774105,1.0914784444002237,,,6.073610891361607,income,matern52_1.2h0,LO,0.6250857780278736,0.9298769379831862
1,98,PPI_global,1000,50,0.374,0.0147246842591144,0.1041192409045062,-0.9683334449224684,0.9683334449224684,1.061527009275081,0.4167462839949076,1.633645433260038,0.4351543291238614,6.27773293454382,5.309399489621348,,,,,,,,,,,,,,,0.7191533545153007,1.4358395254728558,,,6.073610891361607,income,matern52_1.2h0,PPI,-0.7642114017402593,0.8793116611389244
1,99,GH_P1_c22,1000,50,0.939,0.0079910664405411,0.0565053726901888,0.3994894593122438,0.3994894593122438,0.7019896723462498,0.5754778618925318,2.2558732186187243,0.5775216040828157,6.264297801445152,6.663787260757395,34.44918082948436,26.822807735706377,4.397193642214688,251.18864315095823,1.3999999999999997,4757.96,67.73149107937859,19.574279729298024,19.574279729298024,22.0,0.3821157885682916,0.923109578888236,5.529505075891355,0.0,1.0,1.0,,,6.0621600748267905,income,matern52_1.2h0,PPCI,0.6016271859306048,0.8337583239944203
1,99,LO_GH_P1_c22w,1000,50,0.936,0.0070043718126464,0.049528388066742,0.4247811792797948,0.4247811792797948,0.781323270537262,0.654396105218298,2.565232732455728,0.6560925698961871,6.264297801445152,6.689078980724948,34.428915884594275,,,,,4757.96,67.73149107937859,19.574279729298024,19.574279729298024,22.0,0.3821157885682916,0.923109578888236,5.529505075891355,,1.1371351507184544,1.1130124862462103,,,6.0621600748267905,income,matern52_1.2h0,LO,0.6269189058981572,0.9072234109552358
1,99,PPI_global,1000,50,0.37,0.0166598625567008,0.1178030178747903,-0.9738538539614228,0.9738538539614228,1.0577111469174292,0.4150913696277071,1.6271581689406116,0.4129552923881456,6.264297801445152,5.29044394748373,,,,,,,,,,,,,,,0.7212985887287247,1.5067332021883697,,,6.0621600748267905,income,matern52_1.2h0,PPI,-0.7717161273430602,0.8751613123528929
1,100,GH_P1_c22,1000,50,0.927,0.0079808444134076,0.0564330920431533,0.4355227058029358,0.4355227058029358,0.7367844638023432,0.5775740511678555,2.2640902805779937,0.594579552014926,6.251210041572008,6.686732747374945,34.41157801846087,26.913602863143787,4.390188621810587,251.18864315095823,1.3999999999999997,4762.85,69.92831785893488,19.715526981244803,19.715526981244803,22.0,0.3821157885682916,0.9253795571950656,5.300251274589329,0.0,1.0,1.0,,,6.051031611429182,income,matern52_1.2h0,PPCI,0.6357011359457632,0.870222530777806
1,100,LO_GH_P1_c22w,1000,50,0.933,0.0079037578249274,0.0558880075486244,0.4337815066111886,0.4337815066111886,0.7951034387854898,0.6566094099232983,2.5739088868993294,0.6666839959389153,6.251210041572008,6.684991548183199,34.402507333023024,,,,,4762.85,69.92831785893488,19.715526981244803,19.715526981244803,22.0,0.3821157885682916,0.9253795571950656,5.300251274589329,,1.13684021745027,1.0791533723202826,,,6.051031611429182,income,matern52_1.2h0,LO,0.6339599367540174,0.9197435970420214
1,100,PPI_global,1000,50,0.381,0.0160286732871731,0.1133398357478382,-0.9377931342295532,0.9377931342295532,1.0296116724614444,0.4170313727076887,1.6347629810141395,0.4252352978284881,6.251210041572008,5.313416907342456,,,,,,,,,,,,,,,0.7220396620389208,1.3974394453812178,,,6.051031611429182,income,matern52_1.2h0,PPI,-0.7376147040867256,0.8513046958320571
2,70,GH_P1_c15,1000,50,0.936,0.0071485691446838,0.0505480171798689,0.048827283086463,0.048827283086463,0.3994049376296664,0.3864121548024226,1.5147356468254969,0.3966074862221836,4.200841915640374,4.249669198726836,18.52232240882461,14.81766637545132,3.001243581391764,251.18864315095823,1.3999999999999997,4315.49,13.809256277053407,14.161549190746332,14.161549190746332,15.0,0.3821157885682916,0.6810900999613568,19.00831009745512,0.0,,,1.0,1.0,4.087704048715876,income,matern52_1.2h0,PPCI,0.16196515001095957,0.4282206329071787
2,70,LO_GH_P1_c15w,1000,50,0.933,0.0073692687865879,0.052108599313827,0.0532570558658004,0.0532570558658004,0.4461197889396648,0.4336421315152285,1.699877155539696,0.4431511424097846,4.200841915640374,4.254098971506173,18.515294460383995,,,,,4315.49,13.809256277053407,14.161549190746332,14.161549190746332,15.0,0.3821157885682916,0.6810900999613568,19.00831009745512,,,,1.1222269437589385,1.116961126187461,4.087704048715876,income,matern52_1.2h0,LO,0.166394922790297,0.47315306446695127
2,70,PPI_global,1000,50,0.184,0.0148076097369713,0.1047056125817639,-0.8660707128444332,0.8660707128444332,0.9086258505167636,0.2698978487516333,1.0579995671064026,0.2749510040626916,4.200841915640374,3.3347712027959395,,,,,,,,,,,,,,,,,0.698471425904383,2.274948967604536,4.087704048715876,income,matern52_1.2h0,PPI,-0.7529328459199367,0.8015175151208751
2,71,GH_P1_c15,1000,50,0.922,0.0079744489925444,0.0563878695885444,0.0541804447956571,0.0541804447956571,0.4135720536267108,0.3880882993158845,1.5213061333182674,0.4102128685698438,4.1801705254873065,4.234350970282963,18.53428836657208,14.893982458785374,2.960604191100139,251.18864315095823,1.3999999999999997,4339.08,14.77216659158369,14.29191412541836,14.29191412541836,15.0,0.3821157885682916,0.6990063483693789,18.92417865110938,0.0,,,1.0,1.0,4.067765642731436,income,matern52_1.2h0,PPCI,0.16658532755152766,0.44255733447566925
2,71,LO_GH_P1_c15w,1000,50,0.917,0.0080318244553546,0.056793575376812,0.0541158612905037,0.0541158612905037,0.4659247498734254,0.4351589408598539,1.7058230481706278,0.4630029350006545,4.1801705254873065,4.234286386777811,18.526546814346144,,,,,4339.08,14.77216659158369,14.29191412541836,14.29191412541836,15.0,0.3821157885682916,0.6990063483693789,18.92417865110938,,,,1.121288484159262,1.126586638984964,4.067765642731436,income,matern52_1.2h0,LO,0.16652074404637496,0.4918195851114099
2,71,PPI_global,1000,50,0.21,0.0130149051130632,0.0920292766194651,-0.8511660084843818,0.8511660084843818,0.8956491939220385,0.2708065907379183,1.0615618356926395,0.2788936827183843,4.1801705254873065,3.3290045170029248,,,,,,,,,,,,,,,,,0.6977963293799158,2.1656424462627,4.067765642731436,income,matern52_1.2h0,PPI,-0.7387611257285109,0.7896023717426508
2,72,GH_P1_c15,1000,50,0.929,0.0079654867768289,0.0563244971534752,0.0904970534158936,0.0904970534158936,0.4316508326828719,0.3926353004763074,1.5391303778671253,0.4222689139808567,4.160599118732094,4.251096172147987,18.79832156508502,15.155799939120456,2.9220876554417474,251.18864315095823,1.3999999999999997,4356.32,15.718712416640455,14.468026743703833,14.468026743703833,15.0,0.3821157885682916,0.7155305743289685,18.65713360564857,0.0,,,1.0,1.0,4.048911056744343,income,matern52_1.2h0,PPCI,0.20218511540364403,0.4679866937954993
2,72,LO_GH_P1_c15w,1000,50,0.93,0.0083299312783504,0.0589015089373951,0.0875610592912262,0.0875610592912262,0.471749107720712,0.4395905964346967,1.7231951380240111,0.4637837609360577,4.160599118732094,4.248160178023319,18.793077342150333,,,,,4356.32,15.718712416640455,14.468026743703833,14.468026743703833,15.0,0.3821157885682916,0.7155305743289685,18.65713360564857,,,,1.1195901028293371,1.0928951643359848,4.048911056744343,income,matern52_1.2h0,LO,0.1992491212789762,0.5045597029703527
2,72,PPI_global,1000,50,0.246,0.0139122615130741,0.0983745445753532,-0.8127267780930091,0.8127267780930091,0.8631250708739019,0.2737345694451383,1.073039512224942,0.290765570104841,4.160599118732094,3.3478723406390847,,,,,,,,,,,,,,,,,0.6971725902206699,1.9995908857843632,4.048911056744343,income,matern52_1.2h0,PPI,-0.7010387161052583,0.7588908706923174
2,73,GH_P1_c15,1000,50,0.935,0.0084816729193127,0.0599744843705237,0.0882847299260174,0.0882847299260174,0.4105673650663968,0.3873731789597296,1.5185028615221403,0.4011636823286395,4.14203991040899,4.230324640335009,18.08623255537445,14.551866977008183,2.870109242137928,251.18864315095823,1.3999999999999997,4378.34,16.734709718798126,14.599796567311596,14.599796567311596,15.0,0.3821157885682916,0.7299139378926144,18.550044789028423,0.0,,,1.0,1.0,4.031053317142431,income,matern52_1.2h0,PPCI,0.199271323192578,0.44775040811413563
2,73,LO_GH_P1_c15w,1000,50,0.938,0.0074996598562323,0.0530306034093445,0.0879858081690153,0.0879858081690153,0.4572484823056653,0.4339388303080034,1.701040214807373,0.4489278431329689,4.14203991040899,4.230025718578006,18.08082931502536,,,,,4378.34,16.734709718798126,14.599796567311596,14.599796567311596,15.0,0.3821157885682916,0.7299139378926144,18.550044789028423,,,,1.1202087647712815,1.1136990448125832,4.031053317142431,income,matern52_1.2h0,LO,0.19897240143557493,0.49084079767753525
2,73,PPI_global,1000,50,0.248,0.0150482218083013,0.1064069968544918,-0.7931536468917898,0.7931536468917898,0.8409066996737162,0.2724707649389158,1.0680853985605503,0.2794807318185882,4.14203991040899,3.3488862635172016,,,,,,,,,,,,,,,,,0.7033805635966378,2.048157674533447,4.031053317142431,income,matern52_1.2h0,PPI,-0.6821670536252298,0.737145344576036
2,74,GH_P1_c15,1000,50,0.937,0.0072576490262174,0.051319328419103,0.0992946130860791,0.0992946130860791,0.4135215446473686,0.3882524525993337,1.521949614189388,0.4016241397740937,4.1244133352085,4.223707948294577,18.11305745842916,14.610303060149374,2.827498996300589,251.18864315095823,1.3999999999999997,4398.94,17.842242971422056,14.7708321695157,14.7708321695157,15.0,0.3821157885682916,0.7444760510618302,18.28096048690838,0.0,,,1.0,1.0,4.014114157742465,income,matern52_1.2h0,PPCI,0.20959379055211258,0.4528467784335385
2,74,LO_GH_P1_c15w,1000,50,0.948,0.005707138387268,0.0403555625480729,0.111363838071979,0.111363838071979,0.4588101170978589,0.4355853765009701,1.7074946758838028,0.4453123872558145,4.1244133352085,4.235777173280478,18.107206911458896,,,,,4398.94,17.842242971422056,14.7708321695157,14.7708321695157,15.0,0.3821157885682916,0.7444760510618302,18.28096048690838,,,,1.121912749255657,1.1095192573076458,4.014114157742465,income,matern52_1.2h0,LO,0.22166301553801304,0.49723164780475754
2,74,PPI_global,1000,50,0.263,0.0155714285714285,0.1101066273561909,-0.770932998492895,0.770932998492895,0.8192904349367606,0.2739938859354905,1.0740560328671227,0.2774456788604546,4.1244133352085,3.353480336715604,,,,,,,,,,,,,,,,,0.705710637759306,1.9812521150147384,4.014114157742465,income,matern52_1.2h0,PPI,-0.6606338210268605,0.7164748244691994
2,75,GH_P1_c15,1000,50,0.93,0.0074230748895809,0.0524890659167823,0.1258622027052015,0.1258622027052015,0.4328097421109528,0.3914790183021349,1.534597751744369,0.4143122414674396,4.1076472544150295,4.233509457120232,18.8888018053014,15.252489466862857,2.952462317211006,239.8229125870628,1.3999999999999997,4420.34,18.454787539587343,14.370315870344282,14.370315870344282,15.0,0.3821157885682916,0.757942391904366,17.812667039798217,0.0,,,1.0,1.0,3.9980230358901485,income,matern52_1.2h0,PPCI,0.23548642123008356,0.47637887587517624
2,75,LO_GH_P1_c15w,1000,50,0.944,0.007645193234434,0.0540596797954985,0.1328720318900657,0.1328720318900657,0.4771234305251791,0.4381180884661272,1.7174229067872189,0.4584779090540911,4.1076472544150295,4.240519286305096,18.88183335569348,,,,,4420.34,18.454787539587343,14.370315870344282,14.370315870344282,15.0,0.3821157885682916,0.757942391904366,17.812667039798217,,,,1.1191355551218771,1.1023860696806271,3.9980230358901485,income,matern52_1.2h0,LO,0.2424962504149475,0.5184556129147699
2,75,PPI_global,1000,50,0.279,0.0130219594751108,0.0920791584918727,-0.7487648574086654,0.7487648574086654,0.8018521426143044,0.2754717580941385,1.0798492917290228,0.2870547811347236,4.1076472544150295,3.358882397006365,,,,,,,,,,,,,,,,,0.7036692778296879,1.85266657516398,3.9980230358901485,income,matern52_1.2h0,PPI,-0.6391406388837835,0.700584615301894
2,76,GH_P1_c15,1000,50,0.942,0.0064460080986734,0.0455801603815537,0.1544653102903719,0.1544653102903719,0.4401294142703796,0.3957378046867438,1.5512921943720357,0.4123401431057896,4.091676225765211,4.24614153605558,21.43935939929704,17.446449395407413,3.380322909872438,205.72572089537653,1.3999999999999997,4441.24,18.13582515379312,12.839135055144382,12.839135055144382,15.0,0.3821157885682916,0.7704806908840032,17.021327312613533,0.0,,,1.0,1.0,3.9827162627865937,income,matern52_1.2h0,PPCI,0.26342527326898635,0.48912906662733374
2,76,LO_GH_P1_c15w,1000,50,0.941,0.0060084973842323,0.0424864924513229,0.1514690345211441,0.1514690345211441,0.485111631683072,0.4422148632063545,1.7334822637689091,0.461088960836464,4.091676225765211,4.243145260286353,21.43098504446909,,,,,4441.24,18.13582515379312,12.839135055144382,12.839135055144382,15.0,0.3821157885682916,0.7704806908840032,17.021327312613533,,,,1.1174440702131063,1.10220225223361,3.9827162627865937,income,matern52_1.2h0,LO,0.2604289974997589,0.529352141314432
2,76,PPI_global,1000,50,0.289,0.013798106939071,0.097567349841543,-0.7430073123967665,0.7430073123967665,0.79346068975287,0.2727483089211594,1.069173370970945,0.2785634532840581,4.091676225765211,3.348668913368442,,,,,,,,,,,,,,,,,0.6892146913713746,1.8027895069640407,3.9827162627865937,income,matern52_1.2h0,PPI,-0.6340473494181516,0.6924854086637622
2,77,GH_P1_c15,1000,50,0.949,0.0069237833234586,0.0489585413948394,0.1602891066863059,0.1602891066863059,0.4316781899574552,0.3913438637299912,1.5340679458215654,0.4010165535721559,4.076440837918264,4.23672994460457,21.180296687848568,17.151889040146354,3.4146002849497545,199.52623149688813,1.3999999999999997,4456.53,18.86496797550541,12.704816455217866,12.704816455217866,15.0,0.3821157885682916,0.7816846667388138,16.621833355379234,0.0,,,1.0,1.0,3.968136236755099,income,matern52_1.2h0,PPCI,0.2685937078494711,0.48248942149955776
2,77,LO_GH_P1_c15w,1000,50,0.94,0.0083299312783504,0.0589015089373951,0.1665344688716687,0.1665344688716687,0.4858660120250848,0.4382604741282149,1.7179810585826023,0.4566624496405444,4.076440837918264,4.2429753067899325,21.173118813505745,,,,,4456.53,18.86496797550541,12.704816455217866,12.704816455217866,15.0,0.3821157885682916,0.7816846667388138,16.621833355379234,,,,1.11988589766312,1.125528283170781,3.968136236755099,income,matern52_1.2h0,LO,0.27483907003483354,0.5327931744461477
2,77,PPI_global,1000,50,0.286,0.0145012314747994,0.1025391911138649,-0.7239146350566805,0.7239146350566805,0.7736204362084025,0.2717120376563042,1.0651111876127124,0.2729664652685257,4.076440837918264,3.3525262028615845,,,,,,,,,,,,,,,,,0.6943050928831548,1.792123054177576,3.968136236755099,income,matern52_1.2h0,PPI,-0.6156100338935144,0.6733586669082132
2,78,GH_P1_c15,1000,50,0.952,0.006220440302022,0.043985155195259,0.1771062392513188,0.1771062392513188,0.4442429449910529,0.3944803718330847,1.546363057585692,0.4076166403841928,4.061887111484032,4.238993350735351,21.174038342281992,17.20211598807872,3.3725752297304967,199.52623149688813,1.3999999999999997,4475.44,20.053259657312324,12.895348163334551,12.895348163334551,15.0,0.3821157885682916,0.793043905171293,16.28650977949024,0.0,,,1.0,1.0,3.9542307694841896,income,matern52_1.2h0,PPCI,0.28476258125116116,0.4970662952498413
2,78,LO_GH_P1_c15w,1000,50,0.947,0.0070580681868774,0.0499080787701812,0.1657366275042885,0.1657366275042885,0.4850518885466672,0.4398888018144687,1.7243641031127173,0.4560863071895483,4.061887111484032,4.22762373898832,21.16474456336493,,,,,4475.44,20.053259657312324,12.895348163334551,12.895348163334551,15.0,0.3821157885682916,0.793043905171293,16.28650977949024,,,,1.1151094787565186,1.0918617707174534,3.9542307694841896,income,matern52_1.2h0,LO,0.27339296950413017,0.5315547202880241
2,78,PPI_global,1000,50,0.316,0.0132048228666186,0.0933721979335325,-0.7050554928573292,0.7050554928573292,0.7602220084100768,0.2727328613698755,1.0691128165699124,0.2844559179064335,4.061887111484032,3.356831618626702,,,,,,,,,,,,,,,,,0.6913724505544633,1.7112753662872189,3.9542307694841896,income,matern52_1.2h0,PPI,-0.5973991508574876,0.6616041108608735
2,79,GH_P1_c15,1000,50,0.955,0.0059333027592271,0.041954786158824,0.1733612915159505,0.1733612915159505,0.428255230344667,0.3916290874719702,1.5351860228901233,0.3917931939535368,4.047965960444721,4.221327251960671,20.68743644611601,16.774674389705773,3.3126707583197,199.52623149688813,1.3999999999999997,4488.92,21.096916695910373,13.070387574394156,13.070387574394156,15.0,0.3821157885682916,0.8025003531183892,16.01497797150717,0.0,,,1.0,1.0,3.940952493767581,income,matern52_1.2h0,PPCI,0.28037475819308977,0.48162060789932876
2,79,LO_GH_P1_c15w,1000,50,0.952,0.007948815853282,0.0562066159225885,0.1872557035913843,0.1872557035913843,0.4703026228338421,0.4387786811775299,1.7200124302159172,0.4316319782888755,4.047965960444721,4.235221664036105,20.680623499344883,,,,,4488.92,21.096916695910373,13.070387574394156,13.070387574394156,15.0,0.3821157885682916,0.8025003531183892,16.01497797150717,,,,1.1203934927559085,1.098183021501768,3.940952493767581,income,matern52_1.2h0,LO,0.2942691702685245,0.5222204544896845
2,79,PPI_global,1000,50,0.315,0.0143747227124986,0.1016446390768407,-0.6955648183707093,0.6955648183707093,0.7463020171483961,0.2724332483706778,1.0679383336130568,0.2706095226677092,4.047965960444721,3.352401142074012,,,,,,,,,,,,,,,,,0.6956409957423717,1.7426570985432208,3.940952493767581,income,matern52_1.2h0,PPI,-0.5885513516935688,0.6477260052097753
2,80,GH_P1_c15,1000,50,0.956,0.0069458547320818,0.0491146098219173,0.2046588413012656,0.2046588413012656,0.4574339190689617,0.3973850074330738,1.5577492291376496,0.4093019387555865,4.034632708558938,4.239291549860203,21.015343950810223,17.211158176519195,3.285955040584104,199.52623149688813,1.3999999999999997,4509.94,22.50573337110413,13.277515923896113,13.277515923896113,15.0,0.3821157885682916,0.8133850051549867,15.709586045742396,0.0,,,1.0,1.0,3.9282583426574877,income,matern52_1.2h0,PPCI,0.31103320720271554,0.5139087516036482
2,80,LO_GH_P1_c15w,1000,50,0.948,0.0058832172234211,0.0416006279387458,0.2019057040781193,0.2019057040781193,0.5005078595969664,0.4427657436832836,1.7356417152384718,0.4582053648042447,4.034632708558938,4.236538412637057,21.0054716744471,,,,,4509.94,22.50573337110413,13.277515923896113,13.277515923896113,15.0,0.3821157885682916,0.8133850051549867,15.709586045742396,,,,1.1141984106127925,1.0941642906929054,3.9282583426574877,income,matern52_1.2h0,LO,0.3082800699795696,0.5520677546512419
2,80,PPI_global,1000,50,0.358,0.0179204591777905,0.1267167820659239,-0.6690494974299414,0.6690494974299414,0.7246509482329724,0.2751066547535831,1.078418086634046,0.2785127216121175,4.034632708558938,3.3655832111289965,,,,,,,,,,,,,,,,,0.6922924861474942,1.5841653144303136,3.9282583426574877,income,matern52_1.2h0,PPI,-0.5626751315284912,0.6277699183652351
2,81,GH_P1_c15,1000,50,0.959,0.0060084973842323,0.042486492451323,0.1966186097612271,0.1966186097612271,0.4374841510042932,0.3936747656604034,1.5432050813887812,0.3910068938862536,4.021846654744075,4.218465264505303,20.317633446925203,16.586317719113723,3.226717239972113,199.52623149688813,1.3999999999999997,4519.11,23.592064942758203,13.468292149132042,13.468292149132042,15.0,0.3821157885682916,0.8213441776814242,15.408010496728265,0.0,,,1.0,1.0,3.9161090907454,income,matern52_1.2h0,PPCI,0.302356173759903,0.49411816449735796
2,81,LO_GH_P1_c15w,1000,50,0.955,0.0057587555344989,0.0407205508963977,0.1889114021390095,0.1889114021390095,0.4709048063594769,0.4378433728547831,1.7163460215907496,0.4315669923235476,4.021846654744075,4.210758056883085,20.309032943177986,,,,,4519.11,23.592064942758203,13.468292149132042,13.468292149132042,15.0,0.3821157885682916,0.8213441776814242,15.408010496728265,,,,1.1121956778720254,1.07639283681126,3.9161090907454,income,matern52_1.2h0,LO,0.294648966137685,0.522380926183505
2,81,PPI_global,1000,50,0.334,0.0158719364712356,0.1122315390937277,-0.6689407225936481,0.6689407225936481,0.7177179354012706,0.2727150882576187,1.0690431459698653,0.2602019398506711,4.021846654744075,3.352905932150428,,,,,,,,,,,,,,,,,0.6927421111183732,1.6405575693511862,3.9161090907454,income,matern52_1.2h0,PPI,-0.5632031585949719,0.6203508219579493
2,82,GH_P1_c15,1000,50,0.943,0.0062286369590261,0.0440431143127657,0.1954670349888211,0.1954670349888211,0.4519969968767544,0.3933368340213149,1.5418803893635542,0.4077501485001391,4.009570685579964,4.205037720568786,20.39493460747733,16.628188037567817,3.165603571252167,199.52623149688813,1.3999999999999997,4538.25,24.998268293872066,13.620053209871458,13.620053209871458,15.0,0.3821157885682916,0.8292560091019171,15.091283604180894,0.0,,,1.0,1.0,3.9044689507407013,income,matern52_1.2h0,PPCI,0.30056876982808456,0.5063946176789912
2,82,LO_GH_P1_c15w,1000,50,0.949,0.0063067828727554,0.0445956893679656,0.1945117195054543,0.1945117195054543,0.4926317562804546,0.4381459066227934,1.71753195396135,0.4528314195874247,4.009570685579964,4.204082405085417,20.386841359328333,,,,,4538.25,24.998268293872066,13.620053209871458,13.620053209871458,15.0,0.3821157885682916,0.8292560091019171,15.091283604180894,,,,1.1139203571233565,1.0899005074911594,3.9044689507407013,income,matern52_1.2h0,LO,0.299613454344716,0.5427885963203076
2,82,PPI_global,1000,50,0.341,0.0144765820749038,0.1023648935356816,-0.6616546077262822,0.6616546077262822,0.7183114219889564,0.2728553335736789,1.0695929076088215,0.2797547886563379,4.009570685579964,3.3479160778536814,,,,,,,,,,,,,,,,,0.6936938266983991,1.5891951206587722,3.9044689507407013,income,matern52_1.2h0,PPI,-0.5565528728870199,0.622844747391492
2,83,GH_P1_c15,1000,50,0.952,0.0076877851697564,0.0543608502584012,0.193307002350245,0.193307002350245,0.4397617993599385,0.3889089582407389,1.524523116303697,0.3951949165167662,3.9977709352061983,4.191077937556443,19.6140546544504,16.03792010854529,3.1249479284000765,199.52623149688813,1.3999999999999997,4552.04,26.26767409653244,13.80370360058719,13.80370360058719,15.0,0.3821157885682916,0.8368175491477766,14.711195348201692,0.0,,,1.0,1.0,3.8933052201260243,income,matern52_1.2h0,PPCI,0.2977727174304188,0.49466295016359285
2,83,LO_GH_P1_c15w,1000,50,0.947,0.006762743073454,0.0478198148666172,0.1973013917878512,0.1973013917878512,0.4801571850779925,0.4339847128354449,1.7012200743149442,0.437966777368646,3.9977709352061983,4.195072326994051,19.60752916885448,,,,,4552.04,26.26767409653244,13.80370360058719,13.80370360058719,15.0,0.3821157885682916,0.8368175491477766,14.711195348201692,,,,1.1159031018431915,1.091857423216042,3.8933052201260243,income,matern52_1.2h0,LO,0.30176710686802677,0.531682677889827
2,83,PPI_global,1000,50,0.359,0.0168843605935511,0.119390458716989,-0.6542615358555548,0.6542615358555548,0.7070715245529735,0.2709788223939309,1.0622369837842094,0.2682609689855718,3.9977709352061983,3.343509399350644,,,,,,,,,,,,,,,,,0.696766728181643,1.6078511721165802,3.8933052201260243,income,matern52_1.2h0,PPI,-0.5497958207753801,0.6116922658295352
2,84,GH_P1_c15,1000,50,0.949,0.0061428571428571,0.043436559415745,0.1955384965621719,0.1955384965621719,0.4569663541635777,0.3916088729581284,1.5351067819958637,0.4132235459151094,3.9864164836011406,4.181954980163314,19.92331383449006,16.27370884115323,3.08970890408631,199.52623149688813,1.3999999999999997,4566.24,27.70328284500744,14.012265255639798,14.012265255639798,15.0,0.3821157885682916,0.8448161313142885,14.17092491976216,0.0,,,1.0,1.0,3.8825879701857264,income,matern52_1.2h0,PPCI,0.2993670099775878,0.5101015113314986
2,84,LO_GH_P1_c15w,1000,50,0.943,0.0069999999999999,0.0494974746830583,0.1974714109862911,0.1974714109862911,0.4975142003281422,0.4358867711080029,1.7086761427433717,0.4568743323133408,3.9864164836011406,4.183887894587432,19.915373285332453,,,,,4566.24,27.70328284500744,14.012265255639798,14.012265255639798,15.0,0.3821157885682916,0.8448161313142885,14.17092491976216,,,,1.1130666366556226,1.088732673193812,3.8825879701857264,income,matern52_1.2h0,LO,0.3012999244017056,0.5470896323416371
2,84,PPI_global,1000,50,0.353,0.0148055422606756,0.1046909933166777,-0.6481794646367288,0.6481794646367288,0.7052449939536838,0.2709233516683301,1.062019538539854,0.2780489063353591,3.9864164836011406,3.3382370189644126,,,,,,,,,,,,,,,,,0.691821279793366,1.5433193002678511,3.8825879701857264,income,matern52_1.2h0,PPI,-0.5443509512213138,0.6111888752386812
2,85,GH_P1_c15,1000,50,0.958,0.0069045976991968,0.0488228785446716,0.2282814693400452,0.2282814693400452,0.4617752795224899,0.3933945555387298,1.5421066577118208,0.4016033675142957,3.975479086161771,4.203760555501818,19.86335376537391,16.21361098141957,3.0549920708729394,199.52623149688813,1.3999999999999997,4578.46,29.05565132811501,14.184144005057318,14.184144005057318,15.0,0.3821157885682916,0.8511092874035112,13.686539987016358,0.0,,,1.0,1.0,3.87228977101182,income,matern52_1.2h0,PPCI,0.3314707844899978,0.5205735879819857
2,85,LO_GH_P1_c15w,1000,50,0.953,0.006762743073454,0.0478198148666172,0.2272336015941514,0.2272336015941514,0.5048209320409093,0.4379998030653479,1.7169592280161636,0.4510127228908429,3.975479086161771,4.202712687755924,19.85628386128591,,,,,4578.46,29.05565132811501,14.184144005057318,14.184144005057318,15.0,0.3821157885682916,0.8511092874035112,13.686539987016358,,,,1.1133855232580276,1.0932177499040914,3.87228977101182,income,matern52_1.2h0,LO,0.3304229167441042,0.5589171384408282
2,85,PPI_global,1000,50,0.396,0.015897631706564,0.1124132318451771,-0.6155609469127785,0.6155609469127785,0.6759963238754437,0.2747662840981997,1.077083833664943,0.2795243896574514,3.975479086161771,3.3599181392489945,,,,,,,,,,,,,,,,,0.6984496359435481,1.4639075625149842,3.87228977101182,income,matern52_1.2h0,PPI,-0.5123716317628255,0.5835927000608025
2,86,GH_P1_c15,1000,50,0.936,0.0079590790155337,0.0562791874388348,0.1977422582847056,0.1977422582847056,0.4627504677451442,0.3878306715479563,1.5202962324679887,0.4185823764717134,3.9649329281602506,4.162675186444955,19.27352758344819,15.790584897622606,3.0116605108213275,199.52623149688813,1.3999999999999997,4591.62,30.483620983451107,14.352147620003011,14.352147620003011,15.0,0.3821157885682916,0.8572619655186825,13.088430351202067,0.0,,,1.0,1.0,3.8623854468860697,income,matern52_1.2h0,PPCI,0.30028973955888505,0.5149853613173461
2,86,LO_GH_P1_c15w,1000,50,0.939,0.0078623359461811,0.0555951106351144,0.1945092271834573,0.1945092271834573,0.4936242291806796,0.4323313744875299,1.6947389879911174,0.4539130723519276,3.9649329281602506,4.159442155343707,19.267463610088186,,,,,4591.62,30.483620983451107,14.352147620003011,14.352147620003011,15.0,0.3821157885682916,0.8572619655186825,13.088430351202067,,,,1.114742608576978,1.066717947549518,3.8623854468860697,income,matern52_1.2h0,LO,0.29705670845763743,0.5422856518610834
2,86,PPI_global,1000,50,0.385,0.0193385519581155,0.1367442122791189,-0.6272673577894076,0.6272673577894076,0.6891803077507451,0.2718480114726406,1.0656442049727517,0.2856339356387742,3.9649329281602506,3.3376655703708416,,,,,,,,,,,,,,,,,0.7009451067591129,1.4893130440449498,3.8623854468860697,income,matern52_1.2h0,PPI,-0.5247198765152281,0.5973576041647609
2,87,GH_P1_c15,1000,50,0.944,0.0079076300017703,0.0559153879736597,0.2100495548727035,0.2100495548727035,0.440207345451418,0.3871460788499195,1.5176126290916847,0.387054909528549,3.954754399430359,4.164803954303063,19.044011566278133,15.520242867236096,2.961420375369694,199.52623149688813,1.3999999999999997,4607.41,32.12757013498313,14.519313112847083,14.519313112847083,15.0,0.3821157885682916,0.8633068109993322,12.495981646990858,0.0,,,1.0,1.0,3.8528518575377544,income,matern52_1.2h0,PPCI,0.3119520967653089,0.49696660065183024
2,87,LO_GH_P1_c15w,1000,50,0.94,0.0075592894601845,0.0534522483824848,0.2168990601089556,0.2168990601089556,0.4865852414605551,0.4323264532930564,1.694719696908781,0.4357865358589161,3.954754399430359,4.171653459539316,19.038313437395605,,,,,4607.41,32.12757013498313,14.519313112847083,14.519313112847083,15.0,0.3821157885682916,0.8633068109993322,12.495981646990858,,,,1.1167011030496614,1.1053546618164178,3.8528518575377544,income,matern52_1.2h0,LO,0.3188016020015616,0.5397725969052528
2,87,PPI_global,1000,50,0.398,0.0177258027077098,0.1253403529659648,-0.6034306233229756,0.6034306233229756,0.6618484931181311,0.2727396041982001,1.0691392484569442,0.2720090064287657,3.954754399430359,3.3513237761073844,,,,,,,,,,,,,,,,,0.7044875800070542,1.503492615370667,3.8528518575377544,income,matern52_1.2h0,PPI,-0.50152808143037,0.5704781565862217
2,88,GH_P1_c15,1000,50,0.943,0.0071442855714571,0.0505177277431054,0.2127226455711389,0.2127226455711389,0.4476362997752079,0.3862681610075223,1.5141711911494882,0.3940591523530554,3.9449218867425615,4.157644532313701,18.78290724688165,15.30397201132902,2.9389682815054794,199.52623149688813,1.3999999999999997,4617.15,33.65719901371458,14.7374692266162,14.7374692266162,15.0,0.3821157885682916,0.8695482788998468,11.726043893411898,0.0,,,1.0,1.0,3.843667701927889,income,matern52_1.2h0,PPCI,0.3139768303858119,0.5036951289786077
2,88,LO_GH_P1_c15w,1000,50,0.95,0.0074230748895809,0.0524890659167823,0.2082964009443602,0.2082964009443602,0.474824285136729,0.4296047674290564,1.6840506883219013,0.4269109556726149,3.9449218867425615,4.153218287686922,18.77751411805366,,,,,4617.15,33.65719901371458,14.7374692266162,14.7374692266162,15.0,0.3821157885682916,0.8695482788998468,11.726043893411898,,,,1.112193058595606,1.060736775313294,3.843667701927889,income,matern52_1.2h0,LO,0.30955058575903305,0.5271548882946951
2,88,PPI_global,1000,50,0.398,0.016534441481406,0.1169161569463435,-0.6019219355590153,0.6019219355590153,0.6647743004872999,0.2722647873236846,1.0672779663088436,0.2823022292329578,3.9449218867425615,3.342999951183547,,,,,,,,,,,,,,,,,0.7048595116240561,1.4850768376495236,3.843667701927889,income,matern52_1.2h0,PPI,-0.5006677507443422,0.5747025758743964
2,89,GH_P1_c15,1000,50,0.936,0.0078298226320255,0.0553652067859317,0.227516491833172,0.227516491833172,0.4697285237162578,0.3855165031010951,1.5112246921562933,0.4111571258274626,3.935415582995148,4.162932074828319,19.133200577676075,15.637436784287395,3.0311475176257927,192.5499564142561,1.3999999999999997,4626.66,34.379230322587176,14.514980887853692,14.514980887853692,15.0,0.3821157885682916,0.8742735731477942,10.969593759875831,0.0,,,1.0,1.0,3.8348133421529,income,matern52_1.2h0,PPCI,0.32811873267541936,0.5258735919107409
2,89,LO_GH_P1_c15w,1000,50,0.927,0.0082325883052708,0.0582131901737405,0.2266768950106678,0.2266768950106678,0.5091646194311495,0.4296254477784579,1.6841317552915551,0.4561515857892068,3.935415582995148,4.162092478005815,19.12635543460529,,,,,4626.66,34.379230322587176,14.514980887853692,14.514980887853692,15.0,0.3821157885682916,0.8742735731477942,10.969593759875831,,,,1.1144151918855625,1.083955079846744,3.8348133421529,income,matern52_1.2h0,LO,0.327279135852915,0.5612288550256668
2,89,PPI_global,1000,50,0.415,0.0185851597589395,0.131416924949815,-0.586579172854505,0.586579172854505,0.6501245933675237,0.2714837504058358,1.0642163015908768,0.2804737534975668,3.935415582995148,3.348836410140642,,,,,,,,,,,,,,,,,0.7042078567895804,1.384043251672396,3.8348133421529,income,matern52_1.2h0,PPI,-0.485976932012258,0.5610351498102947
2,90,GH_P1_c15,1000,50,0.937,0.0084285714285714,0.0595990001285804,0.2982641432631144,0.2982641432631144,0.5166089188366068,0.3952241945964146,1.5492788428179454,0.422020588647391,3.926217313455636,4.22448145671875,21.43680744309048,17.638909649800695,3.4362096219759715,169.15891643131332,1.3999999999999997,4639.91,33.668430148492334,13.404101388268048,13.404101388268048,15.0,0.3821157885682916,0.8793327575321673,10.065273533246138,0.0,,,1.0,1.0,3.826270645726953,income,matern52_1.2h0,PPCI,0.398210810991797,0.5800819992516513
2,90,LO_GH_P1_c15w,1000,50,0.931,0.008192829119394,0.0579320502742617,0.2903190340830595,0.2903190340830595,0.5512918278277922,0.4392506700200056,1.721862626478422,0.4688895341912222,3.926217313455636,4.216536347538693,21.42715597758434,,,,,4639.91,33.668430148492334,13.404101388268048,13.404101388268048,15.0,0.3821157885682916,0.8793327575321673,10.065273533246138,,,,1.1113962050540678,1.0671357147090892,3.826270645726953,income,matern52_1.2h0,LO,0.3902657018117406,0.6098728194381167
2,90,PPI_global,1000,50,0.443,0.0174969385077177,0.1237220386881127,-0.5556324913371488,0.5556324913371488,0.6244755496155611,0.2747283975151027,1.0769353182592023,0.2851728777572276,3.926217313455636,3.370584822118486,,,,,,,,,,,,,,,,,0.6951203931116694,1.208797461379234,3.826270645726953,income,matern52_1.2h0,PPI,-0.45568582360846666,0.5374865732982145
2,91,GH_P1_c15,1000,50,0.947,0.0077472839216892,0.05478156996804,0.2866606081234231,0.2866606081234231,0.4896365501660184,0.3931259384777445,1.541053678832759,0.3971490581421191,3.917310378326564,4.203970986449988,21.61706535807356,17.699336190721418,3.5245387035431968,160.13079573614243,1.3999999999999997,4644.84,33.820967051842935,13.031837073615428,13.031837073615428,15.0,0.3821157885682916,0.8823127820883708,9.648181844246109,0.0,,,1.0,1.0,3.8180228443967135,income,matern52_1.2h0,PPCI,0.3859481420532749,0.5536475551857554
2,91,LO_GH_P1_c15w,1000,50,0.944,0.0069458547320818,0.0491146098219173,0.2943930136215248,0.2943930136215248,0.5163967559041631,0.4380708521030442,1.7172377402439334,0.4244744298314814,3.917310378326564,4.211703391948089,21.610797032699693,,,,,4644.84,33.820967051842935,13.031837073615428,13.031837073615428,15.0,0.3821157885682916,0.8823127820883708,9.648181844246109,,,,1.1143270113372183,1.0546532029299511,3.8180228443967135,income,matern52_1.2h0,LO,0.3936805475513756,0.5787769316062376
2,91,PPI_global,1000,50,0.437,0.0172502587972305,0.1219777497274459,-0.5622765738769141,0.5622765738769141,0.624270105729438,0.2717763209017562,1.0653631779348844,0.2713518955671966,3.917310378326564,3.35503380444965,,,,,,,,,,,,,,,,,0.6913212645141753,1.274966310251492,3.8180228443967135,income,matern52_1.2h0,PPI,-0.4629890399470633,0.5365790440259349
2,92,GH_P1_c15,1000,50,0.947,0.0064539182846151,0.0456360938427522,0.2864567161465798,0.2864567161465798,0.4932379406857759,0.3918730582061518,1.536142388168115,0.4017307599748527,3.908679409521226,4.195136125667807,21.520932172761345,17.612054848080728,3.493376182717376,158.4893192461114,1.3999999999999997,4657.85,35.41847391378471,13.114671558407997,13.114671558407997,15.0,0.3821157885682916,0.8873478131690611,8.973472715281922,0.0,,,1.0,1.0,3.8100544073923563,income,matern52_1.2h0,PPCI,0.38508171827545024,0.5563399551141693
2,92,LO_GH_P1_c15w,1000,50,0.939,0.0075983349411269,0.0537283416259756,0.2805311762369605,0.2805311762369605,0.5254205265403772,0.4347478785375266,1.7042116838671044,0.4444845952611847,3.908679409521226,4.189210585758186,21.510810137516287,,,,,4657.85,35.41847391378471,13.114671558407997,13.114671558407997,15.0,0.3821157885682916,0.8873478131690611,8.973472715281922,,,,1.1094099720139976,1.0652475878271976,3.8100544073923563,income,matern52_1.2h0,LO,0.3791561783658297,0.5840619799833366
2,92,PPI_global,1000,50,0.439,0.0156028516493568,0.1103288220710791,-0.5716961960046437,0.5716961960046437,0.6343135156703364,0.270632812109051,1.06088062346748,0.2749412452219681,3.908679409521226,3.3369832135165827,,,,,,,,,,,,,,,,,0.6906134689327883,1.2860193090345309,3.8100544073923563,income,matern52_1.2h0,PPI,-0.4730711938757737,0.5470954670904631
2,93,GH_P1_c15,1000,50,0.937,0.0075335982133915,0.0532705838342402,0.3299210205127943,0.3299210205127943,0.5451929099483235,0.4043626869929253,1.5851017330122668,0.4342533883425714,3.90031024048592,4.230231260998713,22.64563967319616,18.74310252292203,3.5049868362906342,158.4893192461114,1.3999999999999997,4666.98,36.94993384842304,13.273440471225218,13.273440471225218,15.0,0.3821157885682916,0.8914885134498461,8.40654472389289,0.0,,,1.0,1.0,3.802350927566184,income,matern52_1.2h0,PPCI,0.4278803334325292,0.6094825748288867
2,93,LO_GH_P1_c15w,1000,50,0.936,0.0085761891541735,0.060642815076546,0.3279573971551493,0.3279573971551493,0.5704790474964571,0.4470222919164849,1.7523273843126213,0.4670207679336819,3.90031024048592,4.228267637641069,22.639036203118064,,,,,4666.98,36.94993384842304,13.273440471225218,13.273440471225218,15.0,0.3821157885682916,0.8914885134498461,8.40654472389289,,,,1.1054983713774416,1.0463801657848602,3.802350927566184,income,matern52_1.2h0,LO,0.42591671007488463,0.631898198450271
2,93,PPI_global,1000,50,0.491,0.0174782663876703,0.1235900068610661,-0.5312501482284107,0.5312501482284107,0.6081884696919073,0.2779976642628422,1.0897508439103416,0.2962334365367928,3.90031024048592,3.369060092257508,,,,,,,,,,,,,,,,,0.687495837784128,1.1155472835286044,3.802350927566184,income,matern52_1.2h0,PPI,-0.43329083530867596,0.5247927616078234
2,94,GH_P1_c15,1000,50,0.932,0.0068153488239294,0.0481917936955228,0.3479426736073508,0.3479426736073508,0.5336179015555479,0.400679367241541,1.5706631195868406,0.4047811860154409,3.892189787735296,4.240132461342645,21.992214029530828,18.0473677789956,3.4339084272521307,158.4893192461114,1.3999999999999997,4686.7,39.96339140383544,13.737854683200734,13.737854683200734,15.0,0.3821157885682916,0.9025444591642396,5.996837727016876,0.0,,,1.0,1.0,3.7948990189696445,income,matern52_1.2h0,PPCI,0.44523344237300044,0.6015951952524444
2,94,LO_GH_P1_c15w,1000,50,0.927,0.0075875838427939,0.0536523198806111,0.3482200047293814,0.3482200047293814,0.5718973155255954,0.4453973376722673,1.745957563675288,0.453889175013953,3.892189787735296,4.240409792464676,21.981795514750065,,,,,4686.7,39.96339140383544,13.737854683200734,13.737854683200734,15.0,0.3821157885682916,0.9025444591642396,5.996837727016876,,,,1.111605373489993,1.0717356255449064,3.7948990189696445,income,matern52_1.2h0,LO,0.4455107734950312,0.6358374140547196
2,94,PPI_global,1000,50,0.488,0.0160076512318073,0.1131911873688017,-0.536473424910113,0.536473424910113,0.6034742942893505,0.2743081173181488,1.0752878198871436,0.276503059974783,3.892189787735296,3.3557163628251816,,,,,,,,,,,,,,,,,0.6846075434495436,1.1309108868539914,3.7948990189696445,income,matern52_1.2h0,PPI,-0.43918265614446295,0.5189016223633808
2,95,GH_P1_c15,1000,50,0.939,0.008486483851588,0.0600085027988806,0.3003834755165817,0.3003834755165817,0.5178139679709656,0.394700196862441,1.5472247717007688,0.4219942561393815,3.8843059438609866,4.184689419377567,21.49232349150903,17.719942388219575,3.3848263201809585,158.4893192461114,1.3999999999999997,4685.67,40.24749574864771,13.595223229040766,13.595223229040766,15.0,0.3821157885682916,0.89945708451685,7.428493851736379,0.0,,,1.0,1.0,3.787686224863033,income,matern52_1.2h0,PPCI,0.39700319451453403,0.579234503044458
2,95,LO_GH_P1_c15w,1000,50,0.933,0.0084043234743329,0.0594275411998614,0.3021151546843507,0.3021151546843507,0.5538931743051825,0.4377069331916742,1.7158111781113627,0.4644780098923906,3.8843059438609866,4.186421098545336,21.48437770224172,,,,,4685.67,40.24749574864771,13.595223229040766,13.595223229040766,15.0,0.3821157885682916,0.89945708451685,7.428493851736379,,,,1.1089605140081085,1.0696760005829735,3.787686224863033,income,matern52_1.2h0,LO,0.39873487368230265,0.6119751476509189
2,95,PPI_global,1000,50,0.455,0.0154027561806055,0.1089139334426922,-0.5431594964724858,0.5431594964724858,0.6124504298988508,0.2716735716554142,1.0649604008892235,0.2831138356191051,3.8843059438609866,3.3411464473885,,,,,,,,,,,,,,,,,0.6883036132614258,1.1827615085369647,3.787686224863033,income,matern52_1.2h0,PPI,-0.4465397774745328,0.5286502277896491
2,96,GH_P1_c15,1000,50,0.94,0.0074230748895809,0.0524890659167823,0.3170657828018615,0.3170657828018615,0.517726499446542,0.39122721486315,1.533610682263548,0.4094846704099115,3.876647483781392,4.193713266583254,20.94896631519838,17.159153268971735,3.358256304995697,158.4893192461114,1.3999999999999997,4694.72,42.03553602288884,13.757390266321709,13.757390266321709,15.0,0.3821157885682916,0.9032260604742456,6.974177438878591,0.0,,,1.0,1.0,3.780700935880613,income,matern52_1.2h0,PPCI,0.413012330702641,0.5814543859305223
2,96,LO_GH_P1_c15w,1000,50,0.931,0.0083164454730445,0.0588061498935793,0.309714173192013,0.309714173192013,0.55253647973034,0.4362925552332909,1.7102668165145003,0.4578026601412628,3.876647483781392,4.186361656973406,20.93846772876003,,,,,4694.72,42.03553602288884,13.757390266321709,13.757390266321709,15.0,0.3821157885682916,0.9032260604742456,6.974177438878591,,,,1.1151896868573028,1.0672362344230215,3.780700935880613,income,matern52_1.2h0,LO,0.40566072109279316,0.6115016868286702
2,96,PPI_global,1000,50,0.482,0.01978249071213,0.1398833333130702,-0.5259755294316735,0.5259755294316735,0.5953446679479426,0.2714800277224547,1.0642017086720226,0.2790392068725987,3.876647483781392,3.3506719543497203,,,,,,,,,,,,,,,,,0.6939190767120267,1.1499211815203116,3.780700935880613,income,matern52_1.2h0,PPI,-0.43002898153089264,0.5125523788351914
2,97,GH_P1_c15,1000,50,0.922,0.0097058787151217,0.0686309265683674,0.3236684197696642,0.3236684197696642,0.532503882512459,0.3931481379948343,1.5411407009397509,0.4230580539969696,3.869203985162173,4.192872404931839,21.10997776023782,17.323461685668313,3.3214845077953377,158.4893192461114,1.3999999999999997,4702.07,43.695063751995455,13.881126859172332,13.881126859172332,15.0,0.3821157885682916,0.906093525140817,6.635519093363361,0.0,,,1.0,1.0,3.7739323179138102,income,matern52_1.2h0,PPCI,0.41894008701802843,0.5952393933917045
2,97,LO_GH_P1_c15w,1000,50,0.93,0.0083299312783504,0.0589015089373951,0.3246003746291129,0.3246003746291129,0.5633389023986466,0.4377696522455755,1.716057036802656,0.4606490130887191,3.869203985162173,4.193804359791288,21.101810123397893,,,,,4702.07,43.695063751995455,13.881126859172332,13.881126859172332,15.0,0.3821157885682916,0.906093525140817,6.635519093363361,,,,1.1134979666400642,1.0579057184347689,3.7739323179138102,income,matern52_1.2h0,LO,0.4198720418774782,0.6231194486586935
2,97,PPI_global,1000,50,0.512,0.0141103522569894,0.0997752576584812,-0.5094012239497954,0.5094012239497954,0.5875316628909505,0.2749653566964943,1.0778641982502577,0.2928986814163412,3.869203985162173,3.359802761212378,,,,,,,,,,,,,,,,,0.6993937656652646,1.1033378012548185,3.7739323179138102,income,matern52_1.2h0,PPI,-0.41412955670143203,0.5071559303326547
2,98,GH_P1_c15,1000,50,0.935,0.006738557951469,0.0476488002290226,0.3150076280667969,0.3150076280667969,0.5085673366906749,0.3908028323035848,1.5319471026300526,0.3994627651096982,3.8619657565991545,4.176973384665953,20.70966406937672,16.980286697670554,3.2901363641182315,158.4893192461114,1.3999999999999997,4712.66,45.72766866227821,14.05552548045434,14.05552548045434,15.0,0.3821157885682916,0.9100138754412082,6.245824896648118,0.0,,,1.0,1.0,3.76737024711208,income,matern52_1.2h0,PPCI,0.4096031375538729,0.5720014514862298
2,98,LO_GH_P1_c15w,1000,50,0.952,0.0069927075717259,0.0494459094282193,0.3120375402032331,0.3120375402032331,0.5387740754656846,0.4343495723533636,1.702650323625185,0.4394350703788874,3.8619657565991545,4.17400329680239,20.70297159478656,,,,,4712.66,45.72766866227821,14.05552548045434,14.05552548045434,15.0,0.3821157885682916,0.9100138754412082,6.245824896648118,,,,1.11142892643099,1.059395750760498,3.76737024711208,income,matern52_1.2h0,LO,0.4066330496903099,0.5985486738756179
2,98,PPI_global,1000,50,0.494,0.0142599768153917,0.1008332630572645,-0.5095263139150756,0.5095263139150756,0.5786665181872986,0.273737065493923,1.0730492967361789,0.2744324832941865,3.8619657565991545,3.352439442684081,,,,,,,,,,,,,,,,,0.7004480082203647,1.1378365782450164,3.76737024711208,income,matern52_1.2h0,PPI,-0.4149308044279989,0.4973986802982022
2,99,GH_P1_c15,1000,50,0.935,0.0077261813045656,0.0546323519313512,0.3109951395591388,0.3109951395591388,0.5089890341653704,0.3873185131375072,1.5182885714990282,0.403130716326149,3.8549237712979982,4.165918910857139,20.30413026480783,16.586770583916255,3.2331602080145,158.4893192461114,1.3999999999999997,4720.42,47.56762269034553,14.181881424544434,14.181881424544434,15.0,0.3821157885682916,0.9127973221236908,5.952964017459306,0.0,,,1.0,1.0,3.761005250765983,income,matern52_1.2h0,PPCI,0.4049136600911556,0.571232817859412
2,99,LO_GH_P1_c15w,1000,50,0.935,0.0077261813045656,0.0546323519313512,0.3172822432144823,0.3172822432144823,0.5436386492662926,0.4328232451118209,1.6966671208383377,0.4416673285924725,3.8549237712979982,4.172206014512482,20.297260520036883,,,,,4720.42,47.56762269034553,14.181881424544434,14.181881424544434,15.0,0.3821157885682916,0.9127973221236908,5.952964017459306,,,,1.117486591605701,1.068075366609302,3.761005250765983,income,matern52_1.2h0,LO,0.41120076374649894,0.6032918259205649
2,99,PPI_global,1000,50,0.501,0.0121630084892761,0.0860054578239672,-0.5074477683717371,0.5074477683717371,0.5792993546876618,0.2724246660201879,1.067904690799137,0.2795758705315403,3.8549237712979982,3.3474760029262627,,,,,,,,,,,,,,,,,0.7033608174661944,1.1381372010058817,3.761005250765983,income,matern52_1.2h0,PPI,-0.41352924783972034,0.49909011564543126
2,100,GH_P1_c15,1000,50,0.93,0.0086896607575688,0.0614451804788759,0.3219165067067736,0.3219165067067736,0.5073901211493026,0.3886117634844587,1.5233581128590783,0.3923881575886658,3.848069606500353,4.169986113207124,20.224224180539228,16.575836038966308,3.205667437117255,158.4893192461114,1.3999999999999997,4727.4,49.38710199837477,14.340268150917629,14.340268150917629,15.0,0.3821157885682916,0.9158580042404572,5.664113975904291,0.0,,,1.0,1.0,3.7548284536796297,income,matern52_1.2h0,PPCI,0.4151576595274946,0.5711132812445872
2,100,LO_GH_P1_c15w,1000,50,0.924,0.008111468323759,0.0573567425710992,0.3335942813978245,0.3335942813978245,0.5561411357304387,0.4334644520132084,1.699180651891777,0.4452033516209259,3.848069606500353,4.181663887898176,20.21557975557785,,,,,4727.4,49.38710199837477,14.340268150917629,14.340268150917629,15.0,0.3821157885682916,0.9158580042404572,5.664113975904291,,,,1.1154177324087704,1.0960819151754648,3.7548284536796297,income,matern52_1.2h0,LO,0.4268354342185461,0.6166006050716671
2,100,PPI_global,1000,50,0.519,0.0147696600212346,0.1044372675683487,-0.493861637976163,0.493861637976163,0.5631763261374346,0.2732723958041838,1.0712277915524009,0.2708165402179396,3.848069606500353,3.354207968524189,,,,,,,,,,,,,,,,,0.7032015535348365,1.1099473613356312,3.7548284536796297,income,matern52_1.2h0,PPI,-0.4006204851554407,0.4834925335342211
1,70,GH_P1_c22,1000,50,0.94,0.0071428571428571,0.0505076272276105,0.0179118415475018,0.0179118415475018,0.5793524836933639,0.5952454614204827,2.333362208768292,0.5793652823775955,6.886993353152679,6.904905194700183,28.92833483816323,22.498863787885814,3.677524948252014,398.1071705534972,1.3999999999999997,4423.92,21.2463828033797,21.57275917059151,21.57275917059151,22.0,0.3821157885682916,0.7321382000421006,20.535295955299507,0.0,1.0,1.0,,,6.967905707545881,income,gaussian_ess_matched,PPCI,-0.06300051284569719,0.5824925157569558
1,70,LO_GH_P1_c22w,1000,50,0.938,0.0077670155537532,0.0549210936764031,0.0140765344272858,0.0140765344272858,0.6636972572275986,0.6758754794075995,2.6494318792777904,0.663879986945699,6.886993353152679,6.901069887579967,28.9192641812038,,,,,4423.92,21.2463828033797,21.57275917059151,21.57275917059151,22.0,0.3821157885682916,0.7321382000421006,20.535295955299507,,1.135456753915776,1.1455845550131036,,,6.967905707545881,income,gaussian_ess_matched,LO,-0.06683581996591315,0.6669054860026797
1,70,PPI_global,1000,50,0.074,0.0083592793361873,0.0591090310445062,-1.600139067351629,1.600139067351629,1.6494561920003006,0.4144192964925353,1.6245236422507383,0.4005260485645975,6.886993353152679,5.286854285801051,,,,,,,,,,,,,,,0.6962158023071235,2.8470684745926014,,,6.967905707545881,income,gaussian_ess_matched,PPI,-1.6810514217448294,1.728060929774614
1,71,GH_P1_c22,1000,50,0.916,0.007618452357699,0.0538705932427565,0.000569465908348,0.000569465908348,0.6102718172982791,0.5893488026414112,2.310247306354332,0.6105769164224859,6.85268486576419,6.853254331672539,28.47602925675125,22.10209232127741,3.673626132163306,396.469582462764,1.3999999999999997,4438.93,22.409543032386825,21.6711852574393,21.6711852574393,22.0,0.3821157885682916,0.7460782462710934,20.29727075999544,0.0,1.0,1.0,,,6.934030555873068,income,gaussian_ess_matched,PPCI,-0.08077622420052943,0.6155941561558375
1,71,LO_GH_P1_c22w,1000,50,0.924,0.0065838392124588,0.0465547735337152,-0.0023267956198802,0.0023267956198802,0.6959902195250394,0.6703253329736535,2.627675305256722,0.6963345844852215,6.85268486576419,6.85035807014431,28.46676047033637,,,,,4438.93,22.409543032386825,21.6711852574393,21.6711852574393,22.0,0.3821157885682916,0.7460782462710934,20.29727075999544,,1.1374000082282556,1.1404593818640394,,,6.934030555873068,income,gaussian_ess_matched,LO,-0.08367248572875852,0.7009979005422806
1,71,PPI_global,1000,50,0.074,0.0083592793361873,0.0591090310445062,-1.5868705901680935,1.5868705901680935,1.6409198479076372,0.4109109854848167,1.6107710631004817,0.4178927034878894,6.85268486576419,5.265814275596096,,,,,,,,,,,,,,,0.6972288458772609,2.6888343872278377,,,6.934030555873068,income,gaussian_ess_matched,PPI,-1.6682162802769724,1.719710799843371
1,72,GH_P1_c22,1000,50,0.939,0.0083653805554042,0.0591521731793239,0.0495707462831905,0.0495707462831905,0.594429449608603,0.5894002241803353,2.310448878786914,0.5926553399969844,6.819842917392506,6.869413663675697,29.628511432269725,22.96141618942336,3.834951831264168,380.9124956007988,1.3999999999999997,4459.18,23.44498654600419,21.09015609144444,21.09015609144444,22.0,0.3821157885682916,0.759478254155125,19.821902416688825,0.0,1.0,1.0,,,6.901482813218666,income,gaussian_ess_matched,PPCI,-0.03206914954296902,0.5932263834551895
1,72,LO_GH_P1_c22w,1000,50,0.932,0.0083004794550479,0.0586932530976403,0.0525484266783418,0.0525484266783418,0.6682648289549591,0.6730461178032893,2.638340781788894,0.6665289230611892,6.819842917392506,6.872391344070848,29.61859098813773,,,,,4459.18,23.44498654600419,21.09015609144444,21.09015609144444,22.0,0.3821157885682916,0.759478254155125,19.821902416688825,,1.141916969473974,1.124212182614728,,,6.901482813218666,income,gaussian_ess_matched,LO,-0.02909146914781857,0.6668304567496973
1,72,PPI_global,1000,50,0.09,0.0097937922862872,0.0692525693916618,-1.5338662066230837,1.5338662066230837,1.587523295859909,0.4137927018608471,1.6220673912945207,0.4094536938470871,6.819842917392506,5.285976710769423,,,,,,,,,,,,,,,0.7020572522453631,2.6706673044298195,,,6.901482813218666,income,gaussian_ess_matched,PPI,-1.6155061024492436,1.6665367209060729
1,73,GH_P1_c22,1000,50,0.938,0.007222414091294,0.0510701798049127,0.1124841150860924,0.1124841150860924,0.629408730285619,0.5985471879734107,2.3463049768557696,0.619585797265582,6.7883700141781,6.900854129264196,34.576612293661825,26.94573651988432,4.468348123102062,329.3284707427035,1.3999999999999997,4474.7,23.50473662874144,18.82184115032612,18.82184115032612,22.0,0.3821157885682916,0.7716923337801073,19.082059829690383,0.0,1.0,1.0,,,6.870160097129707,income,gaussian_ess_matched,PPCI,0.030694032134488403,0.62003612573924
1,73,LO_GH_P1_c22w,1000,50,0.948,0.0060541771715477,0.0428094973250619,0.1116216364494864,0.1116216364494864,0.7150278895773133,0.6811673537857523,2.670176026840149,0.7066150281077193,6.7883700141781,6.899991650627589,34.56318355045963,,,,,4474.7,23.50473662874144,18.82184115032612,18.82184115032612,22.0,0.3821157885682916,0.7716923337801073,19.082059829690383,,1.1380345066728672,1.1360310958077136,,,6.870160097129707,income,gaussian_ess_matched,LO,0.029831553497881913,0.7068913740694691
1,73,PPI_global,1000,50,0.098,0.0093634112046708,0.0662093155786083,-1.518723095337574,1.518723095337574,1.577284982083946,0.4114848826402189,1.613020739949658,0.4260159198431102,6.7883700141781,5.269646918840528,,,,,,,,,,,,,,,0.6874727522042897,2.505978875393404,,,6.870160097129707,income,gaussian_ess_matched,PPI,-1.6005131782891793,1.6561855295446646
1,74,GH_P1_c22,1000,50,0.944,0.0069458547320818,0.0491146098219173,0.1244319662515631,0.1244319662515631,0.6083605116628676,0.5914610091356042,2.318527155811568,0.5957970897021684,6.758177456728083,6.882609422979647,34.64101796076857,26.963452704649686,4.556536732905179,317.0465600622046,1.3999999999999997,4492.59,24.548484435450696,18.428855132858,18.428855132858,22.0,0.3821157885682916,0.7836682222672868,18.61924114489348,0.0,1.0,1.0,,,6.839972436978485,income,gaussian_ess_matched,PPCI,0.04263698600116239,0.5970235426687456
1,74,LO_GH_P1_c22w,1000,50,0.945,0.0064285714285714,0.0454568645048494,0.1176236755663472,0.1176236755663472,0.6881655185230985,0.6730883790446694,2.638506445855104,0.6783779540041869,6.758177456728083,6.875801132294432,34.629538297289635,,,,,4492.59,24.548484435450696,18.428855132858,18.428855132858,22.0,0.3821157885682916,0.7836682222672868,18.61924114489348,,1.13800972278521,1.1311804519364597,,,6.839972436978485,income,gaussian_ess_matched,LO,0.035828695315947456,0.6789846443318661
1,74,PPI_global,1000,50,0.11,0.0108796758655198,0.0769309258162072,-1.48699997349562,1.48699997349562,1.5438216539520406,0.4106705773330557,1.6098286631455785,0.4151972625175205,6.758177456728083,5.2711774832324645,,,,,,,,,,,,,,,0.6943324597731875,2.5376756452061984,,,6.839972436978485,income,gaussian_ess_matched,PPI,-1.5687949537460204,1.6227550600550347
1,75,GH_P1_c22,1000,50,0.952,0.0068452277432633,0.0484030695602783,0.1855888969958058,0.1855888969958058,0.6315980532536928,0.6066751859953579,2.3781667291018027,0.6040179632143569,6.729184392914373,6.914773289910178,35.93981726634309,28.171909037603083,4.534238806668473,316.227766016838,1.3999999999999997,4507.67,25.901790881570328,18.56411129158681,18.56411129158681,22.0,0.3821157885682916,0.7936859083904408,18.293619887314133,0.0,1.0,1.0,,,6.810840720780468,income,gaussian_ess_matched,PPCI,0.10393256912970994,0.6125968014213236
1,75,LO_GH_P1_c22w,1000,50,0.951,0.0064665544558607,0.045725445066512,0.1955621323023977,0.1955621323023977,0.7107211490646764,0.6870637992572195,2.6932900930883004,0.6836280797982498,6.729184392914373,6.9247465252167695,35.92563085039373,,,,,4507.67,25.901790881570328,18.56411129158681,18.56411129158681,22.0,0.3821157885682916,0.7936859083904408,18.293619887314133,,1.1325068424052485,1.1252744453586885,,,6.810840720780468,income,gaussian_ess_matched,LO,0.1139058044363015,0.6927153357775722
1,75,PPI_global,1000,50,0.136,0.0122090632109837,0.0863311138842178,-1.4274471712135968,1.4274471712135968,1.4884171713939829,0.4191516254612167,1.64307437180797,0.4218509306644566,6.729184392914373,5.301737221700775,,,,,,,,,,,,,,,0.6908995705395871,2.3565892322282584,,,6.810840720780468,income,gaussian_ess_matched,PPI,-1.5091034990796928,1.566899365125067
1,76,GH_P1_c22,1000,50,0.953,0.0072011903777877,0.0509201054874903,0.1745149597634336,0.1745149597634336,0.622525186401944,0.589213316481093,2.309716200605884,0.5978625060159249,6.7013169697097785,6.87583192947321,33.91593717140534,26.401859628335863,4.499409404004067,316.227766016838,1.3999999999999997,4521.85,27.30019318660746,18.77790238866892,18.77790238866892,22.0,0.3821157885682916,0.8043044701056532,17.81018715823422,0.0,1.0,1.0,,,6.782695282540459,income,gaussian_ess_matched,PPCI,0.09313664693275125,0.6047781175980314
1,76,LO_GH_P1_c22w,1000,50,0.958,0.0054135129489989,0.0382793171627836,0.1677886640146257,0.1677886640146257,0.7022455571180114,0.670631906585004,2.628877073813216,0.6822472044414263,6.7013169697097785,6.869105633724402,33.90644150655756,,,,,4521.85,27.30019318660746,18.77790238866892,18.77790238866892,22.0,0.3821157885682916,0.8043044701056532,17.81018715823422,,1.1381818567682078,1.128059671250947,,,6.782695282540459,income,gaussian_ess_matched,LO,0.08641035118394313,0.687359102297995
1,76,PPI_global,1000,50,0.144,0.0104627619563431,0.0739828992927088,-1.407309901635644,1.407309901635644,1.4683448980484988,0.410909948358538,1.610766997565469,0.4191554266080598,6.7013169697097785,5.294007068074132,,,,,,,,,,,,,,,0.6973874093894882,2.358691551959854,,,6.782695282540459,income,gaussian_ess_matched,PPI,-1.4886882144663272,1.5465148496779044
1,77,GH_P1_c22,1000,50,0.946,0.0068273160830562,0.0482764149963308,0.1661638581775255,0.1661638581775255,0.6378510406085365,0.5937325929006406,2.327431764170512,0.6161356550195244,6.674507573728135,6.840671431905657,34.05746648161473,26.624488160981688,4.397341569825854,316.227766016838,1.3999999999999997,4535.38,28.77262142232936,18.95174430729865,18.95174430729865,22.0,0.3821157885682916,0.813075614424055,17.500970445358863,0.0,1.0,1.0,,,6.755474642644256,income,gaussian_ess_matched,PPCI,0.08519678926140184,0.6216928623857634
1,77,LO_GH_P1_c22w,1000,50,0.949,0.006774803257931,0.0479050932488777,0.1604602968441027,0.1604602968441027,0.7126253502704106,0.6737180087571993,2.640974594328221,0.6946725508739103,6.674507573728135,6.834967870572235,34.0485253206531,,,,,4535.38,28.77262142232936,18.95174430729865,18.95174430729865,22.0,0.3821157885682916,0.813075614424055,17.500970445358863,,1.1347162288426766,1.117228482672908,,,6.755474642644256,income,gaussian_ess_matched,LO,0.07949322792797986,0.6988608990858893
1,77,PPI_global,1000,50,0.15,0.010202040612204,0.0721393209883005,-1.4014002985712222,1.4014002985712222,1.4638808849851774,0.4126084869280246,1.6174252687578563,0.4233245235534051,6.674507573728135,5.27310727515691,,,,,,,,,,,,,,,0.6949399306382248,2.2950199839582828,,,6.755474642644256,income,gaussian_ess_matched,PPI,-1.4823673674873454,1.5415698040571626
1,78,GH_P1_c22,1000,50,0.952,0.0075538880379441,0.0534140545595426,0.1709895187876962,0.1709895187876962,0.6305090601676414,0.5904294050241095,2.3144832676945084,0.6071844302603494,6.64869416044111,6.81968367922881,33.56441626392427,26.336400691522787,4.3731988192030045,316.227766016838,1.3999999999999997,4552.53,30.37242138747307,19.166317847396755,19.166317847396755,22.0,0.3821157885682916,0.8227082114727398,17.01603358591637,0.0,1.0,1.0,,,6.7291243928749624,income,gaussian_ess_matched,PPCI,0.09055928635384713,0.6136002312280795
1,78,LO_GH_P1_c22w,1000,50,0.937,0.0081828591380683,0.0578615518602246,0.1606742292533843,0.1606742292533843,0.708014464864538,0.6691494438204146,2.623065819776025,0.6898871057861417,6.64869416044111,6.809368389694496,33.55671087456454,,,,,4552.53,30.37242138747307,19.166317847396755,19.166317847396755,22.0,0.3821157885682916,0.8227082114727398,17.01603358591637,,1.1333267586716669,1.1229251244641738,,,6.7291243928749624,income,gaussian_ess_matched,LO,0.08024399681953387,0.6941954865431079
1,78,PPI_global,1000,50,0.161,0.0108128796972378,0.0764586055807123,-1.3759768491597115,1.3759768491597115,1.4386097491390453,0.41191174640239,1.6146940458973686,0.4200740209504707,6.64869416044111,5.272717311281402,,,,,,,,,,,,,,,0.6976477507680536,2.281663880859292,,,6.7291243928749624,income,gaussian_ess_matched,PPI,-1.4564070815935608,1.5157200626139022
1,79,GH_P1_c22,1000,50,0.942,0.0088479214669725,0.0625642526870234,0.1680348061671764,0.1680348061671764,0.6224955846678256,0.583135752421958,2.285892149494076,0.5996871530463417,6.62381966116426,6.791854467331437,32.513622196602554,25.30024710821856,4.288723306078432,316.227766016838,1.3999999999999997,4566.52,31.97035874085056,19.36731825213671,19.36731825213671,22.0,0.3821157885682916,0.8312030370237108,16.507436548157667,0.0,1.0,1.0,,,6.703596213361562,income,gaussian_ess_matched,PPCI,0.08825825396987508,0.6058502919377926
1,79,LO_GH_P1_c22w,1000,50,0.937,0.0086673207497814,0.0612872127688932,0.1631109469738772,0.1631109469738772,0.7062917782779002,0.6621169574545479,2.595498473221828,0.687543170027086,6.62381966116426,6.786930608138138,32.50289819509625,,,,,4566.52,31.97035874085056,19.36731825213671,19.36731825213671,22.0,0.3821157885682916,0.8312030370237108,16.507436548157667,,1.1354422271393143,1.1346133140121624,,,6.703596213361562,income,gaussian_ess_matched,LO,0.08333439477657567,0.6922337151519145
1,79,PPI_global,1000,50,0.137,0.0106722986832112,0.0754645476974696,-1.361421166612929,1.361421166612929,1.4243217435620918,0.40940679998972,1.6048746559597025,0.4188081141985762,6.62381966116426,5.262398494551332,,,,,,,,,,,,,,,0.702078029497105,2.2880832870840915,,,6.703596213361562,income,gaussian_ess_matched,PPI,-1.4411977188102307,1.5007583752842633
1,80,GH_P1_c22,1000,50,0.939,0.008486483851588,0.0600085027988806,0.1788150322561844,0.1788150322561844,0.6339219624955985,0.5864421597217788,2.298853266109373,0.6084837641751466,6.599831460900203,6.778646493156388,32.823618981557594,25.60414180436509,4.230386129989087,316.227766016838,1.3999999999999997,4581.3,33.6974619250976,19.567300188358164,19.567300188358164,22.0,0.3821157885682916,0.839284229946235,15.92871965359845,0.0,1.0,1.0,,,6.678847012855874,income,gaussian_ess_matched,PPCI,0.099799480300514,0.6163133740571782
1,80,LO_GH_P1_c22w,1000,50,0.94,0.0078246079643595,0.0553283335172488,0.1816938611219083,0.1816938611219083,0.7162096786480182,0.666746786923098,2.6136474047385443,0.6931263006757128,6.599831460900203,6.781525322022113,32.81140032481266,,,,,4581.3,33.6974619250976,19.567300188358164,19.567300188358164,22.0,0.3821157885682916,0.839284229946235,15.92871965359845,,1.136935289985661,1.1298073280636511,,,6.678847012855874,income,gaussian_ess_matched,LO,0.10267830916623932,0.7003473993618795
1,80,PPI_global,1000,50,0.174,0.0113605116297548,0.0803309481114831,-1.3334100069403805,1.3334100069403805,1.3988723711058266,0.4122001825438382,1.6158247155718457,0.4231320180974629,6.599831460900203,5.266421453959825,,,,,,,,,,,,,,,0.7028829283682385,2.206694914936852,,,6.678847012855874,income,gaussian_ess_matched,PPI,-1.4124255588960493,1.4743838114471108
1,81,GH_P1_c22,1000,50,0.951,0.0073526338471187,0.0519909725287938,0.1917350606170652,0.1917350606170652,0.642076835319959,0.5821344872828961,2.281967190148953,0.613087436822721,6.576680952449951,6.768416013067017,32.226198193616824,25.07036015986503,4.188974433697066,316.227766016838,1.3999999999999997,4594.74,35.38267566895022,19.761017982664665,19.761017982664665,22.0,0.3821157885682916,0.8465658700805613,15.36065306036346,0.0,1.0,1.0,,,6.654838180208647,income,gaussian_ess_matched,PPCI,0.11357783285837009,0.6232176610955983
1,81,LO_GH_P1_c22w,1000,50,0.955,0.0053927388823362,0.0381324223286832,0.189037981341445,0.189037981341445,0.7085823526812073,0.6605230712557317,2.589250439322468,0.6832425722641561,6.576680952449951,6.765718933791397,32.21713240786832,,,,,4594.74,35.38267566895022,19.761017982664665,19.761017982664665,22.0,0.3821157885682916,0.8465658700805613,15.36065306036346,,1.1346571723292207,1.1035787521101077,,,6.654838180208647,income,gaussian_ess_matched,LO,0.11088075358274985,0.691844009626928
1,81,PPI_global,1000,50,0.184,0.0102459549011663,0.0724498419034626,-1.305040736875979,1.305040736875979,1.371742989743746,0.4105215468493136,1.6092444636493095,0.4227602526687527,6.576680952449951,5.2716402155739726,,,,,,,,,,,,,,,0.7052005263687722,2.136415634836258,,,6.654838180208647,income,gaussian_ess_matched,PPI,-1.3831979646346744,1.446300146710501
1,82,GH_P1_c22,1000,50,0.945,0.0053927388823362,0.0381324223286832,0.2097128774102343,0.2097128774102343,0.6384905170584929,0.5776600925685609,2.2644275628687587,0.6033694590597602,6.554323155487665,6.764036032897897,31.525495444310977,24.4136801528933,4.1427479116668025,316.227766016838,1.3999999999999997,4605.1,36.935487018995005,19.94456042437817,19.94456042437817,22.0,0.3821157885682916,0.8526833062220447,14.749158433910178,0.0,1.0,1.0,,,6.6315349361009135,income,gaussian_ess_matched,PPCI,0.1325010967969833,0.617452176345946
1,82,LO_GH_P1_c22w,1000,50,0.947,0.0057870368858654,0.0409205302497214,0.2179195280884258,0.2179195280884258,0.7016232400121601,0.6560994067181714,2.571909674335232,0.6672566835068522,6.554323155487665,6.7722426835760885,31.51426806574452,,,,,4605.1,36.935487018995005,19.94456042437817,19.94456042437817,22.0,0.3821157885682916,0.8526833062220447,14.749158433910178,,1.1357880095210156,1.098878090225236,,,6.6315349361009135,income,gaussian_ess_matched,LO,0.140707747475175,0.6816046657721884
1,82,PPI_global,1000,50,0.197,0.0119018091576234,0.084158499637437,-1.2634599425120911,1.2634599425120911,1.3329411092519965,0.4110842161183539,1.6114501271839472,0.4249488862878023,6.554323155487665,5.290863212975571,,,,,,,,,,,,,,,0.7116368629352103,2.087644332437101,,,6.6315349361009135,income,gaussian_ess_matched,PPI,-1.3406717231253422,1.4063433590660428
1,83,GH_P1_c22,1000,50,0.947,0.0077472839216892,0.05478156996804,0.2374889662141565,0.2374889662141565,0.6360454794983949,0.5867565580624998,2.300085707605,0.5903400242751081,6.53271638582561,6.770205352039769,32.22129153927835,25.13980331544532,4.080659468265667,316.227766016838,1.3999999999999997,4615.82,38.61981893432706,20.1363140002305,20.1363140002305,22.0,0.3821157885682916,0.8589217969792237,14.046474468327585,0.0,1.0,1.0,,,6.60890577486182,income,gaussian_ess_matched,PPCI,0.16129957717794863,0.6116946922400579
1,83,LO_GH_P1_c22w,1000,50,0.948,0.0068452277432633,0.0484030695602783,0.2318146902236655,0.2318146902236655,0.7011368944644881,0.6660838302327649,2.6110486145124376,0.6620371495340545,6.53271638582561,6.764531076049278,32.214182353547635,,,,,4615.82,38.61981893432706,20.1363140002305,20.1363140002305,22.0,0.3821157885682916,0.8589217969792237,14.046474468327585,,1.1351962258968311,1.10233767405662,,,6.60890577486182,income,gaussian_ess_matched,LO,0.15562530118745777,0.6797603464056282
1,83,PPI_global,1000,50,0.218,0.0145518075179963,0.1028968177449663,-1.2343185016309293,1.2343185016309293,1.302607308204945,0.4154636183048134,1.6286173837548683,0.4164337317911265,6.53271638582561,5.298397884194682,,,,,,,,,,,,,,,0.7080681291005856,2.047978250285217,,,6.60890577486182,income,gaussian_ess_matched,PPI,-1.3105078906671377,1.3750180243987133
1,84,GH_P1_c22,1000,50,0.938,0.0085188865805003,0.0602376246923086,0.2125569746107927,0.2125569746107927,0.6643996135140923,0.5779856167891986,2.265703617813659,0.6297960161861823,6.511821961855987,6.724378936466783,31.213129203738216,24.286059263218792,4.037487567935491,316.227766016838,1.3999999999999997,4628.52,40.44484905099451,20.32239375155615,20.32239375155615,22.0,0.3821157885682916,0.8650263008651946,13.335264881311687,0.0,1.0,1.0,,,6.586921987060813,income,gaussian_ess_matched,PPCI,0.13745694940597009,0.6443142027939299
1,84,LO_GH_P1_c22w,1000,50,0.938,0.0083982505466851,0.0593845991166472,0.2058250507399979,0.2058250507399979,0.7373121751957937,0.6571841452051869,2.576161849204333,0.7083551787338532,6.511821961855987,6.717647012595988,31.205407320781,,,,,4628.52,40.44484905099451,20.32239375155615,20.32239375155615,22.0,0.3821157885682916,0.8650263008651946,13.335264881311687,,1.137025085253762,1.1097420290419162,,,6.586921987060813,income,gaussian_ess_matched,LO,0.13072502553517484,0.7199682801908721
1,84,PPI_global,1000,50,0.227,0.0108053274842003,0.0764052033701947,-1.235940114646253,1.235940114646253,1.3136197036975006,0.410907000748249,1.6107554429331363,0.445249375020867,6.511821961855987,5.275881847209736,,,,,,,,,,,,,,,0.7109294570873619,1.9771530220338367,,,6.586921987060813,income,gaussian_ess_matched,PPI,-1.3110401398510767,1.3845125522187391
1,85,GH_P1_c22,1000,50,0.939,0.008117755797243,0.0574012017224698,0.224591119375948,0.224591119375948,0.6413433827632811,0.5771245049045888,2.262328059225988,0.601033613965828,6.491603941585139,6.716195060961085,30.999580947317583,24.043687613047428,3.982665678581888,316.227766016838,1.3999999999999997,4640.16,42.33623227958997,20.48965427344816,20.48965427344816,22.0,0.3821157885682916,0.8704284303119906,12.57335909076212,0.0,1.0,1.0,,,6.565557253585333,income,gaussian_ess_matched,PPCI,0.15063780737575172,0.6193318276357846
1,85,LO_GH_P1_c22w,1000,50,0.939,0.0083653805554041,0.0591521731793239,0.2350378625674754,0.2350378625674754,0.7143768798959356,0.6576448833461822,2.577967942717034,0.6749422766180311,6.491603941585139,6.726641804152613,30.98794862827872,,,,,4640.16,42.33623227958997,20.48965427344816,20.48965427344816,22.0,0.3821157885682916,0.8704284303119906,12.57335909076212,,1.1395199437163133,1.1138758098945118,,,6.565557253585333,income,gaussian_ess_matched,LO,0.16108455056727955,0.6935703007778136
1,85,PPI_global,1000,50,0.22,0.0128571428571428,0.0909137290096989,-1.2085559956582643,1.2085559956582643,1.2787179098549943,0.4130379992650016,1.6191089571188062,0.4179552427321772,6.491603941585139,5.283047945926873,,,,,,,,,,,,,,,0.7156826573033591,1.9938116525745264,,,6.565557253585333,income,gaussian_ess_matched,PPI,-1.2825093076584606,1.3488298716194604
1,86,GH_P1_c22,1000,50,0.948,0.0063823736867681,0.0451301971398037,0.2552284667298664,0.2552284667298664,0.6283495593888782,0.5769296970246212,2.261564412336515,0.5744663699165373,6.472028886351449,6.727257353081313,30.68187099203492,23.83428491559766,3.950415018015669,316.227766016838,1.3999999999999997,4649.88,44.20531232609067,20.683722349370218,20.683722349370218,22.0,0.3821157885682916,0.8757654851712473,11.817110284129967,0.0,1.0,1.0,,,6.544787301867952,income,gaussian_ess_matched,PPCI,0.18247005121336102,0.6024756577196504
1,86,LO_GH_P1_c22w,1000,50,0.948,0.0076877851697564,0.0543608502584012,0.2710551075350407,0.2710551075350407,0.7158585688721504,0.65608799098136,2.5718649246469303,0.662889162189426,6.472028886351449,6.743083993886488,30.667918680741707,,,,,4649.88,44.20531232609067,20.683722349370218,20.683722349370218,22.0,0.3821157885682916,0.8757654851712473,11.817110284129967,,1.1372061351061988,1.1392680366775174,,,6.544787301867952,income,gaussian_ess_matched,LO,0.19829669201853584,0.6915954000514644
1,86,PPI_global,1000,50,0.255,0.0123097770997243,0.0870432686210995,-1.1628372157199147,1.1628372157199147,1.2342841219037108,0.4158091722831611,1.6299719553499918,0.4140511341151404,6.472028886351449,5.309191670631534,,,,,,,,,,,,,,,0.7207276283879975,1.9643271861353004,,,6.544787301867952,income,gaussian_ess_matched,PPI,-1.2355956312364187,1.3030592723475383
1,87,GH_P1_c22,1000,50,0.941,0.0073803379160511,0.0521868698788795,0.2363421143030486,0.2363421143030486,0.6287917035431787,0.571739223165848,2.2412177548101235,0.5829762196901531,6.453065647674776,6.689407761977824,30.031364206173897,23.31863782424391,3.9063899990915294,316.227766016838,1.3999999999999997,4659.98,46.10277981188508,20.88604591095368,20.88604591095368,22.0,0.3821157885682916,0.8810027769232545,11.08314816622205,0.0,1.0,1.0,,,6.524589615167839,income,gaussian_ess_matched,PPCI,0.16481814680998497,0.6055463920868286
1,87,LO_GH_P1_c22w,1000,50,0.939,0.0087236483661554,0.0616855091639545,0.2265295358938247,0.2265295358938247,0.6965868485895141,0.6519996209946117,2.555838514298878,0.659053836157983,6.453065647674776,6.679595183568599,30.02531449156368,,,,,4659.98,46.10277981188508,20.88604591095368,20.88604591095368,22.0,0.3821157885682916,0.8810027769232545,11.08314816622205,,1.1403793802782047,1.1078181290629576,,,6.524589615167839,income,gaussian_ess_matched,LO,0.1550055684007603,0.6767158437858846
1,87,PPI_global,1000,50,0.241,0.0111291124020356,0.0786947084806668,-1.1583176410027265,1.1583176410027265,1.228959644519075,0.412402230797791,1.6166167447273407,0.4108659894169753,6.453065647674776,5.294748006672049,,,,,,,,,,,,,,,0.721311769576045,1.954478148477484,,,6.524589615167839,income,gaussian_ess_matched,PPI,-1.2298416084957902,1.2965926239130943
1,88,GH_P1_c22,1000,50,0.94,0.0071428571428571,0.0505076272276105,0.2273663656090359,0.2273663656090359,0.6113193118229774,0.57188935105684,2.241806256142813,0.5677483377099656,6.434685174491137,6.6620515401001725,29.940357037971204,23.20047242992348,3.848937191491336,316.227766016838,1.3999999999999997,4669.56,48.062408648823286,21.07085096603171,21.07085096603171,22.0,0.3821157885682916,0.8857893794210135,10.317812702185794,0.0,1.0,1.0,,,6.504943187224992,income,gaussian_ess_matched,PPCI,0.15710835287518066,0.5888114055795871
1,88,LO_GH_P1_c22w,1000,50,0.943,0.0084527498242782,0.0597699672042057,0.2340297044045009,0.2340297044045009,0.6843034987776052,0.6533783203814598,2.561243015895323,0.6433624881719485,6.434685174491137,6.668714878895639,29.93032542947564,,,,,4669.56,48.062408648823286,21.07085096603171,21.07085096603171,22.0,0.3821157885682916,0.8857893794210135,10.317812702185794,,1.142490796819402,1.119387995018489,,,6.504943187224992,income,gaussian_ess_matched,LO,0.16377169167064753,0.6635680393812525
1,88,PPI_global,1000,50,0.246,0.0135405664126546,0.0957462633149488,-1.1535862959710734,1.1535862959710734,1.2213661739538069,0.4133497065227228,1.6203308495690734,0.4014163969621191,6.434685174491137,5.281098878520064,,,,,,,,,,,,,,,0.7227791630651293,1.9979185187388349,,,6.504943187224992,income,gaussian_ess_matched,PPI,-1.223844308704928,1.2879320170629125
1,89,GH_P1_c22,1000,50,0.959,0.0064980373803109,0.0459480629602153,0.2407028537315843,0.2407028537315843,0.6109868801712985,0.5686126851497245,2.2289617257869203,0.5618565535202574,6.416860337458491,6.657563191190077,29.389270961481643,22.81770971470709,3.810629030180249,316.227766016838,1.3999999999999997,4679.43,50.119696535969325,21.248510036859187,21.248510036859187,22.0,0.3821157885682916,0.8901924803620231,9.743728118160124,0.0,1.0,1.0,,,6.4858283162544375,income,gaussian_ess_matched,PPCI,0.17173487493563933,0.5872477937089997
1,89,LO_GH_P1_c22w,1000,50,0.949,0.0072125174636367,0.0510002000796395,0.2352499029325623,0.2352499029325623,0.6945799924455379,0.6474061292951092,2.537832026836828,0.6538550110317385,6.416860337458491,6.652110240391053,29.381676383923672,,,,,4679.43,50.119696535969325,21.248510036859187,21.248510036859187,22.0,0.3821157885682916,0.8901924803620231,9.743728118160124,,1.1385713794349084,1.1368165421994052,,,6.4858283162544375,income,gaussian_ess_matched,LO,0.1662819241366158,0.6743504484839012
1,89,PPI_global,1000,50,0.275,0.0145160010235011,0.1026436275942851,-1.1281517060485593,1.1281517060485593,1.1998331883363738,0.4124337242251485,1.616740198962582,0.4087058213698143,6.416860337458491,5.288708631409932,,,,,,,,,,,,,,,0.7253333156233549,1.9637626064899856,,,6.4858283162544375,income,gaussian_ess_matched,PPI,-1.1971196848445054,1.2648987895540738
1,90,GH_P1_c22,1000,50,0.942,0.0077406955337966,0.05473498303048,0.2574990812818676,0.2574990812818676,0.6331730926225161,0.572141026214874,2.242792822762305,0.5787377002458379,6.399565768644426,6.657064849926295,29.67791887928862,23.03702371806328,3.779807891554925,316.227766016838,1.3999999999999997,4689.68,52.23966938385909,21.39666362874132,21.39666362874132,22.0,0.3821157885682916,0.8941799984382762,9.160938466876374,0.0,1.0,1.0,,,6.467226432266385,income,gaussian_ess_matched,PPCI,0.18983841765991016,0.6088029346018086
1,90,LO_GH_P1_c22w,1000,50,0.953,0.0062938259348316,0.044504069981272,0.244300070043516,0.244300070043516,0.6999175073472852,0.6505686238814377,2.550229005615236,0.6562260475579004,6.399565768644426,6.643865838687944,29.67506696060185,,,,,4689.68,52.23966938385909,21.39666362874132,21.39666362874132,22.0,0.3821157885682916,0.8941799984382762,9.160938466876374,,1.1370773883939405,1.1054125885993085,,,6.467226432266385,income,gaussian_ess_matched,LO,0.1766394064215593,0.6792668641770561
1,90,PPI_global,1000,50,0.287,0.0139100609602678,0.0983589843172364,-1.1101961598486068,1.1101961598486068,1.1843710058799444,0.4138460437268687,1.6222764914093255,0.4127584472330514,6.399565768644426,5.2893696087958215,,,,,,,,,,,,,,,0.7233287332404028,1.8705327495431647,,,6.467226432266385,income,gaussian_ess_matched,PPI,-1.177856823470563,1.2480167718515014
1,91,GH_P1_c22,1000,50,0.937,0.0072576490262174,0.051319328419103,0.2989330816815924,0.2989330816815924,0.6616829283603242,0.5732097066470414,2.246982050056403,0.5906031852964582,6.382777716803456,6.681710798485048,29.723860258674904,23.000850569421303,3.77494679072652,316.227766016838,1.3999999999999997,4695.61,54.03949013098836,21.550776174459592,21.550776174459592,22.0,0.3821157885682916,0.8973340343562516,8.807306624039015,0.0,1.0,1.0,,,6.44911995291259,income,gaussian_ess_matched,PPCI,0.23259084557245746,0.634477589678273
1,91,LO_GH_P1_c22w,1000,50,0.932,0.008422515984562,0.0595561816733595,0.2904953363495215,0.2904953363495215,0.7371223521922174,0.653729158387777,2.562618300880086,0.6778061986316364,6.382777716803456,6.673273053152976,29.71728582855459,,,,,4695.61,54.03949013098836,21.550776174459592,21.550776174459592,22.0,0.3821157885682916,0.8973340343562516,8.807306624039015,,1.1404711937132563,1.114011440523084,,,6.44911995291259,income,gaussian_ess_matched,LO,0.22415310024038604,0.7135870192260664
1,91,PPI_global,1000,50,0.314,0.0150536455683651,0.106445348629698,-1.0521733760085907,1.0521733760085907,1.1369328108139682,0.4180124611093843,1.6386088475487863,0.4309676742637379,6.382777716803456,5.330604340794864,,,,,,,,,,,,,,,0.7292487483412048,1.7182441348930244,,,6.44911995291259,income,gaussian_ess_matched,PPI,-1.1185156121177267,1.1985927488830923
1,92,GH_P1_c22,1000,50,0.932,0.0063503173631122,0.0449035247014334,0.2789791467390038,0.2789791467390038,0.6566842963309685,0.5710438149065399,2.238491754433636,0.5947761422517454,6.366473916996397,6.6454530637354,29.37644586178308,22.827237849738683,3.735941834126728,316.227766016838,1.3999999999999997,4706.37,56.344257090678205,21.6942360553054,21.6942360553054,22.0,0.3821157885682916,0.9012399563695586,8.2241999463499,0.0,1.0,1.0,,,6.431492164374083,income,gaussian_ess_matched,PPCI,0.21396089936131713,0.6318102303603355
1,92,LO_GH_P1_c22w,1000,50,0.93,0.0072843135908468,0.0515078753637712,0.2832733595775407,0.2832733595775407,0.7354391289877076,0.6501550708929722,2.548607877900451,0.6790346119337772,6.366473916996397,6.649747276573936,29.367138322886248,,,,,4706.37,56.344257090678205,21.6942360553054,21.6942360553054,22.0,0.3821157885682916,0.9012399563695586,8.2241999463499,,1.1385379789103929,1.1199279975122882,,,6.431492164374083,income,gaussian_ess_matched,LO,0.21825511219985305,0.7129251084098679
1,92,PPI_global,1000,50,0.322,0.0151966698822539,0.1074566832519513,-1.0594504257773485,1.0594504257773485,1.144723091855271,0.4161942910368649,1.6314816208645104,0.4337555720024015,6.366473916996397,5.307023491219047,,,,,,,,,,,,,,,0.728830748486404,1.7431863351249253,,,6.431492164374083,income,gaussian_ess_matched,PPI,-1.124468673155036,1.2051495962136545
1,93,GH_P1_c22,1000,50,0.939,0.0079910664405411,0.0565053726901888,0.2802106047862677,0.2802106047862677,0.6478157176124363,0.5659781016433463,2.218634158441917,0.5843703531671424,6.350633471838759,6.630844076625025,29.70557875565654,23.04138627792692,3.8685407028761,304.5207239009796,1.3999999999999997,4713.26,57.65046998055956,21.292758805626807,21.292758805626807,22.0,0.3821157885682916,0.9047955896720972,7.743248389124317,0.0,1.0,1.0,,,6.414327124773768,income,gaussian_ess_matched,PPCI,0.21651695185125686,0.6229179812703992
1,93,LO_GH_P1_c22w,1000,50,0.946,0.0074010479125649,0.052333311668612,0.2752400499794836,0.2752400499794836,0.7207035598537199,0.6447632617673148,2.5274719861278747,0.6664087609791948,6.350633471838759,6.625873521818241,29.69655186323828,,,,,4713.26,57.65046998055956,21.292758805626807,21.292758805626807,22.0,0.3821157885682916,0.9047955896720972,7.743248389124317,,1.1392017816505833,1.1125132352606637,,,6.414327124773768,income,gaussian_ess_matched,LO,0.2115463970444731,0.6988622283223022
1,93,PPI_global,1000,50,0.297,0.0143860760346061,0.1017249191873528,-1.0563917459380483,1.0563917459380483,1.1382141008081164,0.4116129436798597,1.61352273922505,0.4239664679645665,6.350633471838759,5.29424172590071,,,,,,,,,,,,,,,0.7272594866916592,1.7570029097211053,,,6.414327124773768,income,gaussian_ess_matched,PPI,-1.1200853988730586,1.1975638267587285
1,94,GH_P1_c22,1000,50,0.949,0.0078882501098734,0.0557783514438703,0.3715935734635785,0.3715935734635785,0.675027658633472,0.5767185550006827,2.260736735602676,0.5638248438436272,6.335236742370896,6.706830315834475,34.81338424925639,26.97097170471996,4.524163649861682,255.09099052291103,1.3999999999999997,4727.32,57.49103391805388,19.14766484842489,19.14766484842489,22.0,0.3821157885682916,0.9115249827757492,6.062906487034823,0.0,1.0,1.0,,,6.397609588115548,income,gaussian_ess_matched,PPCI,0.3092207277189267,0.6428048028225816
1,94,LO_GH_P1_c22w,1000,50,0.942,0.0067551945243067,0.0477664385637156,0.3706112297764801,0.3706112297764801,0.7390614882585831,0.6566386726386321,2.5740235967434377,0.6397409383952348,6.335236742370896,6.705847972147378,34.80438568641405,,,,,4727.32,57.49103391805388,19.14766484842489,19.14766484842489,22.0,0.3821157885682916,0.9115249827757492,6.062906487034823,,1.1385773302158706,1.0948610457751335,,,6.397609588115548,income,gaussian_ess_matched,LO,0.3082383840318297,0.7098380809600952
1,94,PPI_global,1000,50,0.291,0.0119257909505373,0.0843280765213811,-1.062932229893065,1.062932229893065,1.1330717589736408,0.4103192274338239,1.6084513715405897,0.3926587150499547,6.335236742370896,5.272304512477833,,,,,,,,,,,,,,,0.7114722144380081,1.6785560480105874,,,6.397609588115548,income,gaussian_ess_matched,PPI,-1.1253050756377156,1.1917794254366796
1,95,GH_P1_c22,1000,50,0.942,0.0089625069379189,0.0633744943223395,0.3732126539681057,0.3732126539681057,0.6948956431826271,0.5810893041388162,2.27787007222416,0.5864607455220838,6.320265248160409,6.693477902128516,35.34565487534888,27.4910889956689,4.532114021856323,253.79020806559345,1.3999999999999997,4729.88,58.7251243572298,19.100165014075987,19.100165014075987,22.0,0.3821157885682916,0.9116140795191,6.730095615913784,0.0,1.0,1.0,,,6.381324944351876,income,gaussian_ess_matched,PPCI,0.31215295777663954,0.664102205146907
1,95,LO_GH_P1_c22w,1000,50,0.94,0.0080812203564176,0.0571428571428571,0.3776376182448505,0.3776376182448505,0.7614524863446178,0.6609289516819624,2.590841490593293,0.6615416506935592,6.320265248160409,6.6979028664052604,35.33396630450945,,,,,4729.88,58.7251243572298,19.100165014075987,19.100165014075987,22.0,0.3821157885682916,0.9116140795191,6.730095615913784,,1.137396518873239,1.0957796236240018,,,6.381324944351876,income,gaussian_ess_matched,LO,0.3165779220533844,0.7330902393146395
1,95,PPI_global,1000,50,0.323,0.0137921894489569,0.0975255068676698,-1.0390316787768552,1.0390316787768552,1.1201759848723598,0.4151290591995832,1.627305912062366,0.4187872853529393,6.320265248160409,5.281233569383554,,,,,,,,,,,,,,,0.7143980387228278,1.6120060556746991,,,6.381324944351876,income,gaussian_ess_matched,PPI,-1.100091374968322,1.1770337466965866
1,96,GH_P1_c22,1000,50,0.93,0.0079539490897571,0.0562429133857986,0.4186105046425289,0.4186105046425289,0.7352251577820539,0.5830113016073385,2.285404302300768,0.604720567703445,6.305701577498614,6.724312082141143,35.56433908318893,27.88248686050325,4.559835680418342,251.18864315095823,1.3999999999999997,4736.95,60.76055353020369,19.134958707591068,19.134958707591068,22.0,0.3821157885682916,0.9147156674995842,6.390703776464342,0.0,1.0,1.0,,,6.365459167811081,income,gaussian_ess_matched,PPCI,0.35885291433006206,0.702920117909391
1,96,LO_GH_P1_c22w,1000,50,0.937,0.0080571935155448,0.0569729617217407,0.4036009958662547,0.4036009958662547,0.7897438317726775,0.6598404665026253,2.58657462869029,0.6791633226091763,6.305701577498614,6.7093025733648695,35.558349597942886,,,,,4736.95,60.76055353020369,19.134958707591068,19.134958707591068,22.0,0.3821157885682916,0.9147156674995842,6.390703776464342,,1.131779889486656,1.0741523510363675,,,6.365459167811081,income,gaussian_ess_matched,LO,0.34384340555378845,0.7609401050684512
1,96,PPI_global,1000,50,0.361,0.0159264892937674,0.1126172858011792,-0.9939474065207292,0.9939474065207292,1.0840553918244384,0.415151821792886,1.6273951414281131,0.4329342648625129,6.305701577498614,5.311754170977885,,,,,,,,,,,,,,,0.71208194532135,1.4744536151275034,,,6.365459167811081,income,gaussian_ess_matched,PPI,-1.0537049968331962,1.1390956351270944
1,97,GH_P1_c22,1000,50,0.939,0.0077314623587056,0.0546696946232927,0.3883392946622568,0.3883392946622568,0.7117474123767018,0.5723209289259688,2.243498041389797,0.5967688868821013,6.291529308079702,6.679868602741959,34.280942780944535,26.74062084706588,4.489977676631716,251.18864315095823,1.3999999999999997,4744.11,63.06402013706517,19.29155979870024,19.29155979870024,22.0,0.3821157885682916,0.9177687102910506,6.03896146279327,0.0,1.0,1.0,,,6.349998767145806,income,gaussian_ess_matched,PPCI,0.32986983559615357,0.6816091839774352
1,97,LO_GH_P1_c22w,1000,50,0.932,0.0077932466839919,0.0551065757771025,0.3649383498323383,0.3649383498323383,0.7667768990746784,0.649780106169806,2.5471380161856394,0.6747014419815934,6.291529308079702,6.6564676579120405,34.27664702785983,,,,,4744.11,63.06402013706517,19.29155979870024,19.29155979870024,22.0,0.3821157885682916,0.9177687102910506,6.03896146279327,,1.1353422063197989,1.0773160333863658,,,6.349998767145806,income,gaussian_ess_matched,LO,0.30646889076623474,0.7407361168349467
1,97,PPI_global,1000,50,0.357,0.0128579364834426,0.0909193407950819,-1.003994104873259,1.003994104873259,1.0892773458385452,0.412000385591173,1.6150415115173982,0.4227288412327921,6.291529308079702,5.287535203206443,,,,,,,,,,,,,,,0.7198764972029643,1.530426843704534,,,6.349998767145806,income,gaussian_ess_matched,PPI,-1.062463563939363,1.1433939820707217
1,98,GH_P1_c22,1000,50,0.936,0.0074285714285714,0.0525279323167149,0.4178918759145464,0.4178918759145464,0.7393075552266157,0.5794957103075585,2.2716231844056294,0.6101756760273161,6.27773293454382,6.695624810458364,35.16248406572595,27.354040780763388,4.473784682303768,251.18864315095823,1.3999999999999997,4750.2,65.19610189108539,19.430520785942427,19.430520785942427,22.0,0.3821157885682916,0.9202736406303584,5.797948155055599,0.0,1.0,1.0,,,6.334930742951745,income,gaussian_ess_matched,PPCI,0.3606940675066186,0.7085493995440586
1,98,LO_GH_P1_c22w,1000,50,0.931,0.0076784883716438,0.0542951119685139,0.4209637348456639,0.4209637348456639,0.8069382603120789,0.660431003475074,2.5888895336222904,0.6887766715006234,6.27773293454382,6.698696669389481,35.15075624527833,,,,,4750.2,65.19610189108539,19.430520785942427,19.430520785942427,22.0,0.3821157885682916,0.9202736406303584,5.797948155055599,,1.139665042774105,1.0914784444002237,,,6.334930742951745,income,gaussian_ess_matched,LO,0.3637659264377353,0.7786299115352415
1,98,PPI_global,1000,50,0.374,0.0147246842591144,0.1041192409045062,-0.9683334449224684,0.9683334449224684,1.061527009275081,0.4167462839949076,1.633645433260038,0.4351543291238614,6.27773293454382,5.309399489621348,,,,,,,,,,,,,,,0.7191533545153007,1.4358395254728558,,,6.334930742951745,income,gaussian_ess_matched,PPI,-1.0255312533303975,1.1139498563321864
1,99,GH_P1_c22,1000,50,0.939,0.0079910664405411,0.0565053726901888,0.3994894593122438,0.3994894593122438,0.7019896723462498,0.5754778618925318,2.2558732186187243,0.5775216040828157,6.264297801445152,6.663787260757395,34.44918082948436,26.822807735706377,4.397193642214688,251.18864315095823,1.3999999999999997,4757.96,67.73149107937859,19.574279729298024,19.574279729298024,22.0,0.3821157885682916,0.923109578888236,5.529505075891355,0.0,1.0,1.0,,,6.320242554591844,income,gaussian_ess_matched,PPCI,0.34354470616555144,0.6717295863020932
1,99,LO_GH_P1_c22w,1000,50,0.936,0.0070043718126464,0.049528388066742,0.4247811792797948,0.4247811792797948,0.781323270537262,0.654396105218298,2.565232732455728,0.6560925698961871,6.264297801445152,6.689078980724948,34.428915884594275,,,,,4757.96,67.73149107937859,19.574279729298024,19.574279729298024,22.0,0.3821157885682916,0.923109578888236,5.529505075891355,,1.1371351507184544,1.1130124862462103,,,6.320242554591844,income,gaussian_ess_matched,LO,0.36883642613310386,0.7523744493637133
1,99,PPI_global,1000,50,0.37,0.0166598625567008,0.1178030178747903,-0.9738538539614228,0.9738538539614228,1.0577111469174292,0.4150913696277071,1.6271581689406116,0.4129552923881456,6.264297801445152,5.29044394748373,,,,,,,,,,,,,,,0.7212985887287247,1.5067332021883697,,,6.320242554591844,income,gaussian_ess_matched,PPI,-1.0297986071081136,1.1094353125079797
1,100,GH_P1_c22,1000,50,0.927,0.0079808444134076,0.0564330920431533,0.4355227058029358,0.4355227058029358,0.7367844638023432,0.5775740511678555,2.2640902805779937,0.594579552014926,6.251210041572008,6.686732747374945,34.41157801846087,26.913602863143787,4.390188621810587,251.18864315095823,1.3999999999999997,4762.85,69.92831785893488,19.715526981244803,19.715526981244803,22.0,0.3821157885682916,0.9253795571950656,5.300251274589329,0.0,1.0,1.0,,,6.305922093970513,income,gaussian_ess_matched,PPCI,0.3808106534044322,0.7058243921662855
1,100,LO_GH_P1_c22w,1000,50,0.933,0.0079037578249274,0.0558880075486244,0.4337815066111886,0.4337815066111886,0.7951034387854898,0.6566094099232983,2.5739088868993294,0.6666839959389153,6.251210041572008,6.684991548183199,34.402507333023024,,,,,4762.85,69.92831785893488,19.715526981244803,19.715526981244803,22.0,0.3821157885682916,0.9253795571950656,5.300251274589329,,1.13684021745027,1.0791533723202826,,,6.305922093970513,income,gaussian_ess_matched,LO,0.37906945421268645,0.7666268544785935
1,100,PPI_global,1000,50,0.381,0.0160286732871731,0.1133398357478382,-0.9377931342295532,0.9377931342295532,1.0296116724614444,0.4170313727076887,1.6347629810141395,0.4252352978284881,6.251210041572008,5.313416907342456,,,,,,,,,,,,,,,0.7220396620389208,1.3974394453812178,,,6.305922093970513,income,gaussian_ess_matched,PPI,-0.9925051866280565,1.0796808690276758
2,70,GH_P1_c15,1000,50,0.936,0.0071485691446838,0.0505480171798689,0.048827283086463,0.048827283086463,0.3994049376296664,0.3864121548024226,1.5147356468254969,0.3966074862221836,4.200841915640374,4.249669198726836,18.52232240882461,14.81766637545132,3.001243581391764,251.18864315095823,1.3999999999999997,4315.49,13.809256277053407,14.161549190746332,14.161549190746332,15.0,0.3821157885682916,0.6810900999613568,19.00831009745512,0.0,,,1.0,1.0,4.261203383329085,income,gaussian_ess_matched,PPCI,-0.011534184602249198,0.3965769005423675
2,70,LO_GH_P1_c15w,1000,50,0.933,0.0073692687865879,0.052108599313827,0.0532570558658004,0.0532570558658004,0.4461197889396648,0.4336421315152285,1.699877155539696,0.4431511424097846,4.200841915640374,4.254098971506173,18.515294460383995,,,,,4315.49,13.809256277053407,14.161549190746332,14.161549190746332,15.0,0.3821157885682916,0.6810900999613568,19.00831009745512,,,,1.1222269437589385,1.116961126187461,4.261203383329085,income,gaussian_ess_matched,LO,-0.007104411822911771,0.4429864837118934
2,70,PPI_global,1000,50,0.184,0.0148076097369713,0.1047056125817639,-0.8660707128444332,0.8660707128444332,0.9086258505167636,0.2698978487516333,1.0579995671064026,0.2749510040626916,4.200841915640374,3.3347712027959395,,,,,,,,,,,,,,,,,0.698471425904383,2.274948967604536,4.261203383329085,income,gaussian_ess_matched,PPI,-0.9264321805331455,0.9663327800027514
2,71,GH_P1_c15,1000,50,0.922,0.0079744489925444,0.0563878695885444,0.0541804447956571,0.0541804447956571,0.4135720536267108,0.3880882993158845,1.5213061333182674,0.4102128685698438,4.1801705254873065,4.234350970282963,18.53428836657208,14.893982458785374,2.960604191100139,251.18864315095823,1.3999999999999997,4339.08,14.77216659158369,14.29191412541836,14.29191412541836,15.0,0.3821157885682916,0.6990063483693789,18.92417865110938,0.0,,,1.0,1.0,4.240935768523195,income,gaussian_ess_matched,PPCI,-0.006584798240231393,0.41006058395147443
2,71,LO_GH_P1_c15w,1000,50,0.917,0.0080318244553546,0.056793575376812,0.0541158612905037,0.0541158612905037,0.4659247498734254,0.4351589408598539,1.7058230481706278,0.4630029350006545,4.1801705254873065,4.234286386777811,18.526546814346144,,,,,4339.08,14.77216659158369,14.29191412541836,14.29191412541836,15.0,0.3821157885682916,0.6990063483693789,18.92417865110938,,,,1.121288484159262,1.126586638984964,4.240935768523195,income,gaussian_ess_matched,LO,-0.0066493817453840975,0.4628191443523019
2,71,PPI_global,1000,50,0.21,0.0130149051130632,0.0920292766194651,-0.8511660084843818,0.8511660084843818,0.8956491939220385,0.2708065907379183,1.0615618356926395,0.2788936827183843,4.1801705254873065,3.3290045170029248,,,,,,,,,,,,,,,,,0.6977963293799158,2.1656424462627,4.240935768523195,income,gaussian_ess_matched,PPI,-0.91193125152027,0.9535840351396874
2,72,GH_P1_c15,1000,50,0.929,0.0079654867768289,0.0563244971534752,0.0904970534158936,0.0904970534158936,0.4316508326828719,0.3926353004763074,1.5391303778671253,0.4222689139808567,4.160599118732094,4.251096172147987,18.79832156508502,15.155799939120456,2.9220876554417474,251.18864315095823,1.3999999999999997,4356.32,15.718712416640455,14.468026743703833,14.468026743703833,15.0,0.3821157885682916,0.7155305743289685,18.65713360564857,0.0,,,1.0,1.0,4.221655867198825,income,gaussian_ess_matched,PPCI,0.029440304949162055,0.42308327340413404
2,72,LO_GH_P1_c15w,1000,50,0.93,0.0083299312783504,0.0589015089373951,0.0875610592912262,0.0875610592912262,0.471749107720712,0.4395905964346967,1.7231951380240111,0.4637837609360577,4.160599118732094,4.248160178023319,18.793077342150333,,,,,4356.32,15.718712416640455,14.468026743703833,14.468026743703833,15.0,0.3821157885682916,0.7155305743289685,18.65713360564857,,,,1.1195901028293371,1.0928951643359848,4.221655867198825,income,gaussian_ess_matched,LO,0.026504310824494226,0.4643089058195715
2,72,PPI_global,1000,50,0.246,0.0139122615130741,0.0983745445753532,-0.8127267780930091,0.8127267780930091,0.8631250708739019,0.2737345694451383,1.073039512224942,0.290765570104841,4.160599118732094,3.3478723406390847,,,,,,,,,,,,,,,,,0.6971725902206699,1.9995908857843632,4.221655867198825,income,gaussian_ess_matched,PPI,-0.8737835265597402,0.9208461996602968
2,73,GH_P1_c15,1000,50,0.935,0.0084816729193127,0.0599744843705237,0.0882847299260174,0.0882847299260174,0.4105673650663968,0.3873731789597296,1.5185028615221403,0.4011636823286395,4.14203991040899,4.230324640335009,18.08623255537445,14.551866977008183,2.870109242137928,251.18864315095823,1.3999999999999997,4378.34,16.734709718798126,14.599796567311596,14.599796567311596,15.0,0.3821157885682916,0.7299139378926144,18.550044789028423,0.0,,,1.0,1.0,4.203275374030284,income,gaussian_ess_matched,PPCI,0.027049266304725705,0.4018743964562536
2,73,LO_GH_P1_c15w,1000,50,0.938,0.0074996598562323,0.0530306034093445,0.0879858081690153,0.0879858081690153,0.4572484823056653,0.4339388303080034,1.701040214807373,0.4489278431329689,4.14203991040899,4.230025718578006,18.08082931502536,,,,,4378.34,16.734709718798126,14.599796567311596,14.599796567311596,15.0,0.3821157885682916,0.7299139378926144,18.550044789028423,,,,1.1202087647712815,1.1136990448125832,4.203275374030284,income,gaussian_ess_matched,LO,0.026750344547722626,0.44950000340945645
2,73,PPI_global,1000,50,0.248,0.0150482218083013,0.1064069968544918,-0.7931536468917898,0.7931536468917898,0.8409066996737162,0.2724707649389158,1.0680853985605503,0.2794807318185882,4.14203991040899,3.3488862635172016,,,,,,,,,,,,,,,,,0.7033805635966378,2.048157674533447,4.203275374030284,income,gaussian_ess_matched,PPI,-0.8543891105130821,0.898894944997318
2,74,GH_P1_c15,1000,50,0.937,0.0072576490262174,0.051319328419103,0.0992946130860791,0.0992946130860791,0.4135215446473686,0.3882524525993337,1.521949614189388,0.4016241397740937,4.1244133352085,4.223707948294577,18.11305745842916,14.610303060149374,2.827498996300589,251.18864315095823,1.3999999999999997,4398.94,17.842242971422056,14.7708321695157,14.7708321695157,15.0,0.3821157885682916,0.7444760510618302,18.28096048690838,0.0,,,1.0,1.0,4.185715551728492,income,gaussian_ess_matched,PPCI,0.037992396566084885,0.4032171498045019
2,74,LO_GH_P1_c15w,1000,50,0.948,0.005707138387268,0.0403555625480729,0.111363838071979,0.111363838071979,0.4588101170978589,0.4355853765009701,1.7074946758838028,0.4453123872558145,4.1244133352085,4.235777173280478,18.107206911458896,,,,,4398.94,17.842242971422056,14.7708321695157,14.7708321695157,15.0,0.3821157885682916,0.7444760510618302,18.28096048690838,,,,1.121912749255657,1.1095192573076458,4.185715551728492,income,gaussian_ess_matched,LO,0.05006162155198535,0.44789617666781134
2,74,PPI_global,1000,50,0.263,0.0155714285714285,0.1101066273561909,-0.770932998492895,0.770932998492895,0.8192904349367606,0.2739938859354905,1.0740560328671227,0.2774456788604546,4.1244133352085,3.353480336715604,,,,,,,,,,,,,,,,,0.705710637759306,1.9812521150147384,4.185715551728492,income,gaussian_ess_matched,PPI,-0.8322352150128882,0.8772198023991298
2,75,GH_P1_c15,1000,50,0.93,0.0074230748895809,0.0524890659167823,0.1258622027052015,0.1258622027052015,0.4328097421109528,0.3914790183021349,1.534597751744369,0.4143122414674396,4.1076472544150295,4.233509457120232,18.8888018053014,15.252489466862857,2.952462317211006,239.8229125870628,1.3999999999999997,4420.34,18.454787539587343,14.370315870344282,14.370315870344282,15.0,0.3821157885682916,0.757942391904366,17.812667039798217,0.0,,,1.0,1.0,4.16890640801373,income,gaussian_ess_matched,PPCI,0.06460304910650194,0.41911398539084965
2,75,LO_GH_P1_c15w,1000,50,0.944,0.007645193234434,0.0540596797954985,0.1328720318900657,0.1328720318900657,0.4771234305251791,0.4381180884661272,1.7174229067872189,0.4584779090540911,4.1076472544150295,4.240519286305096,18.88183335569348,,,,,4420.34,18.454787539587343,14.370315870344282,14.370315870344282,15.0,0.3821157885682916,0.757942391904366,17.812667039798217,,,,1.1191355551218771,1.1023860696806271,4.16890640801373,income,gaussian_ess_matched,LO,0.07161287829136587,0.46381051673576223
2,75,PPI_global,1000,50,0.279,0.0130219594751108,0.0920791584918727,-0.7487648574086654,0.7487648574086654,0.8018521426143044,0.2754717580941385,1.0798492917290228,0.2870547811347236,4.1076472544150295,3.358882397006365,,,,,,,,,,,,,,,,,0.7036692778296879,1.85266657516398,4.16890640801373,income,gaussian_ess_matched,PPI,-0.8100240110073651,0.859335176362164
2,76,GH_P1_c15,1000,50,0.942,0.0064460080986734,0.0455801603815537,0.1544653102903719,0.1544653102903719,0.4401294142703796,0.3957378046867438,1.5512921943720357,0.4123401431057896,4.091676225765211,4.24614153605558,21.43935939929704,17.446449395407413,3.380322909872438,205.72572089537653,1.3999999999999997,4441.24,18.13582515379312,12.839135055144382,12.839135055144382,15.0,0.3821157885682916,0.7704806908840032,17.021327312613533,0.0,,,1.0,1.0,4.152785873122274,income,gaussian_ess_matched,PPCI,0.09335566293330633,0.42257502177081363
2,76,LO_GH_P1_c15w,1000,50,0.941,0.0060084973842323,0.0424864924513229,0.1514690345211441,0.1514690345211441,0.485111631683072,0.4422148632063545,1.7334822637689091,0.461088960836464,4.091676225765211,4.243145260286353,21.43098504446909,,,,,4441.24,18.13582515379312,12.839135055144382,12.839135055144382,15.0,0.3821157885682916,0.7704806908840032,17.021327312613533,,,,1.1174440702131063,1.10220225223361,4.152785873122274,income,gaussian_ess_matched,LO,0.09035938716407887,0.46963309681507
2,76,PPI_global,1000,50,0.289,0.013798106939071,0.097567349841543,-0.7430073123967665,0.7430073123967665,0.79346068975287,0.2727483089211594,1.069173370970945,0.2785634532840581,4.091676225765211,3.348668913368442,,,,,,,,,,,,,,,,,0.6892146913713746,1.8027895069640407,4.152785873122274,income,gaussian_ess_matched,PPI,-0.8041169597538316,0.8509548077728801
2,77,GH_P1_c15,1000,50,0.949,0.0069237833234586,0.0489585413948394,0.1602891066863059,0.1602891066863059,0.4316781899574552,0.3913438637299912,1.5340679458215654,0.4010165535721559,4.076440837918264,4.23672994460457,21.180296687848568,17.151889040146354,3.4146002849497545,199.52623149688813,1.3999999999999997,4456.53,18.86496797550541,12.704816455217866,12.704816455217866,15.0,0.3821157885682916,0.7816846667388138,16.621833355379234,0.0,,,1.0,1.0,4.137298998015388,income,gaussian_ess_matched,PPCI,0.09943094658918206,0.41296485940364425
2,77,LO_GH_P1_c15w,1000,50,0.94,0.0083299312783504,0.0589015089373951,0.1665344688716687,0.1665344688716687,0.4858660120250848,0.4382604741282149,1.7179810585826023,0.4566624496405444,4.076440837918264,4.2429753067899325,21.173118813505745,,,,,4456.53,18.86496797550541,12.704816455217866,12.704816455217866,15.0,0.3821157885682916,0.7816846667388138,16.621833355379234,,,,1.11988589766312,1.125528283170781,4.137298998015388,income,gaussian_ess_matched,LO,0.10567630877454448,0.46850777427381496
2,77,PPI_global,1000,50,0.286,0.0145012314747994,0.1025391911138649,-0.7239146350566805,0.7239146350566805,0.7736204362084025,0.2717120376563042,1.0651111876127124,0.2729664652685257,4.076440837918264,3.3525262028615845,,,,,,,,,,,,,,,,,0.6943050928831548,1.792123054177576,4.137298998015388,income,gaussian_ess_matched,PPI,-0.7847727951538035,0.8308456658631287
2,78,GH_P1_c15,1000,50,0.952,0.006220440302022,0.043985155195259,0.1771062392513188,0.1771062392513188,0.4442429449910529,0.3944803718330847,1.546363057585692,0.4076166403841928,4.061887111484032,4.238993350735351,21.174038342281992,17.20211598807872,3.3725752297304967,199.52623149688813,1.3999999999999997,4475.44,20.053259657312324,12.895348163334551,12.895348163334551,15.0,0.3821157885682916,0.793043905171293,16.28650977949024,0.0,,,1.0,1.0,4.1223971879763885,income,gaussian_ess_matched,PPCI,0.11659616275896223,0.4237686153583022
2,78,LO_GH_P1_c15w,1000,50,0.947,0.0070580681868774,0.0499080787701812,0.1657366275042885,0.1657366275042885,0.4850518885466672,0.4398888018144687,1.7243641031127173,0.4560863071895483,4.061887111484032,4.22762373898832,21.16474456336493,,,,,4475.44,20.053259657312324,12.895348163334551,12.895348163334551,15.0,0.3821157885682916,0.793043905171293,16.28650977949024,,,,1.1151094787565186,1.0918617707174534,4.1223971879763885,income,gaussian_ess_matched,LO,0.10522655101193124,0.4678454145591894
2,78,PPI_global,1000,50,0.316,0.0132048228666186,0.0933721979335325,-0.7050554928573292,0.7050554928573292,0.7602220084100768,0.2727328613698755,1.0691128165699124,0.2844559179064335,4.061887111484032,3.356831618626702,,,,,,,,,,,,,,,,,0.6913724505544633,1.7112753662872189,4.1223971879763885,income,gaussian_ess_matched,PPI,-0.7655655693496866,0.8166546975536658
2,79,GH_P1_c15,1000,50,0.955,0.0059333027592271,0.041954786158824,0.1733612915159505,0.1733612915159505,0.428255230344667,0.3916290874719702,1.5351860228901233,0.3917931939535368,4.047965960444721,4.221327251960671,20.68743644611601,16.774674389705773,3.3126707583197,199.52623149688813,1.3999999999999997,4488.92,21.096916695910373,13.070387574394156,13.070387574394156,15.0,0.3821157885682916,0.8025003531183892,16.01497797150717,0.0,,,1.0,1.0,4.108037484494516,income,gaussian_ess_matched,PPCI,0.1132897674661546,0.4076554627795643
2,79,LO_GH_P1_c15w,1000,50,0.952,0.007948815853282,0.0562066159225885,0.1872557035913843,0.1872557035913843,0.4703026228338421,0.4387786811775299,1.7200124302159172,0.4316319782888755,4.047965960444721,4.235221664036105,20.680623499344883,,,,,4488.92,21.096916695910373,13.070387574394156,13.070387574394156,15.0,0.3821157885682916,0.8025003531183892,16.01497797150717,,,,1.1203934927559085,1.098183021501768,4.108037484494516,income,gaussian_ess_matched,LO,0.12718417954158934,0.449772913860488
2,79,PPI_global,1000,50,0.315,0.0143747227124986,0.1016446390768407,-0.6955648183707093,0.6955648183707093,0.7463020171483961,0.2724332483706778,1.0679383336130568,0.2706095226677092,4.047965960444721,3.352401142074012,,,,,,,,,,,,,,,,,0.6956409957423717,1.7426570985432208,4.108037484494516,income,gaussian_ess_matched,PPI,-0.7556363424205039,0.8025849277374476
2,80,GH_P1_c15,1000,50,0.956,0.0069458547320818,0.0491146098219173,0.2046588413012656,0.2046588413012656,0.4574339190689617,0.3973850074330738,1.5577492291376496,0.4093019387555865,4.034632708558938,4.239291549860203,21.015343950810223,17.211158176519195,3.285955040584104,199.52623149688813,1.3999999999999997,4509.94,22.50573337110413,13.277515923896113,13.277515923896113,15.0,0.3821157885682916,0.8133850051549867,15.709586045742396,0.0,,,1.0,1.0,4.094181902971496,income,gaussian_ess_matched,PPCI,0.14510964688870764,0.43407068388936176
2,80,LO_GH_P1_c15w,1000,50,0.948,0.0058832172234211,0.0416006279387458,0.2019057040781193,0.2019057040781193,0.5005078595969664,0.4427657436832836,1.7356417152384718,0.4582053648042447,4.034632708558938,4.236538412637057,21.0054716744471,,,,,4509.94,22.50573337110413,13.277515923896113,13.277515923896113,15.0,0.3821157885682916,0.8133850051549867,15.709586045742396,,,,1.1141984106127925,1.0941642906929054,4.094181902971496,income,gaussian_ess_matched,LO,0.14235650966556168,0.4795910549866591
2,80,PPI_global,1000,50,0.358,0.0179204591777905,0.1267167820659239,-0.6690494974299414,0.6690494974299414,0.7246509482329724,0.2751066547535831,1.078418086634046,0.2785127216121175,4.034632708558938,3.3655832111289965,,,,,,,,,,,,,,,,,0.6922924861474942,1.5841653144303136,4.094181902971496,income,gaussian_ess_matched,PPI,-0.7285986918424991,0.7799665508970818
2,81,GH_P1_c15,1000,50,0.959,0.0060084973842323,0.042486492451323,0.1966186097612271,0.1966186097612271,0.4374841510042932,0.3936747656604034,1.5432050813887812,0.3910068938862536,4.021846654744075,4.218465264505303,20.317633446925203,16.586317719113723,3.226717239972113,199.52623149688813,1.3999999999999997,4519.11,23.592064942758203,13.468292149132042,13.468292149132042,15.0,0.3821157885682916,0.8213441776814242,15.408010496728265,0.0,,,1.0,1.0,4.080796828246475,income,gaussian_ess_matched,PPCI,0.13766843625882785,0.4143502178320417
2,81,LO_GH_P1_c15w,1000,50,0.955,0.0057587555344989,0.0407205508963977,0.1889114021390095,0.1889114021390095,0.4709048063594769,0.4378433728547831,1.7163460215907496,0.4315669923235476,4.021846654744075,4.210758056883085,20.309032943177986,,,,,4519.11,23.592064942758203,13.468292149132042,13.468292149132042,15.0,0.3821157885682916,0.8213441776814242,15.408010496728265,,,,1.1121956778720254,1.07639283681126,4.080796828246475,income,gaussian_ess_matched,LO,0.12996122863660986,0.45050387317210383
2,81,PPI_global,1000,50,0.334,0.0158719364712356,0.1122315390937277,-0.6689407225936481,0.6689407225936481,0.7177179354012706,0.2727150882576187,1.0690431459698653,0.2602019398506711,4.021846654744075,3.352905932150428,,,,,,,,,,,,,,,,,0.6927421111183732,1.6405575693511862,4.080796828246475,income,gaussian_ess_matched,PPI,-0.7278908960960471,0.7729569852663578
2,82,GH_P1_c15,1000,50,0.943,0.0062286369590261,0.0440431143127657,0.1954670349888211,0.1954670349888211,0.4519969968767544,0.3933368340213149,1.5418803893635542,0.4077501485001391,4.009570685579964,4.205037720568786,20.39493460747733,16.628188037567817,3.165603571252167,199.52623149688813,1.3999999999999997,4538.25,24.998268293872066,13.620053209871458,13.620053209871458,15.0,0.3821157885682916,0.8292560091019171,15.091283604180894,0.0,,,1.0,1.0,4.067852467517977,income,gaussian_ess_matched,PPCI,0.1371852530508093,0.4300159497889563
2,82,LO_GH_P1_c15w,1000,50,0.949,0.0063067828727554,0.0445956893679656,0.1945117195054543,0.1945117195054543,0.4926317562804546,0.4381459066227934,1.71753195396135,0.4528314195874247,4.009570685579964,4.204082405085417,20.386841359328333,,,,,4538.25,24.998268293872066,13.620053209871458,13.620053209871458,15.0,0.3821157885682916,0.8292560091019171,15.091283604180894,,,,1.1139203571233565,1.0899005074911594,4.067852467517977,income,gaussian_ess_matched,LO,0.13622993756744073,0.4726624949799016
2,82,PPI_global,1000,50,0.341,0.0144765820749038,0.1023648935356816,-0.6616546077262822,0.6616546077262822,0.7183114219889564,0.2728553335736789,1.0695929076088215,0.2797547886563379,4.009570685579964,3.3479160778536814,,,,,,,,,,,,,,,,,0.6936938266983991,1.5891951206587722,4.067852467517977,income,gaussian_ess_matched,PPI,-0.7199363896642952,0.7723295178854918
2,83,GH_P1_c15,1000,50,0.952,0.0076877851697564,0.0543608502584012,0.193307002350245,0.193307002350245,0.4397617993599385,0.3889089582407389,1.524523116303697,0.3951949165167662,3.9977709352061983,4.191077937556443,19.6140546544504,16.03792010854529,3.1249479284000765,199.52623149688813,1.3999999999999997,4552.04,26.26767409653244,13.80370360058719,13.80370360058719,15.0,0.3821157885682916,0.8368175491477766,14.711195348201692,0.0,,,1.0,1.0,4.055322358598931,income,gaussian_ess_matched,PPCI,0.13575557895751178,0.41767501749176034
2,83,LO_GH_P1_c15w,1000,50,0.947,0.006762743073454,0.0478198148666172,0.1973013917878512,0.1973013917878512,0.4801571850779925,0.4339847128354449,1.7012200743149442,0.437966777368646,3.9977709352061983,4.195072326994051,19.60752916885448,,,,,4552.04,26.26767409653244,13.80370360058719,13.80370360058719,15.0,0.3821157885682916,0.8368175491477766,14.711195348201692,,,,1.1159031018431915,1.091857423216042,4.055322358598931,income,gaussian_ess_matched,LO,0.13974996839511977,0.45951402247051765
2,83,PPI_global,1000,50,0.359,0.0168843605935511,0.119390458716989,-0.6542615358555548,0.6542615358555548,0.7070715245529735,0.2709788223939309,1.0622369837842094,0.2682609689855718,3.9977709352061983,3.343509399350644,,,,,,,,,,,,,,,,,0.696766728181643,1.6078511721165802,4.055322358598931,income,gaussian_ess_matched,PPI,-0.7118129592482871,0.7606376749066539
2,84,GH_P1_c15,1000,50,0.949,0.0061428571428571,0.043436559415745,0.1955384965621719,0.1955384965621719,0.4569663541635777,0.3916088729581284,1.5351067819958637,0.4132235459151094,3.9864164836011406,4.181954980163314,19.92331383449006,16.27370884115323,3.08970890408631,199.52623149688813,1.3999999999999997,4566.24,27.70328284500744,14.012265255639798,14.012265255639798,15.0,0.3821157885682916,0.8448161313142885,14.17092491976216,0.0,,,1.0,1.0,4.043182931964301,income,gaussian_ess_matched,PPCI,0.13877204819901312,0.4357070421293499
2,84,LO_GH_P1_c15w,1000,50,0.943,0.0069999999999999,0.0494974746830583,0.1974714109862911,0.1974714109862911,0.4975142003281422,0.4358867711080029,1.7086761427433717,0.4568743323133408,3.9864164836011406,4.183887894587432,19.915373285332453,,,,,4566.24,27.70328284500744,14.012265255639798,14.012265255639798,15.0,0.3821157885682916,0.8448161313142885,14.17092491976216,,,,1.1130666366556226,1.088732673193812,4.043182931964301,income,gaussian_ess_matched,LO,0.14070496262313092,0.477831882441943
2,84,PPI_global,1000,50,0.353,0.0148055422606756,0.1046909933166777,-0.6481794646367288,0.6481794646367288,0.7052449939536838,0.2709233516683301,1.062019538539854,0.2780489063353591,3.9864164836011406,3.3382370189644126,,,,,,,,,,,,,,,,,0.691821279793366,1.5433193002678511,4.043182931964301,income,gaussian_ess_matched,PPI,-0.7049459129998885,0.7577483905461109
2,85,GH_P1_c15,1000,50,0.958,0.0069045976991968,0.0488228785446716,0.2282814693400452,0.2282814693400452,0.4617752795224899,0.3933945555387298,1.5421066577118208,0.4016033675142957,3.975479086161771,4.203760555501818,19.86335376537391,16.21361098141957,3.0549920708729394,199.52623149688813,1.3999999999999997,4578.46,29.05565132811501,14.184144005057318,14.184144005057318,15.0,0.3821157885682916,0.8511092874035112,13.686539987016358,0.0,,,1.0,1.0,4.031413123524753,income,gaussian_ess_matched,PPCI,0.17234743197706504,0.43683820442254445
2,85,LO_GH_P1_c15w,1000,50,0.953,0.006762743073454,0.0478198148666172,0.2272336015941514,0.2272336015941514,0.5048209320409093,0.4379998030653479,1.7169592280161636,0.4510127228908429,3.975479086161771,4.202712687755924,19.85628386128591,,,,,4578.46,29.05565132811501,14.184144005057318,14.184144005057318,15.0,0.3821157885682916,0.8511092874035112,13.686539987016358,,,,1.1133855232580276,1.0932177499040914,4.031413123524753,income,gaussian_ess_matched,LO,0.17129956423117143,0.48223708322669673
2,85,PPI_global,1000,50,0.396,0.015897631706564,0.1124132318451771,-0.6155609469127785,0.6155609469127785,0.6759963238754437,0.2747662840981997,1.077083833664943,0.2795243896574514,3.975479086161771,3.3599181392489945,,,,,,,,,,,,,,,,,0.6984496359435481,1.4639075625149842,4.031413123524753,income,gaussian_ess_matched,PPI,-0.6714949842757583,0.7272972325235798
2,86,GH_P1_c15,1000,50,0.936,0.0079590790155337,0.0562791874388348,0.1977422582847056,0.1977422582847056,0.4627504677451442,0.3878306715479563,1.5202962324679887,0.4185823764717134,3.9649329281602506,4.162675186444955,19.27352758344819,15.790584897622606,3.0116605108213275,199.52623149688813,1.3999999999999997,4591.62,30.483620983451107,14.352147620003011,14.352147620003011,15.0,0.3821157885682916,0.8572619655186825,13.088430351202067,0.0,,,1.0,1.0,4.01999403452528,income,gaussian_ess_matched,PPCI,0.14268115191967468,0.4420338287958737
2,86,LO_GH_P1_c15w,1000,50,0.939,0.0078623359461811,0.0555951106351144,0.1945092271834573,0.1945092271834573,0.4936242291806796,0.4323313744875299,1.6947389879911174,0.4539130723519276,3.9649329281602506,4.159442155343707,19.267463610088186,,,,,4591.62,30.483620983451107,14.352147620003011,14.352147620003011,15.0,0.3821157885682916,0.8572619655186825,13.088430351202067,,,,1.114742608576978,1.066717947549518,4.01999403452528,income,gaussian_ess_matched,LO,0.13944812081842706,0.4746333517300538
2,86,PPI_global,1000,50,0.385,0.0193385519581155,0.1367442122791189,-0.6272673577894076,0.6272673577894076,0.6891803077507451,0.2718480114726406,1.0656442049727517,0.2856339356387742,3.9649329281602506,3.3376655703708416,,,,,,,,,,,,,,,,,0.7009451067591129,1.4893130440449498,4.01999403452528,income,gaussian_ess_matched,PPI,-0.6823284641544385,0.7396467342175328
2,87,GH_P1_c15,1000,50,0.944,0.0079076300017703,0.0559153879736597,0.2100495548727035,0.2100495548727035,0.440207345451418,0.3871460788499195,1.5176126290916847,0.387054909528549,3.954754399430359,4.164803954303063,19.044011566278133,15.520242867236096,2.961420375369694,199.52623149688813,1.3999999999999997,4607.41,32.12757013498313,14.519313112847083,14.519313112847083,15.0,0.3821157885682916,0.8633068109993322,12.495981646990858,0.0,,,1.0,1.0,4.00890863443679,income,gaussian_ess_matched,PPCI,0.15589531986627314,0.41709116778393995
2,87,LO_GH_P1_c15w,1000,50,0.94,0.0075592894601845,0.0534522483824848,0.2168990601089556,0.2168990601089556,0.4865852414605551,0.4323264532930564,1.694719696908781,0.4357865358589161,3.954754399430359,4.171653459539316,19.038313437395605,,,,,4607.41,32.12757013498313,14.519313112847083,14.519313112847083,15.0,0.3821157885682916,0.8633068109993322,12.495981646990858,,,,1.1167011030496614,1.1053546618164178,4.00890863443679,income,gaussian_ess_matched,LO,0.16274482510252586,0.46497943290938165
2,87,PPI_global,1000,50,0.398,0.0177258027077098,0.1253403529659648,-0.6034306233229756,0.6034306233229756,0.6618484931181311,0.2727396041982001,1.0691392484569442,0.2720090064287657,3.954754399430359,3.3513237761073844,,,,,,,,,,,,,,,,,0.7044875800070542,1.503492615370667,4.00890863443679,income,gaussian_ess_matched,PPI,-0.6575848583294057,0.7115706265599294
2,88,GH_P1_c15,1000,50,0.943,0.0071442855714571,0.0505177277431054,0.2127226455711389,0.2127226455711389,0.4476362997752079,0.3862681610075223,1.5141711911494882,0.3940591523530554,3.9449218867425615,4.157644532313701,18.78290724688165,15.30397201132902,2.9389682815054794,199.52623149688813,1.3999999999999997,4617.15,33.65719901371458,14.7374692266162,14.7374692266162,15.0,0.3821157885682916,0.8695482788998468,11.726043893411898,0.0,,,1.0,1.0,3.998141502640822,income,gaussian_ess_matched,PPCI,0.15950302967287922,0.4249335823543283
2,88,LO_GH_P1_c15w,1000,50,0.95,0.0074230748895809,0.0524890659167823,0.2082964009443602,0.2082964009443602,0.474824285136729,0.4296047674290564,1.6840506883219013,0.4269109556726149,3.9449218867425615,4.153218287686922,18.77751411805366,,,,,4617.15,33.65719901371458,14.7374692266162,14.7374692266162,15.0,0.3821157885682916,0.8695482788998468,11.726043893411898,,,,1.112193058595606,1.060736775313294,3.998141502640822,income,gaussian_ess_matched,LO,0.15507678504610034,0.4540038770423293
2,88,PPI_global,1000,50,0.398,0.016534441481406,0.1169161569463435,-0.6019219355590153,0.6019219355590153,0.6647743004872999,0.2722647873236846,1.0672779663088436,0.2823022292329578,3.9449218867425615,3.342999951183547,,,,,,,,,,,,,,,,,0.7048595116240561,1.4850768376495236,3.998141502640822,income,gaussian_ess_matched,PPI,-0.6551415514572749,0.7133199187791638
2,89,GH_P1_c15,1000,50,0.936,0.0078298226320255,0.0553652067859317,0.227516491833172,0.227516491833172,0.4697285237162578,0.3855165031010951,1.5112246921562933,0.4111571258274626,3.935415582995148,4.162932074828319,19.133200577676075,15.637436784287395,3.0311475176257927,192.5499564142561,1.3999999999999997,4626.66,34.379230322587176,14.514980887853692,14.514980887853692,15.0,0.3821157885682916,0.8742735731477942,10.969593759875831,0.0,,,1.0,1.0,3.987678605199029,income,gaussian_ess_matched,PPCI,0.17525346962929023,0.4467604621647777
2,89,LO_GH_P1_c15w,1000,50,0.927,0.0082325883052708,0.0582131901737405,0.2266768950106678,0.2266768950106678,0.5091646194311495,0.4296254477784579,1.6841317552915551,0.4561515857892068,3.935415582995148,4.162092478005815,19.12635543460529,,,,,4626.66,34.379230322587176,14.514980887853692,14.514980887853692,15.0,0.3821157885682916,0.8742735731477942,10.969593759875831,,,,1.1144151918855625,1.083955079846744,3.987678605199029,income,gaussian_ess_matched,LO,0.17441387280678589,0.48814587366508766
2,89,PPI_global,1000,50,0.415,0.0185851597589395,0.131416924949815,-0.586579172854505,0.586579172854505,0.6501245933675237,0.2714837504058358,1.0642163015908768,0.2804737534975668,3.935415582995148,3.348836410140642,,,,,,,,,,,,,,,,,0.7042078567895804,1.384043251672396,3.987678605199029,income,gaussian_ess_matched,PPI,-0.6388421950583871,0.6976433265370143
2,90,GH_P1_c15,1000,50,0.937,0.0084285714285714,0.0595990001285804,0.2982641432631144,0.2982641432631144,0.5166089188366068,0.3952241945964146,1.5492788428179454,0.422020588647391,3.926217313455636,4.22448145671875,21.43680744309048,17.638909649800695,3.4362096219759715,169.15891643131332,1.3999999999999997,4639.91,33.668430148492334,13.404101388268048,13.404101388268048,15.0,0.3821157885682916,0.8793327575321673,10.065273533246138,0.0,,,1.0,1.0,3.9775071028030196,income,gaussian_ess_matched,PPCI,0.2469743539157303,0.48879403367588325
2,90,LO_GH_P1_c15w,1000,50,0.931,0.008192829119394,0.0579320502742617,0.2903190340830595,0.2903190340830595,0.5512918278277922,0.4392506700200056,1.721862626478422,0.4688895341912222,3.926217313455636,4.216536347538693,21.42715597758434,,,,,4639.91,33.668430148492334,13.404101388268048,13.404101388268048,15.0,0.3821157885682916,0.8793327575321673,10.065273533246138,,,,1.1113962050540678,1.0671357147090892,3.9775071028030196,income,gaussian_ess_matched,LO,0.23902924473567388,0.5260917388799162
2,90,PPI_global,1000,50,0.443,0.0174969385077177,0.1237220386881127,-0.5556324913371488,0.5556324913371488,0.6244755496155611,0.2747283975151027,1.0769353182592023,0.2851728777572276,3.926217313455636,3.370584822118486,,,,,,,,,,,,,,,,,0.6951203931116694,1.208797461379234,3.9775071028030196,income,gaussian_ess_matched,PPI,-0.6069222806845334,0.6705198740003505
2,91,GH_P1_c15,1000,50,0.947,0.0077472839216892,0.05478156996804,0.2866606081234231,0.2866606081234231,0.4896365501660184,0.3931259384777445,1.541053678832759,0.3971490581421191,3.917310378326564,4.203970986449988,21.61706535807356,17.699336190721418,3.5245387035431968,160.13079573614243,1.3999999999999997,4644.84,33.820967051842935,13.031837073615428,13.031837073615428,15.0,0.3821157885682916,0.8823127820883708,9.648181844246109,0.0,,,1.0,1.0,3.9676151856208706,income,gaussian_ess_matched,PPCI,0.23635580082911778,0.46198886522768356
2,91,LO_GH_P1_c15w,1000,50,0.944,0.0069458547320818,0.0491146098219173,0.2943930136215248,0.2943930136215248,0.5163967559041631,0.4380708521030442,1.7172377402439334,0.4244744298314814,3.917310378326564,4.211703391948089,21.610797032699693,,,,,4644.84,33.820967051842935,13.031837073615428,13.031837073615428,15.0,0.3821157885682916,0.8823127820883708,9.648181844246109,,,,1.1143270113372183,1.0546532029299511,3.9676151856208706,income,gaussian_ess_matched,LO,0.2440882063272185,0.4894664600431977
2,91,PPI_global,1000,50,0.437,0.0172502587972305,0.1219777497274459,-0.5622765738769141,0.5622765738769141,0.624270105729438,0.2717763209017562,1.0653631779348844,0.2713518955671966,3.917310378326564,3.35503380444965,,,,,,,,,,,,,,,,,0.6913212645141753,1.274966310251492,3.9676151856208706,income,gaussian_ess_matched,PPI,-0.6125813811712204,0.6699359431574954
2,92,GH_P1_c15,1000,50,0.947,0.0064539182846151,0.0456360938427522,0.2864567161465798,0.2864567161465798,0.4932379406857759,0.3918730582061518,1.536142388168115,0.4017307599748527,3.908679409521226,4.195136125667807,21.520932172761345,17.612054848080728,3.493376182717376,158.4893192461114,1.3999999999999997,4657.85,35.41847391378471,13.114671558407997,13.114671558407997,15.0,0.3821157885682916,0.8873478131690611,8.973472715281922,0.0,,,1.0,1.0,3.9579919318322028,income,gaussian_ess_matched,PPCI,0.2371441938356038,0.4663299095880524
2,92,LO_GH_P1_c15w,1000,50,0.939,0.0075983349411269,0.0537283416259756,0.2805311762369605,0.2805311762369605,0.5254205265403772,0.4347478785375266,1.7042116838671044,0.4444845952611847,3.908679409521226,4.189210585758186,21.510810137516287,,,,,4657.85,35.41847391378471,13.114671558407997,13.114671558407997,15.0,0.3821157885682916,0.8873478131690611,8.973472715281922,,,,1.1094099720139976,1.0652475878271976,3.9579919318322028,income,gaussian_ess_matched,LO,0.2312186539259833,0.5008303652859103
2,92,PPI_global,1000,50,0.439,0.0156028516493568,0.1103288220710791,-0.5716961960046437,0.5716961960046437,0.6343135156703364,0.270632812109051,1.06088062346748,0.2749412452219681,3.908679409521226,3.3369832135165827,,,,,,,,,,,,,,,,,0.6906134689327883,1.2860193090345309,3.9579919318322028,income,gaussian_ess_matched,PPI,-0.6210087183156201,0.6790941936579132
2,93,GH_P1_c15,1000,50,0.937,0.0075335982133915,0.0532705838342402,0.3299210205127943,0.3299210205127943,0.5451929099483235,0.4043626869929253,1.5851017330122668,0.4342533883425714,3.90031024048592,4.230231260998713,22.64563967319616,18.74310252292203,3.5049868362906342,158.4893192461114,1.3999999999999997,4666.98,36.94993384842304,13.273440471225218,13.273440471225218,15.0,0.3821157885682916,0.8914885134498461,8.40654472389289,0.0,,,1.0,1.0,3.9486271882915633,income,gaussian_ess_matched,PPCI,0.2816040727071498,0.5173860097132226
2,93,LO_GH_P1_c15w,1000,50,0.936,0.0085761891541735,0.060642815076546,0.3279573971551493,0.3279573971551493,0.5704790474964571,0.4470222919164849,1.7523273843126213,0.4670207679336819,3.90031024048592,4.228267637641069,22.639036203118064,,,,,4666.98,36.94993384842304,13.273440471225218,13.273440471225218,15.0,0.3821157885682916,0.8914885134498461,8.40654472389289,,,,1.1054983713774416,1.0463801657848602,3.9486271882915633,income,gaussian_ess_matched,LO,0.27964044934950527,0.5441406713305649
2,93,PPI_global,1000,50,0.491,0.0174782663876703,0.1235900068610661,-0.5312501482284107,0.5312501482284107,0.6081884696919073,0.2779976642628422,1.0897508439103416,0.2962334365367928,3.90031024048592,3.369060092257508,,,,,,,,,,,,,,,,,0.687495837784128,1.1155472835286044,3.9486271882915633,income,gaussian_ess_matched,PPI,-0.5795670960340553,0.6508183413816974
2,94,GH_P1_c15,1000,50,0.932,0.0068153488239294,0.0481917936955228,0.3479426736073508,0.3479426736073508,0.5336179015555479,0.400679367241541,1.5706631195868406,0.4047811860154409,3.892189787735296,4.240132461342645,21.992214029530828,18.0473677789956,3.4339084272521307,158.4893192461114,1.3999999999999997,4686.7,39.96339140383544,13.737854683200734,13.737854683200734,15.0,0.3821157885682916,0.9025444591642396,5.996837727016876,0.0,,,1.0,1.0,3.9395114724658034,income,gaussian_ess_matched,PPCI,0.30062098887684163,0.5040406131422397
2,94,LO_GH_P1_c15w,1000,50,0.927,0.0075875838427939,0.0536523198806111,0.3482200047293814,0.3482200047293814,0.5718973155255954,0.4453973376722673,1.745957563675288,0.453889175013953,3.892189787735296,4.240409792464676,21.981795514750065,,,,,4686.7,39.96339140383544,13.737854683200734,13.737854683200734,15.0,0.3821157885682916,0.9025444591642396,5.996837727016876,,,,1.111605373489993,1.0717356255449064,3.9395114724658034,income,gaussian_ess_matched,LO,0.3008983199988724,0.544379616434888
2,94,PPI_global,1000,50,0.488,0.0160076512318073,0.1131911873688017,-0.536473424910113,0.536473424910113,0.6034742942893505,0.2743081173181488,1.0752878198871436,0.276503059974783,3.892189787735296,3.3557163628251816,,,,,,,,,,,,,,,,,0.6846075434495436,1.1309108868539914,3.9395114724658034,income,gaussian_ess_matched,PPI,-0.5837951096406218,0.6459057348201428
2,95,GH_P1_c15,1000,50,0.939,0.008486483851588,0.0600085027988806,0.3003834755165817,0.3003834755165817,0.5178139679709656,0.394700196862441,1.5472247717007688,0.4219942561393815,3.8843059438609866,4.184689419377567,21.49232349150903,17.719942388219575,3.3848263201809585,158.4893192461114,1.3999999999999997,4685.67,40.24749574864771,13.595223229040766,13.595223229040766,15.0,0.3821157885682916,0.89945708451685,7.428493851736379,0.0,,,1.0,1.0,3.9306358919937354,income,gaussian_ess_matched,PPCI,0.2540535273838316,0.4923862994017833
2,95,LO_GH_P1_c15w,1000,50,0.933,0.0084043234743329,0.0594275411998614,0.3021151546843507,0.3021151546843507,0.5538931743051825,0.4377069331916742,1.7158111781113627,0.4644780098923906,3.8843059438609866,4.186421098545336,21.48437770224172,,,,,4685.67,40.24749574864771,13.595223229040766,13.595223229040766,15.0,0.3821157885682916,0.89945708451685,7.428493851736379,,,,1.1089605140081085,1.0696760005829735,3.9306358919937354,income,gaussian_ess_matched,LO,0.2557852065516002,0.5300473127396901
2,95,PPI_global,1000,50,0.455,0.0154027561806055,0.1089139334426922,-0.5431594964724858,0.5431594964724858,0.6124504298988508,0.2716735716554142,1.0649604008892235,0.2831138356191051,3.8843059438609866,3.3411464473885,,,,,,,,,,,,,,,,,0.6883036132614258,1.1827615085369647,3.9306358919937354,income,gaussian_ess_matched,PPI,-0.5894894446052352,0.6538892075696244
2,96,GH_P1_c15,1000,50,0.94,0.0074230748895809,0.0524890659167823,0.3170657828018615,0.3170657828018615,0.517726499446542,0.39122721486315,1.533610682263548,0.4094846704099115,3.876647483781392,4.193713266583254,20.94896631519838,17.159153268971735,3.358256304995697,158.4893192461114,1.3999999999999997,4694.72,42.03553602288884,13.757390266321709,13.757390266321709,15.0,0.3821157885682916,0.9032260604742456,6.974177438878591,0.0,,,1.0,1.0,3.92199207388832,income,gaussian_ess_matched,PPCI,0.2717211926949341,0.49126614392299683
2,96,LO_GH_P1_c15w,1000,50,0.931,0.0083164454730445,0.0588061498935793,0.309714173192013,0.309714173192013,0.55253647973034,0.4362925552332909,1.7102668165145003,0.4578026601412628,3.876647483781392,4.186361656973406,20.93846772876003,,,,,4694.72,42.03553602288884,13.757390266321709,13.757390266321709,15.0,0.3821157885682916,0.9032260604742456,6.974177438878591,,,,1.1151896868573028,1.0672362344230215,3.92199207388832,income,gaussian_ess_matched,LO,0.2643695830850863,0.5284552666190077
2,96,PPI_global,1000,50,0.482,0.01978249071213,0.1398833333130702,-0.5259755294316735,0.5259755294316735,0.5953446679479426,0.2714800277224547,1.0642017086720226,0.2790392068725987,3.876647483781392,3.3506719543497203,,,,,,,,,,,,,,,,,0.6939190767120267,1.1499211815203116,3.92199207388832,income,gaussian_ess_matched,PPI,-0.5713201195385995,0.6357607215633225
2,97,GH_P1_c15,1000,50,0.922,0.0097058787151217,0.0686309265683674,0.3236684197696642,0.3236684197696642,0.532503882512459,0.3931481379948343,1.5411407009397509,0.4230580539969696,3.869203985162173,4.192872404931839,21.10997776023782,17.323461685668313,3.3214845077953377,158.4893192461114,1.3999999999999997,4702.07,43.695063751995455,13.881126859172332,13.881126859172332,15.0,0.3821157885682916,0.906093525140817,6.635519093363361,0.0,,,1.0,1.0,3.9135720961377154,income,gaussian_ess_matched,PPCI,0.27930030879412326,0.506762075758579
2,97,LO_GH_P1_c15w,1000,50,0.93,0.0083299312783504,0.0589015089373951,0.3246003746291129,0.3246003746291129,0.5633389023986466,0.4377696522455755,1.716057036802656,0.4606490130887191,3.869203985162173,4.193804359791288,21.101810123397893,,,,,4702.07,43.695063751995455,13.881126859172332,13.881126859172332,15.0,0.3821157885682916,0.906093525140817,6.635519093363361,,,,1.1134979666400642,1.0579057184347689,3.9135720961377154,income,gaussian_ess_matched,LO,0.280232263653573,0.5389948398071701
2,97,PPI_global,1000,50,0.512,0.0141103522569894,0.0997752576584812,-0.5094012239497954,0.5094012239497954,0.5875316628909505,0.2749653566964943,1.0778641982502577,0.2928986814163412,3.869203985162173,3.359802761212378,,,,,,,,,,,,,,,,,0.6993937656652646,1.1033378012548185,3.9135720961377154,income,gaussian_ess_matched,PPI,-0.5537693349253372,0.626389913904675
2,98,GH_P1_c15,1000,50,0.935,0.006738557951469,0.0476488002290226,0.3150076280667969,0.3150076280667969,0.5085673366906749,0.3908028323035848,1.5319471026300526,0.3994627651096982,3.8619657565991545,4.176973384665953,20.70966406937672,16.980286697670554,3.2901363641182315,158.4893192461114,1.3999999999999997,4712.66,45.72766866227821,14.05552548045434,14.05552548045434,15.0,0.3821157885682916,0.9100138754412082,6.245824896648118,0.0,,,1.0,1.0,3.9053684295848163,income,gaussian_ess_matched,PPCI,0.27160495508113636,0.4828873386546834
2,98,LO_GH_P1_c15w,1000,50,0.952,0.0069927075717259,0.0494459094282193,0.3120375402032331,0.3120375402032331,0.5387740754656846,0.4343495723533636,1.702650323625185,0.4394350703788874,3.8619657565991545,4.17400329680239,20.70297159478656,,,,,4712.66,45.72766866227821,14.05552548045434,14.05552548045434,15.0,0.3821157885682916,0.9100138754412082,6.245824896648118,,,,1.11142892643099,1.059395750760498,3.9053684295848163,income,gaussian_ess_matched,LO,0.26863486721757335,0.5148541247604238
2,98,PPI_global,1000,50,0.494,0.0142599768153917,0.1008332630572645,-0.5095263139150756,0.5095263139150756,0.5786665181872986,0.273737065493923,1.0730492967361789,0.2744324832941865,3.8619657565991545,3.352439442684081,,,,,,,,,,,,,,,,,0.7004480082203647,1.1378365782450164,3.9053684295848163,income,gaussian_ess_matched,PPI,-0.5529289869007354,0.6172263274149934
2,99,GH_P1_c15,1000,50,0.935,0.0077261813045656,0.0546323519313512,0.3109951395591388,0.3109951395591388,0.5089890341653704,0.3873185131375072,1.5182885714990282,0.403130716326149,3.8549237712979982,4.165918910857139,20.30413026480783,16.586770583916255,3.2331602080145,158.4893192461114,1.3999999999999997,4720.42,47.56762269034553,14.181881424544434,14.181881424544434,15.0,0.3821157885682916,0.9127973221236908,5.952964017459306,0.0,,,1.0,1.0,3.897373892147924,income,gaussian_ess_matched,PPCI,0.26854501870921466,0.4842192552395256
2,99,LO_GH_P1_c15w,1000,50,0.935,0.0077261813045656,0.0546323519313512,0.3172822432144823,0.3172822432144823,0.5436386492662926,0.4328232451118209,1.6966671208383377,0.4416673285924725,3.8549237712979982,4.172206014512482,20.297260520036883,,,,,4720.42,47.56762269034553,14.181881424544434,14.181881424544434,15.0,0.3821157885682916,0.9127973221236908,5.952964017459306,,,,1.117486591605701,1.068075366609302,3.897373892147924,income,gaussian_ess_matched,LO,0.274832122364558,0.5200073601404815
2,99,PPI_global,1000,50,0.501,0.0121630084892761,0.0860054578239672,-0.5074477683717371,0.5074477683717371,0.5792993546876618,0.2724246660201879,1.067904690799137,0.2795758705315403,3.8549237712979982,3.3474760029262627,,,,,,,,,,,,,,,,,0.7033608174661944,1.1381372010058817,3.897373892147924,income,gaussian_ess_matched,PPI,-0.5498978892216613,0.6168242807206309
2,100,GH_P1_c15,1000,50,0.93,0.0086896607575688,0.0614451804788759,0.3219165067067736,0.3219165067067736,0.5073901211493026,0.3886117634844587,1.5233581128590783,0.3923881575886658,3.848069606500353,4.169986113207124,20.224224180539228,16.575836038966308,3.205667437117255,158.4893192461114,1.3999999999999997,4727.4,49.38710199837477,14.340268150917629,14.340268150917629,15.0,0.3821157885682916,0.9158580042404572,5.664113975904291,0.0,,,1.0,1.0,3.889581612763134,income,gaussian_ess_matched,PPCI,0.2804045004439901,0.48212154237168814
2,100,LO_GH_P1_c15w,1000,50,0.924,0.008111468323759,0.0573567425710992,0.3335942813978245,0.3335942813978245,0.5561411357304387,0.4334644520132084,1.699180651891777,0.4452033516209259,3.848069606500353,4.181663887898176,20.21557975557785,,,,,4727.4,49.38710199837477,14.340268150917629,14.340268150917629,15.0,0.3821157885682916,0.9158580042404572,5.664113975904291,,,,1.1154177324087704,1.0960819151754648,3.889581612763134,income,gaussian_ess_matched,LO,0.2920822751350416,0.5322780041653735
2,100,PPI_global,1000,50,0.519,0.0147696600212346,0.1044372675683487,-0.493861637976163,0.493861637976163,0.5631763261374346,0.2732723958041838,1.0712277915524009,0.2708165402179396,3.848069606500353,3.354207968524189,,,,,,,,,,,,,,,,,0.7032015535348365,1.1099473613356312,3.889581612763134,income,gaussian_ess_matched,PPI,-0.5353736442389452,0.5999109899000418
